ts_code,name,market,publisher,category,base_date,base_point,list_date
000001.CJ,能源(长江),OTH,长江证券股份有限公司,行业指数,20021231,1000.0,20200910
000001.SH,上证指数,SSE,中证指数有限公司,综合指数,19901219,100.0,19910715
000002.CJ,原材料(长江),OTH,长江证券股份有限公司,行业指数,20021231,1000.0,20200910
000002.SH,A股指数,SSE,中证指数有限公司,规模指数,19901219,100.0,19920221
000003.CJ,工业(长江),OTH,长江证券股份有限公司,行业指数,20021231,1000.0,20200910
000003.SH,B股指数,SSE,中证指数有限公司,规模指数,19920221,100.0,19920817
000004.CJ,可选消费(长江),OTH,长江证券股份有限公司,行业指数,20021231,1000.0,20200910
000004.SH,工业指数,SSE,中证指数有限公司,行业指数,19930430,1358.78,19930503
000005.CJ,必选消费(长江),OTH,长江证券股份有限公司,行业指数,20021231,1000.0,20200910
000005.SH,商业指数,SSE,中证指数有限公司,行业指数,19930430,1358.78,19930503
000006.CJ,医疗(长江),OTH,长江证券股份有限公司,行业指数,20021231,1000.0,20200910
000006.SH,地产指数,SSE,中证指数有限公司,行业指数,19930430,1358.78,19930503
000007.CJ,金融(长江),OTH,长江证券股份有限公司,行业指数,20021231,1000.0,20200910
000007.SH,公用指数,SSE,中证指数有限公司,行业指数,19930430,1358.78,19930503
000008.CJ,信息技术与硬件(长江),OTH,长江证券股份有限公司,行业指数,20021231,1000.0,20200910
000008.SH,综合指数,SSE,中证指数有限公司,行业指数,19930430,1358.78,19930503
000009.CJ,通讯业务(长江),OTH,长江证券股份有限公司,行业指数,20021231,1000.0,20200910
000009.SH,上证380,SSE,中证指数有限公司,规模指数,20031231,1000.0,20101129
000010.CJ,公用事业及服务(长江),OTH,长江证券股份有限公司,行业指数,20021231,1000.0,20200910
000010.SH,上证180,SSE,中证指数有限公司,规模指数,20020628,3299.06,20020701
000011.CJ,房地产及服务(长江),OTH,长江证券股份有限公司,行业指数,20021231,1000.0,20200910
000015.SH,红利指数,SSE,中证指数有限公司,策略指数,20041231,1000.0,20050104
000016.SH,上证50,SSE,中证指数有限公司,规模指数,20031231,1000.0,20040102
000017.SH,新综指,SSE,中证指数有限公司,规模指数,20051230,1000.0,20060104
000018.SH,180金融,SSE,中证指数有限公司,行业指数,20020628,1000.0,20071210
000019.SH,治理指数,SSE,中证指数有限公司,主题指数,20070629,1000.0,20080102
000020.SH,中型综指,SSE,中证指数有限公司,规模指数,20071228,1000.0,20080512
000021.SH,180治理,SSE,中证指数有限公司,主题指数,20070629,1000.0,20080910
000025.SH,180基建,SSE,中证指数有限公司,主题指数,20020628,1000.0,20081215
000026.SH,180资源,SSE,中证指数有限公司,主题指数,20020628,1000.0,20081215
000027.SH,180运输,SSE,中证指数有限公司,主题指数,20020628,1000.0,20081215
000028.SH,180成长,SSE,中证指数有限公司,风格指数,20020628,1000.0,20090109
000029.SH,180价值,SSE,中证指数有限公司,风格指数,20020628,1000.0,20090109
000030.SH,180R成长,SSE,中证指数有限公司,风格指数,20020628,1000.0,20090109
000031.SH,180R价值,SSE,中证指数有限公司,风格指数,20020628,1000.0,20090109
000032.SH,上证能源,SSE,中证指数有限公司,一级行业指数,20031231,1000.0,20090109
000033.SH,上证材料,SSE,中证指数有限公司,一级行业指数,20031231,1000.0,20090109
000034.SH,上证工业,SSE,中证指数有限公司,一级行业指数,20031231,1000.0,20090109
000035.SH,上证可选,SSE,中证指数有限公司,一级行业指数,20031231,1000.0,20090109
000036.SH,上证消费,SSE,中证指数有限公司,一级行业指数,20031231,1000.0,20090109
000037.SH,上证医药,SSE,中证指数有限公司,一级行业指数,20031231,1000.0,20090109
000038.SH,上证金融,SSE,中证指数有限公司,主题指数,20031231,1000.0,20090109
000039.SH,上证信息,SSE,中证指数有限公司,一级行业指数,20031231,1000.0,20090109
000040.SH,上证通信,SSE,中证指数有限公司,一级行业指数,20031231,1000.0,20090109
000041.SH,上证公用,SSE,中证指数有限公司,一级行业指数,20031231,1000.0,20090109
000042.SH,上证央企,SSE,中证指数有限公司,主题指数,20081231,1000.0,20090330
000043.SH,超大盘,SSE,中证指数有限公司,规模指数,20031231,1000.0,20090423
000044.SH,上证中盘,SSE,中证指数有限公司,规模指数,20031231,1000.0,20090703
000045.SH,上证小盘,SSE,中证指数有限公司,规模指数,20031231,1000.0,20090703
000046.SH,上证中小,SSE,中证指数有限公司,规模指数,20031231,1000.0,20090703
000047.SH,上证全指,SSE,中证指数有限公司,规模指数,20031231,1000.0,20090703
000048.SH,责任指数,SSE,中证指数有限公司,主题指数,20090630,1000.0,20090805
000049.SH,上证民企,SSE,中证指数有限公司,主题指数,20090630,1000.0,20090825
000050.SH,50等权,SSE,中证指数有限公司,策略指数,20031231,1000.0,20110104
000051.SH,180等权,SSE,中证指数有限公司,策略指数,20020628,3299.06,20110524
000052.SH,50基本,SSE,中证指数有限公司,策略指数,20031231,1000.0,20120109
000053.SH,180基本,SSE,中证指数有限公司,策略指数,20020628,3299.06,20120109
000054.SH,上证海外,SSE,中证指数有限公司,主题指数,20061229,1000.0,20100104
000055.SH,上证地企,SSE,中证指数有限公司,主题指数,20090630,1000.0,20100104
000056.SH,上证国企,SSE,中证指数有限公司,主题指数,20090630,1000.0,20100104
000057.SH,全指成长,SSE,中证指数有限公司,风格指数,20031231,1000.0,20100104
000058.SH,全指价值,SSE,中证指数有限公司,风格指数,20031231,1000.0,20100104
000059.SH,全R成长,SSE,中证指数有限公司,风格指数,20031231,1000.0,20100104
000060.SH,全R价值,SSE,中证指数有限公司,风格指数,20031231,1000.0,20100104
000062.SH,上证沪企,SSE,中证指数有限公司,主题指数,20051231,1000.0,20100104
000063.SH,上证周期,SSE,中证指数有限公司,主题指数,20031231,1000.0,20100203
000064.SH,非周期,SSE,中证指数有限公司,主题指数,20031231,1000.0,20100203
000065.SH,上证龙头,SSE,中证指数有限公司,主题指数,20031231,1000.0,20100209
000066.SH,上证商品,SSE,中证指数有限公司,主题指数,20031231,1000.0,20100430
000067.SH,上证新兴,SSE,中证指数有限公司,主题指数,20031231,1000.0,20100430
000068.SH,上证资源,SSE,中证指数有限公司,主题指数,20031231,1000.0,20100528
000069.SH,消费80,SSE,中证指数有限公司,主题指数,20031231,1000.0,20100528
000070.SH,能源等权,SSE,中证指数有限公司,策略指数,20031231,1000.0,20100818
000071.SH,材料等权,SSE,中证指数有限公司,策略指数,20031231,1000.0,20100818
000072.SH,工业等权,SSE,中证指数有限公司,策略指数,20031231,1000.0,20100818
000073.SH,可选等权,SSE,中证指数有限公司,策略指数,20031231,1000.0,20100818
000074.SH,消费等权,SSE,中证指数有限公司,策略指数,20031231,1000.0,20100818
000075.SH,医药等权,SSE,中证指数有限公司,策略指数,20031231,1000.0,20100818
000076.SH,金融等权,SSE,中证指数有限公司,策略指数,20031231,1000.0,20100818
000077.SH,信息等权,SSE,中证指数有限公司,策略指数,20031231,1000.0,20100818
000078.SH,通信等权,SSE,中证指数有限公司,策略指数,20031231,1000.0,20100818
000079.SH,公用等权,SSE,中证指数有限公司,策略指数,20031231,1000.0,20100818
000090.SH,上证流通,SSE,中证指数有限公司,规模指数,20091231,1000.0,20101202
000091.SH,沪财中小,SSE,中证指数有限公司,策略指数,20041231,1000.0,20110406
000092.SH,资源50,SSE,中证指数有限公司,主题指数,20031231,1000.0,20110510
000093.SH,180分层,SSE,中证指数有限公司,策略指数,20020628,3299.06,20110524
000094.SH,上证上游,SSE,中证指数有限公司,主题指数,20031231,1000.0,20110510
000095.SH,上证中游,SSE,中证指数有限公司,主题指数,20031231,1000.0,20110510
000096.SH,上证下游,SSE,中证指数有限公司,主题指数,20031231,1000.0,20110510
000097.SH,高端装备,SSE,中证指数有限公司,主题指数,20041231,1000.0,20110524
000098.SH,上证F200,SSE,中证指数有限公司,策略指数,20041231,1000.0,20110701
000099.SH,上证F300,SSE,中证指数有限公司,策略指数,20041231,1000.0,20110701
000100.SH,上证F500,SSE,中证指数有限公司,策略指数,20041231,1000.0,20110701
000102.SH,沪投资品,SSE,中证指数有限公司,主题指数,20031231,1000.0,20110613
000103.SH,沪消费品,SSE,中证指数有限公司,主题指数,20031231,1000.0,20110613
000104.SH,380能源,SSE,中证指数有限公司,一级行业指数,20031231,1000.0,20110613
000105.SH,380材料,SSE,中证指数有限公司,一级行业指数,20031231,1000.0,20110613
000106.SH,380工业,SSE,中证指数有限公司,一级行业指数,20031231,1000.0,20110613
000107.SH,380可选,SSE,中证指数有限公司,一级行业指数,20031231,1000.0,20110613
000108.SH,380消费,SSE,中证指数有限公司,一级行业指数,20031231,1000.0,20110613
000109.SH,380医药,SSE,中证指数有限公司,一级行业指数,20031231,1000.0,20110613
000110.SH,380金融,SSE,中证指数有限公司,一级行业指数,20031231,1000.0,20110613
000111.SH,380信息,SSE,中证指数有限公司,一级行业指数,20031231,1000.0,20110613
000112.SH,380电信,SSE,中证指数有限公司,一级行业指数,20031231,1000.0,20110613
000113.SH,380公用,SSE,中证指数有限公司,一级行业指数,20031231,1000.0,20110613
000114.SH,持续产业,SSE,中证指数有限公司,主题指数,20110630,1000.0,20110822
000115.SH,380等权,SSE,中证指数有限公司,策略指数,20031231,1000.0,20110812
000117.SH,380成长,SSE,中证指数有限公司,风格指数,20031231,1000.0,20111018
000118.SH,380价值,SSE,中证指数有限公司,风格指数,20031231,1000.0,20111018
000119.SH,380R成长,SSE,中证指数有限公司,风格指数,20031231,1000.0,20111018
000120.SH,380R价值,SSE,中证指数有限公司,风格指数,20031231,1000.0,20111018
000121.SH,医药主题,SSE,中证指数有限公司,主题指数,20031231,1000.0,20111018
000122.SH,上证农业,SSE,中证指数有限公司,主题指数,20110630,1000.0,20111018
000123.SH,上证180动态,SSE,中证指数有限公司,策略指数,20020628,3299.06,20130208
000124.SH,100等权,SSE,中证指数有限公司,策略指数,20031231,1000.0,
000125.SH,上证180稳定,SSE,中证指数有限公司,策略指数,20020628,3299.06,20130208
000126.SH,消费50,SSE,中证指数有限公司,主题指数,20041231,1000.0,20111209
000128.SH,380基本,SSE,中证指数有限公司,策略指数,20031231,1000.0,20120109
000129.SH,180波动,SSE,中证指数有限公司,策略指数,20020628,3299.06,20120109
000130.SH,380波动,SSE,中证指数有限公司,策略指数,20031231,1000.0,20120109
000131.SH,上证高新,SSE,中证指数有限公司,主题指数,20110630,1000.0,20120210
000132.SH,上证100,SSE,中证指数有限公司,规模指数,20031231,1000.0,20120420
000133.SH,上证150,SSE,中证指数有限公司,规模指数,20031231,1000.0,20120420
000134.SH,上证银行,SSE,中证指数有限公司,主题指数,20071231,1000.0,20120529
000135.SH,上证180高贝塔,SSE,中证指数有限公司,策略指数,20020628,3299.06,20120806
000136.SH,上证180低贝塔,SSE,中证指数有限公司,策略指数,20020628,3299.06,20120806
000137.SH,上证380高贝塔,SSE,中证指数有限公司,策略指数,20031231,1000.0,20120806
000138.SH,上证380低贝塔,SSE,中证指数有限公司,策略指数,20031231,1000.0,20120806
000141.SH,上证380动态,SSE,中证指数有限公司,策略指数,20031231,1000.0,20130208
000142.SH,上证380稳定,SSE,中证指数有限公司,策略指数,20031231,1000.0,20130208
000145.SH,优势资源,SSE,中证指数有限公司,主题指数,20031231,1000.0,20120529
000146.SH,优势制造,SSE,中证指数有限公司,主题指数,20031231,1000.0,20120529
000147.SH,优势消费,SSE,中证指数有限公司,主题指数,20031231,1000.0,20120529
000148.SH,消费领先,SSE,中证指数有限公司,主题指数,20041231,1000.0,20120529
000149.SH,上证180红利,SSE,中证指数有限公司,策略指数,20041231,1000.0,20120720
000150.SH,上证380红利,SSE,中证指数有限公司,策略指数,20041231,1000.0,20120720
000151.SH,上国红利,SSE,中证指数有限公司,策略指数,20090630,1000.0,20120720
000152.SH,上证央企红利,SSE,中证指数有限公司,策略指数,20081231,1000.0,20120720
000153.SH,上证民企红利,SSE,中证指数有限公司,策略指数,20090630,1000.0,20120720
000155.SH,上证市值百强,SSE,中证指数有限公司,规模指数,20031231,1000.0,20120720
000158.SH,上证环保,SSE,中证指数有限公司,主题指数,20111230,1000.0,20120925
000159.SH,沪股通,SSE,中证指数有限公司,主题指数,20031231,1000.0,20141117
000160.SH,沪新丝路,SSE,中证指数有限公司,主题指数,20121231,1000.0,20150624
000161.SH,沪中国造,SSE,中证指数有限公司,主题指数,20120629,1000.0,20151029
000162.SH,沪互联+,SSE,中证指数有限公司,主题指数,20120629,1000.0,20151029
000170.SH,50AH优选,SSE,中证指数有限公司,策略指数,20041231,1000.0,20151210
000171.CSI,新兴成指,CSI,中证指数有限公司,主题指数,20101231,1000.0,20170125
000188.CSI,中国波指(退市),CSI,中证指数有限公司,主题指数,,,20161128
000188.SH,中国波指(退市),SSE,中证指数有限公司,主题指数,,,20161128
000300.SH,沪深300,SSE,中证指数有限公司,规模指数,20041231,1000.0,20050408
000300CAD13.CSI,沪深300CAD(CNH)(LN),CSI,中证指数有限公司,规模指数,20041231,1000.0,20050408
000300CAD14.CSI,沪深300(全)CAD(CNH)(LN),CSI,中证指数有限公司,规模指数,20041231,1000.0,20050408
000300CAD15.CSI,沪深300(净)CAD(CNH)(LN),CSI,中证指数有限公司,规模指数,20041231,1000.0,20050408
000300GBP00.CSI,沪深300GBP,CSI,中证指数有限公司,规模指数,20041231,1000.0,20050408
000300GBP01.CSI,沪深300(全)GBP,CSI,中证指数有限公司,规模指数,20041231,1000.0,20050408
000300GBP02.CSI,沪深300(净)GBP,CSI,中证指数有限公司,规模指数,20041231,1000.0,20050408
000300HKD00.CSI,沪深300HKD,CSI,中证指数有限公司,规模指数,20041231,1000.0,20050408
000300HKD01.CSI,沪深300(全)HKD,CSI,中证指数有限公司,规模指数,20041231,1000.0,20050408
000300HKD02.CSI,沪深300(净)HKD,CSI,中证指数有限公司,规模指数,20041231,1000.0,20050408
000300HKD07.CSI,沪深300HKD(CNH),CSI,中证指数有限公司,规模指数,20041231,1000.0,20050408
000300HKD08.CSI,沪深300(全)HKD(CNH),CSI,中证指数有限公司,规模指数,20041231,1000.0,20050408
000300USD13.CSI,沪深300USD(CNH)(LN),CSI,中证指数有限公司,规模指数,20041231,1000.0,20050408
000300USD14.CSI,沪深300(全)USD(CNH)(LN),CSI,中证指数有限公司,规模指数,20041231,1000.0,20050408
000300USD15.CSI,沪深300(净)USD(CNH)(LN),CSI,中证指数有限公司,规模指数,20041231,1000.0,20050408
000300USD16.CSI,沪深300USD(CNH)(NY),CSI,中证指数有限公司,规模指数,20041231,1000.0,20050408
000300USD17.CSI,沪深300(全)USD(CNH)(NY),CSI,中证指数有限公司,规模指数,20041231,1000.0,20050408
000300USD18.CSI,沪深300(净)USD(CNH)(NY),CSI,中证指数有限公司,规模指数,20041231,1000.0,20050408
000500.CSI,内地企业,CSI,中证指数有限公司,规模指数,20041231,1000.0,20141017
000500CNY01.CSI,内地企业(全),CSI,中证指数有限公司,规模指数,20041231,1000.0,20141017
000500HKD00.CSI,内地企业HKD,CSI,中证指数有限公司,规模指数,20041231,1000.0,20141017
000500HKD01.CSI,内地企业(全)HKD,CSI,中证指数有限公司,规模指数,20041231,1000.0,20141017
000500HKD07.CSI,内地企业HKD(CNH),CSI,中证指数有限公司,规模指数,20041231,1000.0,20141017
000500HKD08.CSI,内地企业(全)HKD(CNH),CSI,中证指数有限公司,规模指数,20041231,1000.0,20141017
000500USD00.CSI,内地企业(USD),CSI,中证指数有限公司,规模指数,20041231,1000.0,20141017
000500USD01.CSI,内地企业(全)USD,CSI,中证指数有限公司,规模指数,20041231,1000.0,20141017
000500USD07.CSI,内地企业USD(CNH),CSI,中证指数有限公司,规模指数,20041231,1000.0,20141017
000500USD08.CSI,内地企业(全)USD(CNH),CSI,中证指数有限公司,规模指数,20041231,1000.0,20141017
000501.CSI,中国1000(CNY),CSI,中证指数有限公司,规模指数,20041231,1000.0,20160510
000501CNY01.CSI,中国1000(全)CNY,CSI,中证指数有限公司,规模指数,20041231,1000.0,20160510
000501HKD00.CSI,中国1000HKD,CSI,中证指数有限公司,规模指数,20041231,1000.0,20160510
000501HKD01.CSI,中国1000(全)HKD,CSI,中证指数有限公司,规模指数,20041231,1000.0,20160510
000501HKD07.CSI,中国1000HKD(CNH),CSI,中证指数有限公司,规模指数,20041231,1000.0,20160510
000501HKD08.CSI,中国1000(全)HKD(CNH),CSI,中证指数有限公司,规模指数,20041231,1000.0,20160510
000501USD00.CSI,中国1000(USD),CSI,中证指数有限公司,规模指数,20041231,1000.0,20160510
000501USD01.CSI,中国1000(全)USD,CSI,中证指数有限公司,规模指数,20041231,1000.0,20160510
000501USD07.CSI,中国1000USD(CNH),CSI,中证指数有限公司,规模指数,20041231,1000.0,20160510
000501USD08.CSI,中国1000(全)USD(CNH),CSI,中证指数有限公司,规模指数,20041231,1000.0,20160510
000510.CSI,中证A500,CSI,中证指数有限公司,规模指数,20041231,1000.0,20240923
000510.SH,中证A500,SSE,中证指数有限公司,规模指数,20041231,1000.0,20240923
000510CNY010.CSI,中证A500全收益,CSI,中证指数有限公司,规模指数,20041231,1000.0,20240923
000510CNY020.CSI,中证A500净收益,CSI,中证指数有限公司,规模指数,20041231,1000.0,20240923
000510HKD200.CSI,中证A500HKD,CSI,中证指数有限公司,规模指数,20041231,1000.0,20250807
000510HKD210.CSI,中证A500(全)HKD,CSI,中证指数有限公司,规模指数,20041231,1000.0,20250807
000510HKD220.CSI,中证A500(净)HKD,CSI,中证指数有限公司,规模指数,20041231,1000.0,20250807
000510HKD300.CSI,中证A500HKD(CNH),CSI,中证指数有限公司,规模指数,20041231,1000.0,20250807
000510HKD310.CSI,中证A500(全)HKD(CNH),CSI,中证指数有限公司,规模指数,20041231,1000.0,20250807
000510HKD320.CSI,中证A500(净)HKD(CNH),CSI,中证指数有限公司,规模指数,20041231,1000.0,20250807
000510USD200.CSI,中证A500USD,CSI,中证指数有限公司,规模指数,20041231,1000.0,20250807
000510USD210.CSI,中证A500(全)USD,CSI,中证指数有限公司,规模指数,20041231,1000.0,20250807
000510USD220.CSI,中证A500(净)USD,CSI,中证指数有限公司,规模指数,20041231,1000.0,20250807
000510USD300.CSI,中证A500USD(CNH),CSI,中证指数有限公司,规模指数,20041231,1000.0,20250807
000510USD310.CSI,中证A500(全)USD(CNH),CSI,中证指数有限公司,规模指数,20041231,1000.0,20250807
000510USD320.CSI,中证A500(净)USD(CNH),CSI,中证指数有限公司,规模指数,20041231,1000.0,20250807
000680.SH,科创综指,SSE,中证指数有限公司,综合指数,20191231,1000.0,20250120
000680CNY020.SH,科创综指净收益,SSE,中证指数有限公司,综合指数,20191231,1000.0,20250120
000681.SH,科创价格,SSE,中证指数有限公司,综合指数,20191231,1000.0,20250120
000682.SH,科创信息,SSE,中证指数有限公司,主题指数,20191231,1000.0,20210816
000682CNY01.SH,科创信息全收益,SSE,中证指数有限公司,主题指数,20191231,1000.0,20210816
000683.SH,科创生物,SSE,中证指数有限公司,主题指数,20191231,1000.0,20220509
000683CNY01.SH,科创生物全收益,SSE,中证指数有限公司,主题指数,20191231,1000.0,20220509
000683CNY02.SH,科创生物净收益,SSE,中证指数有限公司,主题指数,20191231,1000.0,20220509
000685.SH,科创芯片,SSE,中证指数有限公司,主题指数,20191231,1000.0,20220613
000685CNY01.SH,科创芯片全收益,SSE,中证指数有限公司,主题指数,20191231,1000.0,20220613
000685CNY02.SH,科创芯片净收益,SSE,中证指数有限公司,主题指数,20191231,1000.0,20220613
000687.SH,科创高装,SSE,中证指数有限公司,主题指数,20191231,1000.0,20220815
000687CNY01.SH,科创高装全收益,SSE,中证指数有限公司,主题指数,20191231,1000.0,20220815
000687CNY02.SH,科创高装净收益,SSE,中证指数有限公司,主题指数,20191231,1000.0,20220815
000688.SH,科创50,SSE,中证指数有限公司,规模指数,20191231,1000.0,20200723
000688CNY01.SH,科创50(全),SSE,中证指数有限公司,规模指数,20191231,1000.0,20200723
000688EUR00.CSI,科创50EUR,CSI,中证指数有限公司,规模指数,20191231,1000.0,20200723
000688EUR01.CSI,科创50(全)EUR,CSI,中证指数有限公司,规模指数,20191231,1000.0,20200723
000688EUR02.CSI,科创50(净)EUR,CSI,中证指数有限公司,规模指数,20191231,1000.0,20200723
000688GBP00.CSI,科创50GBP,CSI,中证指数有限公司,规模指数,20191231,1000.0,20200723
000688GBP01.CSI,科创50(全)GBP,CSI,中证指数有限公司,规模指数,20191231,1000.0,20200723
000688GBP02.CSI,科创50(净)GBP,CSI,中证指数有限公司,规模指数,20191231,1000.0,20200723
000688HKD00.CSI,科创50HKD,CSI,中证指数有限公司,规模指数,20191231,1000.0,20200723
000688HKD01.CSI,科创50(全)HKD,CSI,中证指数有限公司,规模指数,20191231,1000.0,20200723
000688USD00.CSI,科创50USD,CSI,中证指数有限公司,规模指数,20191231,1000.0,20200723
000688USD01.CSI,科创50(全)USD,CSI,中证指数有限公司,规模指数,20191231,1000.0,20200723
000688USD07.CSI,科创50USD(CNH),CSI,中证指数有限公司,规模指数,20191231,1000.0,20200723
000688USD08.CSI,科创50(全)USD(CNH),CSI,中证指数有限公司,规模指数,20191231,1000.0,20200723
000689.SH,科创材料,SSE,中证指数有限公司,主题指数,20191231,1000.0,20220815
000689CNY01.SH,科创材料全收益,SSE,中证指数有限公司,主题指数,20191231,1000.0,20220815
000689CNY02.SH,科创材料净收益,SSE,中证指数有限公司,主题指数,20191231,1000.0,20220815
000690.SH,科创成长,SSE,中证指数有限公司,策略指数,20191231,1000.0,20221104
000690CNY01.SH,科创成长全收益,SSE,中证指数有限公司,策略指数,20191231,1000.0,20221104
000690CNY02.SH,科创成长净收益,SSE,中证指数有限公司,策略指数,20191231,1000.0,20221104
000691.SH,科创ESG,SSE,中证指数有限公司,主题指数,20191231,1000.0,20240321
000691CNY010.SH,科创ESG全收益,SSE,中证指数有限公司,主题指数,20191231,1000.0,20240321
000692.SH,科创新能,SSE,中证指数有限公司,主题指数,20191231,1000.0,20230403
000692CNY01.SH,科创新能全收益,SSE,中证指数有限公司,主题指数,20191231,1000.0,20230403
000692CNY02.SH,科创新能净收益,SSE,中证指数有限公司,主题指数,20191231,1000.0,20230403
000693.SH,科创机械,SSE,中证指数有限公司,主题指数,20191231,1000.0,20230403
000693CNY01.SH,科创机械全收益,SSE,中证指数有限公司,主题指数,20191231,1000.0,20230403
000693CNY02.SH,科创机械净收益,SSE,中证指数有限公司,主题指数,20191231,1000.0,20230403
000695.SH,科长三角,SSE,中证指数有限公司,主题指数,20191231,1000.0,20230403
000695CNY01.SH,科长三角全收益,SSE,中证指数有限公司,主题指数,20191231,1000.0,20230403
000695CNY02.SH,科长三角净收益,SSE,中证指数有限公司,主题指数,20191231,1000.0,20230403
000697.SH,科大湾区,SSE,中证指数有限公司,主题指数,20191231,1000.0,20230403
000697CNY01.SH,科大湾区全收益,SSE,中证指数有限公司,主题指数,20191231,1000.0,20230403
000697CNY02.SH,科大湾区净收益,SSE,中证指数有限公司,主题指数,20191231,1000.0,20230403
000698.SH,科创100,SSE,中证指数有限公司,规模指数,20191231,1000.0,20230807
000698CNY010.SH,科创100(全),SSE,中证指数有限公司,规模指数,20191231,1000.0,20230807
000698CNY020.SH,科创100(净),SSE,中证指数有限公司,规模指数,20191231,1000.0,20230807
000698EUR200.SH,科创100EUR,SSE,中证指数有限公司,规模指数,20191231,1000.0,20230807
000698EUR210.SH,科创100(全)EUR,SSE,中证指数有限公司,规模指数,20191231,1000.0,20230807
000698GBP200.SH,科创100GBP,SSE,中证指数有限公司,规模指数,20191231,1000.0,20230807
000698GBP210.SH,科创100(全)GBP,SSE,中证指数有限公司,规模指数,20191231,1000.0,20230807
000698HKD200.SH,科创100HKD,SSE,中证指数有限公司,规模指数,20191231,1000.0,20230807
000698HKD210.SH,科创100(全)HKD,SSE,中证指数有限公司,规模指数,20191231,1000.0,20230807
000698USD200.SH,科创100USD,SSE,中证指数有限公司,规模指数,20191231,1000.0,20230807
000698USD210.SH,科创100(全)USD,SSE,中证指数有限公司,规模指数,20191231,1000.0,20230807
000698USD300.SH,科创100USD(CNH),SSE,中证指数有限公司,规模指数,20191231,1000.0,20230807
000698USD310.SH,科创100(全)USD(CNH),SSE,中证指数有限公司,规模指数,20191231,1000.0,20230807
000699.SH,科创200,SSE,中证指数有限公司,规模指数,20221230,1000.0,20240820
000699CNY010.SH,科创200(全),SSE,中证指数有限公司,规模指数,20221230,1000.0,20240820
000699CNY020.SH,科创200(净),SSE,中证指数有限公司,规模指数,20221230,1000.0,20240820
000801.CSI,资源80,CSI,中证指数有限公司,主题指数,20041231,1000.0,20111108
000801.SH,资源80(SH),SSE,中证指数有限公司,主题指数,20041231,1000.0,20111108
000802.SH,500沪市,SSE,中证指数有限公司,主题指数,20041231,1000.0,20111108
000803.CSI,300波动,CSI,中证指数有限公司,策略指数,20041231,1000.0,20120109
000803.SH,300波动(SH),SSE,中证指数有限公司,策略指数,20041231,1000.0,20120109
000804.CSI,500波动,CSI,中证指数有限公司,策略指数,20041231,1000.0,20120109
000804.SH,500波动(SH),SSE,中证指数有限公司,策略指数,20041231,1000.0,20120109
000805.CSI,A股资源,CSI,中证指数有限公司,主题指数,20041231,1000.0,20120106
000806.CSI,消费服务,CSI,中证指数有限公司,主题指数,20041231,1000.0,20120210
000807.CSI,食品饮料,CSI,中证指数有限公司,行业指数,20041231,1000.0,20120217
000808.CSI,医药生物,CSI,中证指数有限公司,行业指数,20041231,1000.0,20120217
000811.CSI,细分有色,CSI,中证指数有限公司,主题指数,20041231,1000.0,20120411
000811.SH,细分有色(SH),SSE,中证指数有限公司,主题指数,20041231,1000.0,20120411
000812.CSI,细分机械,CSI,中证指数有限公司,主题指数,20041231,1000.0,20120411
000812.SH,细分机械(SH),SSE,中证指数有限公司,主题指数,20041231,1000.0,20120411
000813.CSI,细分化工,CSI,中证指数有限公司,主题指数,20041231,1000.0,20120411
000813.SH,细分化工(SH),SSE,中证指数有限公司,主题指数,20041231,1000.0,20120411
000814.SH,细分医药,SSE,中证指数有限公司,主题指数,20041231,1000.0,20120411
000815.CSI,细分食品,CSI,中证指数有限公司,主题指数,20041231,1000.0,20120411
000815.SH,细分食品(SH),SSE,中证指数有限公司,主题指数,20041231,1000.0,20120411
000816.CSI,细分地产,CSI,中证指数有限公司,主题指数,20041231,1000.0,20120411
000817.SH,兴证海西(退市),SSE,中证指数有限公司,主题指数,20110817,1000.0,20110927
000818.CSI,细分金融,CSI,中证指数有限公司,主题指数,20041231,1000.0,20120411
000818.SH,细分金融(SH),SSE,中证指数有限公司,主题指数,20041231,1000.0,20120411
000819.SH,有色金属,SSE,中证指数有限公司,行业指数,20041231,1000.0,20120509
000820.CSI,煤炭指数,CSI,中证指数有限公司,行业指数,20041231,1000.0,20120509
000820.SH,煤炭指数(SH),SSE,中证指数有限公司,行业指数,20041231,1000.0,20120509
000821.CSI,沪深300红利,CSI,中证指数有限公司,策略指数,20041231,1000.0,20120720
000822.CSI,中证500红利,CSI,中证指数有限公司,策略指数,20041231,1000.0,20120720
000822.SH,中证500红利(SH),SSE,中证指数有限公司,策略指数,20041231,1000.0,20120720
000823.SH,800有色,SSE,中证指数有限公司,二级行业指数,20041231,1000.0,20121221
000824.CSI,中证国企红利,CSI,中证指数有限公司,策略指数,20090630,1000.0,20120720
000824.SH,中证国企红利(SH),SSE,中证指数有限公司,策略指数,20090630,1000.0,20120720
000825.CSI,中证央企红利,CSI,中证指数有限公司,策略指数,20081231,1000.0,20120720
000825.SH,中证央企红利(SH),SSE,中证指数有限公司,策略指数,20081231,1000.0,20120720
000826.CSI,中证民企红利,CSI,中证指数有限公司,策略指数,20090630,1000.0,20120720
000826.SH,中证民企红利(SH),SSE,中证指数有限公司,策略指数,20090630,1000.0,20120720
000827.SH,中证环保,SSE,中证指数有限公司,主题指数,20111230,1000.0,20120925
000828.CSI,沪深300高贝塔,CSI,中证指数有限公司,策略指数,20041231,1000.0,20120806
000829.CSI,沪深300低贝塔,CSI,中证指数有限公司,策略指数,20041231,1000.0,20120806
000829.SH,沪深300低贝塔(SH),SSE,中证指数有限公司,策略指数,20041231,1000.0,20120806
000830.CSI,中证500高贝塔,CSI,中证指数有限公司,策略指数,20041231,1000.0,20120806
000830.SH,中证500高贝塔(SH),SSE,中证指数有限公司,策略指数,20041231,1000.0,20120806
000831.CSI,中证500低贝塔,CSI,中证指数有限公司,策略指数,20041231,1000.0,20120806
000831.SH,中证500低贝塔(SH),SSE,中证指数有限公司,策略指数,20041231,1000.0,20120806
000834.CSI,价值7030,CSI,中证指数有限公司,策略指数,20041231,1000.0,20120830
000835.CSI,价值3070,CSI,中证指数有限公司,策略指数,20041231,1000.0,20120830
000836.CSI,成长7030,CSI,中证指数有限公司,策略指数,20041231,1000.0,20120830
000837.CSI,成长3070,CSI,中证指数有限公司,策略指数,20041231,1000.0,20120830
000838.CSI,中证创业价值,CSI,中证指数有限公司,主题指数,20091231,1000.0,20120926
000838.SH,中证创业价值(SH),SSE,中证指数有限公司,主题指数,20091231,1000.0,20120926
000839.CSI,中证浙企综指,CSI,中证指数有限公司,主题指数,20041231,1000.0,20121109
000839.SH,中证浙企综指(SH),SSE,中证指数有限公司,主题指数,20041231,1000.0,20121109
000840.CSI,中证浙江民企,CSI,中证指数有限公司,主题指数,20041231,1000.0,20121109
000840.SH,中证浙江民企(SH),SSE,中证指数有限公司,主题指数,20041231,1000.0,20121109
000841.CSI,800医药(二级),CSI,中证指数有限公司,二级行业指数,20041231,1000.0,20121221
000842.CSI,中证800等权,CSI,中证指数有限公司,策略指数,20041231,1000.0,20121221
000843.CSI,沪深300动态,CSI,中证指数有限公司,策略指数,20041231,1000.0,20130107
000843.SH,沪深300动态(SH),SSE,中证指数有限公司,策略指数,20041231,1000.0,20130107
000844.CSI,沪深300稳定,CSI,中证指数有限公司,策略指数,20041231,1000.0,20130107
000844.SH,沪深300稳定(SH),SSE,中证指数有限公司,策略指数,20041231,1000.0,20130107
000846.CSI,中证ESG100,CSI,中证指数有限公司,主题指数,20110630,1000.0,20121016
000847.SH,腾讯济安,SSE,中证指数有限公司,策略指数,20130518,1000.0,20131118
000849.SH,300非银,SSE,中证指数有限公司,主题指数,20041231,1000.0,20121221
000850.CSI,300有色(退市),CSI,中证指数有限公司,二级行业指数,20041231,1000.0,20121221
000851.SH,百发100,SSE,中证指数有限公司,策略指数,20081231,1000.0,20140730
000852.SH,中证1000,SSE,中证指数有限公司,规模指数,20041231,1000.0,20141017
000853.SH,CSSW丝路,SSE,中证指数有限公司,主题指数,20081231,1000.0,20150423
000854.SH,中证500原料,SSE,中证指数有限公司,一级行业指数,20041231,1000.0,20131106
000855.SH,央视500,SSE,中证指数有限公司,主题指数,20091231,1000.0,20141103
000856.SH,中证500工业,SSE,中证指数有限公司,一级行业指数,20041231,1000.0,20131106
000857.SH,中证500医药,SSE,中证指数有限公司,一级行业指数,20041231,1000.0,20131106
000858.SH,中证500信息,SSE,中证指数有限公司,一级行业指数,20041231,1000.0,20131106
000859.CSI,国企一带一路,CSI,中证指数有限公司,主题指数,20131231,1000.0,20190516
000860.CSI,结构调整,CSI,中证指数有限公司,主题指数,20141231,1000.0,20180326
000861.CSI,央企创新,CSI,中证指数有限公司,主题指数,20121231,1000.0,20190516
000863.SH,CS精准医,SSE,中证指数有限公司,主题指数,20120629,1000.0,20150805
000865.SH,上海国企,SSE,中证指数有限公司,主题指数,20121231,1000.0,20160511
000867.SH,港中小企,SSE,中证指数有限公司,主题指数,20141114,3000.0,20150826
000869.SH,HK银行(HKD),SSE,中证指数有限公司,主题指数,20141114,3000.0,20160422
000888.SH,上证收益,SSE,中证指数有限公司,综合指数,20200721,3320.89,20201009
000891.CSI,新兴综指,CSI,中证指数有限公司,主题指数,20101231,1000.0,20170125
000894.CSI,中证A100USD,CSI,中证指数有限公司,规模指数,20051230,1000.0,20240809
000901.SH,小康指数,SSE,中证指数有限公司,主题指数,20051230,1000.0,20100402
000902.CSI,中证流通,CSI,中证指数有限公司,综合指数,20051230,1000.0,20060227
000902.SH,中证流通(SH),SSE,中证指数有限公司,综合指数,20051230,1000.0,20060227
000903.SH,中证A100,SSE,中证指数有限公司,规模指数,20051230,1000.0,20060529
000903USD210.CSI,中证A100(全)USD,CSI,中证指数有限公司,规模指数,20051230,1000.0,20240809
000903USD220.CSI,中证A100(净)USD,CSI,中证指数有限公司,规模指数,20051230,1000.0,20240809
000904.CSI,中证200,CSI,中证指数有限公司,规模指数,20041231,1000.0,20070115
000905.SH,中证500,SSE,中证指数有限公司,规模指数,20041231,1000.0,20070115
000905SEK200.CSI,中证500SEK,CSI,中证指数有限公司,规模指数,20241122,5750.246,20241212
000906.SH,中证800,SSE,中证指数有限公司,规模指数,20041231,1000.0,20070115
000907.CSI,中证700,CSI,中证指数有限公司,规模指数,20041231,1000.0,20070115
000907.SH,中证700(SH),SSE,中证指数有限公司,规模指数,20041231,1000.0,20070115
000908.CSI,300能源,CSI,中证指数有限公司,一级行业指数,20041231,1000.0,20070702
000909.CSI,300材料,CSI,中证指数有限公司,一级行业指数,20041231,1000.0,20070702
000910.CSI,300工业,CSI,中证指数有限公司,一级行业指数,20041231,1000.0,20070702
000911.CSI,300可选,CSI,中证指数有限公司,一级行业指数,20041231,1000.0,20070702
000912.CSI,300消费,CSI,中证指数有限公司,一级行业指数,20041231,1000.0,20070702
000913.SH,300医药,SSE,中证指数有限公司,一级行业指数,20041231,1000.0,20070702
000914.SH,300金融,SSE,中证指数有限公司,主题指数,20041231,1000.0,20070702
000915.CSI,沪深300信息,CSI,中证指数有限公司,一级行业指数,20041231,1000.0,20070702
000915.SH,沪深300信息(SH),SSE,中证指数有限公司,一级行业指数,20041231,1000.0,20070702
000916.CSI,沪深300通信,CSI,中证指数有限公司,一级行业指数,20041231,1000.0,20070702
000916.SH,沪深300电信(SH),SSE,中证指数有限公司,一级行业指数,20041231,1000.0,20070702
000917.CSI,300公用,CSI,中证指数有限公司,一级行业指数,20041231,1000.0,20070702
000918.CSI,300成长,CSI,中证指数有限公司,风格指数,20041231,1000.0,20080121
000919.CSI,300价值,CSI,中证指数有限公司,风格指数,20041231,1000.0,20080121
000920.CSI,沪深300R成长,CSI,中证指数有限公司,风格指数,20041231,1000.0,20080121
000920.SH,沪深300R成长(SH),SSE,中证指数有限公司,风格指数,20041231,1000.0,20080121
000921.CSI,沪深300R价值,CSI,中证指数有限公司,风格指数,20041231,1000.0,20080121
000921.SH,沪深300R价值(SH),SSE,中证指数有限公司,风格指数,20041231,1000.0,20080121
000922.CSI,中证红利,CSI,中证指数有限公司,策略指数,20041231,1000.0,20080526
000922CNY020.CSI,中证红利净收益,CSI,中证指数有限公司,策略指数,20041231,1000.0,20231207
000925.CSI,基本面50,CSI,中证指数有限公司,策略指数,20041231,1000.0,20090226
000926.CSI,中证央企,CSI,中证指数有限公司,主题指数,20081231,1000.0,20090330
000926.SH,中证央企(SH),SSE,中证指数有限公司,主题指数,20081231,1000.0,20090330
000927.CSI,央企100,CSI,中证指数有限公司,主题指数,20081231,1000.0,20090330
000927.SH,央企100(SH),SSE,中证指数有限公司,主题指数,20081231,1000.0,20090330
000928.SH,800能源,SSE,中证指数有限公司,一级行业指数,20041231,1000.0,20090703
000929.CSI,800材料,CSI,中证指数有限公司,一级行业指数,20041231,1000.0,20090703
000929.SH,800材料,SSE,中证指数有限公司,一级行业指数,20041231,1000.0,20090703
000930.CSI,800工业,CSI,中证指数有限公司,一级行业指数,20041231,1000.0,20090703
000930.SH,800工业,SSE,中证指数有限公司,一级行业指数,20041231,1000.0,20090703
000931.CSI,800可选,CSI,中证指数有限公司,一级行业指数,20041231,1000.0,20090703
000932.SH,800消费,SSE,中证指数有限公司,一级行业指数,20041231,1000.0,20090703
000933.SH,800医卫,SSE,中证指数有限公司,一级行业指数,20041231,1000.0,20090703
000934.SH,800金地,SSE,中证指数有限公司,主题指数,20041231,1000.0,20090703
000935.SH,800信息,SSE,中证指数有限公司,一级行业指数,20041231,1000.0,20090703
000936.CSI,800通信,CSI,中证指数有限公司,一级行业指数,20041231,1000.0,20090703
000936.SH,800通信(SH),SSE,中证指数有限公司,一级行业指数,20041231,1000.0,20090703
000937.CSI,800公用,CSI,中证指数有限公司,一级行业指数,20041231,1000.0,20090703
000937.SH,800公用(SH),SSE,中证指数有限公司,一级行业指数,20041231,1000.0,20090703
000938.CSI,中证民企,CSI,中证指数有限公司,主题指数,20090630,1000.0,20090825
000938.SH,中证民企(SH),SSE,中证指数有限公司,主题指数,20090630,1000.0,20090825
000939.CSI,民企成长,CSI,中证指数有限公司,主题指数,20131213,1000.0,20090825
000940.CSI,财富大盘,CSI,中证指数有限公司,策略指数,20041231,1000.0,20090925
000941.CSI,新能源,CSI,中证指数有限公司,主题指数,20081231,1000.0,20091028
000941.SH,新能源(SH),SSE,中证指数有限公司,主题指数,20081231,1000.0,20091028
000942.CSI,内地消费,CSI,中证指数有限公司,主题指数,20041231,1000.0,20091028
000942.SH,内地消费(SH),SSE,中证指数有限公司,主题指数,20041231,1000.0,20091028
000943.CSI,新基建50,CSI,中证指数有限公司,主题指数,20141231,1000.0,20091028
000943.SH,新基建50(SH),SSE,中证指数有限公司,主题指数,20141231,1000.0,20091028
000944.CSI,内地资源,CSI,中证指数有限公司,主题指数,20041231,1000.0,20091028
000945.CSI,内地运输,CSI,中证指数有限公司,主题指数,20041231,1000.0,20091028
000945.SH,内地运输(SH),SSE,中证指数有限公司,主题指数,20041231,1000.0,20091028
000947.CSI,内地银行,CSI,中证指数有限公司,主题指数,20041231,1000.0,20091028
000947.SH,内地银行(SH),SSE,中证指数有限公司,主题指数,20041231,1000.0,20091028
000948.CSI,内地地产,CSI,中证指数有限公司,主题指数,20041231,1000.0,20091028
000948.SH,内地地产(SH),SSE,中证指数有限公司,主题指数,20041231,1000.0,20091028
000949.CSI,中证农业,CSI,中证指数有限公司,主题指数,20041231,1000.0,20091028
000949.SH,中证农业(SH),SSE,中证指数有限公司,主题指数,20041231,1000.0,20091028
000950.CSI,300基建,CSI,中证指数有限公司,主题指数,20041231,1000.0,20091028
000951.CSI,300银行,CSI,中证指数有限公司,二级行业指数,20041231,1000.0,20091028
000952.CSI,300地产,CSI,中证指数有限公司,一级行业指数,20041231,1000.0,20091028
000953.CSI,中证地企,CSI,中证指数有限公司,主题指数,20090630,1000.0,20100209
000953.SH,中证地企(SH),SSE,中证指数有限公司,主题指数,20090630,1000.0,20100209
000954.CSI,地企100,CSI,中证指数有限公司,主题指数,20090630,1000.0,20100209
000954.SH,地企100(SH),SSE,中证指数有限公司,主题指数,20090630,1000.0,20100209
000955.CSI,中证国企,CSI,中证指数有限公司,主题指数,20090630,1000.0,20100209
000955.SH,中证国企(SH),SSE,中证指数有限公司,主题指数,20090630,1000.0,20100209
000956.CSI,国企200,CSI,中证指数有限公司,主题指数,20090630,1000.0,20100209
000956.SH,国企200(SH),SSE,中证指数有限公司,主题指数,20090630,1000.0,20100209
000957.CSI,300运输,CSI,中证指数有限公司,二级行业指数,20041231,1000.0,20100317
000958.CSI,创业成长,CSI,中证指数有限公司,主题指数,20091231,1000.0,20100324
000959.CSI,银河99,CSI,中证指数有限公司,主题指数,20041231,1000.0,20100209
000961.CSI,中证上游,CSI,中证指数有限公司,主题指数,20041231,1000.0,20100416
000962.CSI,中证中游,CSI,中证指数有限公司,主题指数,20041231,1000.0,20100416
000962.SH,中证中游(SH),SSE,中证指数有限公司,主题指数,20041231,1000.0,20100416
000963.CSI,中证下游,CSI,中证指数有限公司,主题指数,20041231,1000.0,20100416
000964.CSI,中证新兴,CSI,中证指数有限公司,主题指数,20041231,1000.0,20100430
000965.CSI,基本200,CSI,中证指数有限公司,策略指数,20041231,1000.0,20100602
000965.SH,基本200(SH),SSE,中证指数有限公司,策略指数,20041231,1000.0,20100602
000966.CSI,基本400,CSI,中证指数有限公司,策略指数,20041231,1000.0,20100602
000967.CSI,基本600,CSI,中证指数有限公司,策略指数,20041231,1000.0,20100602
000967.SH,基本600(SH),SSE,中证指数有限公司,策略指数,20041231,1000.0,20100602
000968.CSI,300周期,CSI,中证指数有限公司,主题指数,20041231,1000.0,20100528
000968.SH,300周期(SH),SSE,中证指数有限公司,主题指数,20041231,1000.0,20100528
000969.CSI,300非周,CSI,中证指数有限公司,主题指数,20041231,1000.0,20100528
000970.CSI,ESG40,CSI,中证指数有限公司,主题指数,20100630,1000.0,20100917
000970.SH,ESG40(SH),SSE,中证指数有限公司,主题指数,20100630,1000.0,20100917
000971.CSI,等权90,CSI,中证指数有限公司,策略指数,20031231,1000.0,20101202
000972.CSI,300沪市,CSI,中证指数有限公司,主题指数,20041231,1000.0,20101202
000972.SH,300沪市(SH),SSE,中证指数有限公司,主题指数,20041231,1000.0,20101202
000973.SH,技术领先(退市),SSE,中证指数有限公司,主题指数,20031231,1000.0,20110104
000974.SH,800金融,SSE,中证指数有限公司,一级行业指数,20041231,1000.0,20130509
000975.CSI,钱江30,CSI,中证指数有限公司,主题指数,20091231,1000.0,20140102
000976.SH,新华金牛(退市),SSE,中证指数有限公司,主题指数,20041231,1000.0,20140218
000977.CSI,内地低碳,CSI,中证指数有限公司,主题指数,20100630,1000.0,20110121
000978.CSI,医药100,CSI,中证指数有限公司,主题指数,20041231,1000.0,20110318
000979.CSI,大宗商品,CSI,中证指数有限公司,主题指数,20041231,1000.0,20110822
000980.CSI,中证超大,CSI,中证指数有限公司,规模指数,20041231,1000.0,20110510
000980.SH,中证超大(SH),SSE,中证指数有限公司,规模指数,20041231,1000.0,20110510
000981.CSI,300分层,CSI,中证指数有限公司,策略指数,20041231,1000.0,20110613
000981.SH,300分层(SH),SSE,中证指数有限公司,策略指数,20041231,1000.0,20110613
000982.SH,500等权,SSE,中证指数有限公司,策略指数,20041231,1000.0,20110613
000983.CSI,智能资产(退市),CSI,中证指数有限公司,主题指数,20060630,1000.0,20110617
000984.CSI,300等权,CSI,中证指数有限公司,策略指数,20041231,1000.0,20110802
000985.CSI,中证全指,CSI,中证指数有限公司,规模指数,20041231,1000.0,20110802
000985.SH,中证全指(SH),SSE,中证指数有限公司,规模指数,20041231,1000.0,20110802
000985USD210.CSI,中证全指(全)USD,CSI,中证指数有限公司,规模指数,20041231,1000.0,20240812
000985USD220.CSI,中证全指(净)USD,CSI,中证指数有限公司,规模指数,20041231,1000.0,20240812
000985USD310.CSI,中证全指(全)USD(CNH),CSI,中证指数有限公司,规模指数,20041231,1000.0,20240812
000985USD320.CSI,中证全指(净)USD(CNH),CSI,中证指数有限公司,规模指数,20041231,1000.0,20240812
000986.SH,全指能源,SSE,中证指数有限公司,一级行业指数,20041231,1000.0,20110802
000987.SH,全指材料,SSE,中证指数有限公司,一级行业指数,20041231,1000.0,20110802
000988.CSI,全指工业,CSI,中证指数有限公司,一级行业指数,20041231,1000.0,20110802
000988.SH,全指工业(SH),SSE,中证指数有限公司,一级行业指数,20041231,1000.0,20110802
000989.SH,全指可选,SSE,中证指数有限公司,一级行业指数,20041231,1000.0,20110802
000990.CSI,全指消费,CSI,中证指数有限公司,一级行业指数,20041231,1000.0,20110802
000991.SH,全指医药,SSE,中证指数有限公司,一级行业指数,20041231,1000.0,20110802
000992.SH,金融地产,SSE,中证指数有限公司,主题指数,20041231,1000.0,20110802
000993.SH,全指信息,SSE,中证指数有限公司,一级行业指数,20041231,1000.0,20110802
000994.CSI,全指通信,CSI,中证指数有限公司,一级行业指数,20041231,1000.0,20110802
000994.SH,全指通信(SH),SSE,中证指数有限公司,一级行业指数,20041231,1000.0,20110802
000995.CSI,全指公用,CSI,中证指数有限公司,一级行业指数,20041231,1000.0,20110802
000995.SH,全指公用(SH),SSE,中证指数有限公司,一级行业指数,20041231,1000.0,20110802
000996.SH,领先行业(退市),SSE,中证指数有限公司,主题指数,20041231,1000.0,20110802
000997.SH,大消费(退市),SSE,中证指数有限公司,主题指数,20041231,1000.0,20111111
000998.CSI,中证TMT,CSI,中证指数有限公司,主题指数,20110630,1000.0,20111108
000999.SH,两岸三地,SSE,中证指数有限公司,规模指数,20041231,1000.0,20100118
001010.CJ,煤炭(长江),OTH,长江证券股份有限公司,一级行业指数,20021231,1000.0,20200910
001011.CJ,油气石化(长江),OTH,长江证券股份有限公司,一级行业指数,20021231,1000.0,20200910
001012.CJ,非金属材料(长江),OTH,长江证券股份有限公司,一级行业指数,20021231,1000.0,20200910
001013.CJ,化学品(长江),OTH,长江证券股份有限公司,一级行业指数,20021231,1000.0,20200910
001014.CJ,金属材料及矿业(长江),OTH,长江证券股份有限公司,一级行业指数,20021231,1000.0,20200910
001015.CJ,纸类及包装(长江),OTH,长江证券股份有限公司,一级行业指数,20021231,1000.0,20200910
001016.CJ,电力及新能源设备(长江),OTH,长江证券股份有限公司,一级行业指数,20021231,1000.0,20200910
001017.CJ,机械设备(长江),OTH,长江证券股份有限公司,一级行业指数,20021231,1000.0,20200910
001018.CJ,建筑产品(长江),OTH,长江证券股份有限公司,一级行业指数,20021231,1000.0,20200910
001019.CJ,建筑工程(长江),OTH,长江证券股份有限公司,一级行业指数,20021231,1000.0,20200910
001020.CJ,国防军工(长江),OTH,长江证券股份有限公司,一级行业指数,20021231,1000.0,20200910
001021.CJ,交通运输(长江),OTH,长江证券股份有限公司,一级行业指数,20021231,1000.0,20200910
001022.CJ,环保(长江),OTH,长江证券股份有限公司,一级行业指数,20021231,1000.0,20200910
001023.CJ,检测服务(长江),OTH,长江证券股份有限公司,一级行业指数,20021231,1000.0,20200910
001024.CJ,纺织服装(长江),OTH,长江证券股份有限公司,一级行业指数,20021231,1000.0,20200910
001025.CJ,家电制造(长江),OTH,长江证券股份有限公司,一级行业指数,20021231,1000.0,20200910
001026.CJ,家用装饰及休闲(长江),OTH,长江证券股份有限公司,一级行业指数,20021231,1000.0,20200910
001027.CJ,汽车(长江),OTH,长江证券股份有限公司,一级行业指数,20021231,1000.0,20200910
001028.CJ,社会服务(长江),OTH,长江证券股份有限公司,一级行业指数,20021231,1000.0,20200910
001029.CJ,商业贸易(长江),OTH,长江证券股份有限公司,一级行业指数,20021231,1000.0,20200910
001030.CJ,农产品(长江),OTH,长江证券股份有限公司,一级行业指数,20021231,1000.0,20200910
001031.CJ,食品饮料(长江),OTH,长江证券股份有限公司,一级行业指数,20021231,1000.0,20200910
001032.CJ,医疗保健(长江),OTH,长江证券股份有限公司,一级行业指数,20021231,1000.0,20200910
001033.CJ,银行(长江),OTH,长江证券股份有限公司,一级行业指数,20021231,1000.0,20200910
001034.CJ,综合金融(长江),OTH,长江证券股份有限公司,一级行业指数,20021231,1000.0,20200910
001035.CJ,保险(长江),OTH,长江证券股份有限公司,一级行业指数,20021231,1000.0,20200910
001036.CJ,电子(长江),OTH,长江证券股份有限公司,一级行业指数,20021231,1000.0,20200910
001037.CJ,计算机(长江),OTH,长江证券股份有限公司,一级行业指数,20021231,1000.0,20200910
001038.CJ,电信业务(长江),OTH,长江证券股份有限公司,一级行业指数,20021231,1000.0,20200910
001039.CJ,传媒互联网(长江),OTH,长江证券股份有限公司,一级行业指数,20021231,1000.0,20200910
001040.CJ,公用事业(长江),OTH,长江证券股份有限公司,一级行业指数,20021231,1000.0,20200910
001041.CJ,房地产(长江),OTH,长江证券股份有限公司,一级行业指数,20021231,1000.0,20200910
002001.CJ,煤炭开采及炼制(长江),OTH,长江证券股份有限公司,二级行业指数,20021231,1000.0,20200910
002002.CJ,煤炭贸易Ⅱ(长江),OTH,长江证券股份有限公司,二级行业指数,20021231,1000.0,20200910
002003.CJ,油气仓储与销售Ⅱ(长江),OTH,长江证券股份有限公司,二级行业指数,20021231,1000.0,20200910
002004.CJ,油气开采及炼制(长江),OTH,长江证券股份有限公司,二级行业指数,20021231,1000.0,20200910
002005.CJ,玻璃制造(长江),OTH,长江证券股份有限公司,二级行业指数,20021231,1000.0,20200910
002006.CJ,玻纤及制品Ⅱ(长江),OTH,长江证券股份有限公司,二级行业指数,20021231,1000.0,20200910
002007.CJ,其他非金属材料Ⅱ(长江),OTH,长江证券股份有限公司,二级行业指数,20021231,1000.0,20200910
002008.CJ,水泥及混凝土(长江),OTH,长江证券股份有限公司,二级行业指数,20021231,1000.0,20200910
002009.CJ,化学纤维(长江),OTH,长江证券股份有限公司,二级行业指数,20021231,1000.0,20200910
002010.CJ,化学原料及制品(长江),OTH,长江证券股份有限公司,二级行业指数,20021231,1000.0,20200910
002011.CJ,精细化工及新材料(长江),OTH,长江证券股份有限公司,二级行业指数,20021231,1000.0,20200910
002012.CJ,农业化工(长江),OTH,长江证券股份有限公司,二级行业指数,20021231,1000.0,20200910
002013.CJ,综合化工Ⅱ(长江),OTH,长江证券股份有限公司,二级行业指数,20021231,1000.0,20200910
002014.CJ,钢铁制品(长江),OTH,长江证券股份有限公司,二级行业指数,20021231,1000.0,20200910
002015.CJ,贵金属(长江),OTH,长江证券股份有限公司,二级行业指数,20021231,1000.0,20200910
002016.CJ,基本有色金属(长江),OTH,长江证券股份有限公司,二级行业指数,20021231,1000.0,20200910
002017.CJ,金属贸易与资讯(长江),OTH,长江证券股份有限公司,二级行业指数,20021231,1000.0,20200910
002018.CJ,能源金属(长江),OTH,长江证券股份有限公司,二级行业指数,20021231,1000.0,20200910
002019.CJ,其他钢铁制品(长江),OTH,长江证券股份有限公司,二级行业指数,20021231,1000.0,20200910
002020.CJ,其他金属及材料Ⅱ(长江),OTH,长江证券股份有限公司,二级行业指数,20021231,1000.0,20200910
002021.CJ,铁矿石开采Ⅱ(长江),OTH,长江证券股份有限公司,二级行业指数,20021231,1000.0,20200910
002022.CJ,稀土磁材(长江),OTH,长江证券股份有限公司,二级行业指数,20021231,1000.0,20200910
002023.CJ,非纸类包装印刷(长江),OTH,长江证券股份有限公司,二级行业指数,20021231,1000.0,20200910
002024.CJ,纸包装Ⅱ(长江),OTH,长江证券股份有限公司,二级行业指数,20021231,1000.0,20200910
002025.CJ,纸制品(长江),OTH,长江证券股份有限公司,二级行业指数,20021231,1000.0,20200910
002026.CJ,传统发电设备Ⅱ(长江),OTH,长江证券股份有限公司,二级行业指数,20021231,1000.0,20200910
002027.CJ,电气设备(长江),OTH,长江证券股份有限公司,二级行业指数,20021231,1000.0,20200910
002028.CJ,工控及自动化(长江),OTH,长江证券股份有限公司,二级行业指数,20021231,1000.0,20200910
002029.CJ,新能源车设备(长江),OTH,长江证券股份有限公司,二级行业指数,20071218,1000.0,20200910
002030.CJ,新能源设备及制造(长江),OTH,长江证券股份有限公司,二级行业指数,20021231,1000.0,20200910
002031.CJ,建筑及工程机械(长江),OTH,长江证券股份有限公司,二级行业指数,20021231,1000.0,20200910
002032.CJ,通用机械(长江),OTH,长江证券股份有限公司,二级行业指数,20021231,1000.0,20200910
002033.CJ,仪器仪表Ⅱ(长江),OTH,长江证券股份有限公司,二级行业指数,20021231,1000.0,20200910
002034.CJ,运输设备(长江),OTH,长江证券股份有限公司,二级行业指数,20021231,1000.0,20200910
002035.CJ,专用设备(长江),OTH,长江证券股份有限公司,二级行业指数,20021231,1000.0,20200910
002036.CJ,煤炭设备Ⅱ(长江),OTH,长江证券股份有限公司,二级行业指数,20021231,1000.0,20200910
002037.CJ,油气服务Ⅱ(长江),OTH,长江证券股份有限公司,二级行业指数,20021231,1000.0,20200910
002038.CJ,装修建材(长江),OTH,长江证券股份有限公司,二级行业指数,20021231,1000.0,20200910
002039.CJ,房屋建设Ⅱ(长江),OTH,长江证券股份有限公司,二级行业指数,20021231,1000.0,20200910
002040.CJ,工程咨询Ⅱ(长江),OTH,长江证券股份有限公司,二级行业指数,20021231,1000.0,20200910
002041.CJ,基础设施建设(长江),OTH,长江证券股份有限公司,二级行业指数,20021231,1000.0,20200910
002042.CJ,建筑装饰Ⅱ(长江),OTH,长江证券股份有限公司,二级行业指数,20021231,1000.0,20200910
002043.CJ,园林建设Ⅱ(长江),OTH,长江证券股份有限公司,二级行业指数,20021231,1000.0,20200910
002044.CJ,专业工程(长江),OTH,长江证券股份有限公司,二级行业指数,20021231,1000.0,20200910
002045.CJ,地面兵装Ⅱ(长江),OTH,长江证券股份有限公司,二级行业指数,20021231,1000.0,20200910
002046.CJ,航空装备Ⅱ(长江),OTH,长江证券股份有限公司,二级行业指数,20021231,1000.0,20200910
002047.CJ,航天装备Ⅱ(长江),OTH,长江证券股份有限公司,二级行业指数,20021231,1000.0,20200910
002048.CJ,通用装备Ⅱ(长江),OTH,长江证券股份有限公司,二级行业指数,20021231,1000.0,20200910
002049.CJ,海运(长江),OTH,长江证券股份有限公司,二级行业指数,20021231,1000.0,20200910
002050.CJ,航空公司Ⅱ(长江),OTH,长江证券股份有限公司,二级行业指数,20021231,1000.0,20200910
002051.CJ,交通基础设施(长江),OTH,长江证券股份有限公司,二级行业指数,20021231,1000.0,20200910
002052.CJ,铁路与公路(长江),OTH,长江证券股份有限公司,二级行业指数,20021231,1000.0,20200910
002053.CJ,物流及供应链Ⅱ(长江),OTH,长江证券股份有限公司,二级行业指数,20021231,1000.0,20200910
002054.CJ,贸易及综合服务商(长江),OTH,长江证券股份有限公司,二级行业指数,20021231,1000.0,20200910
002055.CJ,大气治理Ⅱ(长江),OTH,长江证券股份有限公司,二级行业指数,20021231,1000.0,20200910
002056.CJ,固废治理(长江),OTH,长江证券股份有限公司,二级行业指数,20021231,1000.0,20200910
002057.CJ,环境监测Ⅱ(长江),OTH,长江证券股份有限公司,二级行业指数,20021231,1000.0,20200910
002058.CJ,节能节水(长江),OTH,长江证券股份有限公司,二级行业指数,20021231,1000.0,20200910
002059.CJ,水处理(长江),OTH,长江证券股份有限公司,二级行业指数,20021231,1000.0,20200910
002060.CJ,土壤修复Ⅱ(长江),OTH,长江证券股份有限公司,二级行业指数,20021231,1000.0,20200910
002061.CJ,监测检测(长江),OTH,长江证券股份有限公司,二级行业指数,20021231,1000.0,20200910
002062.CJ,纺织制造(长江),OTH,长江证券股份有限公司,二级行业指数,20021231,1000.0,20200910
002063.CJ,品牌服饰(长江),OTH,长江证券股份有限公司,二级行业指数,20021231,1000.0,20200910
002064.CJ,家电零部件Ⅱ(长江),OTH,长江证券股份有限公司,二级行业指数,20021231,1000.0,20200910
002065.CJ,家用电器(长江),OTH,长江证券股份有限公司,二级行业指数,20021231,1000.0,20200910
002066.CJ,家用消费电子(长江),OTH,长江证券股份有限公司,二级行业指数,20021231,1000.0,20200910
002067.CJ,照明设备Ⅱ(长江),OTH,长江证券股份有限公司,二级行业指数,20110811,1000.0,20200910
002068.CJ,家用轻工(长江),OTH,长江证券股份有限公司,二级行业指数,20021231,1000.0,20200910
002069.CJ,文娱休闲用品Ⅱ(长江),OTH,长江证券股份有限公司,二级行业指数,20021231,1000.0,20200910
002070.CJ,汽车经销及服务商(长江),OTH,长江证券股份有限公司,二级行业指数,20021231,1000.0,20200910
002071.CJ,零部件(长江),OTH,长江证券股份有限公司,二级行业指数,20021231,1000.0,20200910
002072.CJ,汽车制造(长江),OTH,长江证券股份有限公司,二级行业指数,20021231,1000.0,20200910
002073.CJ,酒店餐饮及休闲(长江),OTH,长江证券股份有限公司,二级行业指数,20021231,1000.0,20200910
002074.CJ,综合消费者服务(长江),OTH,长江证券股份有限公司,二级行业指数,20021231,1000.0,20200910
002075.CJ,多元消费品贸易Ⅱ(长江),OTH,长江证券股份有限公司,二级行业指数,20021231,1000.0,20200910
002076.CJ,品牌零售(长江),OTH,长江证券股份有限公司,二级行业指数,20021231,1000.0,20200910
002077.CJ,商业物业经营(长江),OTH,长江证券股份有限公司,二级行业指数,20130422,1000.0,20200910
002078.CJ,一般零售(长江),OTH,长江证券股份有限公司,二级行业指数,20021231,1000.0,20200910
002079.CJ,专业连锁Ⅱ(长江),OTH,长江证券股份有限公司,二级行业指数,20021231,1000.0,20200910
002080.CJ,农产品加工(长江),OTH,长江证券股份有限公司,二级行业指数,20120427,1000.0,20200910
002081.CJ,畜禽养殖(长江),OTH,长江证券股份有限公司,二级行业指数,20021231,1000.0,20200910
002082.CJ,林木及加工Ⅱ(长江),OTH,长江证券股份有限公司,二级行业指数,20021231,1000.0,20200910
002083.CJ,种植业(长江),OTH,长江证券股份有限公司,二级行业指数,20021231,1000.0,20200910
002084.CJ,渔业(长江),OTH,长江证券股份有限公司,二级行业指数,20021231,1000.0,20200910
002085.CJ,白酒Ⅱ(长江),OTH,长江证券股份有限公司,二级行业指数,20021231,1000.0,20200910
002086.CJ,其他酒精饮品(长江),OTH,长江证券股份有限公司,二级行业指数,20021231,1000.0,20200910
002087.CJ,软饮料Ⅱ(长江),OTH,长江证券股份有限公司,二级行业指数,20021231,1000.0,20200910
002088.CJ,食品(长江),OTH,长江证券股份有限公司,二级行业指数,20021231,1000.0,20200910
002089.CJ,医疗服务(长江),OTH,长江证券股份有限公司,二级行业指数,20021231,1000.0,20200910
002090.CJ,医疗器械Ⅱ(长江),OTH,长江证券股份有限公司,二级行业指数,20021231,1000.0,20200910
002091.CJ,医药流通及零售(长江),OTH,长江证券股份有限公司,二级行业指数,20021231,1000.0,20200910
002092.CJ,制药(长江),OTH,长江证券股份有限公司,二级行业指数,20021231,1000.0,20200910
002093.CJ,城商行Ⅱ(长江),OTH,长江证券股份有限公司,二级行业指数,20021231,1000.0,20200910
002094.CJ,股份行Ⅱ(长江),OTH,长江证券股份有限公司,二级行业指数,20021231,1000.0,20200910
002095.CJ,国有行Ⅱ(长江),OTH,长江证券股份有限公司,二级行业指数,20021231,1000.0,20200910
002096.CJ,农商行Ⅱ(长江),OTH,长江证券股份有限公司,二级行业指数,20021231,1000.0,20200910
002097.CJ,多元金融(长江),OTH,长江证券股份有限公司,二级行业指数,20021231,1000.0,20200910
002098.CJ,证券及期货(长江),OTH,长江证券股份有限公司,二级行业指数,20021231,1000.0,20200910
002099.CJ,保险Ⅱ(长江),OTH,长江证券股份有限公司,二级行业指数,20021231,1000.0,20200910
002100.CJ,半导体(长江),OTH,长江证券股份有限公司,二级行业指数,20021231,1000.0,20200910
002101.CJ,电子产品(长江),OTH,长江证券股份有限公司,二级行业指数,20021231,1000.0,20200910
002102.CJ,零部件及元器件(长江),OTH,长江证券股份有限公司,二级行业指数,20021231,1000.0,20200910
002103.CJ,显示器件(长江),OTH,长江证券股份有限公司,二级行业指数,20021231,1000.0,20200910
002104.CJ,计算机硬件及设备(长江),OTH,长江证券股份有限公司,二级行业指数,20021231,1000.0,20200910
002105.CJ,软件(长江),OTH,长江证券股份有限公司,二级行业指数,20021231,1000.0,20200910
002106.CJ,信息技术(长江),OTH,长江证券股份有限公司,二级行业指数,20021231,1000.0,20200910
002107.CJ,通信设备(长江),OTH,长江证券股份有限公司,二级行业指数,20021231,1000.0,20200910
002108.CJ,电信应用Ⅱ(长江),OTH,长江证券股份有限公司,二级行业指数,20021231,1000.0,20200910
002109.CJ,运营商(长江),OTH,长江证券股份有限公司,二级行业指数,20021231,1000.0,20200910
002110.CJ,互联网信息服务Ⅱ(长江),OTH,长江证券股份有限公司,二级行业指数,20021231,1000.0,20200910
002111.CJ,媒体(长江),OTH,长江证券股份有限公司,二级行业指数,20021231,1000.0,20200910
002112.CJ,娱乐(长江),OTH,长江证券股份有限公司,二级行业指数,20021231,1000.0,20200910
002113.CJ,电力(长江),OTH,长江证券股份有限公司,二级行业指数,20021231,1000.0,20200910
002114.CJ,复合型公用事业Ⅱ(长江),OTH,长江证券股份有限公司,二级行业指数,20021231,1000.0,20200910
002115.CJ,燃气Ⅱ(长江),OTH,长江证券股份有限公司,二级行业指数,20021231,1000.0,20200910
002116.CJ,水务(长江),OTH,长江证券股份有限公司,二级行业指数,20021231,1000.0,20200910
002117.CJ,房地产服务(长江),OTH,长江证券股份有限公司,二级行业指数,20021231,1000.0,20200910
002118.CJ,房地产开发管理(长江),OTH,长江证券股份有限公司,二级行业指数,20021231,1000.0,20200910
003001.CJ,动力煤(长江),OTH,长江证券股份有限公司,三级行业指数,20021231,1000.0,20200910
003002.CJ,炼焦煤(长江),OTH,长江证券股份有限公司,三级行业指数,20021231,1000.0,20200910
003003.CJ,煤炭炼制(长江),OTH,长江证券股份有限公司,三级行业指数,20021231,1000.0,20200910
003004.CJ,无烟煤(长江),OTH,长江证券股份有限公司,三级行业指数,20021231,1000.0,20200910
003005.CJ,煤炭贸易Ⅲ(长江),OTH,长江证券股份有限公司,三级行业指数,20021231,1000.0,20200910
003006.CJ,油气仓储与销售Ⅲ(长江),OTH,长江证券股份有限公司,三级行业指数,20021231,1000.0,20200910
003007.CJ,油气开采(长江),OTH,长江证券股份有限公司,三级行业指数,20021231,1000.0,20200910
003008.CJ,油气炼制(长江),OTH,长江证券股份有限公司,三级行业指数,20021231,1000.0,20200910
003009.CJ,传统玻璃(长江),OTH,长江证券股份有限公司,三级行业指数,20021231,1000.0,20200910
003010.CJ,光伏玻璃(长江),OTH,长江证券股份有限公司,三级行业指数,20111026,1000.0,20200910
003011.CJ,玻纤及制品Ⅲ(长江),OTH,长江证券股份有限公司,三级行业指数,20021231,1000.0,20200910
003012.CJ,其他非金属材料Ⅲ(长江),OTH,长江证券股份有限公司,三级行业指数,20021231,1000.0,20200910
003013.CJ,混凝土制品(长江),OTH,长江证券股份有限公司,三级行业指数,20021231,1000.0,20200910
003014.CJ,水泥制造(长江),OTH,长江证券股份有限公司,三级行业指数,20021231,1000.0,20200910
003015.CJ,氨纶(长江),OTH,长江证券股份有限公司,三级行业指数,20021231,1000.0,20200910
003016.CJ,涤纶(长江),OTH,长江证券股份有限公司,三级行业指数,20021231,1000.0,20200910
003017.CJ,锦纶(长江),OTH,长江证券股份有限公司,三级行业指数,20200703,1000.0,20200910
003018.CJ,其他纤维(长江),OTH,长江证券股份有限公司,三级行业指数,20021231,1000.0,20200910
003019.CJ,粘胶(长江),OTH,长江证券股份有限公司,三级行业指数,20021231,1000.0,20200910
003020.CJ,纯碱(长江),OTH,长江证券股份有限公司,三级行业指数,20021231,1000.0,20200910
003021.CJ,氟化工(长江),OTH,长江证券股份有限公司,三级行业指数,20021231,1000.0,20200910
003022.CJ,聚氨酯(长江),OTH,长江证券股份有限公司,三级行业指数,20021231,1000.0,20200910
003023.CJ,磷化工(长江),OTH,长江证券股份有限公司,三级行业指数,20021231,1000.0,20200910
003024.CJ,氯碱(长江),OTH,长江证券股份有限公司,三级行业指数,20021231,1000.0,20200910
003025.CJ,民爆(长江),OTH,长江证券股份有限公司,三级行业指数,20040518,1000.0,20200910
003026.CJ,其他化学原料(长江),OTH,长江证券股份有限公司,三级行业指数,20021231,1000.0,20200910
003027.CJ,塑料制品(长江),OTH,长江证券股份有限公司,三级行业指数,20021231,1000.0,20200910
003028.CJ,钛白粉(长江),OTH,长江证券股份有限公司,三级行业指数,20140430,1000.0,20200910
003029.CJ,炭黑(长江),OTH,长江证券股份有限公司,三级行业指数,20191129,1000.0,20200910
003030.CJ,无机盐(长江),OTH,长江证券股份有限公司,三级行业指数,20021231,1000.0,20200910
003031.CJ,橡胶制品(长江),OTH,长江证券股份有限公司,三级行业指数,20021231,1000.0,20200910
003032.CJ,日化品(长江),OTH,长江证券股份有限公司,三级行业指数,20021231,1000.0,20200910
003033.CJ,电子化学品(长江),OTH,长江证券股份有限公司,三级行业指数,20021231,1000.0,20200910
003034.CJ,印染化学品(长江),OTH,长江证券股份有限公司,三级行业指数,20030814,1000.0,20200910
003035.CJ,胶粘剂和胶带(长江),OTH,长江证券股份有限公司,三级行业指数,20021231,1000.0,20200910
003036.CJ,其他精细化工及新材料(长江),OTH,长江证券股份有限公司,三级行业指数,20021231,1000.0,20200910
003037.CJ,碳纤维(长江),OTH,长江证券股份有限公司,三级行业指数,20191129,1000.0,20200910
003038.CJ,添加剂(长江),OTH,长江证券股份有限公司,三级行业指数,20040708,1000.0,20200910
003039.CJ,涂料油墨(长江),OTH,长江证券股份有限公司,三级行业指数,20021231,1000.0,20200910
003040.CJ,氮肥(长江),OTH,长江证券股份有限公司,三级行业指数,20021231,1000.0,20200910
003041.CJ,复合肥(长江),OTH,长江证券股份有限公司,三级行业指数,20021231,1000.0,20200910
003042.CJ,钾肥(长江),OTH,长江证券股份有限公司,三级行业指数,20021231,1000.0,20200910
003043.CJ,农药(长江),OTH,长江证券股份有限公司,三级行业指数,20021231,1000.0,20200910
003044.CJ,综合化工Ⅲ(长江),OTH,长江证券股份有限公司,三级行业指数,20021231,1000.0,20200910
003045.CJ,钢管(长江),OTH,长江证券股份有限公司,三级行业指数,20051031,1000.0,20200910
003046.CJ,钢丝绳(长江),OTH,长江证券股份有限公司,三级行业指数,20040527,1000.0,20200910
003047.CJ,普钢(长江),OTH,长江证券股份有限公司,三级行业指数,20021231,1000.0,20200910
003048.CJ,白银(长江),OTH,长江证券股份有限公司,三级行业指数,20030529,1000.0,20200910
003049.CJ,黄金(长江),OTH,长江证券股份有限公司,三级行业指数,20021231,1000.0,20200910
003050.CJ,铝(长江),OTH,长江证券股份有限公司,三级行业指数,20021231,1000.0,20200910
003051.CJ,铅锌(长江),OTH,长江证券股份有限公司,三级行业指数,20021231,1000.0,20200910
003052.CJ,铜(长江),OTH,长江证券股份有限公司,三级行业指数,20021231,1000.0,20200910
003053.CJ,锡(长江),OTH,长江证券股份有限公司,三级行业指数,20021231,1000.0,20200910
003054.CJ,金属贸易(长江),OTH,长江证券股份有限公司,三级行业指数,20060428,1000.0,20200910
003055.CJ,钴(长江),OTH,长江证券股份有限公司,三级行业指数,20100204,1000.0,20200910
003056.CJ,锂(长江),OTH,长江证券股份有限公司,三级行业指数,20100823,1000.0,20200910
003057.CJ,超硬材料(长江),OTH,长江证券股份有限公司,三级行业指数,20100409,1000.0,20200910
003058.CJ,特钢(长江),OTH,长江证券股份有限公司,三级行业指数,20021231,1000.0,20200910
003059.CJ,铁合金(长江),OTH,长江证券股份有限公司,三级行业指数,20081031,1000.0,20200910
003060.CJ,其他金属及材料Ⅲ(长江),OTH,长江证券股份有限公司,三级行业指数,20021231,1000.0,20200910
003061.CJ,铁矿石开采Ⅲ(长江),OTH,长江证券股份有限公司,三级行业指数,20021231,1000.0,20200910
003062.CJ,磁性材料(长江),OTH,长江证券股份有限公司,三级行业指数,20021231,1000.0,20200910
003063.CJ,稀土(长江),OTH,长江证券股份有限公司,三级行业指数,20021231,1000.0,20200910
003064.CJ,其他包装印刷(长江),OTH,长江证券股份有限公司,三级行业指数,20021231,1000.0,20200910
003065.CJ,塑料包装(长江),OTH,长江证券股份有限公司,三级行业指数,20021231,1000.0,20200910
003066.CJ,金属包装(长江),OTH,长江证券股份有限公司,三级行业指数,20100311,1000.0,20200910
003067.CJ,纸包装Ⅲ(长江),OTH,长江证券股份有限公司,三级行业指数,20021231,1000.0,20200910
003068.CJ,工业用纸(长江),OTH,长江证券股份有限公司,三级行业指数,20021231,1000.0,20200910
003069.CJ,生活用纸(长江),OTH,长江证券股份有限公司,三级行业指数,20101208,1000.0,20200910
003070.CJ,传统发电设备Ⅲ(长江),OTH,长江证券股份有限公司,三级行业指数,20021231,1000.0,20200910
003071.CJ,电网一次硬件(长江),OTH,长江证券股份有限公司,三级行业指数,20021231,1000.0,20200910
003072.CJ,电网终端(长江),OTH,长江证券股份有限公司,三级行业指数,20021231,1000.0,20200910
003073.CJ,电网自动化(长江),OTH,长江证券股份有限公司,三级行业指数,20021231,1000.0,20200910
003074.CJ,电线电缆(长江),OTH,长江证券股份有限公司,三级行业指数,20021231,1000.0,20200910
003075.CJ,电机及控制(长江),OTH,长江证券股份有限公司,三级行业指数,20021231,1000.0,20200910
003076.CJ,电源设备(长江),OTH,长江证券股份有限公司,三级行业指数,20040414,1000.0,20200910
003077.CJ,工控元器件(长江),OTH,长江证券股份有限公司,三级行业指数,20091102,1000.0,20200910
003078.CJ,工业自动化(长江),OTH,长江证券股份有限公司,三级行业指数,20071129,1000.0,20200910
003079.CJ,电池材料(长江),OTH,长江证券股份有限公司,三级行业指数,20071218,1000.0,20200910
003080.CJ,其他电池(长江),OTH,长江证券股份有限公司,三级行业指数,20191129,1000.0,20200910
003081.CJ,锂电池(长江),OTH,长江证券股份有限公司,三级行业指数,20141216,1000.0,20200910
003082.CJ,风电零部件(长江),OTH,长江证券股份有限公司,三级行业指数,20101028,1000.0,20200910
003083.CJ,风机制造(长江),OTH,长江证券股份有限公司,三级行业指数,20021231,1000.0,20200910
003084.CJ,光伏制造(长江),OTH,长江证券股份有限公司,三级行业指数,20080312,1000.0,20200910
003085.CJ,工程机械(长江),OTH,长江证券股份有限公司,三级行业指数,20021231,1000.0,20200910
003086.CJ,重卡(长江)(退市),OTH,长江证券股份有限公司,三级行业指数,20021231,1000.0,20200910
003087.CJ,重型机械(长江),OTH,长江证券股份有限公司,三级行业指数,20021231,1000.0,20200910
003088.CJ,机床工具(长江),OTH,长江证券股份有限公司,三级行业指数,20021231,1000.0,20200910
003089.CJ,机械基础件(长江),OTH,长江证券股份有限公司,三级行业指数,20021231,1000.0,20200910
003090.CJ,磨具磨料(长江),OTH,长江证券股份有限公司,三级行业指数,20090903,1000.0,20200910
003091.CJ,内燃机(长江),OTH,长江证券股份有限公司,三级行业指数,20021231,1000.0,20200910
003092.CJ,其它通用机械(长江),OTH,长江证券股份有限公司,三级行业指数,20021231,1000.0,20200910
003093.CJ,制冷空调设备(长江),OTH,长江证券股份有限公司,三级行业指数,20021231,1000.0,20200910
003094.CJ,仪器仪表Ⅲ(长江),OTH,长江证券股份有限公司,三级行业指数,20021231,1000.0,20200910
003095.CJ,船舶制造(长江),OTH,长江证券股份有限公司,三级行业指数,20021231,1000.0,20200910
003096.CJ,铁路设备(长江),OTH,长江证券股份有限公司,三级行业指数,20021231,1000.0,20200910
003097.CJ,半导体及3C设备(长江),OTH,长江证券股份有限公司,三级行业指数,20100810,1000.0,20200910
003098.CJ,纺织服装设备(长江),OTH,长江证券股份有限公司,三级行业指数,20021231,1000.0,20200910
003099.CJ,光伏设备(长江),OTH,长江证券股份有限公司,三级行业指数,20120524,1000.0,20200910
003100.CJ,环保设备(长江),OTH,长江证券股份有限公司,三级行业指数,20021231,1000.0,20200910
003101.CJ,锂电设备(长江),OTH,长江证券股份有限公司,三级行业指数,20150527,1000.0,20200910
003102.CJ,楼宇设备(长江),OTH,长江证券股份有限公司,三级行业指数,20021231,1000.0,20200910
003103.CJ,农用机械(长江),OTH,长江证券股份有限公司,三级行业指数,20021231,1000.0,20200910
003104.CJ,其它专用机械(长江),OTH,长江证券股份有限公司,三级行业指数,20021231,1000.0,20200910
003105.CJ,冶金化工设备(长江),OTH,长江证券股份有限公司,三级行业指数,20061025,1000.0,20200910
003106.CJ,印刷包装机械(长江),OTH,长江证券股份有限公司,三级行业指数,20080219,1000.0,20200910
003107.CJ,油气设备(长江),OTH,长江证券股份有限公司,三级行业指数,20021231,1000.0,20200910
003108.CJ,煤炭设备Ⅲ(长江),OTH,长江证券股份有限公司,三级行业指数,20021231,1000.0,20200910
003109.CJ,油气服务Ⅲ(长江),OTH,长江证券股份有限公司,三级行业指数,20021231,1000.0,20200910
003110.CJ,防水材料(长江),OTH,长江证券股份有限公司,三级行业指数,20080924,1000.0,20200910
003111.CJ,管材制品(长江),OTH,长江证券股份有限公司,三级行业指数,20100331,1000.0,20200910
003112.CJ,门窗五金(长江),OTH,长江证券股份有限公司,三级行业指数,20100125,1000.0,20200910
003113.CJ,其他装修建材(长江),OTH,长江证券股份有限公司,三级行业指数,20021231,1000.0,20200910
003114.CJ,陶瓷制造(长江),OTH,长江证券股份有限公司,三级行业指数,20021231,1000.0,20200910
003115.CJ,房屋建设Ⅲ(长江),OTH,长江证券股份有限公司,三级行业指数,20021231,1000.0,20200910
003116.CJ,工程咨询Ⅲ(长江),OTH,长江证券股份有限公司,三级行业指数,20070307,1000.0,20200910
003117.CJ,国际工程(长江),OTH,长江证券股份有限公司,三级行业指数,20021231,1000.0,20200910
003118.CJ,基建(长江),OTH,长江证券股份有限公司,三级行业指数,20021231,1000.0,20200910
003119.CJ,建筑装饰Ⅲ(长江),OTH,长江证券股份有限公司,三级行业指数,20021231,1000.0,20200910
003120.CJ,园林建设Ⅲ(长江),OTH,长江证券股份有限公司,三级行业指数,20091211,1000.0,20200910
003121.CJ,钢结构(长江),OTH,长江证券股份有限公司,三级行业指数,20021231,1000.0,20200910
003122.CJ,化学工程(长江),OTH,长江证券股份有限公司,三级行业指数,20070725,1000.0,20200910
003123.CJ,其他专业工程(长江),OTH,长江证券股份有限公司,三级行业指数,20050425,1000.0,20200910
003124.CJ,地面兵装Ⅲ(长江),OTH,长江证券股份有限公司,三级行业指数,20021231,1000.0,20200910
003125.CJ,航空装备Ⅲ(长江),OTH,长江证券股份有限公司,三级行业指数,20021231,1000.0,20200910
003126.CJ,航天装备Ⅲ(长江),OTH,长江证券股份有限公司,三级行业指数,20021231,1000.0,20200910
003127.CJ,通用装备Ⅲ(长江),OTH,长江证券股份有限公司,三级行业指数,20040521,1000.0,20200910
003128.CJ,干散货(长江),OTH,长江证券股份有限公司,三级行业指数,20021231,1000.0,20200910
003129.CJ,集运(长江),OTH,长江证券股份有限公司,三级行业指数,20021231,1000.0,20200910
003130.CJ,客滚运输(长江),OTH,长江证券股份有限公司,三级行业指数,20021231,1000.0,20200910
003131.CJ,油运(长江),OTH,长江证券股份有限公司,三级行业指数,20021231,1000.0,20200910
003132.CJ,航空公司Ⅲ(长江),OTH,长江证券股份有限公司,三级行业指数,20021231,1000.0,20200910
003133.CJ,港口(长江),OTH,长江证券股份有限公司,三级行业指数,20021231,1000.0,20200910
003134.CJ,机场(长江),OTH,长江证券股份有限公司,三级行业指数,20021231,1000.0,20200910
003135.CJ,高速公路(长江),OTH,长江证券股份有限公司,三级行业指数,20021231,1000.0,20200910
003136.CJ,公共交通(长江),OTH,长江证券股份有限公司,三级行业指数,20021231,1000.0,20200910
003137.CJ,铁路(长江),OTH,长江证券股份有限公司,三级行业指数,20021231,1000.0,20200910
003138.CJ,快递(长江),OTH,长江证券股份有限公司,三级行业指数,20021231,1000.0,20200910
003139.CJ,物流及供应链Ⅲ(长江),OTH,长江证券股份有限公司,三级行业指数,20021231,1000.0,20200910
003140.CJ,工业品综合贸易(长江),OTH,长江证券股份有限公司,三级行业指数,20160923,1000.0,20200910
003141.CJ,综合服务商(长江),OTH,长江证券股份有限公司,三级行业指数,20021231,1000.0,20200910
003142.CJ,大气治理Ⅲ(长江),OTH,长江证券股份有限公司,三级行业指数,20021231,1000.0,20200910
003143.CJ,环卫(长江),OTH,长江证券股份有限公司,三级行业指数,20051031,1000.0,20200910
003144.CJ,湿垃圾(长江),OTH,长江证券股份有限公司,三级行业指数,20110329,1000.0,20200910
003145.CJ,垃圾焚烧(长江),OTH,长江证券股份有限公司,三级行业指数,20100708,1000.0,20200910
003146.CJ,再生资源(长江),OTH,长江证券股份有限公司,三级行业指数,20120508,1000.0,20200910
003147.CJ,危废(长江),OTH,长江证券股份有限公司,三级行业指数,20120511,1000.0,20200910
003148.CJ,生物质(长江),OTH,长江证券股份有限公司,三级行业指数,20191129,1000.0,20200910
003149.CJ,环境监测Ⅲ(长江),OTH,长江证券股份有限公司,三级行业指数,20110214,1000.0,20200910
003150.CJ,节能(长江),OTH,长江证券股份有限公司,三级行业指数,20101014,1000.0,20200910
003151.CJ,节水(长江),OTH,长江证券股份有限公司,三级行业指数,20110504,1000.0,20200910
003152.CJ,水环境工程设备(长江),OTH,长江证券股份有限公司,三级行业指数,20120718,1000.0,20200910
003153.CJ,工业废水(长江),OTH,长江证券股份有限公司,三级行业指数,20110221,1000.0,20200910
003154.CJ,水务运营(长江),OTH,长江证券股份有限公司,三级行业指数,20150130,1000.0,20200910
003155.CJ,土壤修复Ⅲ(长江),OTH,长江证券股份有限公司,三级行业指数,20110321,1000.0,20200910
003156.CJ,综合检测(长江),OTH,长江证券股份有限公司,三级行业指数,20150130,1000.0,20200910
003157.CJ,建工建材检测(长江),OTH,长江证券股份有限公司,三级行业指数,20161122,1000.0,20200910
003158.CJ,建工检测(长江),OTH,长江证券股份有限公司,三级行业指数,20191129,1000.0,20200910
003159.CJ,电器检测(长江),OTH,长江证券股份有限公司,三级行业指数,20191129,1000.0,20200910
003160.CJ,汽车检测(长江),OTH,长江证券股份有限公司,三级行业指数,20120625,1000.0,20200910
003161.CJ,环境与可靠性实验(长江),OTH,长江证券股份有限公司,三级行业指数,20150204,1000.0,20200910
003162.CJ,金属材料检测(长江),OTH,长江证券股份有限公司,三级行业指数,20191114,1000.0,20200910
003163.CJ,医药检测(长江),OTH,长江证券股份有限公司,三级行业指数,20170921,1000.0,20200910
003164.CJ,体外诊断(长江),OTH,长江证券股份有限公司,三级行业指数,20110801,1000.0,20200910
003165.CJ,服装用纺织品(长江),OTH,长江证券股份有限公司,三级行业指数,20021231,1000.0,20200910
003166.CJ,其他纺织品(长江),OTH,长江证券股份有限公司,三级行业指数,20021231,1000.0,20200910
003167.CJ,纺织品贸易(长江),OTH,长江证券股份有限公司,三级行业指数,20021231,1000.0,20200910
003168.CJ,家纺(长江),OTH,长江证券股份有限公司,三级行业指数,20021231,1000.0,20200910
003169.CJ,服装(长江),OTH,长江证券股份有限公司,三级行业指数,20021231,1000.0,20200910
003170.CJ,鞋帽箱包(长江),OTH,长江证券股份有限公司,三级行业指数,20090916,1000.0,20200910
003171.CJ,其他服饰(长江),OTH,长江证券股份有限公司,三级行业指数,20021231,1000.0,20200910
003172.CJ,家电零部件Ⅲ(长江),OTH,长江证券股份有限公司,三级行业指数,20040716,1000.0,20200910
003173.CJ,白色家电(长江),OTH,长江证券股份有限公司,三级行业指数,20021231,1000.0,20200910
003174.CJ,厨卫家电(长江),OTH,长江证券股份有限公司,三级行业指数,20040914,1000.0,20200910
003175.CJ,小家电(长江),OTH,长江证券股份有限公司,三级行业指数,20040708,1000.0,20200910
003176.CJ,黑色家电(长江),OTH,长江证券股份有限公司,三级行业指数,20021231,1000.0,20200910
003177.CJ,照明设备Ⅲ(长江),OTH,长江证券股份有限公司,三级行业指数,20110811,1000.0,20200910
003178.CJ,家具(长江),OTH,长江证券股份有限公司,三级行业指数,20021231,1000.0,20200910
003179.CJ,其他家庭装饰(长江),OTH,长江证券股份有限公司,三级行业指数,20110425,1000.0,20200910
003180.CJ,文娱休闲用品Ⅲ(长江),OTH,长江证券股份有限公司,三级行业指数,20091103,1000.0,20200910
003181.CJ,汽车销售及服务(长江),OTH,长江证券股份有限公司,三级行业指数,20021231,1000.0,20200910
003182.CJ,综合汽车服务(长江),OTH,长江证券股份有限公司,三级行业指数,20021231,1000.0,20200910
003183.CJ,乘用车零部件(长江),OTH,长江证券股份有限公司,三级行业指数,20021231,1000.0,20200910
003184.CJ,商用车零部件(长江),OTH,长江证券股份有限公司,三级行业指数,20021231,1000.0,20200910
003185.CJ,轮胎(长江),OTH,长江证券股份有限公司,三级行业指数,20021231,1000.0,20200910
003186.CJ,乘用车(长江),OTH,长江证券股份有限公司,三级行业指数,20021231,1000.0,20200910
003187.CJ,卡车(长江),OTH,长江证券股份有限公司,三级行业指数,20021231,1000.0,20200910
003188.CJ,摩托车及其他整车(长江),OTH,长江证券股份有限公司,三级行业指数,20021231,1000.0,20200910
003189.CJ,轻卡及商用载客车(长江),OTH,长江证券股份有限公司,三级行业指数,20021231,1000.0,20200910
003190.CJ,餐饮(长江),OTH,长江证券股份有限公司,三级行业指数,20021231,1000.0,20200910
003191.CJ,景区及休闲设施(长江),OTH,长江证券股份有限公司,三级行业指数,20021231,1000.0,20200910
003192.CJ,酒店及旅游服务(长江),OTH,长江证券股份有限公司,三级行业指数,20021231,1000.0,20200910
003193.CJ,教育服务(长江),OTH,长江证券股份有限公司,三级行业指数,20021231,1000.0,20200910
003194.CJ,其他消费者服务(长江),OTH,长江证券股份有限公司,三级行业指数,20040430,1000.0,20200910
003195.CJ,人力资源(长江),OTH,长江证券股份有限公司,三级行业指数,20191129,1000.0,20200910
003196.CJ,多元消费品贸易Ⅲ(长江),OTH,长江证券股份有限公司,三级行业指数,20021231,1000.0,20200910
003197.CJ,化妆品(长江),OTH,长江证券股份有限公司,三级行业指数,20171128,1000.0,20200910
003198.CJ,黄金珠宝(长江),OTH,长江证券股份有限公司,三级行业指数,20021231,1000.0,20200910
003199.CJ,一般物业经营(长江),OTH,长江证券股份有限公司,三级行业指数,20130422,1000.0,20200910
003200.CJ,专业市场(长江),OTH,长江证券股份有限公司,三级行业指数,20191129,1000.0,20200910
003201.CJ,百货(长江),OTH,长江证券股份有限公司,三级行业指数,20021231,1000.0,20200910
003202.CJ,超市(长江),OTH,长江证券股份有限公司,三级行业指数,20021231,1000.0,20200910
003203.CJ,电商(长江),OTH,长江证券股份有限公司,三级行业指数,20191129,1000.0,20200910
003204.CJ,多业态零售(长江),OTH,长江证券股份有限公司,三级行业指数,20120928,1000.0,20200910
003205.CJ,专业连锁Ⅲ(长江),OTH,长江证券股份有限公司,三级行业指数,20021231,1000.0,20200910
003206.CJ,其他农产品加工(长江),OTH,长江证券股份有限公司,三级行业指数,20191129,1000.0,20200910
003207.CJ,宠物食品(长江),OTH,长江证券股份有限公司,三级行业指数,20191129,1000.0,20200910
003208.CJ,制糖业(长江),OTH,长江证券股份有限公司,三级行业指数,20120427,1000.0,20200910
003209.CJ,畜牧养殖(长江),OTH,长江证券股份有限公司,三级行业指数,20021231,1000.0,20200910
003210.CJ,动物疫苗及兽药(长江),OTH,长江证券股份有限公司,三级行业指数,20021231,1000.0,20200910
003211.CJ,饲料加工(长江),OTH,长江证券股份有限公司,三级行业指数,20021231,1000.0,20200910
003212.CJ,禽养殖(长江),OTH,长江证券股份有限公司,三级行业指数,20080529,1000.0,20200910
003213.CJ,林木及加工Ⅲ(长江),OTH,长江证券股份有限公司,三级行业指数,20021231,1000.0,20200910
003214.CJ,种业(长江),OTH,长江证券股份有限公司,三级行业指数,20021231,1000.0,20200910
003215.CJ,种植(长江),OTH,长江证券股份有限公司,三级行业指数,20191129,1000.0,20200910
003216.CJ,水产捕捞(长江),OTH,长江证券股份有限公司,三级行业指数,20021231,1000.0,20200910
003217.CJ,水产品加工(长江),OTH,长江证券股份有限公司,三级行业指数,20191129,1000.0,20200910
003218.CJ,水产养殖(长江),OTH,长江证券股份有限公司,三级行业指数,20021231,1000.0,20200910
003219.CJ,白酒Ⅲ(长江),OTH,长江证券股份有限公司,三级行业指数,20021231,1000.0,20200910
003220.CJ,红酒(长江),OTH,长江证券股份有限公司,三级行业指数,20021231,1000.0,20200910
003221.CJ,黄酒(长江),OTH,长江证券股份有限公司,三级行业指数,20021231,1000.0,20200910
003222.CJ,啤酒(长江),OTH,长江证券股份有限公司,三级行业指数,20021231,1000.0,20200910
003223.CJ,其他酒类(长江),OTH,长江证券股份有限公司,三级行业指数,20021231,1000.0,20200910
003224.CJ,软饮料Ⅲ(长江),OTH,长江证券股份有限公司,三级行业指数,20021231,1000.0,20200910
003225.CJ,肉制品(长江),OTH,长江证券股份有限公司,三级行业指数,20021231,1000.0,20200910
003226.CJ,乳制品(长江),OTH,长江证券股份有限公司,三级行业指数,20021231,1000.0,20200910
003227.CJ,食品综合(长江),OTH,长江证券股份有限公司,三级行业指数,20021231,1000.0,20200910
003228.CJ,调味品(长江),OTH,长江证券股份有限公司,三级行业指数,20021231,1000.0,20200910
003229.CJ,休闲食品(长江),OTH,长江证券股份有限公司,三级行业指数,20110315,1000.0,20200910
003230.CJ,CRO/CMO(长江),OTH,长江证券股份有限公司,三级行业指数,20120830,1000.0,20120830
003231.CJ,其他医疗服务(长江),OTH,长江证券股份有限公司,三级行业指数,20021231,1000.0,20200910
003232.CJ,医疗器械Ⅲ(长江),OTH,长江证券股份有限公司,三级行业指数,20021231,1000.0,20200910
003233.CJ,医药零售(长江),OTH,长江证券股份有限公司,三级行业指数,20140715,1000.0,20200910
003234.CJ,医药流通(长江),OTH,长江证券股份有限公司,三级行业指数,20021231,1000.0,20200910
003235.CJ,化学制药(长江),OTH,长江证券股份有限公司,三级行业指数,20021231,1000.0,20200910
003236.CJ,生物制品(长江),OTH,长江证券股份有限公司,三级行业指数,20021231,1000.0,20200910
003237.CJ,中药(长江),OTH,长江证券股份有限公司,三级行业指数,20021231,1000.0,20200910
003238.CJ,城商行Ⅲ(长江),OTH,长江证券股份有限公司,三级行业指数,20070801,1000.0,20200910
003239.CJ,股份行Ⅲ(长江),OTH,长江证券股份有限公司,三级行业指数,20021231,1000.0,20200910
003240.CJ,国有行Ⅲ(长江),OTH,长江证券股份有限公司,三级行业指数,20060718,1000.0,20200910
003241.CJ,农商行Ⅲ(长江),OTH,长江证券股份有限公司,三级行业指数,20160919,1000.0,20200910
003242.CJ,互联网金融(长江),OTH,长江证券股份有限公司,三级行业指数,20190513,1000.0,20200910
003243.CJ,金融控股平台(长江),OTH,长江证券股份有限公司,三级行业指数,20021231,1000.0,20200910
003244.CJ,投资公司(长江),OTH,长江证券股份有限公司,三级行业指数,20021231,1000.0,20200910
003245.CJ,信托(长江),OTH,长江证券股份有限公司,三级行业指数,20021231,1000.0,20200910
003246.CJ,资产管理公司(长江),OTH,长江证券股份有限公司,三级行业指数,20191129,1000.0,20200910
003247.CJ,租赁(长江),OTH,长江证券股份有限公司,三级行业指数,20040430,1000.0,20200910
003248.CJ,期货(长江),OTH,长江证券股份有限公司,三级行业指数,20190726,1000.0,20200910
003249.CJ,证券(长江),OTH,长江证券股份有限公司,三级行业指数,20021231,1000.0,20200910
003250.CJ,财产险(长江),OTH,长江证券股份有限公司,三级行业指数,20130502,1000.0,20200910
003251.CJ,人身险(长江),OTH,长江证券股份有限公司,三级行业指数,20070122,1000.0,20200910
003252.CJ,综合保险(长江),OTH,长江证券股份有限公司,三级行业指数,20070314,1000.0,20200910
003253.CJ,LED封装(长江),OTH,长江证券股份有限公司,三级行业指数,20100719,1000.0,20200910
003254.CJ,LED芯片(长江),OTH,长江证券股份有限公司,三级行业指数,20021231,1000.0,20200910
003255.CJ,LED应用(长江),OTH,长江证券股份有限公司,三级行业指数,20021231,1000.0,20200910
003256.CJ,半导体材料(长江),OTH,长江证券股份有限公司,三级行业指数,20021231,1000.0,20200910
003257.CJ,半导体分销(长江),OTH,长江证券股份有限公司,三级行业指数,20021231,1000.0,20200910
003258.CJ,半导体设备(长江),OTH,长江证券股份有限公司,三级行业指数,20100329,1000.0,20200910
003259.CJ,分立器件(长江),OTH,长江证券股份有限公司,三级行业指数,20021231,1000.0,20200910
003260.CJ,集成电路封测(长江),OTH,长江证券股份有限公司,三级行业指数,20030616,1000.0,20200910
003261.CJ,集成电路设计(长江),OTH,长江证券股份有限公司,三级行业指数,20021231,1000.0,20200910
003262.CJ,电子终端品(长江),OTH,长江证券股份有限公司,三级行业指数,20021231,1000.0,20200910
003263.CJ,其他电子产品制造(长江),OTH,长江证券股份有限公司,三级行业指数,20021231,1000.0,20200910
003264.CJ,电子专用设备(长江),OTH,长江证券股份有限公司,三级行业指数,20021231,1000.0,20200910
003265.CJ,被动元器件(长江),OTH,长江证券股份有限公司,三级行业指数,20021231,1000.0,20200910
003266.CJ,光学元件(长江),OTH,长江证券股份有限公司,三级行业指数,20021231,1000.0,20200910
003267.CJ,消费电子零部件(长江),OTH,长江证券股份有限公司,三级行业指数,20021231,1000.0,20200910
003268.CJ,印制电路板(长江),OTH,长江证券股份有限公司,三级行业指数,20021231,1000.0,20200910
003269.CJ,显示材料(长江),OTH,长江证券股份有限公司,三级行业指数,20021231,1000.0,20200910
003270.CJ,显示面板(长江),OTH,长江证券股份有限公司,三级行业指数,20021231,1000.0,20200910
003271.CJ,显示器(长江),OTH,长江证券股份有限公司,三级行业指数,20101012,1000.0,20200910
003272.CJ,专业硬件(长江),OTH,长江证券股份有限公司,三级行业指数,20021231,1000.0,20200910
003273.CJ,通用硬件(长江),OTH,长江证券股份有限公司,三级行业指数,20021231,1000.0,20200910
003274.CJ,金融硬件(长江),OTH,长江证券股份有限公司,三级行业指数,20021231,1000.0,20200910
003275.CJ,工业信息化(长江),OTH,长江证券股份有限公司,三级行业指数,20021231,1000.0,20200910
003276.CJ,互联网软件服务(长江),OTH,长江证券股份有限公司,三级行业指数,20070824,1000.0,20200910
003277.CJ,基础及通用软件(长江),OTH,长江证券股份有限公司,三级行业指数,20021231,1000.0,20200910
003278.CJ,教育信息化(长江),OTH,长江证券股份有限公司,三级行业指数,20150504,1000.0,20200910
003279.CJ,金融信息化(长江),OTH,长江证券股份有限公司,三级行业指数,20021231,1000.0,20200910
003280.CJ,其他专用软件(长江),OTH,长江证券股份有限公司,三级行业指数,20080522,1000.0,20200910
003281.CJ,系统集成(长江),OTH,长江证券股份有限公司,三级行业指数,20021231,1000.0,20200910
003282.CJ,医疗信息化(长江),OTH,长江证券股份有限公司,三级行业指数,20021231,1000.0,20200910
003283.CJ,政务信息化(长江),OTH,长江证券股份有限公司,三级行业指数,20021231,1000.0,20200910
003284.CJ,互联网服务及基础架构(长江),OTH,长江证券股份有限公司,三级行业指数,20021231,1000.0,20200910
003285.CJ,信息安全(长江),OTH,长江证券股份有限公司,三级行业指数,20021231,1000.0,20200910
003286.CJ,IT服务(长江),OTH,长江证券股份有限公司,三级行业指数,20021231,1000.0,20200910
003287.CJ,智慧城市(长江),OTH,长江证券股份有限公司,三级行业指数,20090903,1000.0,20200910
003288.CJ,北斗(长江),OTH,长江证券股份有限公司,三级行业指数,20070824,1000.0,20200910
003289.CJ,光通信(长江),OTH,长江证券股份有限公司,三级行业指数,20021231,1000.0,20200910
003290.CJ,数据通信设备(长江),OTH,长江证券股份有限公司,三级行业指数,20021231,1000.0,20200910
003291.CJ,无线设备(长江),OTH,长江证券股份有限公司,三级行业指数,20021231,1000.0,20200910
003292.CJ,物联网(长江),OTH,长江证券股份有限公司,三级行业指数,20021231,1000.0,20200910
003293.CJ,电信应用Ⅲ(长江),OTH,长江证券股份有限公司,三级行业指数,20041029,1000.0,20200910
003294.CJ,电信运营商(长江),OTH,长江证券股份有限公司,三级行业指数,20021231,1000.0,20200910
003295.CJ,专网通信(长江),OTH,长江证券股份有限公司,三级行业指数,20021231,1000.0,20200910
003296.CJ,互联网信息服务Ⅲ(长江),OTH,长江证券股份有限公司,三级行业指数,20021231,1000.0,20200910
003297.CJ,出版(长江),OTH,长江证券股份有限公司,三级行业指数,20021231,1000.0,20200910
003298.CJ,广播电视(长江),OTH,长江证券股份有限公司,三级行业指数,20021231,1000.0,20200910
003299.CJ,广告营销(长江),OTH,长江证券股份有限公司,三级行业指数,20021231,1000.0,20200910
003300.CJ,影视制作(长江),OTH,长江证券股份有限公司,三级行业指数,20021231,1000.0,20200910
003301.CJ,院线(长江),OTH,长江证券股份有限公司,三级行业指数,20091112,1000.0,20200910
003302.CJ,游戏(长江),OTH,长江证券股份有限公司,三级行业指数,20041029,1000.0,20200910
003303.CJ,电网运营(长江),OTH,长江证券股份有限公司,三级行业指数,20021231,1000.0,20200910
003304.CJ,火电发电运营(长江),OTH,长江证券股份有限公司,三级行业指数,20021231,1000.0,20200910
003305.CJ,水电发电运营(长江),OTH,长江证券股份有限公司,三级行业指数,20021231,1000.0,20200910
003306.CJ,新能源发电运营(长江),OTH,长江证券股份有限公司,三级行业指数,20021231,1000.0,20200910
003307.CJ,复合型公用事业Ⅲ(长江),OTH,长江证券股份有限公司,三级行业指数,20021231,1000.0,20200910
003308.CJ,燃气Ⅲ(长江),OTH,长江证券股份有限公司,三级行业指数,20021231,1000.0,20200910
003309.CJ,水务系统(长江),OTH,长江证券股份有限公司,三级行业指数,20021231,1000.0,20200910
003310.CJ,地产中介服务(长江),OTH,长江证券股份有限公司,三级行业指数,20021231,1000.0,20200910
003311.CJ,房地产金融(长江),OTH,长江证券股份有限公司,三级行业指数,20191129,1000.0,20200910
003312.CJ,物业管理(长江),OTH,长江证券股份有限公司,三级行业指数,20021231,1000.0,20200910
003313.CJ,地产开发(长江),OTH,长江证券股份有限公司,三级行业指数,20021231,1000.0,20200910
003314.CJ,商业物业(长江),OTH,长江证券股份有限公司,三级行业指数,20021231,1000.0,20200910
003315.CJ,园区开发(长江),OTH,长江证券股份有限公司,三级行业指数,20021231,1000.0,20200910
100000.CIC,中金综合,CICC,中国国际金融股份有限公司,主题指数,,,20150311
100101.CIC,中金能源,CICC,中国国际金融股份有限公司,主题指数,,,20150311
100110.CIC,中金石油天然气,CICC,中国国际金融股份有限公司,主题指数,,,20150311
100120.CIC,中金煤炭,CICC,中国国际金融股份有限公司,主题指数,,,20150311
100201.CIC,中金基础材料,CICC,中国国际金融股份有限公司,主题指数,,,20150311
100210.CIC,中金化工,CICC,中国国际金融股份有限公司,主题指数,,,20150311
100211.CIC,中金化肥与农用药剂,CICC,中国国际金融股份有限公司,主题指数,,,20150311
100220.CIC,中金钢铁,CICC,中国国际金融股份有限公司,主题指数,,,20150311
100230.CIC,中金有色金属,CICC,中国国际金融股份有限公司,主题指数,,,20150311
100240.CIC,中金建材,CICC,中国国际金融股份有限公司,主题指数,,,20150311
100241.CIC,中金水泥,CICC,中国国际金融股份有限公司,主题指数,,,20150311
100250.CIC,中金林业与造纸包装,CICC,中国国际金融股份有限公司,主题指数,,,20150311
100251.CIC,中金造纸包装,CICC,中国国际金融股份有限公司,主题指数,,,20150311
100301.CIC,中金工业,CICC,中国国际金融股份有限公司,主题指数,,,20150311
100310.CIC,中金建筑与工程,CICC,中国国际金融股份有限公司,主题指数,,,20150311
100320.CIC,中金机械,CICC,中国国际金融股份有限公司,主题指数,,,20150311
100321.CIC,中金航天航空与国防,CICC,中国国际金融股份有限公司,主题指数,,,20150311
100322.CIC,中金造船及港口机械,CICC,中国国际金融股份有限公司,主题指数,,,20150311
100323.CIC,中金工程机械,CICC,中国国际金融股份有限公司,主题指数,,,20150311
100324.CIC,中金铁路设备,CICC,中国国际金融股份有限公司,主题指数,,,20150311
100325.CIC,中金商业汽车及零部件,CICC,中国国际金融股份有限公司,主题指数,,,20150311
100330.CIC,中金电气设备,CICC,中国国际金融股份有限公司,主题指数,,,20150311
100340.CIC,中金工业综合,CICC,中国国际金融股份有限公司,主题指数,,,20150311
100401.CIC,中金交通运输,CICC,中国国际金融股份有限公司,主题指数,,,20150311
100411.CIC,中金航空,CICC,中国国际金融股份有限公司,主题指数,,,20150311
100412.CIC,中金航运,CICC,中国国际金融股份有限公司,主题指数,,,20150311
100413.CIC,中金公路运输,CICC,中国国际金融股份有限公司,主题指数,,,20150311
100414.CIC,中金铁路运输,CICC,中国国际金融股份有限公司,主题指数,,,20150311
100420.CIC,中金交通基础设施,CICC,中国国际金融股份有限公司,主题指数,,,20150311
100421.CIC,中金机场,CICC,中国国际金融股份有限公司,主题指数,,,20150311
100422.CIC,中金港口,CICC,中国国际金融股份有限公司,主题指数,,,20150311
100501.CIC,中金公用事业,CICC,中国国际金融股份有限公司,主题指数,,,20150311
100510.CIC,中金电力,CICC,中国国际金融股份有限公司,主题指数,,,20150311
100520.CIC,中金城市公用事业,CICC,中国国际金融股份有限公司,主题指数,,,20150311
100601.CIC,中金金融,CICC,中国国际金融股份有限公司,主题指数,,,20150311
100610.CIC,中金银行,CICC,中国国际金融股份有限公司,主题指数,,,20150311
100611.CIC,中金国有银行,CICC,中国国际金融股份有限公司,主题指数,,,20150311
100612.CIC,中金股份制银行,CICC,中国国际金融股份有限公司,主题指数,,,20150311
100613.CIC,中金城市商业银行,CICC,中国国际金融股份有限公司,主题指数,,,20150311
100620.CIC,中金保险,CICC,中国国际金融股份有限公司,主题指数,,,20150311
100630.CIC,中金证券,CICC,中国国际金融股份有限公司,主题指数,,,20150311
100701.CIC,中金房地产,CICC,中国国际金融股份有限公司,主题指数,,,20150311
100801.CIC,中金通信,CICC,中国国际金融股份有限公司,主题指数,,,20150311
100901.CIC,中金科技,CICC,中国国际金融股份有限公司,主题指数,,,20150311
100910.CIC,中金软件及服务,CICC,中国国际金融股份有限公司,主题指数,,,20150311
100920.CIC,中金技术硬件及设备,CICC,中国国际金融股份有限公司,主题指数,,,20150311
100921.CIC,中金通信设备,CICC,中国国际金融股份有限公司,主题指数,,,20150311
100930.CIC,中金电子元器件,CICC,中国国际金融股份有限公司,主题指数,,,20150311
101001.CIC,中金医疗保健,CICC,中国国际金融股份有限公司,主题指数,,,20150311
101101.CIC,中金可选消费,CICC,中国国际金融股份有限公司,主题指数,,,20150311
101110.CIC,中金汽车及零部件,CICC,中国国际金融股份有限公司,主题指数,,,20150311
101120.CIC,中金家庭耐用消费品,CICC,中国国际金融股份有限公司,主题指数,,,20150311
101121.CIC,中金服装,CICC,中国国际金融股份有限公司,主题指数,,,20150311
101122.CIC,中金家电及相关,CICC,中国国际金融股份有限公司,主题指数,,,20150311
101130.CIC,中金酒店旅游及餐饮,CICC,中国国际金融股份有限公司,主题指数,,,20150311
101140.CIC,中金传媒,CICC,中国国际金融股份有限公司,主题指数,,,20150311
101150.CIC,中金零售,CICC,中国国际金融股份有限公司,主题指数,,,20150311
101201.CIC,中金日常消费,CICC,中国国际金融股份有限公司,主题指数,,,20150311
101210.CIC,中金食品饮料,CICC,中国国际金融股份有限公司,主题指数,,,20150311
101211.CIC,中金酒类,CICC,中国国际金融股份有限公司,主题指数,,,20150311
101220.CIC,中金家庭日用品,CICC,中国国际金融股份有限公司,主题指数,,,20150311
101230.CIC,中金农业,CICC,中国国际金融股份有限公司,主题指数,,,20150311
10200080.PI,中国年金指数A0010,OTH,中国年金指数有限公司,主题指数,20040430,1000.0,20040430
10208000.PI,中国年金指数A0090,OTH,中国年金指数有限公司,主题指数,20040430,1000.0,20040430
10307000.PI,中国年金指数A0080,OTH,中国年金指数有限公司,主题指数,20040430,1000.0,20040430
10351550.PI,中国年金指数A0020,OTH,中国年金指数有限公司,主题指数,20040430,1000.0,20040430
10406000.PI,中国年金指数A0070,OTH,中国年金指数有限公司,主题指数,20040430,1000.0,20040430
10503020.PI,中国年金指数A0030,OTH,中国年金指数有限公司,主题指数,20040430,1000.0,20040430
10505000.PI,中国年金指数A0060,OTH,中国年金指数有限公司,主题指数,20040430,1000.0,20040430
105653.MI,MSCI俄罗斯,MSCI,MSCI指数,规模指数,19941230,100.0,19961201
105765.MI,MSCI摩洛哥,MSCI,MSCI指数,规模指数,19941230,100.0,19970830
105766.MI,MSCI埃及,MSCI,MSCI指数,规模指数,19941230,100.0,19970830
105767.MI,MSCI印度尼西亚,MSCI,MSCI指数,规模指数,19871231,100.0,19900531
105768.MI,MSCI马来西亚,MSCI,MSCI指数,规模指数,19871231,100.0,19880229
105769.MI,MSCI泰国,MSCI,MSCI指数,规模指数,19871231,100.0,19871231
105771.MI,MSCI澳大利亚成长,MSCI,MSCI指数,成长指数,19741231,100.0,19971208
105772.MI,MSCI澳大利亚价值,MSCI,MSCI指数,价值指数,19741231,100.0,19971208
105773.MI,MSCI奥地利成长,MSCI,MSCI指数,成长指数,19741231,100.0,19971208
105774.MI,MSCI奥地利价值,MSCI,MSCI指数,价值指数,19741231,100.0,19971208
105775.MI,MSCI比利时成长,MSCI,MSCI指数,成长指数,19741231,100.0,19971208
105776.MI,MSCI比利时价值,MSCI,MSCI指数,价值指数,19741231,100.0,19971208
105777.MI,MSCI加拿大成长,MSCI,MSCI指数,成长指数,19741231,100.0,19971208
105778.MI,MSCI加拿大价值,MSCI,MSCI指数,价值指数,19741231,100.0,19971208
105779.MI,MSCI丹麦成长,MSCI,MSCI指数,成长指数,19741231,100.0,19971208
105780.MI,MSCI丹麦价值,MSCI,MSCI指数,价值指数,19741231,100.0,19971208
105783.MI,MSCI芬兰成长,MSCI,MSCI指数,成长指数,19871231,100.0,19971208
105784.MI,MSCI芬兰价值,MSCI,MSCI指数,价值指数,19871231,100.0,19971208
105785.MI,MSCI法国成长,MSCI,MSCI指数,成长指数,19741231,100.0,19971208
105786.MI,MSCI法国价值,MSCI,MSCI指数,价值指数,19741231,100.0,19971208
105787.MI,MSCI德国成长,MSCI,MSCI指数,成长指数,19741231,100.0,19971208
105788.MI,MSCI德国价值,MSCI,MSCI指数,价值指数,19741231,100.0,19971208
105791.MI,MSCI爱尔兰成长,MSCI,MSCI指数,成长指数,19901231,100.0,19971208
105792.MI,MSCI爱尔兰价值,MSCI,MSCI指数,价值指数,20160531,100.0,19971208
105793.MI,MSCI意大利成长,MSCI,MSCI指数,成长指数,19741231,100.0,19971208
105794.MI,MSCI意大利价值,MSCI,MSCI指数,价值指数,19741231,100.0,19971208
105795.MI,MSCI日本成长,MSCI,MSCI指数,成长指数,19741231,100.0,19971208
105796.MI,MSCI日本价值,MSCI,MSCI指数,价值指数,19741231,100.0,19971208
105801.MI,MSCI荷兰成长,MSCI,MSCI指数,成长指数,19741231,100.0,19971208
105802.MI,MSCI荷兰价值,MSCI,MSCI指数,价值指数,19741231,100.0,19971208
105803.MI,MSCI新西兰成长,MSCI,MSCI指数,成长指数,19871231,100.0,19971208
105804.MI,MSCI新西兰价值,MSCI,MSCI指数,价值指数,19871231,100.0,19971208
105807.MI,MSCI挪威成长,MSCI,MSCI指数,成长指数,19741231,100.0,19971208
105808.MI,MSCI挪威价值,MSCI,MSCI指数,价值指数,19741231,100.0,19971208
105809.MI,MSCI新加坡成长自由,MSCI,MSCI指数,成长指数,19871231,100.0,19971208
105810.MI,MSCI新加坡价值自由,MSCI,MSCI指数,价值指数,19871231,100.0,19971208
105811.MI,MSCI新加坡成长,MSCI,MSCI指数,成长指数,19741231,100.0,19971208
105812.MI,MSCI新加坡价值,MSCI,MSCI指数,价值指数,19741231,100.0,19971208
105813.MI,MSCI西班牙成长,MSCI,MSCI指数,成长指数,19741231,100.0,19971208
105814.MI,MSCI西班牙价值,MSCI,MSCI指数,价值指数,19741231,100.0,19971208
105817.MI,MSCI瑞典成长,MSCI,MSCI指数,成长指数,19741231,100.0,19971208
105818.MI,MSCI瑞典价值,MSCI,MSCI指数,价值指数,19741231,100.0,19971208
105821.MI,MSCI瑞士成长,MSCI,MSCI指数,成长指数,19741231,100.0,19971208
105822.MI,MSCI瑞士价值,MSCI,MSCI指数,价值指数,19741231,100.0,19971208
105823.MI,MSCI英国成长,MSCI,MSCI指数,成长指数,19741231,100.0,19971208
105824.MI,MSCI英国价值,MSCI,MSCI指数,价值指数,19741231,100.0,19971208
105825.MI,MSCI美国成长,MSCI,MSCI指数,成长指数,19741231,100.0,19971208
105826.MI,MSCI美国价值,MSCI,MSCI指数,价值指数,19741231,100.0,19971208
105827.MI,MSCI欧澳远东+加拿大成长,MSCI,MSCI指数,成长指数,19741231,100.0,19971208
105828.MI,MSCI欧澳远东+加拿大价值,MSCI,MSCI指数,价值指数,19741231,100.0,19971208
105829.MI,MSCI欧澳远东(除英国)成长,MSCI,MSCI指数,成长指数,19741231,100.0,19971208
105830.MI,MSCI欧澳远东(除英国)价值,MSCI,MSCI指数,价值指数,19741231,100.0,19971208
105831.MI,MSCI欧澳远东成长自由,MSCI,MSCI指数,成长指数,19871231,100.0,19971208
105832.MI,MSCI欧澳远东价值自由,MSCI,MSCI指数,价值指数,19871231,100.0,19971208
105833.MI,MSCI欧澳远东成长,MSCI,MSCI指数,成长指数,19741231,100.0,19971208
105834.MI,MSCI欧澳远东价值,MSCI,MSCI指数,价值指数,19741231,100.0,19971208
105835.MI,MSCI欧澳远东(除日本)成长,MSCI,MSCI指数,成长指数,19741231,100.0,19971208
105836.MI,MSCI欧澳远东(除日本)价值,MSCI,MSCI指数,价值指数,19741231,100.0,19971208
105837.MI,MSCI欧洲(除英国)成长,MSCI,MSCI指数,成长指数,19741231,100.0,19971208
105838.MI,MSCI欧洲(除英国)价值,MSCI,MSCI指数,价值指数,19741231,100.0,19971208
105843.MI,MSCI欧洲成长,MSCI,MSCI指数,成长指数,19741231,100.0,19971208
105844.MI,MSCI欧洲价值,MSCI,MSCI指数,价值指数,19741231,100.0,19971208
105845.MI,MSCI远东成长自由,MSCI,MSCI指数,成长指数,19871231,100.0,19971208
105846.MI,MSCI远东价值自由,MSCI,MSCI指数,价值指数,19871231,100.0,19971208
105847.MI,MSCI远东成长,MSCI,MSCI指数,成长指数,19741231,100.0,19971208
105848.MI,MSCI远东价值,MSCI,MSCI指数,价值指数,19741231,100.0,19971208
105849.MI,MSCIKOKUSAI成长,MSCI,MSCI指数,成长指数,19741231,100.0,19971208
105850.MI,MSCIKOKUSAI价值,MSCI,MSCI指数,价值指数,19741231,100.0,19971208
105853.MI,MSCI北欧国家成长,MSCI,MSCI指数,成长指数,19741231,100.0,19971208
105854.MI,MSCI北欧价值,MSCI,MSCI指数,价值指数,19741231,100.0,19971208
105855.MI,MSCI北美成长,MSCI,MSCI指数,成长指数,19741231,100.0,19971208
105856.MI,MSCI北美价值,MSCI,MSCI指数,价值指数,19741231,100.0,19971208
105857.MI,MSCI太平洋地区(除日本)成长,MSCI,MSCI指数,成长指数,19741231,100.0,19971208
105858.MI,MSCI太平洋地区(除日本)价值,MSCI,MSCI指数,价值指数,19741231,100.0,19971208
105859.MI,MSCI太平洋地区(除日本)成长自由,MSCI,MSCI指数,成长指数,19871231,100.0,19971208
105860.MI,MSCI太平洋地区(除日本)价值自由,MSCI,MSCI指数,价值指数,19871231,100.0,19971208
105861.MI,MSCI太平洋地区成长自由,MSCI,MSCI指数,成长指数,19871231,100.0,19971208
105862.MI,MSCI太平洋地区价值自由,MSCI,MSCI指数,价值指数,19871231,100.0,19971208
105863.MI,MSCI太平洋地区成长,MSCI,MSCI指数,成长指数,19741231,100.0,19971208
105864.MI,MSCI太平洋地区价值,MSCI,MSCI指数,价值指数,19741231,100.0,19971208
105865.MI,MSCI发达市场成长自由,MSCI,MSCI指数,成长指数,19871231,100.0,19971208
105866.MI,MSCI发达市场价值自由,MSCI,MSCI指数,价值指数,19871231,100.0,19971208
105867.MI,MSCI发达市场成长,MSCI,MSCI指数,成长指数,19741231,100.0,19971208
105868.MI,MSCI发达市场价值,MSCI,MSCI指数,价值指数,19741231,100.0,19971208
105869.MI,MSCI发达市场(除澳)成长,MSCI,MSCI指数,成长指数,19741231,100.0,19971208
105870.MI,MSCI发达市场(除澳)价值,MSCI,MSCI指数,价值指数,19741231,100.0,19971208
105871.MI,MSCI发达市场(除英国)成长,MSCI,MSCI指数,成长指数,19741231,100.0,19971208
105872.MI,MSCI发达市场(除英国)价值,MSCI,MSCI指数,价值指数,19741231,100.0,19971208
105873.MI,MSCI发达市场(除美国)成长,MSCI,MSCI指数,成长指数,19741231,100.0,19971208
105874.MI,MSCI发达市场(除美国)价值,MSCI,MSCI指数,价值指数,19741231,100.0,19971208
105882.MI,MSCI巴西成长,MSCI,MSCI指数,成长指数,19961231,100.0,19971208
105883.MI,MSCI巴西价值,MSCI,MSCI指数,价值指数,19961231,100.0,19971208
105884.MI,MSCI智利成长,MSCI,MSCI指数,成长指数,19961231,100.0,19971208
105885.MI,MSCI智利价值,MSCI,MSCI指数,价值指数,19961231,100.0,19971208
105890.MI,MSCI中国成长(美元),MSCI,MSCI指数,成长指数,19961231,100.0,19971208
105890L.MI,MSCI中国成长(Local),MSCI,MSCI指数,成长指数,19961231,100.0,19971208
105891.MI,MSCI中国价值(美元),MSCI,MSCI指数,价值指数,19961231,100.0,19971208
105891L.MI,MSCI中国价值(Local),MSCI,MSCI指数,价值指数,19961231,100.0,19971208
105892.MI,MSCI哥伦比亚成长,MSCI,MSCI指数,成长指数,19961231,100.0,19971208
105893.MI,MSCI哥伦比亚价值,MSCI,MSCI指数,价值指数,19961231,100.0,19971208
105894.MI,MSCI捷克共和国成长,MSCI,MSCI指数,成长指数,19961231,100.0,19971208
105895.MI,MSCI捷克共和国价值,MSCI,MSCI指数,价值指数,19961231,100.0,19971208
105896.MI,MSCI埃及成长,MSCI,MSCI指数,成长指数,19970930,100.0,19971208
105897.MI,MSCI埃及价值,MSCI,MSCI指数,价值指数,19970930,100.0,19971208
105898.MI,MSCI希腊成长,MSCI,MSCI指数,成长指数,20131126,100.0,19971208
105899.MI,MSCI希腊价值,MSCI,MSCI指数,价值指数,19961231,100.0,19971208
105900.MI,MSCI匈牙利成长,MSCI,MSCI指数,成长指数,19961231,100.0,19971208
105901.MI,MSCI匈牙利价值,MSCI,MSCI指数,价值指数,19961231,100.0,19971208
105902.MI,MSCI印度成长,MSCI,MSCI指数,成长指数,19961231,100.0,19971208
105903.MI,MSCI印度价值,MSCI,MSCI指数,价值指数,19961231,100.0,19971208
105904.MI,MSCI印度尼西亚成长,MSCI,MSCI指数,成长指数,19970530,100.0,19971208
105905.MI,MSCI印度尼西亚价值,MSCI,MSCI指数,价值指数,19970530,100.0,19971208
105912.MI,MSCI以色列成长,MSCI,MSCI指数,成长指数,19961231,100.0,19971208
105913.MI,MSCI以色列价值,MSCI,MSCI指数,价值指数,19961231,100.0,19971208
105918.MI,MSCI韩国成长,MSCI,MSCI指数,成长指数,19961231,100.0,19971208
105919.MI,MSCI韩国价值,MSCI,MSCI指数,价值指数,19961231,100.0,19971208
105926.MI,MSCI墨西哥成长,MSCI,MSCI指数,成长指数,19961231,100.0,19971208
105927.MI,MSCI墨西哥价值,MSCI,MSCI指数,价值指数,19961231,100.0,19971208
105928.MI,MSCI摩洛哥成长(退市),MSCI,MSCI指数,成长指数,19970930,100.0,19970930
105929.MI,MSCI摩洛哥价值(退市),MSCI,MSCI指数,价值指数,19970930,100.0,19970930
105932.MI,MSCI秘鲁成长,MSCI,MSCI指数,成长指数,19961231,100.0,19971208
105933.MI,MSCI秘鲁价值,MSCI,MSCI指数,价值指数,19961231,100.0,19971208
105934.MI,MSCI菲律宾成长,MSCI,MSCI指数,成长指数,19961231,100.0,19971208
105935.MI,MSCI菲律宾价值,MSCI,MSCI指数,价值指数,19961231,100.0,19971208
105938.MI,MSCI波兰成长,MSCI,MSCI指数,成长指数,19961231,100.0,19971208
105939.MI,MSCI波兰价值,MSCI,MSCI指数,价值指数,19961231,100.0,19971208
105940.MI,MSCI葡萄牙成长,MSCI,MSCI指数,成长指数,19961231,100.0,19971208
105941.MI,MSCI葡萄牙价值,MSCI,MSCI指数,价值指数,19961231,100.0,19971208
105942.MI,MSCI俄罗斯成长,MSCI,MSCI指数,成长指数,19961231,100.0,19971208
105943.MI,MSCI俄罗斯价值,MSCI,MSCI指数,价值指数,19961231,100.0,19971208
105944.MI,MSCI南非成长,MSCI,MSCI指数,成长指数,19961231,100.0,19971208
105945.MI,MSCI南非价值,MSCI,MSCI指数,价值指数,19961231,100.0,19971208
105950.MI,MSCI台湾成长,MSCI,MSCI指数,成长指数,19961231,100.0,19971208
105951.MI,MSCI台湾价值,MSCI,MSCI指数,价值指数,19961231,100.0,19971208
105952.MI,MSCI泰国成长,MSCI,MSCI指数,成长指数,19970530,100.0,19971208
105953.MI,MSCI泰国价值,MSCI,MSCI指数,价值指数,19970530,100.0,19971208
105956.MI,MSCI土耳其成长,MSCI,MSCI指数,成长指数,19961231,100.0,19971208
105957.MI,MSCI土耳其价值,MSCI,MSCI指数,价值指数,19961231,100.0,19971208
105960.MI,MSCI远东全市场(除日本)成长,MSCI,MSCI指数,成长指数,19961231,100.0,19971208
105961.MI,MSCI远东全市场(除日本)价值,MSCI,MSCI指数,价值指数,19961231,100.0,19971208
105964.MI,MSCI美洲成长,MSCI,MSCI指数,成长指数,19961231,100.0,19971208
105965.MI,MSCI美洲价值,MSCI,MSCI指数,价值指数,19961231,100.0,19971208
105972.MI,MSCI亚洲(除日本)成长,MSCI,MSCI指数,成长指数,19961231,100.0,19971208
105973.MI,MSCI亚洲(除日本)价值,MSCI,MSCI指数,价值指数,19961231,100.0,19971208
105974.MI,MSCI亚洲成长,MSCI,MSCI指数,成长指数,19961231,100.0,19971208
105975.MI,MSCI亚洲价值,MSCI,MSCI指数,价值指数,19961231,100.0,19971208
105981.MI,MSCI亚太地区(除日本)成长,MSCI,MSCI指数,成长指数,19961231,100.0,19971208
105982.MI,MSCI亚太地区(除日本)价值,MSCI,MSCI指数,价值指数,19961231,100.0,19971208
105983.MI,MSCI亚太地区成长,MSCI,MSCI指数,成长指数,19961231,100.0,19971208
105984.MI,MSCI亚太地区价值,MSCI,MSCI指数,价值指数,19961231,100.0,19971208
105988.MI,MSCI欧洲全市场&中东成长,MSCI,MSCI指数,成长指数,19961231,100.0,19971208
105989.MI,MSCI欧洲全市场&中东价值,MSCI,MSCI指数,价值指数,19961231,100.0,19971208
105994.MI,MSCI欧洲全市场成长,MSCI,MSCI指数,成长指数,19961231,100.0,19971208
105995.MI,MSCI欧洲全市场价值,MSCI,MSCI指数,价值指数,19961231,100.0,19971208
106000.MI,MSCI远东全市场(除日本香港)成长,MSCI,MSCI指数,成长指数,19961231,100.0,19971208
106001.MI,MSCI远东全市场(除日本香港)价值,MSCI,MSCI指数,价值指数,19961231,100.0,19971208
106004.MI,MSCI远东全市场成长,MSCI,MSCI指数,成长指数,19961231,100.0,19971208
106005.MI,MSCI远东全市场价值,MSCI,MSCI指数,价值指数,19961231,100.0,19971208
106012.MI,MSCI太平洋全市场(除日本香港)成长,MSCI,MSCI指数,成长指数,19961231,100.0,19971208
106013.MI,MSCI太平洋全市场(除日本香港)价值,MSCI,MSCI指数,价值指数,19961231,100.0,19971208
106016.MI,MSCI太平洋全市场(除日本)成长,MSCI,MSCI指数,成长指数,19961231,100.0,19971208
106017.MI,MSCI太平洋全市场(除日本)价值,MSCI,MSCI指数,价值指数,19961231,100.0,19971208
106020.MI,MSCI太平洋全市场成长,MSCI,MSCI指数,成长指数,19961231,100.0,19971208
106021.MI,MSCI太平洋全市场价值,MSCI,MSCI指数,价值指数,19961231,100.0,19971208
106030.MI,MSCI全球(除日本)成长,MSCI,MSCI指数,成长指数,19961231,100.0,19971208
106031.MI,MSCI全球(除日本)价值,MSCI,MSCI指数,价值指数,19961231,100.0,19971208
10603505.PI,中国年金指数A0040,OTH,中国年金指数有限公司,主题指数,20040430,1000.0,20040430
106036.MI,MSCI全球(除美国)成长,MSCI,MSCI指数,成长指数,19961231,100.0,19971208
106037.MI,MSCI全球(除美国)价值,MSCI,MSCI指数,价值指数,19961231,100.0,19971208
106038.MI,MSCI全球成长,MSCI,MSCI指数,成长指数,19961231,100.0,19971208
106039.MI,MSCI全球价值,MSCI,MSCI指数,价值指数,19961231,100.0,19971208
10604000.PI,中国年金指数A0050,OTH,中国年金指数有限公司,主题指数,20040430,1000.0,20040430
106046.MI,MSCI欧澳和远东+新兴市场成长,MSCI,MSCI指数,成长指数,19961231,100.0,19971208
106047.MI,MSCI欧澳和远东+新兴市场价值,MSCI,MSCI指数,价值指数,19961231,100.0,19971208
106052.MI,MSCI东欧新兴市场成长,MSCI,MSCI指数,成长指数,19961231,100.0,19971208
106053.MI,MSCI东欧新兴市场价值,MSCI,MSCI指数,价值指数,19961231,100.0,19971208
106054.MI,MSCI欧洲&中东新兴市场成长,MSCI,MSCI指数,成长指数,19961231,100.0,19971208
106055.MI,MSCI欧洲&中东新兴市场价值,MSCI,MSCI指数,价值指数,19961231,100.0,19971208
106056.MI,MSCI欧洲新兴市场成长,MSCI,MSCI指数,成长指数,19961231,100.0,19971208
106057.MI,MSCI欧洲新兴市场价值,MSCI,MSCI指数,价值指数,19961231,100.0,19971208
106062.MI,MSCI新兴市场成长,MSCI,MSCI指数,成长指数,19961231,100.0,19971208
106063.MI,MSCI新兴市场价值,MSCI,MSCI指数,价值指数,19961231,100.0,19971208
106066.MI,MSCI亚洲新兴市场成长,MSCI,MSCI指数,成长指数,19961231,100.0,19971208
106067.MI,MSCI亚洲新兴市场价值,MSCI,MSCI指数,价值指数,19961231,100.0,19971208
106072.MI,MSCI远东新兴市场成长,MSCI,MSCI指数,成长指数,19961231,100.0,19971208
106073.MI,MSCI远东新兴市场价值,MSCI,MSCI指数,价值指数,19961231,100.0,19971208
106074.MI,MSCI拉美新兴市场成长,MSCI,MSCI指数,成长指数,19961231,100.0,19971208
106075.MI,MSCI拉美新兴市场价值,MSCI,MSCI指数,价值指数,19961231,100.0,19971208
106076.MI,MSCI欧盟成长,MSCI,MSCI指数,成长指数,19961231,100.0,19971208
106077.MI,MSCI欧盟价值,MSCI,MSCI指数,价值指数,19961231,100.0,19971208
106330.MI,MSCI发达市场(除欧盟),MSCI,MSCI指数,规模指数,19961231,100.0,19980430
106331.MI,MSCI欧洲(除欧盟),MSCI,MSCI指数,规模指数,19961231,100.0,19980430
106332.MI,MSCI发达市场(除欧洲),MSCI,MSCI指数,规模指数,19691231,100.0,19940531
106335.MI,MSCI欧盟价值,MSCI,MSCI指数,价值指数,19961231,100.0,19980430
106336.MI,MSCI欧盟成长,MSCI,MSCI指数,成长指数,19961231,100.0,19980430
106400.MI,MSCI欧盟,MSCI,MSCI指数,规模指数,19961231,100.0,19980430
106490.MI,MSCI欧洲(除英国瑞士),MSCI,MSCI指数,规模指数,19691231,100.0,19980801
106491.MI,MSCI全球(除欧洲),MSCI,MSCI指数,规模指数,19871231,100.0,19980801
106492.MI,MSCI全球(除欧盟),MSCI,MSCI指数,规模指数,19961231,100.0,19980801
106506.MI,MSCI全球(除英国),MSCI,MSCI指数,规模指数,19871231,100.0,19940531
106507.MI,MSCI欧盟(除德国),MSCI,MSCI指数,规模指数,19961231,100.0,19980801
106569.MI,MSCIEURO,MSCI,MSCI指数,规模指数,19981231,1000.0,19990301
106570.MI,MSCIPAN-EURO,MSCI,MSCI指数,规模指数,19981231,1000.0,19990301
106574.MI,MSCI欧盟(除西班牙),MSCI,MSCI指数,规模指数,19961231,100.0,19961231
106589.MI,MSCI欧盟(除奥地利),MSCI,MSCI指数,规模指数,19961231,100.0,19961231
106590.MI,MSCI欧盟(除比利时),MSCI,MSCI指数,规模指数,19961231,100.0,19961231
106591.MI,MSCI欧盟(除芬兰),MSCI,MSCI指数,规模指数,19961231,100.0,19961231
106592.MI,MSCI欧盟(除法国),MSCI,MSCI指数,规模指数,19961231,100.0,19961231
106593.MI,MSCI欧盟(除爱尔兰),MSCI,MSCI指数,规模指数,19961231,100.0,19961231
106594.MI,MSCI欧盟(除意大利),MSCI,MSCI指数,规模指数,19961231,100.0,19961231
106595.MI,MSCI欧盟(除荷兰),MSCI,MSCI指数,规模指数,19961231,100.0,19961231
106596.MI,MSCI欧盟(除葡萄牙),MSCI,MSCI指数,规模指数,19971128,100.0,19971128
106597.MI,MSCI欧洲(除葡萄牙),MSCI,MSCI指数,规模指数,19971128,100.0,19971128
106643.MI,MSCI欧洲/能源Ⅰ,MSCI,MSCI指数,一级行业指数,19981231,100.0,19990915
106644.MI,MSCI欧洲/原材料Ⅰ,MSCI,MSCI指数,一级行业指数,19981231,100.0,19990915
106645.MI,MSCI欧洲/工业,MSCI,MSCI指数,一级行业指数,19981231,100.0,19990915
106646.MI,MSCI欧洲/非日常消费品,MSCI,MSCI指数,一级行业指数,19981231,100.0,19990915
106647.MI,MSCI欧洲/日常消费品,MSCI,MSCI指数,一级行业指数,19981231,100.0,19990915
106648.MI,MSCI欧洲/医疗保健,MSCI,MSCI指数,一级行业指数,19981231,100.0,19990915
106649.MI,MSCI欧洲/金融,MSCI,MSCI指数,一级行业指数,19981231,100.0,19990915
106650.MI,MSCI欧洲/信息科技,MSCI,MSCI指数,一级行业指数,19981231,100.0,19990915
106651.MI,MSCI欧洲/电信业务Ⅰ,MSCI,MSCI指数,一级行业指数,19981231,100.0,19990915
106652.MI,MSCI欧洲/公用事业Ⅰ,MSCI,MSCI指数,一级行业指数,19981231,100.0,19990915
106653.MI,MSCI欧洲/能源Ⅱ,MSCI,MSCI指数,二级行业指数,19981231,100.0,19990915
106654.MI,MSCI欧洲/原材料Ⅱ,MSCI,MSCI指数,二级行业指数,19981231,100.0,19990915
106656.MI,MSCI欧洲/资本商品,MSCI,MSCI指数,一级行业指数,19981231,100.0,19990915
106657.MI,MSCI欧洲/运输,MSCI,MSCI指数,一级行业指数,19981231,100.0,19990915
106658.MI,MSCI欧洲/商业与专业服务,MSCI,MSCI指数,一级行业指数,19981231,100.0,19990915
106659.MI,MSCI欧洲/汽车与汽车零部件,MSCI,MSCI指数,一级行业指数,19981231,100.0,19990915
106660.MI,MSCI欧洲/家庭与个人用品,MSCI,MSCI指数,一级行业指数,19981231,100.0,19990915
106661.MI,MSCI欧洲/消费者服务,MSCI,MSCI指数,一级行业指数,19981231,100.0,19990915
106662.MI,MSCI欧洲/零售业,MSCI,MSCI指数,一级行业指数,19981231,100.0,19990915
106663.MI,MSCI欧洲/媒体Ⅱ,MSCI,MSCI指数,二级行业指数,19981231,100.0,19990915
106664.MI,MSCI欧洲/食品饮料与烟草,MSCI,MSCI指数,一级行业指数,19981231,100.0,19990915
106666.MI,MSCI欧洲/生物制药与生命科技,MSCI,MSCI指数,一级行业指数,19981231,100.0,19990915
106667.MI,MSCI欧洲/医疗保健设备与服务,MSCI,MSCI指数,一级行业指数,19981231,100.0,19990915
106668.MI,MSCI欧洲/银行,MSCI,MSCI指数,一级行业指数,19981231,100.0,19990915
106669.MI,MSCI欧洲/保险Ⅱ,MSCI,MSCI指数,二级行业指数,19981231,100.0,19990915
106670.MI,MSCI欧洲/综合金融,MSCI,MSCI指数,一级行业指数,19981231,100.0,19990915
106671.MI,MSCI欧洲/房地产,MSCI,MSCI指数,一级行业指数,19981231,100.0,19990915
106672.MI,MSCI欧洲/技术硬件与设备,MSCI,MSCI指数,一级行业指数,19981231,100.0,19990915
106673.MI,MSCI欧洲/软件与服务,MSCI,MSCI指数,一级行业指数,19981231,100.0,19990915
106674.MI,MSCI欧洲/电信业务Ⅱ,MSCI,MSCI指数,二级行业指数,19981231,100.0,19990915
106675.MI,MSCI欧洲/公用事业Ⅱ,MSCI,MSCI指数,二级行业指数,19981231,100.0,19990915
106676.MI,MSCI欧洲/油气与供消费用燃料,MSCI,MSCI指数,一级行业指数,19981231,100.0,19990915
106677.MI,MSCI欧洲/航天航空与国防,MSCI,MSCI指数,一级行业指数,19981231,100.0,19990915
106678.MI,MSCI欧洲/化学制品,MSCI,MSCI指数,一级行业指数,19981231,100.0,19990915
106679.MI,MSCI欧洲/纸类与林业产品,MSCI,MSCI指数,一级行业指数,19981231,100.0,19990915
106680.MI,MSCI欧洲/金属与采矿,MSCI,MSCI指数,一级行业指数,19981231,100.0,19990915
106681.MI,MSCI欧洲/航空公司,MSCI,MSCI指数,一级行业指数,19981231,100.0,19990915
106682.MI,MSCI欧洲/海运,MSCI,MSCI指数,一级行业指数,19981231,100.0,19990915
106683.MI,MSCI欧洲/纺织品服装与奢侈品,MSCI,MSCI指数,一级行业指数,19981231,100.0,19990915
106684.MI,MSCI欧洲/汽车,MSCI,MSCI指数,一级行业指数,19981231,100.0,19990915
106685.MI,MSCI欧洲/食品与主要用品零售Ⅱ,MSCI,MSCI指数,二级行业指数,19981231,100.0,19990915
106686.MI,MSCI欧洲/生物科技,MSCI,MSCI指数,一级行业指数,19991130,100.0,19990915
106687.MI,MSCI欧洲/制药,MSCI,MSCI指数,一级行业指数,19981231,100.0,19990915
106688.MI,MSCI欧洲/通信设备,MSCI,MSCI指数,一级行业指数,19981231,100.0,19990915
106689.MI,MSCI欧洲/软件,MSCI,MSCI指数,一级行业指数,19981231,100.0,19990915
106690.MI,MSCI欧洲/互联网软件与服务,MSCI,MSCI指数,一级行业指数,20080530,100.0,19990915
106691.MI,MSCI欧洲/水公用事业,MSCI,MSCI指数,一级行业指数,19981231,100.0,19990915
106692.MI,MSCI欧洲/燃气公用事业,MSCI,MSCI指数,一级行业指数,19981231,100.0,19990915
106693.MI,MSCI欧洲/电力公用事业,MSCI,MSCI指数,一级行业指数,19981231,100.0,19990915
106694.MI,MSCI欧盟/能源Ⅰ,MSCI,MSCI指数,一级行业指数,19981231,100.0,19990915
106695.MI,MSCI欧盟/原材料Ⅰ,MSCI,MSCI指数,一级行业指数,19981231,100.0,19990915
106696.MI,MSCI欧盟/工业,MSCI,MSCI指数,一级行业指数,19981231,100.0,19990915
106697.MI,MSCI欧盟/非日常消费品,MSCI,MSCI指数,一级行业指数,19981231,100.0,19990915
106698.MI,MSCI欧盟/日常消费品,MSCI,MSCI指数,一级行业指数,19981231,100.0,19990915
106699.MI,MSCI欧盟/医疗保健,MSCI,MSCI指数,一级行业指数,19981231,100.0,19990915
106700.MI,MSCI欧盟/金融,MSCI,MSCI指数,一级行业指数,19981231,100.0,19990915
106701.MI,MSCI欧盟/信息科技,MSCI,MSCI指数,一级行业指数,19981231,100.0,19990915
106702.MI,MSCI欧盟/电信业务Ⅰ,MSCI,MSCI指数,一级行业指数,19981231,100.0,19990915
106703.MI,MSCI欧盟/公用事业Ⅰ,MSCI,MSCI指数,一级行业指数,19981231,100.0,19990915
106704.MI,MSCI欧盟/能源Ⅱ,MSCI,MSCI指数,二级行业指数,19981231,100.0,19990915
106705.MI,MSCI欧盟/原材料Ⅱ,MSCI,MSCI指数,二级行业指数,19981231,100.0,19990915
106707.MI,MSCI欧盟/资本商品,MSCI,MSCI指数,一级行业指数,19981231,100.0,19990915
106708.MI,MSCI欧盟/运输,MSCI,MSCI指数,一级行业指数,19981231,100.0,19990915
106709.MI,MSCI欧盟/商业与专业服务,MSCI,MSCI指数,一级行业指数,19981231,100.0,19990915
106710.MI,MSCI欧盟/汽车与汽车零部件,MSCI,MSCI指数,一级行业指数,19981231,100.0,19990915
106711.MI,MSCI欧盟/家庭与个人用品,MSCI,MSCI指数,一级行业指数,19981231,100.0,19990915
106712.MI,MSCI欧盟/消费者服务,MSCI,MSCI指数,一级行业指数,19981231,100.0,19990915
106713.MI,MSCI欧盟/零售业,MSCI,MSCI指数,一级行业指数,19981231,100.0,19990915
106714.MI,MSCI欧盟/媒体Ⅱ,MSCI,MSCI指数,二级行业指数,19981231,100.0,19990915
106715.MI,MSCI欧盟/食品饮料与烟草,MSCI,MSCI指数,一级行业指数,19981231,100.0,19990915
106717.MI,MSCI欧盟/生物制药与生命科技,MSCI,MSCI指数,一级行业指数,19981231,100.0,19990915
106718.MI,MSCI欧盟/医疗保健设备与服务,MSCI,MSCI指数,一级行业指数,19981231,100.0,19990915
106719.MI,MSCI欧盟/银行,MSCI,MSCI指数,一级行业指数,19981231,100.0,19990915
106720.MI,MSCI欧盟/保险Ⅱ,MSCI,MSCI指数,二级行业指数,19981231,100.0,19990915
106721.MI,MSCI欧盟/综合金融,MSCI,MSCI指数,一级行业指数,19981231,100.0,19990915
106722.MI,MSCI欧盟/房地产,MSCI,MSCI指数,一级行业指数,19981231,100.0,19990915
106723.MI,MSCI欧盟/技术硬件与设备,MSCI,MSCI指数,一级行业指数,19981231,100.0,19990915
106724.MI,MSCI欧盟/软件与服务,MSCI,MSCI指数,一级行业指数,19981231,100.0,19990915
106725.MI,MSCI欧盟/电信业务Ⅱ,MSCI,MSCI指数,二级行业指数,19981231,100.0,19990915
106726.MI,MSCI欧盟/公用事业Ⅱ,MSCI,MSCI指数,二级行业指数,19981231,100.0,19990915
106727.MI,MSCI欧盟/油气与供消费用燃料,MSCI,MSCI指数,一级行业指数,19981231,100.0,19990915
106728.MI,MSCI欧盟/航天航空与国防,MSCI,MSCI指数,一级行业指数,19981231,100.0,19990915
106729.MI,MSCI欧盟/化学制品,MSCI,MSCI指数,一级行业指数,19981231,100.0,19990915
106730.MI,MSCI欧盟/纸类与林业产品,MSCI,MSCI指数,一级行业指数,19981231,100.0,19990915
106731.MI,MSCI欧盟/金属与采矿,MSCI,MSCI指数,一级行业指数,19981231,100.0,19990915
106732.MI,MSCI欧盟/航空公司,MSCI,MSCI指数,一级行业指数,19981231,100.0,19990915
106734.MI,MSCI欧盟/纺织品服装与奢侈品,MSCI,MSCI指数,一级行业指数,19981231,100.0,19990915
106735.MI,MSCI欧盟/汽车,MSCI,MSCI指数,一级行业指数,19981231,100.0,19990915
106736.MI,MSCI欧盟/食品与主要用品零售Ⅱ,MSCI,MSCI指数,二级行业指数,19981231,100.0,19990915
106737.MI,MSCI欧盟/生物科技,MSCI,MSCI指数,一级行业指数,20001130,100.0,19990915
106738.MI,MSCI欧盟/制药,MSCI,MSCI指数,一级行业指数,19981231,100.0,19990915
106739.MI,MSCI欧盟/通信设备,MSCI,MSCI指数,一级行业指数,19981231,100.0,19990915
106740.MI,MSCI欧盟/软件,MSCI,MSCI指数,一级行业指数,19981231,100.0,19990915
106741.MI,MSCI欧盟/互联网软件与服务(退市),MSCI,MSCI指数,一级行业指数,20080530,100.0,19990915
106743.MI,MSCI欧盟/燃气公用事业,MSCI,MSCI指数,一级行业指数,19981231,100.0,19990915
106744.MI,MSCI欧盟/电力公用事业,MSCI,MSCI指数,一级行业指数,19981231,100.0,19990915
106745.MI,MSCI全球/能源Ⅰ,MSCI,MSCI指数,一级行业指数,19981231,100.0,19990915
106746.MI,MSCI全球/原材料Ⅰ,MSCI,MSCI指数,一级行业指数,19981231,100.0,19990915
106747.MI,MSCI全球/工业,MSCI,MSCI指数,一级行业指数,19981231,100.0,19990915
106748.MI,MSCI全球/非日常消费品,MSCI,MSCI指数,一级行业指数,19981231,100.0,19990915
106749.MI,MSCI全球/日常消费品,MSCI,MSCI指数,一级行业指数,19981231,100.0,19990915
106750.MI,MSCI全球/医疗保健,MSCI,MSCI指数,一级行业指数,19981231,100.0,19990915
106751.MI,MSCI全球/金融,MSCI,MSCI指数,一级行业指数,19981231,100.0,19990915
106752.MI,MSCI全球/信息科技,MSCI,MSCI指数,一级行业指数,19981231,100.0,19990915
106753.MI,MSCI全球/电信业务Ⅰ,MSCI,MSCI指数,一级行业指数,19981231,100.0,19990915
106754.MI,MSCI全球/公用事业Ⅰ,MSCI,MSCI指数,一级行业指数,19981231,100.0,19990915
106755.MI,MSCI全球/能源Ⅱ,MSCI,MSCI指数,二级行业指数,19981231,100.0,19990915
106756.MI,MSCI全球/原材料Ⅱ,MSCI,MSCI指数,二级行业指数,19981231,100.0,19990915
106758.MI,MSCI全球/资本商品,MSCI,MSCI指数,二级行业指数,19981231,100.0,19990915
106759.MI,MSCI全球/运输,MSCI,MSCI指数,二级行业指数,19981231,100.0,19990915
106760.MI,MSCI全球/商业与专业服务,MSCI,MSCI指数,二级行业指数,19981231,100.0,19990915
106761.MI,MSCI全球/汽车与汽车零部件,MSCI,MSCI指数,二级行业指数,19981231,100.0,19990915
106762.MI,MSCI全球/家庭与个人用品,MSCI,MSCI指数,二级行业指数,19981231,100.0,19990915
106763.MI,MSCI全球/消费者服务,MSCI,MSCI指数,二级行业指数,19981231,100.0,19990915
106764.MI,MSCI全球/零售业,MSCI,MSCI指数,二级行业指数,19981231,100.0,19990915
106765.MI,MSCI全球/媒体Ⅱ,MSCI,MSCI指数,二级行业指数,19981231,100.0,19990915
106766.MI,MSCI全球/食品饮料与烟草,MSCI,MSCI指数,二级行业指数,19981231,100.0,19990915
106768.MI,MSCI全球/生物制药与生命科技,MSCI,MSCI指数,二级行业指数,19981231,100.0,19990915
106769.MI,MSCI全球/医疗保健设备与服务,MSCI,MSCI指数,二级行业指数,19981231,100.0,19990915
106770.MI,MSCI全球/银行,MSCI,MSCI指数,二级行业指数,19981231,100.0,19990915
106771.MI,MSCI全球/保险Ⅱ,MSCI,MSCI指数,二级行业指数,19981231,100.0,19990915
106772.MI,MSCI全球/综合金融,MSCI,MSCI指数,二级行业指数,19981231,100.0,19990915
106773.MI,MSCI全球/房地产,MSCI,MSCI指数,二级行业指数,19981231,100.0,19990915
106774.MI,MSCI全球/技术硬件与设备,MSCI,MSCI指数,二级行业指数,19981231,100.0,19990915
106775.MI,MSCI全球/软件与服务,MSCI,MSCI指数,二级行业指数,19981231,100.0,19990915
106776.MI,MSCI全球/电信业务Ⅱ,MSCI,MSCI指数,二级行业指数,19981231,100.0,19990915
106777.MI,MSCI全球/公用事业Ⅱ,MSCI,MSCI指数,二级行业指数,19981231,100.0,19990915
106778.MI,MSCI全球/油气与供消费用燃料,MSCI,MSCI指数,三级行业指数,19981231,100.0,19990915
106779.MI,MSCI全球/航天航空与国防,MSCI,MSCI指数,三级行业指数,19981231,100.0,19990915
106780.MI,MSCI全球/化学制品,MSCI,MSCI指数,三级行业指数,19981231,100.0,19990915
106781.MI,MSCI全球/纸类与林业产品,MSCI,MSCI指数,三级行业指数,19981231,100.0,19990915
106782.MI,MSCI全球/金属与采矿,MSCI,MSCI指数,三级行业指数,19981231,100.0,19990915
106783.MI,MSCI全球/航空公司,MSCI,MSCI指数,三级行业指数,19981231,100.0,19990915
106784.MI,MSCI全球/海运,MSCI,MSCI指数,三级行业指数,19981231,100.0,19990915
106785.MI,MSCI全球/纺织品服装与奢侈品,MSCI,MSCI指数,三级行业指数,19981231,100.0,19990915
106786.MI,MSCI全球/汽车,MSCI,MSCI指数,三级行业指数,19981231,100.0,19990915
106787.MI,MSCI全球/食品与主要用品零售Ⅱ,MSCI,MSCI指数,二级行业指数,19981231,100.0,19990915
106788.MI,MSCI全球/生物科技,MSCI,MSCI指数,三级行业指数,19981231,100.0,19990915
106789.MI,MSCI全球/制药,MSCI,MSCI指数,三级行业指数,19981231,100.0,19990915
106790.MI,MSCI全球/通信设备,MSCI,MSCI指数,三级行业指数,19981231,100.0,19990915
106791.MI,MSCI全球/软件,MSCI,MSCI指数,三级行业指数,19981231,100.0,19990915
106792.MI,MSCI全球/互联网软件与服务(退市),MSCI,MSCI指数,一级行业指数,19981231,100.0,19990915
106793.MI,MSCI全球/水公用事业,MSCI,MSCI指数,三级行业指数,19981231,100.0,19990915
106794.MI,MSCI全球/燃气公用事业,MSCI,MSCI指数,三级行业指数,19981231,100.0,19990915
106795.MI,MSCI全球/电力公用事业,MSCI,MSCI指数,三级行业指数,19981231,100.0,19990915
106796.MI,MSCI发达/能源Ⅰ,MSCI,MSCI指数,一级行业指数,19981231,100.0,19990915
106797.MI,MSCI发达/原材料Ⅰ,MSCI,MSCI指数,一级行业指数,19981231,100.0,19990915
106798.MI,MSCI发达/工业,MSCI,MSCI指数,一级行业指数,19981231,100.0,19990915
106799.MI,MSCI发达/非日常消费品,MSCI,MSCI指数,一级行业指数,19981231,100.0,19990915
106800.MI,MSCI发达/日常消费品,MSCI,MSCI指数,一级行业指数,19981231,100.0,19990915
106801.MI,MSCI发达/医疗保健,MSCI,MSCI指数,一级行业指数,19981231,100.0,19990915
106802.MI,MSCI发达/金融,MSCI,MSCI指数,一级行业指数,19981231,100.0,19990915
106803.MI,MSCI发达/信息科技,MSCI,MSCI指数,一级行业指数,19981231,100.0,19990915
106804.MI,MSCI发达/电信业务Ⅰ,MSCI,MSCI指数,一级行业指数,19981231,100.0,19990915
106805.MI,MSCI发达/公用事业Ⅰ,MSCI,MSCI指数,一级行业指数,19981231,100.0,19990915
106806.MI,MSCI发达/能源Ⅱ,MSCI,MSCI指数,二级行业指数,19981231,100.0,19990915
106807.MI,MSCI发达/原材料Ⅱ,MSCI,MSCI指数,二级行业指数,19981231,100.0,19990915
106809.MI,MSCI发达/资本商品,MSCI,MSCI指数,二级行业指数,19981231,100.0,19990915
106810.MI,MSCI发达/运输,MSCI,MSCI指数,二级行业指数,19981231,100.0,19990915
106811.MI,MSCI发达/商业与专业服务,MSCI,MSCI指数,二级行业指数,19981231,100.0,19990915
106812.MI,MSCI发达/汽车与汽车零部件,MSCI,MSCI指数,二级行业指数,19981231,100.0,19990915
106813.MI,MSCI发达/家庭与个人用品,MSCI,MSCI指数,二级行业指数,19981231,100.0,19990915
106814.MI,MSCI发达/消费者服务,MSCI,MSCI指数,二级行业指数,19981231,100.0,19990915
106815.MI,MSCI发达/零售业,MSCI,MSCI指数,二级行业指数,19981231,100.0,19990915
106816.MI,MSCI发达/媒体Ⅱ,MSCI,MSCI指数,二级行业指数,19981231,100.0,19990915
106817.MI,MSCI发达/食品饮料与烟草,MSCI,MSCI指数,二级行业指数,19981231,100.0,19990915
106819.MI,MSCI发达/生物制药与生命科技,MSCI,MSCI指数,二级行业指数,19981231,100.0,19990915
106820.MI,MSCI发达/医疗保健设备与服务,MSCI,MSCI指数,二级行业指数,19981231,100.0,19990915
106821.MI,MSCI发达/银行,MSCI,MSCI指数,二级行业指数,19981231,100.0,19990915
106822.MI,MSCI发达/保险Ⅱ,MSCI,MSCI指数,二级行业指数,19981231,100.0,19990915
106823.MI,MSCI发达/综合金融,MSCI,MSCI指数,二级行业指数,19981231,100.0,19990915
106824.MI,MSCI发达/房地产,MSCI,MSCI指数,二级行业指数,19981231,100.0,19990915
106825.MI,MSCI发达/技术硬件与设备,MSCI,MSCI指数,二级行业指数,19981231,100.0,19990915
106826.MI,MSCI发达/软件与服务,MSCI,MSCI指数,二级行业指数,19981231,100.0,19990915
106827.MI,MSCI发达/电信业务Ⅱ,MSCI,MSCI指数,二级行业指数,19981231,100.0,19990915
106828.MI,MSCI发达/公用事业Ⅱ,MSCI,MSCI指数,二级行业指数,19981231,100.0,19990915
106829.MI,MSCI发达/油气与供消费用燃料,MSCI,MSCI指数,三级行业指数,19981231,100.0,19990915
106830.MI,MSCI发达/航天航空与国防,MSCI,MSCI指数,三级行业指数,19981231,100.0,19990915
106831.MI,MSCI发达/化学制品,MSCI,MSCI指数,三级行业指数,19981231,100.0,19990915
106832.MI,MSCI发达/纸类与林业产品,MSCI,MSCI指数,三级行业指数,19981231,100.0,19990915
106833.MI,MSCI发达/金属与采矿,MSCI,MSCI指数,三级行业指数,19981231,100.0,19990915
106834.MI,MSCI发达/航空公司,MSCI,MSCI指数,三级行业指数,19981231,100.0,19990915
106835.MI,MSCI发达/海运,MSCI,MSCI指数,三级行业指数,19981231,100.0,19990915
106836.MI,MSCI发达/纺织品服装与奢侈品,MSCI,MSCI指数,三级行业指数,19981231,100.0,19990915
106837.MI,MSCI发达/汽车,MSCI,MSCI指数,三级行业指数,19981231,100.0,19990915
106838.MI,MSCI发达/食品与主要用品零售Ⅱ,MSCI,MSCI指数,二级行业指数,19981231,100.0,19990915
106839.MI,MSCI发达/生物科技,MSCI,MSCI指数,三级行业指数,19990506,100.0,19990915
106840.MI,MSCI发达/制药,MSCI,MSCI指数,三级行业指数,19981231,100.0,19990915
106841.MI,MSCI发达/通信设备,MSCI,MSCI指数,三级行业指数,19981231,100.0,19990915
106842.MI,MSCI发达/软件,MSCI,MSCI指数,三级行业指数,19981231,100.0,19990915
106843.MI,MSCI发达/互联网软件与服务(退市),MSCI,MSCI指数,一级行业指数,19981231,100.0,19990915
106844.MI,MSCI发达/水公用事业,MSCI,MSCI指数,三级行业指数,19981231,100.0,19990915
106845.MI,MSCI发达/燃气公用事业,MSCI,MSCI指数,三级行业指数,19981231,100.0,19990915
106846.MI,MSCI发达/电力公用事业,MSCI,MSCI指数,三级行业指数,19981231,100.0,19990915
106847.MI,MSCI新兴/能源Ⅰ,MSCI,MSCI指数,一级行业指数,19981231,100.0,19990915
106848.MI,MSCI新兴/原材料Ⅰ,MSCI,MSCI指数,一级行业指数,19981231,100.0,19990915
106849.MI,MSCI新兴/工业,MSCI,MSCI指数,一级行业指数,19981231,100.0,19990915
106850.MI,MSCI新兴/非日常消费品,MSCI,MSCI指数,一级行业指数,19981231,100.0,19990915
106851.MI,MSCI新兴/日常消费品,MSCI,MSCI指数,一级行业指数,19981231,100.0,19990915
106852.MI,MSCI新兴/医疗保健,MSCI,MSCI指数,一级行业指数,19981231,100.0,19990915
106853.MI,MSCI新兴/金融,MSCI,MSCI指数,一级行业指数,19981231,100.0,19990915
106854.MI,MSCI新兴/信息科技,MSCI,MSCI指数,一级行业指数,19981231,100.0,19990915
106855.MI,MSCI新兴/电信业务Ⅰ,MSCI,MSCI指数,一级行业指数,19981231,100.0,19990915
106856.MI,MSCI新兴/公用事业Ⅰ,MSCI,MSCI指数,一级行业指数,19981231,100.0,19990915
106857.MI,MSCI新兴/能源Ⅱ,MSCI,MSCI指数,二级行业指数,19981231,100.0,19990915
106858.MI,MSCI新兴/原材料Ⅱ,MSCI,MSCI指数,二级行业指数,19981231,100.0,19990915
106860.MI,MSCI新兴/资本商品,MSCI,MSCI指数,二级行业指数,19981231,100.0,19990915
106861.MI,MSCI新兴/运输,MSCI,MSCI指数,二级行业指数,19981231,100.0,19990915
106862.MI,MSCI新兴/商业与专业服务,MSCI,MSCI指数,二级行业指数,19981231,100.0,19990915
106863.MI,MSCI新兴/汽车与汽车零部件,MSCI,MSCI指数,二级行业指数,19981231,100.0,19990915
106864.MI,MSCI新兴/家庭与个人用品,MSCI,MSCI指数,二级行业指数,19981231,100.0,19990915
106865.MI,MSCI新兴/消费者服务,MSCI,MSCI指数,二级行业指数,19981231,100.0,19990915
106866.MI,MSCI新兴/零售业,MSCI,MSCI指数,二级行业指数,19981231,100.0,19990915
106867.MI,MSCI新兴/媒体Ⅱ,MSCI,MSCI指数,二级行业指数,19981231,100.0,19990915
106868.MI,MSCI新兴/食品饮料与烟草,MSCI,MSCI指数,二级行业指数,19981231,100.0,19990915
106870.MI,MSCI新兴/生物制药与生命科技,MSCI,MSCI指数,二级行业指数,19981231,100.0,19990915
106871.MI,MSCI新兴/医疗保健设备与服务,MSCI,MSCI指数,二级行业指数,19981231,100.0,19990915
106872.MI,MSCI新兴/银行,MSCI,MSCI指数,二级行业指数,19981231,100.0,19990915
106873.MI,MSCI新兴/保险Ⅱ,MSCI,MSCI指数,二级行业指数,19981231,100.0,19990915
106874.MI,MSCI新兴/综合金融,MSCI,MSCI指数,二级行业指数,19981231,100.0,19990915
106875.MI,MSCI新兴/房地产,MSCI,MSCI指数,二级行业指数,19981231,100.0,19990915
106876.MI,MSCI新兴/技术硬件与设备,MSCI,MSCI指数,二级行业指数,19981231,100.0,19990915
106877.MI,MSCI新兴/软件与服务,MSCI,MSCI指数,二级行业指数,19981231,100.0,19990915
106878.MI,MSCI新兴/电信业务Ⅱ,MSCI,MSCI指数,二级行业指数,19981231,100.0,19990915
106879.MI,MSCI新兴/公用事业Ⅱ,MSCI,MSCI指数,二级行业指数,19981231,100.0,19990915
106880.MI,MSCI新兴/油气与供消费用燃料,MSCI,MSCI指数,三级行业指数,19981231,100.0,19990915
106881.MI,MSCI新兴/航天航空与国防,MSCI,MSCI指数,三级行业指数,19990831,100.0,19990915
106882.MI,MSCI新兴/化学制品,MSCI,MSCI指数,三级行业指数,19981231,100.0,19990915
106883.MI,MSCI新兴/纸类与林业产品,MSCI,MSCI指数,三级行业指数,19981231,100.0,19990915
106884.MI,MSCI新兴/金属与采矿,MSCI,MSCI指数,三级行业指数,19981231,100.0,19990915
106885.MI,MSCI新兴/航空公司,MSCI,MSCI指数,三级行业指数,19981231,100.0,19990915
106886.MI,MSCI新兴/海运,MSCI,MSCI指数,三级行业指数,19981231,100.0,19990915
106887.MI,MSCI新兴/纺织品服装与奢侈品,MSCI,MSCI指数,三级行业指数,19981231,100.0,19990915
106888.MI,MSCI新兴/汽车,MSCI,MSCI指数,三级行业指数,19981231,100.0,19990915
106889.MI,MSCI新兴/食品与主要用品零售Ⅱ,MSCI,MSCI指数,二级行业指数,19981231,100.0,19990915
106891.MI,MSCI新兴/制药,MSCI,MSCI指数,三级行业指数,19981231,100.0,19990915
106892.MI,MSCI新兴/通信设备,MSCI,MSCI指数,三级行业指数,19981231,100.0,19990915
106893.MI,MSCI新兴/软件,MSCI,MSCI指数,三级行业指数,19981231,100.0,19990915
106894.MI,MSCI新兴/互联网软件与服务(退市),MSCI,MSCI指数,一级行业指数,19981231,100.0,19990915
106895.MI,MSCI新兴/水公用事业,MSCI,MSCI指数,三级行业指数,20000531,100.0,19990915
106896.MI,MSCI新兴/燃气公用事业,MSCI,MSCI指数,三级行业指数,19981231,100.0,19990915
106897.MI,MSCI新兴/电力公用事业,MSCI,MSCI指数,三级行业指数,19981231,100.0,19990915
106899.MI,MSCI全球/耐用消费品与服装,MSCI,MSCI指数,二级行业指数,19981231,100.0,19990915
106900.MI,MSCI欧盟/耐用消费品与服装,MSCI,MSCI指数,一级行业指数,19981231,100.0,19990915
106901.MI,MSCI欧洲/耐用消费品与服装,MSCI,MSCI指数,一级行业指数,19981231,100.0,19990915
106902.MI,MSCI发达/耐用消费品与服装,MSCI,MSCI指数,二级行业指数,19981231,100.0,19990915
106903.MI,MSCI新兴/耐用消费品与服装,MSCI,MSCI指数,二级行业指数,19981231,100.0,19990915
106904.MI,MSCI欧洲/无线电信业务,MSCI,MSCI指数,一级行业指数,19981231,100.0,19990915
106905.MI,MSCI欧洲/食品,MSCI,MSCI指数,一级行业指数,19981231,100.0,19990915
106906.MI,MSCI欧洲/多元化零售,MSCI,MSCI指数,一级行业指数,19981231,100.0,19990915
106907.MI,MSCI欧洲/工业集团企业,MSCI,MSCI指数,一级行业指数,19981231,100.0,19990915
106908.MI,MSCI欧洲/机械制造,MSCI,MSCI指数,一级行业指数,19981231,100.0,19990915
106909.MI,MSCI欧洲/饮料,MSCI,MSCI指数,一级行业指数,19981231,100.0,19990915
106910.MI,MSCI欧洲/家庭耐用消费品,MSCI,MSCI指数,一级行业指数,19981231,100.0,19990915
106911.MI,MSCI欧洲/电气设备,MSCI,MSCI指数,一级行业指数,19981231,100.0,19990915
106912.MI,MSCI欧洲/综合电信业务,MSCI,MSCI指数,一级行业指数,19981231,100.0,19990915
106913.MI,MSCI欧盟/无线电信业务(退市),MSCI,MSCI指数,一级行业指数,19981231,100.0,19990915
106914.MI,MSCI欧盟/食品,MSCI,MSCI指数,一级行业指数,19981231,100.0,19990915
106915.MI,MSCI欧盟/多元化零售,MSCI,MSCI指数,一级行业指数,19981231,100.0,19990915
106916.MI,MSCI欧盟/工业集团企业,MSCI,MSCI指数,一级行业指数,19981231,100.0,19990915
106917.MI,MSCI欧盟/机械制造,MSCI,MSCI指数,一级行业指数,19981231,100.0,19990915
106918.MI,MSCI欧盟/饮料,MSCI,MSCI指数,一级行业指数,19981231,100.0,19990915
106920.MI,MSCI欧盟/电气设备,MSCI,MSCI指数,一级行业指数,19981231,100.0,19990915
106921.MI,MSCI欧盟/综合电信业务,MSCI,MSCI指数,一级行业指数,19981231,100.0,19990915
106922.MI,MSCI新兴/无线电信业务,MSCI,MSCI指数,三级行业指数,19981231,100.0,19990915
106923.MI,MSCI新兴/食品,MSCI,MSCI指数,三级行业指数,19981231,100.0,19990915
106924.MI,MSCI新兴/多元化零售,MSCI,MSCI指数,三级行业指数,19981231,100.0,19990915
106925.MI,MSCI新兴/工业集团企业,MSCI,MSCI指数,三级行业指数,19981231,100.0,19990915
106926.MI,MSCI新兴/机械制造,MSCI,MSCI指数,三级行业指数,19981231,100.0,19990915
106927.MI,MSCI新兴/饮料,MSCI,MSCI指数,三级行业指数,19981231,100.0,19990915
106928.MI,MSCI新兴/家庭耐用消费品,MSCI,MSCI指数,三级行业指数,19981231,100.0,19990915
106929.MI,MSCI新兴/电气设备,MSCI,MSCI指数,三级行业指数,19981231,100.0,19990915
106930.MI,MSCI新兴/综合电信业务,MSCI,MSCI指数,三级行业指数,19981231,100.0,19990915
106931.MI,MSCI发达/无线电信业务,MSCI,MSCI指数,三级行业指数,19981231,100.0,19990915
106932.MI,MSCI发达/食品,MSCI,MSCI指数,三级行业指数,19981231,100.0,19990915
106933.MI,MSCI发达/多元化零售,MSCI,MSCI指数,三级行业指数,19981231,100.0,19990915
106934.MI,MSCI发达/工业集团企业,MSCI,MSCI指数,三级行业指数,19981231,100.0,19990915
106935.MI,MSCI发达/机械制造,MSCI,MSCI指数,三级行业指数,19981231,100.0,19990915
106936.MI,MSCI发达/饮料,MSCI,MSCI指数,三级行业指数,19981231,100.0,19990915
106937.MI,MSCI发达/家庭耐用消费品,MSCI,MSCI指数,三级行业指数,19981231,100.0,19990915
106938.MI,MSCI发达/电气设备,MSCI,MSCI指数,三级行业指数,19981231,100.0,19990915
106939.MI,MSCI发达/综合电信业务,MSCI,MSCI指数,三级行业指数,19981231,100.0,19990915
106940.MI,MSCI全球/无线电信业务,MSCI,MSCI指数,三级行业指数,19981231,100.0,19990915
106941.MI,MSCI全球/食品,MSCI,MSCI指数,三级行业指数,19981231,100.0,19990915
106942.MI,MSCI全球/多元化零售,MSCI,MSCI指数,三级行业指数,19981231,100.0,19990915
106943.MI,MSCI全球/工业集团企业,MSCI,MSCI指数,三级行业指数,19981231,100.0,19990915
106944.MI,MSCI全球/机械制造,MSCI,MSCI指数,三级行业指数,19981231,100.0,19990915
106945.MI,MSCI全球/饮料,MSCI,MSCI指数,三级行业指数,19981231,100.0,19990915
106946.MI,MSCI全球/家庭耐用消费品,MSCI,MSCI指数,三级行业指数,19981231,100.0,19990915
106947.MI,MSCI全球/电气设备,MSCI,MSCI指数,三级行业指数,19981231,100.0,19990915
106948.MI,MSCI全球/综合电信业务,MSCI,MSCI指数,三级行业指数,19981231,100.0,19990915
106949.MI,MSCI欧洲/能源设备与服务,MSCI,MSCI指数,一级行业指数,19981231,100.0,19990915
106950.MI,MSCI欧洲/建筑材料,MSCI,MSCI指数,一级行业指数,19981231,100.0,19990915
106951.MI,MSCI欧洲/容器与包装,MSCI,MSCI指数,一级行业指数,20180531,100.0,19990915
106952.MI,MSCI欧洲/建筑产品,MSCI,MSCI指数,一级行业指数,19981231,100.0,19990915
106953.MI,MSCI欧洲/建筑与工程,MSCI,MSCI指数,一级行业指数,19981231,100.0,19990915
106954.MI,MSCI欧洲/贸易公司与经销商,MSCI,MSCI指数,一级行业指数,19991130,100.0,19990915
106955.MI,MSCI欧洲/商业服务与供应品,MSCI,MSCI指数,一级行业指数,19981231,100.0,19990915
106956.MI,MSCI欧洲/航空货运与物流,MSCI,MSCI指数,一级行业指数,19981231,100.0,19990915
106957.MI,MSCI欧洲/公路与铁路,MSCI,MSCI指数,一级行业指数,19981231,100.0,19990915
106958.MI,MSCI欧洲/交通基本设施,MSCI,MSCI指数,一级行业指数,19981231,100.0,19990915
106959.MI,MSCI欧洲/汽车零部件,MSCI,MSCI指数,一级行业指数,19981231,100.0,19990915
106961.MI,MSCI欧洲/酒店餐馆与休闲,MSCI,MSCI指数,一级行业指数,19981231,100.0,19990915
106962.MI,MSCI欧洲/媒体Ⅲ,MSCI,MSCI指数,三级行业指数,19981231,100.0,19990915
106964.MI,MSCI欧洲/互联网与售货目录零售,MSCI,MSCI指数,一级行业指数,20151130,100.0,19990915
106965.MI,MSCI欧洲/专营零售,MSCI,MSCI指数,一级行业指数,19981231,100.0,19990915
106966.MI,MSCI欧洲/烟草,MSCI,MSCI指数,一级行业指数,19981231,100.0,19990915
106967.MI,MSCI欧洲/家常用品,MSCI,MSCI指数,一级行业指数,20011130,100.0,19990915
106968.MI,MSCI欧洲/个人用品,MSCI,MSCI指数,一级行业指数,19981231,100.0,19990915
106969.MI,MSCI欧洲/医疗保健设备与用品,MSCI,MSCI指数,一级行业指数,19981231,100.0,19990915
106970.MI,MSCI欧洲/医疗保健提供商与服务,MSCI,MSCI指数,一级行业指数,19991130,100.0,19990915
106971.MI,MSCI欧洲/商业银行,MSCI,MSCI指数,一级行业指数,19981231,100.0,19990915
106972.MI,MSCI欧洲/综合金融服务,MSCI,MSCI指数,一级行业指数,19981231,100.0,19990915
106973.MI,MSCI欧洲/保险Ⅲ,MSCI,MSCI指数,三级行业指数,19981231,100.0,19990915
106975.MI,MSCI欧洲/信息科技服务,MSCI,MSCI指数,一级行业指数,19981231,100.0,19990915
106976.MI,MSCI欧洲/电脑与外围设备,MSCI,MSCI指数,一级行业指数,20200529,100.0,19990915
106978.MI,MSCI欧洲/办公电子设备(退市),MSCI,MSCI指数,一级行业指数,19981231,100.0,19990915
106980.MI,MSCI欧洲/复合型公用事业,MSCI,MSCI指数,一级行业指数,19981231,100.0,19990915
106981.MI,MSCI欧盟/能源设备与服务,MSCI,MSCI指数,一级行业指数,19981231,100.0,19990915
106982.MI,MSCI欧盟/建筑材料,MSCI,MSCI指数,一级行业指数,19981231,100.0,19990915
106984.MI,MSCI欧盟/建筑产品,MSCI,MSCI指数,一级行业指数,19981231,100.0,19990915
106985.MI,MSCI欧盟/建筑与工程,MSCI,MSCI指数,一级行业指数,19981231,100.0,19990915
106987.MI,MSCI欧盟/商业服务与供应品,MSCI,MSCI指数,一级行业指数,19981231,100.0,19990915
106988.MI,MSCI欧盟/航空货运与物流,MSCI,MSCI指数,一级行业指数,19981231,100.0,19990915
106990.MI,MSCI欧盟/交通基本设施,MSCI,MSCI指数,一级行业指数,19981231,100.0,19990915
106991.MI,MSCI欧盟/汽车零部件,MSCI,MSCI指数,一级行业指数,19981231,100.0,19990915
106993.MI,MSCI欧盟/酒店餐馆与休闲,MSCI,MSCI指数,一级行业指数,19981231,100.0,19990915
106994.MI,MSCI欧盟/媒体Ⅲ,MSCI,MSCI指数,三级行业指数,19981231,100.0,19990915
106997.MI,MSCI欧盟/专营零售,MSCI,MSCI指数,一级行业指数,19981231,100.0,19990915
106999.MI,MSCI欧盟/家常用品,MSCI,MSCI指数,一级行业指数,20020531,100.0,19990915
107000.MI,MSCI欧盟/个人用品,MSCI,MSCI指数,一级行业指数,19981231,100.0,19990915
107001.MI,MSCI欧盟/医疗保健设备与用品,MSCI,MSCI指数,一级行业指数,19981231,100.0,19990915
107002.MI,MSCI欧盟/医疗保健提供商与服务,MSCI,MSCI指数,一级行业指数,19991130,100.0,19990915
107003.MI,MSCI欧盟/商业银行,MSCI,MSCI指数,一级行业指数,19981231,100.0,19990915
107004.MI,MSCI欧盟/综合金融服务,MSCI,MSCI指数,一级行业指数,19981231,100.0,19990915
107005.MI,MSCI欧盟/保险Ⅲ,MSCI,MSCI指数,三级行业指数,19981231,100.0,19990915
107007.MI,MSCI欧盟/信息科技服务,MSCI,MSCI指数,一级行业指数,19981231,100.0,19990915
107010.MI,MSCI欧盟/办公电子设备(退市),MSCI,MSCI指数,一级行业指数,19981231,100.0,19990915
107012.MI,MSCI欧盟/复合型公用事业,MSCI,MSCI指数,一级行业指数,19981231,100.0,19990915
107013.MI,MSCI新兴/能源设备与服务,MSCI,MSCI指数,三级行业指数,20000831,100.0,19990915
107014.MI,MSCI新兴/建筑材料,MSCI,MSCI指数,三级行业指数,19981231,100.0,19990915
107015.MI,MSCI新兴/容器与包装,MSCI,MSCI指数,三级行业指数,19981231,100.0,19990915
107016.MI,MSCI新兴/建筑产品,MSCI,MSCI指数,三级行业指数,19981231,100.0,19990915
107017.MI,MSCI新兴/建筑与工程,MSCI,MSCI指数,三级行业指数,19981231,100.0,19990915
107018.MI,MSCI新兴/贸易公司与经销商,MSCI,MSCI指数,三级行业指数,19981231,100.0,19990915
107019.MI,MSCI新兴/商业服务与供应品,MSCI,MSCI指数,三级行业指数,19981231,100.0,19990915
107021.MI,MSCI新兴/公路与铁路,MSCI,MSCI指数,三级行业指数,19981231,100.0,19990915
107022.MI,MSCI新兴/交通基本设施,MSCI,MSCI指数,三级行业指数,19981231,100.0,19990915
107023.MI,MSCI新兴/汽车零部件,MSCI,MSCI指数,三级行业指数,19981231,100.0,19990915
107024.MI,MSCI新兴/休闲设备与用品,MSCI,MSCI指数,三级行业指数,20011130,100.0,19990915
107025.MI,MSCI新兴/酒店餐馆与休闲,MSCI,MSCI指数,三级行业指数,19981231,100.0,19990915
107026.MI,MSCI新兴/媒体Ⅲ,MSCI,MSCI指数,三级行业指数,19981231,100.0,19990915
107027.MI,MSCI新兴/经销商,MSCI,MSCI指数,三级行业指数,20011130,100.0,19990915
107028.MI,MSCI新兴/互联网与售货目录零售,MSCI,MSCI指数,三级行业指数,20140606,100.0,19990915
107029.MI,MSCI新兴/专营零售,MSCI,MSCI指数,三级行业指数,19981231,100.0,19990915
107030.MI,MSCI新兴/烟草,MSCI,MSCI指数,三级行业指数,19981231,100.0,19990915
107031.MI,MSCI新兴/家常用品,MSCI,MSCI指数,三级行业指数,19981231,100.0,19990915
107032.MI,MSCI新兴/个人用品,MSCI,MSCI指数,三级行业指数,20011130,100.0,19990915
107033.MI,MSCI新兴/医疗保健设备与用品,MSCI,MSCI指数,三级行业指数,20090529,100.0,19990915
107034.MI,MSCI新兴/医疗保健提供商与服务,MSCI,MSCI指数,三级行业指数,20030530,100.0,19990915
107035.MI,MSCI新兴/商业银行,MSCI,MSCI指数,三级行业指数,19981231,100.0,19990915
107036.MI,MSCI新兴/综合金融服务,MSCI,MSCI指数,三级行业指数,19981231,100.0,19990915
107037.MI,MSCI新兴/保险Ⅲ,MSCI,MSCI指数,三级行业指数,19981231,100.0,19990915
107039.MI,MSCI新兴/信息科技服务,MSCI,MSCI指数,三级行业指数,19981231,100.0,19990915
107040.MI,MSCI新兴/电脑与外围设备,MSCI,MSCI指数,三级行业指数,19981231,100.0,19990915
107041.MI,MSCI新兴/电子设备与仪器,MSCI,MSCI指数,三级行业指数,19981231,100.0,19990915
107044.MI,MSCI新兴/复合型公用事业,MSCI,MSCI指数,三级行业指数,20050228,100.0,19990915
107045.MI,MSCI发达/能源设备与服务,MSCI,MSCI指数,三级行业指数,19981231,100.0,19990915
107046.MI,MSCI发达/建筑材料,MSCI,MSCI指数,三级行业指数,19981231,100.0,19990915
107047.MI,MSCI发达/容器与包装,MSCI,MSCI指数,三级行业指数,19981231,100.0,19990915
107048.MI,MSCI发达/建筑产品,MSCI,MSCI指数,三级行业指数,19981231,100.0,19990915
107049.MI,MSCI发达/建筑与工程,MSCI,MSCI指数,三级行业指数,19981231,100.0,19990915
107050.MI,MSCI发达/贸易公司与经销商,MSCI,MSCI指数,三级行业指数,19981231,100.0,19990915
107051.MI,MSCI发达/商业服务与供应品,MSCI,MSCI指数,三级行业指数,19981231,100.0,19990915
107052.MI,MSCI发达/航空货运与物流,MSCI,MSCI指数,三级行业指数,19981231,100.0,19990915
107053.MI,MSCI发达/公路与铁路,MSCI,MSCI指数,三级行业指数,19981231,100.0,19990915
107054.MI,MSCI发达/交通基本设施,MSCI,MSCI指数,三级行业指数,19981231,100.0,19990915
107055.MI,MSCI发达/汽车零部件,MSCI,MSCI指数,三级行业指数,19981231,100.0,19990915
107056.MI,MSCI发达/休闲设备与用品,MSCI,MSCI指数,三级行业指数,19981231,100.0,19990915
107057.MI,MSCI发达/酒店餐馆与休闲,MSCI,MSCI指数,三级行业指数,19981231,100.0,19990915
107058.MI,MSCI发达/媒体Ⅲ,MSCI,MSCI指数,三级行业指数,19981231,100.0,19990915
107059.MI,MSCI发达/经销商,MSCI,MSCI指数,三级行业指数,19981231,100.0,19990915
107060.MI,MSCI发达/互联网与售货目录零售,MSCI,MSCI指数,三级行业指数,19981231,100.0,19990915
107061.MI,MSCI发达/专营零售,MSCI,MSCI指数,三级行业指数,19981231,100.0,19990915
107062.MI,MSCI发达/烟草,MSCI,MSCI指数,三级行业指数,19981231,100.0,19990915
107063.MI,MSCI发达/家常用品,MSCI,MSCI指数,三级行业指数,19981231,100.0,19990915
107064.MI,MSCI发达/个人用品,MSCI,MSCI指数,三级行业指数,19981231,100.0,19990915
107065.MI,MSCI发达/医疗保健设备与用品,MSCI,MSCI指数,三级行业指数,19981231,100.0,19990915
107066.MI,MSCI发达/医疗保健提供商与服务,MSCI,MSCI指数,三级行业指数,19981231,100.0,19990915
107067.MI,MSCI发达/商业银行,MSCI,MSCI指数,三级行业指数,19981231,100.0,19990915
107068.MI,MSCI发达/综合金融服务,MSCI,MSCI指数,三级行业指数,19981231,100.0,19990915
107069.MI,MSCI发达/保险Ⅲ,MSCI,MSCI指数,三级行业指数,19981231,100.0,19990915
107071.MI,MSCI发达/信息科技服务,MSCI,MSCI指数,三级行业指数,19981231,100.0,19990915
107072.MI,MSCI发达/电脑与外围设备,MSCI,MSCI指数,三级行业指数,19981231,100.0,19990915
107073.MI,MSCI发达/电子设备与仪器,MSCI,MSCI指数,三级行业指数,19981231,100.0,19990915
107074.MI,MSCI发达/办公电子设备(退市),MSCI,MSCI指数,一级行业指数,19981231,100.0,19990915
107076.MI,MSCI发达/复合型公用事业,MSCI,MSCI指数,三级行业指数,19981231,100.0,19990915
107077.MI,MSCI全球/能源设备与服务,MSCI,MSCI指数,三级行业指数,19981231,100.0,19990915
107078.MI,MSCI全球/建筑材料,MSCI,MSCI指数,三级行业指数,19981231,100.0,19990915
107079.MI,MSCI全球/容器与包装,MSCI,MSCI指数,三级行业指数,19981231,100.0,19990915
107080.MI,MSCI全球/建筑产品,MSCI,MSCI指数,三级行业指数,19981231,100.0,19990915
107081.MI,MSCI全球/建筑与工程,MSCI,MSCI指数,三级行业指数,19981231,100.0,19990915
107082.MI,MSCI全球/贸易公司与经销商,MSCI,MSCI指数,三级行业指数,19981231,100.0,19990915
107083.MI,MSCI全球/商业服务与供应品,MSCI,MSCI指数,三级行业指数,19981231,100.0,19990915
107084.MI,MSCI全球/航空货运与物流,MSCI,MSCI指数,三级行业指数,19981231,100.0,19990915
107085.MI,MSCI全球/公路与铁路,MSCI,MSCI指数,三级行业指数,19981231,100.0,19990915
107086.MI,MSCI全球/交通基本设施,MSCI,MSCI指数,三级行业指数,19981231,100.0,19990915
107087.MI,MSCI全球/汽车零部件,MSCI,MSCI指数,三级行业指数,19981231,100.0,19990915
107088.MI,MSCI全球/休闲设备与用品,MSCI,MSCI指数,三级行业指数,19981231,100.0,19990915
107089.MI,MSCI全球/酒店餐馆与休闲,MSCI,MSCI指数,三级行业指数,19981231,100.0,19990915
107090.MI,MSCI全球/媒体Ⅲ,MSCI,MSCI指数,三级行业指数,19981231,100.0,19990915
107091.MI,MSCI全球/经销商,MSCI,MSCI指数,三级行业指数,19981231,100.0,19990915
107092.MI,MSCI全球/互联网与售货目录零售,MSCI,MSCI指数,三级行业指数,19981231,100.0,19990915
107093.MI,MSCI全球/专营零售,MSCI,MSCI指数,三级行业指数,19981231,100.0,19990915
107094.MI,MSCI全球/烟草,MSCI,MSCI指数,三级行业指数,19981231,100.0,19990915
107095.MI,MSCI全球/家常用品,MSCI,MSCI指数,三级行业指数,19981231,100.0,19990915
107096.MI,MSCI全球/个人用品,MSCI,MSCI指数,三级行业指数,19981231,100.0,19990915
107097.MI,MSCI全球/医疗保健设备与用品,MSCI,MSCI指数,三级行业指数,19981231,100.0,19990915
107098.MI,MSCI全球/医疗保健提供商与服务,MSCI,MSCI指数,三级行业指数,19981231,100.0,19990915
107099.MI,MSCI全球/商业银行,MSCI,MSCI指数,三级行业指数,19981231,100.0,19990915
107100.MI,MSCI全球/综合金融服务,MSCI,MSCI指数,三级行业指数,19981231,100.0,19990915
107101.MI,MSCI全球/保险Ⅲ,MSCI,MSCI指数,三级行业指数,19981231,100.0,19990915
107103.MI,MSCI全球/信息科技服务,MSCI,MSCI指数,三级行业指数,19981231,100.0,19990915
107104.MI,MSCI全球/电脑与外围设备,MSCI,MSCI指数,三级行业指数,19981231,100.0,19990915
107105.MI,MSCI全球/电子设备与仪器,MSCI,MSCI指数,三级行业指数,19981231,100.0,19990915
107106.MI,MSCI全球/办公电子设备(退市),MSCI,MSCI指数,一级行业指数,19981231,100.0,19990915
107108.MI,MSCI全球/复合型公用事业,MSCI,MSCI指数,三级行业指数,19981231,100.0,19990915
107109.MI,MSCI全球/食品与主要用品零售Ⅲ,MSCI,MSCI指数,三级行业指数,19981231,100.0,19990915
107110.MI,MSCI新兴/食品与主要用品零售Ⅲ,MSCI,MSCI指数,三级行业指数,19981231,100.0,19990915
107111.MI,MSCI欧盟/食品与主要用品零售Ⅲ,MSCI,MSCI指数,三级行业指数,19981231,100.0,19990915
107112.MI,MSCI欧洲/食品与主要用品零售Ⅲ,MSCI,MSCI指数,三级行业指数,19981231,100.0,19990915
107113.MI,MSCI发达/食品与主要用品零售Ⅲ,MSCI,MSCI指数,三级行业指数,19981231,100.0,19990915
113646.MI,MSCI欧盟+英国,MSCI,MSCI指数,规模指数,19961231,100.0,19961231
113647.MI,MSCIG7国家,MSCI,MSCI指数,规模指数,19761231,100.0,19870129
113648.MI,MSCI全球(除澳),MSCI,MSCI指数,规模指数,19871231,100.0,19940531
114670.MI,MSCI中国/汽车与汽车零部件,MSCI,MSCI指数,二级行业指数,,,
114671.MI,MSCI中国/银行,MSCI,MSCI指数,二级行业指数,,,
114676.MI,MSCI中国/资本商品,MSCI,MSCI指数,二级行业指数,,,
114678.MI,MSCI中国/商业与专业服务,MSCI,MSCI指数,二级行业指数,,,
114684.MI,MSCI中国/非日常消费品,MSCI,MSCI指数,一级行业指数,,,
114685.MI,MSCI中国/耐用消费品与服装,MSCI,MSCI指数,二级行业指数,,,
114686.MI,MSCI中国/日常消费品,MSCI,MSCI指数,一级行业指数,,,
114689.MI,MSCI中国/综合金融,MSCI,MSCI指数,二级行业指数,,,
114695.MI,MSCI中国/能源,MSCI,MSCI指数,一级行业指数,,,
114696.MI,MSCI中国/能源Ⅱ,MSCI,MSCI指数,二级行业指数,,,
114698.MI,MSCI中国/金融,MSCI,MSCI指数,一级行业指数,,,
114699.MI,MSCI中国/食品与主要用品零售Ⅱ,MSCI,MSCI指数,二级行业指数,,,
114701.MI,MSCI中国/食品饮料与烟草,MSCI,MSCI指数,二级行业指数,,,
114704.MI,MSCI中国/医疗保健,MSCI,MSCI指数,一级行业指数,,,
114705.MI,MSCI中国/医疗保健设备与服务,MSCI,MSCI指数,二级行业指数,,,
114708.MI,MSCI中国/消费者服务,MSCI,MSCI指数,二级行业指数,,,
114710.MI,MSCI中国/家庭与个人用品,MSCI,MSCI指数,二级行业指数,,,
114714.MI,MSCI中国/工业,MSCI,MSCI指数,一级行业指数,,,
114715.MI,MSCI中国/信息科技,MSCI,MSCI指数,一级行业指数,,,
114716.MI,MSCI中国/保险,MSCI,MSCI指数,二级行业指数,,,
114724.MI,MSCI中国/原材料,MSCI,MSCI指数,一级行业指数,,,
114725.MI,MSCI中国/原材料Ⅱ,MSCI,MSCI指数,二级行业指数,,,
114726.MI,MSCI中国/媒体与娱乐,MSCI,MSCI指数,二级行业指数,,,
114736.MI,MSCI中国/生物制药与生命科技,MSCI,MSCI指数,二级行业指数,,,
114739.MI,MSCI中国/可选消费分销与零售,MSCI,MSCI指数,二级行业指数,,,
114743.MI,MSCI中国/软件与服务,MSCI,MSCI指数,二级行业指数,,,
114745.MI,MSCI中国/技术硬件与设备,MSCI,MSCI指数,二级行业指数,,,
114746.MI,MSCI中国/通信服务,MSCI,MSCI指数,二级行业指数,,,
114747.MI,MSCI中国/电信业务,MSCI,MSCI指数,一级行业指数,,,
114751.MI,MSCI中国/运输,MSCI,MSCI指数,二级行业指数,,,
114753.MI,MSCI中国/公用事业,MSCI,MSCI指数,一级行业指数,,,
114754.MI,MSCI中国/公用事业Ⅱ,MSCI,MSCI指数,二级行业指数,,,
121657.MI,MSCI马来西亚成长,MSCI,MSCI指数,成长指数,19970530,100.0,19971208
121658.MI,MSCI马来西亚价值,MSCI,MSCI指数,价值指数,19970530,100.0,19971208
121659.MI,MSCI新兴市场(除亚洲),MSCI,MSCI指数,规模指数,19871231,100.0,19940531
122488.MI,MSCI中华(美元),MSCI,MSCI指数,规模指数,19921231,100.0,19940531
122489.MI,MSCI金龙,MSCI,MSCI指数,规模指数,19960902,100.0,20000531
122490.MI,MSCI中华价值,MSCI,MSCI指数,价值指数,19961231,100.0,20000531
122491.MI,MSCI中华成长,MSCI,MSCI指数,成长指数,19961231,100.0,20000531
122492.MI,MSCI金龙价值,MSCI,MSCI指数,价值指数,19961231,100.0,20000531
122493.MI,MSCI金龙成长,MSCI,MSCI指数,成长指数,19961231,100.0,20000531
123156.MI,MSCI欧盟(除希腊)(退市),MSCI,MSCI指数,规模指数,20010531,100.0,20010531
123157.MI,MSCI欧洲(除希腊)(退市),MSCI,MSCI指数,规模指数,20010531,100.0,20010531
123163.MI,MSCI欧非中东新兴市场,MSCI,MSCI指数,规模指数,19981231,100.0,20010731
123164.MI,MSCI欧非中东新兴市场价值,MSCI,MSCI指数,价值指数,19981231,100.0,20010731
123165.MI,MSCI欧非中东新兴市场成长,MSCI,MSCI指数,成长指数,19981231,100.0,20010731
125294.MI,MSCI阿根廷(包括ADR)(退市),MSCI,MSCI指数,规模指数,,,20011130
125509.MI,MSCI新兴市场(包括阿根廷ADR)(退市),MSCI,MSCI指数,规模指数,,,20011130
125511.MI,MSCI拉美新兴市场(包括阿根廷ADR)(退市),MSCI,MSCI指数,规模指数,,,20011130
125957.MI,MSCI全球/综合消费者服务,MSCI,MSCI指数,三级行业指数,20050429,100.0,20050502
126151.MI,MSCI发达市场基础设施业限权重(退市),MSCI,MSCI指数,一级行业指数,19981231,1000.0,20080122
126152.MI,MSCI新兴市场基础设施业限权重(退市),MSCI,MSCI指数,一级行业指数,19981231,1000.0,20080122
126153.MI,MSCI欧洲基础设施业限权重(退市),MSCI,MSCI指数,一级行业指数,19981231,1000.0,20080122
126154.MI,MSCI欧澳和远东基础设施业限权重(退市),MSCI,MSCI指数,一级行业指数,19981231,1000.0,20080122
126155.MI,MSCI美国基础设施业限权重(退市),MSCI,MSCI指数,一级行业指数,19981231,1000.0,20080122
126156.MI,MSCI日本基础设施业限权重(退市),MSCI,MSCI指数,一级行业指数,19981231,1000.0,20080122
126157.MI,MSCI亚洲(除日本)基础设施限权重(退市),MSCI,MSCI指数,一级行业指数,19981231,1000.0,20080122
126167.MI,MSCI日本商品生产者限权重(退市),MSCI,MSCI指数,规模指数,19981231,1000.0,20080430
126168.MI,MSCI日本商品生产者(退市),MSCI,MSCI指数,规模指数,19981231,1000.0,20080430
126170.MI,MSCI美国商品生产者限权重(退市),MSCI,MSCI指数,规模指数,19981231,1000.0,20080430
126171.MI,MSCI美国商品生产者(退市),MSCI,MSCI指数,规模指数,19981231,1000.0,20080430
126173.MI,MSCI发达市场商品生产者限权重(退市),MSCI,MSCI指数,规模指数,19981231,1000.0,20080430
126174.MI,MSCI发达市场商品生产者(退市),MSCI,MSCI指数,规模指数,19981231,1000.0,20080430
126286.MI,MSCI全球/独立电力生产与能源贸易,MSCI,MSCI指数,三级行业指数,20050429,100.0,20050502
126314.MI,MSCI新兴/独立电力生产与能源贸易,MSCI,MSCI指数,三级行业指数,20050429,100.0,20050502
126316.MI,MSCI欧盟/独立电力生产与能源贸易,MSCI,MSCI指数,一级行业指数,20171130,100.0,20050502
126322.MI,MSCI欧洲/独立电力生产与能源贸易,MSCI,MSCI指数,一级行业指数,20171130,100.0,20050502
126384.MI,MSCI发达/独立电力生产与能源贸易,MSCI,MSCI指数,三级行业指数,20050429,100.0,20050502
126443.MI,MSCI发达/综合消费者服务,MSCI,MSCI指数,三级行业指数,20211130,100.0,20050502
127173.MI,MSCI欧盟GDP加权,MSCI,MSCI指数,规模指数,19980630,100.0,19980801
127187.MI,MSCI欧洲GDP加权,MSCI,MSCI指数,规模指数,19691231,100.0,19900531
127200.MI,MSCI东盟,MSCI,MSCI指数,规模指数,19941230,1000.0,20060724
127221.MI,MSCI东南亚价值,MSCI,MSCI指数,价值指数,19961231,1000.0,20060724
127222.MI,MSCI东南亚成长,MSCI,MSCI指数,成长指数,19961231,1000.0,20060724
127269.MI,MSCI China 10/40,MSCI,MSCI指数,主题指数,19981231,1000.0,19981231
127300.MI,MSCI金砖四国,MSCI,MSCI指数,规模指数,19941230,100.0,20051206
127301.MI,MSCI金砖四国价值,MSCI,MSCI指数,价值指数,19961231,100.0,20051206
127302.MI,MSCI金砖四国成长,MSCI,MSCI指数,成长指数,19961231,100.0,20051206
128019.MI,MSCI全球(除瑞士),MSCI,MSCI指数,规模指数,19941230,100.0,20130830
128258.MI,MSCI发达市场GDP加权(退市),MSCI,MSCI指数,规模指数,19691231,100.0,19880930
128259.MI,MSCI欧澳远东GDP加权,MSCI,MSCI指数,规模指数,19691231,100.0,19880729
128456.MI,MSCI US REIT INDEX,MSCI,MSCI指数,其他,20050617,826.04,20050620
128532.MI,MSCI新兴市场GDP加权,MSCI,MSCI指数,规模指数,20000630,1000.0,20051206
128533.MI,MSCI全球GDP加权(退市),MSCI,MSCI指数,规模指数,20000630,1000.0,20051206
128715.MI,MSCI中国H股(美元),MSCI,MSCI指数,规模指数,20041130,1000.0,20061018
128715L.MI,MSCI中国H股(Local),MSCI,MSCI指数,规模指数,20041130,1000.0,20061018
128718.MI,MSCI中国A股在岸+B股+H股,MSCI,MSCI指数,规模指数,20041130,1000.0,20061018
128720.MI,MSCI中国红筹股+民企股(美元),MSCI,MSCI指数,规模指数,20041130,1000.0,20061018
128720L.MI,MSCI中国红筹股+民企股(Local),MSCI,MSCI指数,规模指数,20041130,1000.0,20061018
128722.MI,MSCI中国A股在岸+H股,MSCI,MSCI指数,规模指数,20041130,1000.0,20061018
128726.MI,MSCI中华(A股在岸)(除香港),MSCI,MSCI指数,规模指数,20041130,1000.0,20061018
128730.MI,MSCI中华A股在岸,MSCI,MSCI指数,规模指数,20041130,1000.0,20061018
128734.MI,MSCI中华A股在岸+HSBC,MSCI,MSCI指数,规模指数,20041130,1000.0,20041130
128738.MI,MSCI中国B股(美元),MSCI,MSCI指数,规模指数,20041130,1000.0,20061018
128744.MI,MSCI中华+HSBC,MSCI,MSCI指数,规模指数,20041130,1000.0,20041130
128753.MI,MSCI中国红筹股(美元),MSCI,MSCI指数,规模指数,20041130,1000.0,20061018
128753L.MI,MSCI中国红筹股(Local),MSCI,MSCI指数,规模指数,20041130,1000.0,20061018
128754.MI,MSCI中国民企股(美元),MSCI,MSCI指数,规模指数,20041130,1000.0,20061018
128754L.MI,MSCI中国民企股(Local),MSCI,MSCI指数,规模指数,20041130,1000.0,20061018
128755.MI,MSCI中国A股在岸+B股,MSCI,MSCI指数,规模指数,20041130,1000.0,20061018
129853.MI,MSCI日本等权重(退市),MSCI,MSCI指数,规模指数,19981231,1000.0,20080122
129854.MI,MSCI欧澳和远东等权重(退市),MSCI,MSCI指数,规模指数,19981231,1000.0,20080122
129855.MI,MSCI欧洲等权重(退市),MSCI,MSCI指数,规模指数,19981231,1000.0,20080122
129856.MI,MSCI新兴市场等权重(退市),MSCI,MSCI指数,规模指数,19981231,1000.0,20080122
129857.MI,MSCI发达市场等权重(退市),MSCI,MSCI指数,规模指数,19981231,1000.0,20080122
129858.MI,MSCI美国等权重(退市),MSCI,MSCI指数,规模指数,19981231,1000.0,20080122
129859.MI,MSCI全球等权重(退市),MSCI,MSCI指数,规模指数,19981231,1000.0,20080122
129864.MI,MSCI全球基础设施(退市),MSCI,MSCI指数,一级行业指数,19981231,1000.0,20080122
129865.MI,MSCI全球基础设施业限权重(退市),MSCI,MSCI指数,一级行业指数,19981231,1000.0,20080122
129867.MI,MSCI发达市场基础设施(退市),MSCI,MSCI指数,一级行业指数,19981231,1000.0,20080122
129869.MI,MSCI新兴市场基础设施(退市),MSCI,MSCI指数,一级行业指数,19981231,1000.0,20080122
129871.MI,MSCI欧洲基础设施(退市),MSCI,MSCI指数,一级行业指数,19981231,1000.0,20080122
129875.MI,MSCI欧澳和远东基础设施(退市),MSCI,MSCI指数,一级行业指数,19981231,1000.0,20080122
129877.MI,MSCI美国基础设施,MSCI,MSCI指数,一级行业指数,19981231,1000.0,20080122
129879.MI,MSCI日本基础设施(退市),MSCI,MSCI指数,一级行业指数,19981231,1000.0,20080122
129881.MI,MSCI亚洲(除日本)基础设施(退市),MSCI,MSCI指数,一级行业指数,19981231,1000.0,20080122
129896.MI,MSCI发达市场低波(美元)(退市),MSCI,MSCI指数,策略指数,19981231,995.336,20080414
129954.MI,MSCI中华(除B股),MSCI,MSCI指数,规模指数,,,20091201
129955.MI,MSCI中华(除B股)+HSBC,MSCI,MSCI指数,规模指数,,,20091201
129985.MI,MSCI全球商品生产者限权重(退市),MSCI,MSCI指数,规模指数,19981231,1000.0,20080430
129986.MI,MSCI全球商品生产者(退市),MSCI,MSCI指数,规模指数,19981231,1000.0,20080430
132084.MI,MSCI欧洲货币联盟房地产指数(欧元),MSCI,MSCI指数,主题指数,20160831,1000.0,20160901
132126.MI,MSCI中国/房地产,MSCI,MSCI指数,二级行业指数,,,
132196.MI,MSCI中国A股在岸/房地产,MSCI,MSCI指数,一级行业指数,20160831,1000.0,20160901
132196L.MI,MSCI中国A股在岸/房地产(人民币),MSCI,MSCI指数,一级行业指数,20160831,1000.0,20160901
132981.MI,MSCI欧洲房地产指数(美元),MSCI,MSCI指数,主题指数,20160831,1000.0,20160901
133333.CSI,MSCI中国A股,CSI,MSCI指数,规模指数,20041130,1000.0,20050510
133333L.MI,MSCI中国A股在岸(人民币),MSCI,MSCI指数,规模指数,20041130,1000.0,20050510
133500.MI,MSCI中国A股在岸/航天航空与国防,MSCI,MSCI指数,三级行业指数,20041130,1000.0,20061018
133501.MI,MSCI中国A股在岸/航空货运与物流,MSCI,MSCI指数,三级行业指数,20041130,1000.0,20061018
133502.MI,MSCI中国A股在岸/航空公司,MSCI,MSCI指数,三级行业指数,20041130,1000.0,20061018
133503.MI,MSCI中国A股在岸/汽车与汽车零部件,MSCI,MSCI指数,二级行业指数,20041130,1000.0,20061018
133503L.MI,MSCI中国A股在岸/汽车与汽车零部件(人民币),MSCI,MSCI指数,二级行业指数,20041130,1000.0,20061018
133505.MI,MSCI中国A股在岸/汽车零部件,MSCI,MSCI指数,三级行业指数,20041130,1000.0,20061018
133506.MI,MSCI中国A股在岸/汽车,MSCI,MSCI指数,三级行业指数,20041130,1000.0,20061018
133507.MI,MSCI中国A股在岸/银行,MSCI,MSCI指数,二级行业指数,20041130,1000.0,20061018
133507L.MI,MSCI中国A股在岸/银行(人民币),MSCI,MSCI指数,二级行业指数,20041130,1000.0,20061018
133508.MI,MSCI中国A股在岸/饮料,MSCI,MSCI指数,三级行业指数,20041130,1000.0,20061018
133509.MI,MSCI中国A股在岸/生物科技,MSCI,MSCI指数,三级行业指数,20070531,1000.0,20091201
133510.MI,MSCI中国A股在岸/建筑产品,MSCI,MSCI指数,三级行业指数,20091130,1000.0,20061018
133511.MI,MSCI中国A股在岸/资本商品,MSCI,MSCI指数,二级行业指数,20041130,1000.0,20061018
133511L.MI,MSCI中国A股在岸/资本商品(人民币),MSCI,MSCI指数,二级行业指数,20041130,1000.0,20061018
133512.MI,MSCI中国A股在岸/资本市场,MSCI,MSCI指数,三级行业指数,20041130,1000.0,20061018
133513.MI,MSCI中国A股在岸/化学制品,MSCI,MSCI指数,三级行业指数,20041130,1000.0,20061018
133515.MI,MSCI中国A股在岸/商业银行,MSCI,MSCI指数,三级行业指数,20041130,1000.0,20061018
133516.MI,MSCI中国A股在岸/商业和专业服务,MSCI,MSCI指数,二级行业指数,20041130,1000.0,20061018
133516L.MI,MSCI中国A股/商业服务与供应品Ⅱ(人民币),MSCI,MSCI指数,二级行业指数,20041130,1000.0,20061018
133517.MI,MSCI中国A股在岸/商业服务与供应品Ⅲ,MSCI,MSCI指数,三级行业指数,20041130,1000.0,20061018
133518.MI,MSCI中国A股在岸/通信设备,MSCI,MSCI指数,三级行业指数,20041130,1000.0,20061018
133519.MI,MSCI中国A股在岸/电脑与外围设备,MSCI,MSCI指数,三级行业指数,20041130,1000.0,20061018
133520.MI,MSCI中国A股在岸/耐用消费品与服装,MSCI,MSCI指数,二级行业指数,20041130,1000.0,20061018
133520L.MI,MSCI中国A股在岸/耐用消费品与服装(人民币),MSCI,MSCI指数,二级行业指数,20041130,1000.0,20061018
133521.MI,MSCI中国A股在岸/建筑与工程,MSCI,MSCI指数,三级行业指数,20041130,1000.0,20061018
133522.MI,MSCI中国A股在岸/建筑材料,MSCI,MSCI指数,三级行业指数,20041130,1000.0,20061018
133523.MI,MSCI中国A股在岸/非日常消费品,MSCI,MSCI指数,一级行业指数,20041130,1000.0,20061018
133523L.MI,MSCI中国A股在岸/非日常消费品(人民币),MSCI,MSCI指数,一级行业指数,20041130,1000.0,20061018
133525.MI,MSCI中国A股在岸/消费信贷(退市),MSCI,MSCI指数,三级行业指数,20041130,1000.0,20091201
133525L.MI,MSCI中国A股在岸/消费信贷(人民币),MSCI,MSCI指数,三级行业指数,20041130,1000.0,20091201
133526.MI,MSCI中国A股在岸/日常消费品,MSCI,MSCI指数,一级行业指数,20041130,1000.0,20061018
133526L.MI,MSCI中国A股在岸/日常消费品(人民币),MSCI,MSCI指数,一级行业指数,20041130,1000.0,20061018
133527.MI,MSCI中国A股在岸/容器与包装,MSCI,MSCI指数,三级行业指数,20140530,1000.0,20061018
133528.MI,MSCI中国A股在岸/经销商,MSCI,MSCI指数,三级行业指数,20041130,1000.0,20061018
133529.MI,MSCI中国A股在岸/综合金融,MSCI,MSCI指数,二级行业指数,20041130,1000.0,20061018
133529L.MI,MSCI中国A股在岸/综合金融(人民币),MSCI,MSCI指数,二级行业指数,20041130,1000.0,20061018
133530.MI,MSCI中国A股在岸/综合金融服务,MSCI,MSCI指数,三级行业指数,20120531,1000.0,20091201
133530L.MI,MSCI中国A股在岸/综合金融服务(人民币),MSCI,MSCI指数,三级行业指数,20120531,1000.0,20091201
133531.MI,MSCI中国A股在岸/综合电信业务,MSCI,MSCI指数,三级行业指数,20210831,1000.0,20091201
133532.MI,MSCI中国A股在岸/电子设备与仪器,MSCI,MSCI指数,三级行业指数,20041130,1000.0,20061018
133533.MI,MSCI中国A股在岸/电力公用事业(退市),MSCI,MSCI指数,三级行业指数,20041130,1000.0,20091201
133535.MI,MSCI中国A股在岸/电气设备,MSCI,MSCI指数,三级行业指数,20041130,1000.0,20061018
133536.MI,MSCI中国A股在岸/能源,MSCI,MSCI指数,一级行业指数,20041130,1000.0,20061018
133536L.MI,MSCI中国A股在岸/能源Ⅰ(人民币),MSCI,MSCI指数,一级行业指数,20041130,1000.0,20061018
133537.MI,MSCI中国A股在岸/能源Ⅱ,MSCI,MSCI指数,二级行业指数,20041130,1000.0,20061018
133537L.MI,MSCI中国A股在岸/能源Ⅱ(人民币),MSCI,MSCI指数,二级行业指数,20041130,1000.0,20061018
133538.MI,MSCI中国A股在岸/能源设备与服务,MSCI,MSCI指数,三级行业指数,20060831,1000.0,20061018
133539.MI,MSCI中国A股在岸/金融,MSCI,MSCI指数,一级行业指数,20041130,1000.0,20061018
133539L.MI,MSCI中国A股在岸/金融(人民币),MSCI,MSCI指数,一级行业指数,20041130,1000.0,20061018
133550.MI,MSCI中国A股在岸/食品与主要用品零售Ⅱ,MSCI,MSCI指数,二级行业指数,20041130,1000.0,20061018
133550L.MI,MSCI中国A股/食品与主要用品零售Ⅱ(人民币),MSCI,MSCI指数,二级行业指数,20041130,1000.0,20061018
133551.MI,MSCI中国A股在岸/食品与主要用品零售Ⅲ,MSCI,MSCI指数,三级行业指数,20041130,1000.0,20061018
133552.MI,MSCI中国A股在岸/食品饮料与烟草,MSCI,MSCI指数,二级行业指数,20041130,1000.0,20061018
133552L.MI,MSCI中国A股在岸/食品饮料与烟草(人民币),MSCI,MSCI指数,二级行业指数,20041130,1000.0,20061018
133553.MI,MSCI中国A股在岸/食品,MSCI,MSCI指数,三级行业指数,20041130,1000.0,20061018
133555.MI,MSCI中国A股在岸/燃气公用事业,MSCI,MSCI指数,三级行业指数,20210630,1000.0,20061018
133556.MI,MSCI中国A股在岸/医疗保健设备与用品,MSCI,MSCI指数,三级行业指数,20101130,1000.0,20091201
133557.MI,MSCI中国A股在岸/医疗保健设备与服务,MSCI,MSCI指数,二级行业指数,20041130,1000.0,20061018
133557L.MI,MSCI中国A股/医疗保健设备与服务(人民币),MSCI,MSCI指数,二级行业指数,20041130,1000.0,20061018
133558.MI,MSCI中国A股在岸/医疗保健提供商与服务,MSCI,MSCI指数,三级行业指数,20041130,1000.0,20061018
133559.MI,MSCI中国A股在岸/医疗保健,MSCI,MSCI指数,一级行业指数,20041130,1000.0,20061018
133559L.MI,MSCI中国A股在岸/医疗保健(人民币),MSCI,MSCI指数,一级行业指数,20041130,1000.0,20061018
133560.MI,MSCI中国A股在岸/消费者服务,MSCI,MSCI指数,二级行业指数,20041130,1000.0,20061018
133560L.MI,MSCI中国A股在岸/消费者服务(人民币),MSCI,MSCI指数,二级行业指数,20041130,1000.0,20061018
133561.MI,MSCI中国A股在岸/酒店餐馆与休闲,MSCI,MSCI指数,三级行业指数,20041130,1000.0,20061018
133562.MI,MSCI中国A股在岸/家庭与个人用品,MSCI,MSCI指数,二级行业指数,20140430,1000.0,20061018
133562L.MI,MSCI中国A股在岸/家庭与个人用品(人民币),MSCI,MSCI指数,二级行业指数,20140430,1000.0,20061018
133563.MI,MSCI中国A股在岸/家庭耐用消费品,MSCI,MSCI指数,三级行业指数,20041130,1000.0,20061018
133565.MI,MSCI中国A股在岸/家常用品,MSCI,MSCI指数,三级行业指数,20191126,1000.0,20061018
133566.MI,MSCI中国A股在岸/工业集团企业,MSCI,MSCI指数,三级行业指数,20041130,1000.0,20061018
133567.MI,MSCI中国A股在岸/工业,MSCI,MSCI指数,一级行业指数,20041130,1000.0,20061018
133567L.MI,MSCI中国A股在岸/工业(人民币),MSCI,MSCI指数,一级行业指数,20041130,1000.0,20061018
133568.MI,MSCI中国A股在岸/信息科技,MSCI,MSCI指数,一级行业指数,20041130,1000.0,20061018
133568L.MI,MSCI中国A股在岸/信息科技(人民币),MSCI,MSCI指数,一级行业指数,20041130,1000.0,20061018
133569.MI,MSCI中国A股在岸/保险Ⅱ,MSCI,MSCI指数,二级行业指数,20070122,1000.0,20091201
133569L.MI,MSCI中国A股在岸/保险Ⅱ(人民币),MSCI,MSCI指数,二级行业指数,20070122,1000.0,20091201
133570.MI,MSCI中国A股在岸/保险Ⅲ,MSCI,MSCI指数,三级行业指数,20070122,1000.0,20091201
133571.MI,MSCI中国A股在岸/互联网与售货目录零售,MSCI,MSCI指数,三级行业指数,20041130,1000.0,20091201
133571L.MI,MSCI中国A股/互联网与售货目录零售(人民币),MSCI,MSCI指数,三级行业指数,20041130,1000.0,20091201
133572.MI,MSCI中国A股在岸/互联网软件与服务(退市),MSCI,MSCI指数,三级行业指数,20041130,1000.0,20091201
133573.MI,MSCI中国A股在岸/信息科技服务,MSCI,MSCI指数,三级行业指数,20100526,1000.0,20061018
133575.MI,MSCI中国A股在岸/休闲设备与用品,MSCI,MSCI指数,三级行业指数,20200529,1000.0,20091201
133575L.MI,MSCI中国A股在岸/休闲设备与用品(人民币),MSCI,MSCI指数,三级行业指数,20200529,1000.0,20091201
133576.MI,MSCI中国A股在岸/机械制造,MSCI,MSCI指数,三级行业指数,20041130,1000.0,20061018
133577.MI,MSCI中国A股在岸/海运,MSCI,MSCI指数,三级行业指数,20041130,1000.0,20061018
133578.MI,MSCI中国A股在岸/原材料,MSCI,MSCI指数,一级行业指数,20041130,1000.0,20061018
133578L.MI,MSCI中国A股在岸/原材料Ⅰ(人民币),MSCI,MSCI指数,一级行业指数,20041130,1000.0,20061018
133579.MI,MSCI中国A股在岸/原材料Ⅱ,MSCI,MSCI指数,二级行业指数,20041130,1000.0,20061018
133579L.MI,MSCI中国A股在岸/原材料Ⅱ(人民币),MSCI,MSCI指数,二级行业指数,20041130,1000.0,20061018
133580.MI,MSCI中国A股在岸/媒体和娱乐,MSCI,MSCI指数,二级行业指数,20041130,1000.0,20061018
133580L.MI,MSCI中国A股在岸/媒体Ⅱ(人民币),MSCI,MSCI指数,二级行业指数,20041130,1000.0,20061018
133581.MI,MSCI中国A股在岸/媒体Ⅲ,MSCI,MSCI指数,三级行业指数,20041130,1000.0,20061018
133582.MI,MSCI中国A股在岸/金属与采矿,MSCI,MSCI指数,三级行业指数,20041130,1000.0,20061018
133583.MI,MSCI中国A股在岸/复合型公用事业(退市),MSCI,MSCI指数,三级行业指数,20041130,1000.0,20091201
133583L.MI,MSCI中国A股在岸/复合型公用事业(人民币),MSCI,MSCI指数,三级行业指数,20041130,1000.0,20091201
133585.MI,MSCI中国A股在岸/多元化零售,MSCI,MSCI指数,三级行业指数,20041130,1000.0,20061018
133586.MI,MSCI中国A股/办公电子设备,MSCI,MSCI指数,三级行业指数,20041130,1000.0,20091201
133586L.MI,MSCI中国A股/办公电子设备(人民币),MSCI,MSCI指数,三级行业指数,20041130,1000.0,20091201
133587.MI,"MSCI中国A股在岸/石油,天然气与供消费用燃料",MSCI,MSCI指数,三级行业指数,20041130,1000.0,20061018
133588.MI,MSCI中国A股在岸/纸类与林业产品,MSCI,MSCI指数,三级行业指数,20041130,1000.0,20061018
133589.MI,MSCI中国A股在岸/个人用品,MSCI,MSCI指数,三级行业指数,20140430,1000.0,20091201
133590.MI,MSCI中国A股在岸/制药与生物科技,MSCI,MSCI指数,二级行业指数,20041130,1000.0,20061018
133590L.MI,MSCI中国A股在岸/制药与生物科技(人民币),MSCI,MSCI指数,二级行业指数,20041130,1000.0,20061018
133591.MI,MSCI中国A股在岸/制药,MSCI,MSCI指数,三级行业指数,20041130,1000.0,20061018
133592.MI,MSCI中国A股在岸/房地产Ⅱ,MSCI,MSCI指数,二级行业指数,20041130,1000.0,20061018
133592L.MI,MSCI中国A股在岸/房地产Ⅱ(人民币),MSCI,MSCI指数,二级行业指数,20041130,1000.0,20061018
133593.MI,MSCI中国A股/房地产Ⅲ(退市),MSCI,MSCI指数,三级行业指数,20041130,1000.0,20041130
133595.MI,MSCI中国A股在岸/零售业,MSCI,MSCI指数,二级行业指数,20041130,1000.0,20061018
133595L.MI,MSCI中国A股在岸/零售业(人民币),MSCI,MSCI指数,二级行业指数,20041130,1000.0,20061018
133596.MI,MSCI中国A股在岸/公路与铁路,MSCI,MSCI指数,三级行业指数,20061130,1000.0,20091201
133597.MI,MSCI中国A股在岸/半导体产品与设备Ⅲ,MSCI,MSCI指数,三级行业指数,20100526,1000.0,20061018
133598.MI,MSCI中国A股在岸/半导体产品与设备Ⅱ,MSCI,MSCI指数,二级行业指数,20100526,1000.0,20061018
133598L.MI,MSCI中国A股/半导体产品与设备Ⅱ(人民币),MSCI,MSCI指数,二级行业指数,20100526,1000.0,20061018
133599.MI,MSCI中国A股在岸/软件,MSCI,MSCI指数,三级行业指数,20041130,1000.0,20061018
133600.MI,MSCI中国A股在岸/软件与服务,MSCI,MSCI指数,二级行业指数,20041130,1000.0,20061018
133600L.MI,MSCI中国A股在岸/软件与服务(人民币),MSCI,MSCI指数,二级行业指数,20041130,1000.0,20061018
133601.MI,MSCI中国A股在岸/专营零售,MSCI,MSCI指数,三级行业指数,20041130,1000.0,20061018
133602.MI,MSCI中国A股在岸/技术硬件与设备,MSCI,MSCI指数,二级行业指数,20041130,1000.0,20061018
133602L.MI,MSCI中国A股在岸/技术硬件与设备(人民币),MSCI,MSCI指数,二级行业指数,20041130,1000.0,20061018
133603.MI,MSCI中国A股在岸/通讯服务,MSCI,MSCI指数,一级行业指数,20041130,1000.0,20061018
133603L.MI,MSCI中国A股在岸/电信业务Ⅰ(人民币),MSCI,MSCI指数,一级行业指数,20041130,1000.0,20061018
133605.MI,MSCI中国A股在岸/通讯服务,MSCI,MSCI指数,二级行业指数,20041130,1000.0,20061018
133605L.MI,MSCI中国A股在岸/电信业务Ⅱ(人民币),MSCI,MSCI指数,二级行业指数,20041130,1000.0,20061018
133606.MI,MSCI中国A股在岸/纺织品服装与奢侈品,MSCI,MSCI指数,三级行业指数,20041130,1000.0,20061018
133607.MI,MSCI中国A股在岸/互助储蓄银行与抵押信贷(退市),MSCI,MSCI指数,三级行业指数,20041130,1000.0,20091201
133607L.MI,MSCI中国A股/互助储蓄与抵押信贷(人民币),MSCI,MSCI指数,三级行业指数,20041130,1000.0,20091201
133608.MI,MSCI中国A股在岸/烟草(退市),MSCI,MSCI指数,三级行业指数,20041130,1000.0,20091201
133608L.MI,MSCI中国A股在岸/烟草(人民币),MSCI,MSCI指数,三级行业指数,20041130,1000.0,20091201
133609.MI,MSCI中国A股在岸/贸易公司与经销商,MSCI,MSCI指数,三级行业指数,20041130,1000.0,20061018
133610.MI,MSCI中国A股在岸/交通基本设施,MSCI,MSCI指数,三级行业指数,20041130,1000.0,20061018
133611.MI,MSCI中国A股在岸/运输,MSCI,MSCI指数,二级行业指数,20041130,1000.0,20061018
133611L.MI,MSCI中国A股在岸/运输(人民币),MSCI,MSCI指数,二级行业指数,20041130,1000.0,20061018
133612.MI,MSCI中国A股在岸/公用事业,MSCI,MSCI指数,一级行业指数,20041130,1000.0,20061018
133612L.MI,MSCI中国A股在岸/公用事业Ⅰ(人民币),MSCI,MSCI指数,一级行业指数,20041130,1000.0,20061018
133613.MI,MSCI中国A股在岸/公用事业Ⅱ,MSCI,MSCI指数,二级行业指数,20041130,1000.0,20061018
133613L.MI,MSCI中国A股在岸/公用事业Ⅱ(人民币),MSCI,MSCI指数,二级行业指数,20041130,1000.0,20061018
133615.MI,MSCI中国A股在岸/水公用事业,MSCI,MSCI指数,三级行业指数,20041130,1000.0,20061018
133616.MI,MSCI中国A股在岸/无线电信业务,MSCI,MSCI指数,三级行业指数,20041130,1000.0,20061018
133625.MI,MSCI中国A股在岸/综合消费者服务,MSCI,MSCI指数,三级行业指数,20041130,1000.0,20091201
133625L.MI,MSCI中国A股在岸/综合消费者服务(人民币),MSCI,MSCI指数,三级行业指数,20041130,1000.0,20091201
133638.MI,MSCI中国A股/独立电力生产与能源贸易商,MSCI,MSCI指数,三级行业指数,20050429,1000.0,20061018
133707.MI,MSCI阿拉伯市场,MSCI,MSCI指数,规模指数,20051130,1000.0,20060123
133708.MI,MSCI阿拉伯市场(除沙特),MSCI,MSCI指数,规模指数,20051130,1000.0,20060123
133709.MI,MSCI海合会,MSCI,MSCI指数,规模指数,20051130,1000.0,20060123
133710.MI,MSCI海合会(除沙特),MSCI,MSCI指数,规模指数,20051130,1000.0,20060123
133711.MI,MSCI约旦+埃及+摩洛哥,MSCI,MSCI指数,规模指数,20051130,1000.0,20060123
133712.MI,MSCI巴林,MSCI,MSCI指数,规模指数,20051130,1000.0,20060123
133713.MI,MSCI科威特,MSCI,MSCI指数,规模指数,20051130,1000.0,20060123
133714.MI,MSCI阿曼,MSCI,MSCI指数,规模指数,20051130,1000.0,20060123
133715.MI,MSCI卡塔尔,MSCI,MSCI指数,规模指数,20051130,1000.0,20060123
133717.MI,MSCI阿联酋,MSCI,MSCI指数,规模指数,20051130,1000.0,20060123
133718.MI,MSCI巴林国内,MSCI,MSCI指数,规模指数,20051130,1000.0,20060123
133719.MI,MSCI科威特国内,MSCI,MSCI指数,规模指数,20051130,1000.0,20060123
133720.MI,MSCI阿曼国内,MSCI,MSCI指数,规模指数,20051130,1000.0,20060123
133721.MI,MSCI卡塔尔国内,MSCI,MSCI指数,规模指数,20051130,1000.0,20060123
133722.MI,MSCI沙特阿拉伯国内,MSCI,MSCI指数,规模指数,20051130,1000.0,20060123
133723.MI,MSCI阿联酋境内市场,MSCI,MSCI指数,规模指数,20051130,1000.0,20060123
135414.MI,MSCI全球/医疗保健科技,MSCI,MSCI指数,三级行业指数,20060428,1000.0,20060501
135429.MI,MSCI中国A股在岸/医疗保健科技,MSCI,MSCI指数,三级行业指数,20190528,1000.0,20091201
135545.MI,MSCI发达/医疗保健科技,MSCI,MSCI指数,三级行业指数,20060428,1000.0,20060501
135572.MI,MSCI全球/生命科技工具与服务,MSCI,MSCI指数,三级行业指数,20060428,1000.0,20060501
135587.MI,MSCI中国A股在岸/生命科学工具和服务,MSCI,MSCI指数,三级行业指数,20190528,1000.0,20091201
135612.MI,MSCI欧盟/生命科技工具与服务,MSCI,MSCI指数,一级行业指数,20090227,1000.0,20060501
135618.MI,MSCI欧洲/生命科技工具与服务,MSCI,MSCI指数,一级行业指数,20060428,1000.0,20060501
135703.MI,MSCI发达/生命科技工具与服务,MSCI,MSCI指数,三级行业指数,20060428,1000.0,20060501
135730.MI,MSCI全球/房地产投资信托公司,MSCI,MSCI指数,三级行业指数,20060428,1000.0,20060501
135770.MI,MSCI欧盟/房地产投资信托公司,MSCI,MSCI指数,一级行业指数,20060428,1000.0,20060501
135776.MI,MSCI欧洲/房地产投资信托公司,MSCI,MSCI指数,一级行业指数,20060428,1000.0,20060501
135861.MI,MSCI发达/房地产投资信托公司,MSCI,MSCI指数,三级行业指数,20060428,1000.0,20060501
135888.MI,MSCI全球/房地产管理与开发,MSCI,MSCI指数,三级行业指数,20060428,1000.0,20060501
135903.MI,MSCI中国A股在岸/房地产管理与开发,MSCI,MSCI指数,三级行业指数,20060428,1000.0,20061018
135926.MI,MSCI新兴/房地产管理与开发,MSCI,MSCI指数,三级行业指数,20060428,1000.0,20060501
136019.MI,MSCI发达/房地产管理与开发,MSCI,MSCI指数,三级行业指数,20060428,1000.0,20060501
136053.MI,MSCI中国A股绝对价值(退市),MSCI,MSCI指数,价值指数,20041130,1000.0,20001201
136055.MI,MSCI中国A股绝对成长(退市),MSCI,MSCI指数,成长指数,20041130,1000.0,20001201
136056.MI,MSCI中国A股在岸价值(美元),MSCI,MSCI指数,价值指数,20041130,1000.0,20001201
136056L.MI,MSCI中国A股在岸价值(人民币),MSCI,MSCI指数,价值指数,20041130,1000.0,20001201
136057.MI,MSCI中国A股在岸成长(美元),MSCI,MSCI指数,成长指数,20041130,1000.0,20001201
136057L.MI,MSCI中国A股在岸成长(人民币),MSCI,MSCI指数,成长指数,20041130,1000.0,20001201
136064.MI,MSCI发达市场高股息收益率,MSCI,MSCI指数,策略指数,20060531,1000.0,20061031
136065.MI,MSCI发达市场(除澳)高股息收益率(退市),MSCI,MSCI指数,策略指数,20060531,1000.0,20061031
136066.MI,MSCI欧澳远东高股息收益率,MSCI,MSCI指数,策略指数,20060531,1000.0,20061031
136067.MI,MSCI欧洲高股息收益率,MSCI,MSCI指数,策略指数,20060531,1000.0,20061031
136068.MI,MSCI欧盟高股息收益率,MSCI,MSCI指数,策略指数,20060531,1000.0,20061031
136069.MI,MSCIKOKUSAI高股息收益率,MSCI,MSCI指数,策略指数,20060531,1000.0,20061031
136070.MI,MSCI太平洋地区高股息收益率,MSCI,MSCI指数,策略指数,20060531,1000.0,20061031
136072.MI,MSCI欧澳远东伊斯兰,MSCI,MSCI指数,规模指数,20070531,1000.0,20070726
136073.MI,MSCI欧澳远东(除英国)伊斯兰,MSCI,MSCI指数,规模指数,20070531,1000.0,20070726
136074.MI,MSCI欧澳远东(除英国)伊斯兰大盘,MSCI,MSCI指数,规模指数,20070531,1000.0,20070726
136075.MI,MSCI欧澳远东(除英国)伊斯兰中盘,MSCI,MSCI指数,规模指数,20070531,1000.0,20070726
136076.MI,MSCI欧澳远东伊斯兰大盘,MSCI,MSCI指数,规模指数,20070531,1000.0,20070726
136077.MI,MSCI欧澳远东伊斯兰中盘,MSCI,MSCI指数,规模指数,20070531,1000.0,20070726
136078.MI,MSCI欧澳远东(除日本)伊斯兰,MSCI,MSCI指数,规模指数,20070531,1000.0,20070726
136079.MI,MSCI欧澳远东(除日本)伊斯兰大盘,MSCI,MSCI指数,规模指数,20070531,1000.0,20070726
136080.MI,MSCI欧澳远东(除日本)伊斯兰中盘,MSCI,MSCI指数,规模指数,20070531,1000.0,20070726
136081.MI,MSCI欧盟+英国伊斯兰,MSCI,MSCI指数,规模指数,20070531,1000.0,20070726
136082.MI,MSCI欧盟+英国伊斯兰成长大盘,MSCI,MSCI指数,成长指数,20070531,1000.0,20070726
136083.MI,MSCI欧盟+英国伊斯兰中盘,MSCI,MSCI指数,规模指数,20070531,1000.0,20070726
136084.MI,MSCI欧盟伊斯兰,MSCI,MSCI指数,规模指数,20070531,1000.0,20070726
136085.MI,MSCI欧盟伊斯兰大盘,MSCI,MSCI指数,规模指数,20070531,1000.0,20070726
136086.MI,MSCI欧盟伊斯兰中盘,MSCI,MSCI指数,规模指数,20070531,1000.0,20070726
136087.MI,MSCI欧洲伊斯兰,MSCI,MSCI指数,规模指数,20070531,1000.0,20070726
136088.MI,MSCI欧洲(除瑞士)伊斯兰,MSCI,MSCI指数,规模指数,20070531,1000.0,20070726
136089.MI,MSCI欧洲(除瑞士)伊斯兰大盘,MSCI,MSCI指数,规模指数,20070531,1000.0,20070726
136090.MI,MSCI欧洲(除瑞士)伊斯兰中盘,MSCI,MSCI指数,规模指数,20070531,1000.0,20070726
136091.MI,MSCI欧洲(除欧盟)伊斯兰,MSCI,MSCI指数,规模指数,20070531,1000.0,20070726
136092.MI,MSCI欧洲(除欧盟)伊斯兰大盘,MSCI,MSCI指数,规模指数,20070531,1000.0,20070726
136093.MI,MSCI欧洲(除欧盟)伊斯兰中盘,MSCI,MSCI指数,规模指数,20070531,1000.0,20070726
136094.MI,MSCI欧洲(除德国)伊斯兰,MSCI,MSCI指数,规模指数,20070531,1000.0,20070726
136095.MI,MSCI欧洲(除德国)伊斯兰大盘,MSCI,MSCI指数,规模指数,20070531,1000.0,20070726
136096.MI,MSCI欧洲(除德国)伊斯兰中盘,MSCI,MSCI指数,规模指数,20070531,1000.0,20070726
136097.MI,MSCI欧洲(除英国)伊斯兰,MSCI,MSCI指数,规模指数,20070531,1000.0,20070726
136098.MI,MSCI欧洲(除英国瑞士)伊斯兰,MSCI,MSCI指数,规模指数,20070531,1000.0,20070726
136099.MI,MSCI欧洲(除英国瑞士)伊斯兰大盘,MSCI,MSCI指数,规模指数,20070531,1000.0,20070726
136100.MI,MSCI欧洲(除英国瑞士)伊斯兰中盘,MSCI,MSCI指数,规模指数,20070531,1000.0,20070726
136101.MI,MSCI欧洲(除英国)伊斯兰大盘,MSCI,MSCI指数,规模指数,20070531,1000.0,20070726
136102.MI,MSCI欧洲(除英国)伊斯兰中盘,MSCI,MSCI指数,规模指数,20070531,1000.0,20070726
136103.MI,MSCI欧洲伊斯兰大盘,MSCI,MSCI指数,规模指数,20070531,1000.0,20070726
136104.MI,MSCI欧洲伊斯兰中盘,MSCI,MSCI指数,规模指数,20070531,1000.0,20070726
136105.MI,MSCI远东伊斯兰,MSCI,MSCI指数,规模指数,20070531,1000.0,20070726
136106.MI,MSCI远东伊斯兰大盘,MSCI,MSCI指数,规模指数,20070531,1000.0,20070726
136107.MI,MSCI远东伊斯兰中盘,MSCI,MSCI指数,规模指数,20070531,1000.0,20070726
136108.MI,MSCIKOKUSAI伊斯兰,MSCI,MSCI指数,规模指数,20070531,1000.0,20070726
136109.MI,MSCIKOKUSAI伊斯兰大盘,MSCI,MSCI指数,规模指数,20070531,1000.0,20070726
136110.MI,MSCIKOKUSAI伊斯兰中盘,MSCI,MSCI指数,规模指数,20070531,1000.0,20070726
136111.MI,MSCI北欧伊斯兰,MSCI,MSCI指数,规模指数,20070531,1000.0,20070726
136112.MI,MSCI北欧伊斯兰大盘,MSCI,MSCI指数,规模指数,20070531,1000.0,20070726
136113.MI,MSCI北欧伊斯兰中盘,MSCI,MSCI指数,规模指数,20070531,1000.0,20070726
136114.MI,MSCI北美伊斯兰,MSCI,MSCI指数,规模指数,20070531,1000.0,20070726
136115.MI,MSCI北美伊斯兰大盘,MSCI,MSCI指数,规模指数,20070531,1000.0,20070726
136116.MI,MSCI北美伊斯兰中盘,MSCI,MSCI指数,规模指数,20070531,1000.0,20070726
136117.MI,MSCI太平洋地区伊斯兰,MSCI,MSCI指数,规模指数,20070531,1000.0,20070726
136118.MI,MSCI太平洋地区(除日本)伊斯兰,MSCI,MSCI指数,规模指数,20070531,1000.0,20070726
136119.MI,MSCI太平洋地区(除日本)伊斯兰大盘,MSCI,MSCI指数,规模指数,20070531,1000.0,20070726
136120.MI,MSCI太平洋地区(除日本)伊斯兰中盘,MSCI,MSCI指数,规模指数,20070531,1000.0,20070726
136121.MI,MSCI太平洋地区伊斯兰大盘,MSCI,MSCI指数,规模指数,20070531,1000.0,20070726
136122.MI,MSCI太平洋地区伊斯兰中盘,MSCI,MSCI指数,规模指数,20070531,1000.0,20070726
136123.MI,MSCI发达市场伊斯兰,MSCI,MSCI指数,规模指数,20070531,1000.0,20070726
136124.MI,MSCI发达市场伊斯兰大盘,MSCI,MSCI指数,规模指数,20070531,1000.0,20070726
136125.MI,MSCI发达市场伊斯兰中盘,MSCI,MSCI指数,规模指数,20070531,1000.0,20070726
136126.MI,MSCI发达市场(除澳)伊斯兰,MSCI,MSCI指数,规模指数,20070531,1000.0,20070726
136127.MI,MSCI发达市场(除澳)伊斯兰大盘,MSCI,MSCI指数,规模指数,20070531,1000.0,20070726
136128.MI,MSCI发达市场(除澳)伊斯兰中盘,MSCI,MSCI指数,规模指数,20070531,1000.0,20070726
136129.MI,MSCI发达市场(除欧盟)伊斯兰,MSCI,MSCI指数,规模指数,20070531,1000.0,20070726
136130.MI,MSCI发达市场(除欧盟)伊斯兰大盘,MSCI,MSCI指数,规模指数,20070531,1000.0,20070726
136131.MI,MSCI发达市场(除欧盟)伊斯兰中盘,MSCI,MSCI指数,规模指数,20070531,1000.0,20070726
136132.MI,MSCI发达市场(除欧洲)伊斯兰,MSCI,MSCI指数,规模指数,20070531,1000.0,20070726
136133.MI,MSCI发达市场(除欧洲)伊斯兰大盘,MSCI,MSCI指数,规模指数,20070531,1000.0,20070726
136134.MI,MSCI发达市场(除欧洲)伊斯兰中盘,MSCI,MSCI指数,规模指数,20070531,1000.0,20070726
136135.MI,MSCI发达市场(除英国)伊斯兰,MSCI,MSCI指数,规模指数,20070531,1000.0,20070726
136136.MI,MSCI发达市场(除英国)伊斯兰大盘,MSCI,MSCI指数,规模指数,20070531,1000.0,20070726
136137.MI,MSCI发达市场(除英国)伊斯兰中盘,MSCI,MSCI指数,规模指数,20070531,1000.0,20070726
136138.MI,MSCI发达市场(除美国)伊斯兰,MSCI,MSCI指数,规模指数,20070531,1000.0,20070726
136139.MI,MSCI发达市场(除美国)伊斯兰大盘,MSCI,MSCI指数,规模指数,20070531,1000.0,20070726
136140.MI,MSCI发达市场(除美国)伊斯兰中盘,MSCI,MSCI指数,规模指数,20070531,1000.0,20070726
136141.MI,MSCI金砖四国伊斯兰,MSCI,MSCI指数,规模指数,20070531,1000.0,20070726
136142.MI,MSCI金砖四国伊斯兰大盘,MSCI,MSCI指数,规模指数,20070531,1000.0,20070726
136143.MI,MSCI金砖四国伊斯兰中盘,MSCI,MSCI指数,规模指数,20070531,1000.0,20070726
136144.MI,MSCI新兴市场伊斯兰,MSCI,MSCI指数,规模指数,20070531,1000.0,20070726
136145.MI,MSCI新兴市场伊斯兰大盘,MSCI,MSCI指数,规模指数,20070531,1000.0,20070726
136146.MI,MSCI新兴市场伊斯兰中盘,MSCI,MSCI指数,规模指数,20070531,1000.0,20070726
136147.MI,MSCI亚洲新兴市场伊斯兰,MSCI,MSCI指数,规模指数,20070531,1000.0,20070726
136148.MI,MSCI亚洲新兴市场伊斯兰大盘,MSCI,MSCI指数,规模指数,20070531,1000.0,20070726
136149.MI,MSCI亚洲新兴市场伊斯兰中盘,MSCI,MSCI指数,规模指数,20070531,1000.0,20070726
136150.MI,MSCI东欧新兴市场伊斯兰,MSCI,MSCI指数,规模指数,20070531,1000.0,20070726
136151.MI,MSCI东欧新兴市场伊斯兰大盘,MSCI,MSCI指数,规模指数,20070531,1000.0,20070726
136152.MI,MSCI东欧新兴市场伊斯兰中盘,MSCI,MSCI指数,规模指数,20070531,1000.0,20070726
136153.MI,MSCI欧非中东新兴市场伊斯兰,MSCI,MSCI指数,规模指数,20070531,1000.0,20070726
136154.MI,MSCI欧非中东新兴市场伊斯兰大盘,MSCI,MSCI指数,规模指数,20070531,1000.0,20070726
136155.MI,MSCI欧非中东新兴市场伊斯兰中盘,MSCI,MSCI指数,规模指数,20070531,1000.0,20070726
136156.MI,MSCI欧洲&中东新兴市场伊斯兰,MSCI,MSCI指数,规模指数,20070531,1000.0,20070726
136157.MI,MSCI欧洲&中东新兴市场伊斯兰大盘,MSCI,MSCI指数,规模指数,20070531,1000.0,20070726
136158.MI,MSCI欧洲&中东新兴市场伊斯兰中盘,MSCI,MSCI指数,规模指数,20070531,1000.0,20070726
136159.MI,MSCI欧洲新兴市场伊斯兰,MSCI,MSCI指数,规模指数,20070531,1000.0,20070726
136160.MI,MSCI欧洲新兴市场伊斯兰大盘,MSCI,MSCI指数,规模指数,20070531,1000.0,20070726
136161.MI,MSCI欧洲新兴市场伊斯兰中盘,MSCI,MSCI指数,规模指数,20070531,1000.0,20070726
136162.MI,MSCI远东新兴市场伊斯兰,MSCI,MSCI指数,规模指数,20070531,1000.0,20070726
136163.MI,MSCI远东新兴市场伊斯兰大盘,MSCI,MSCI指数,规模指数,20070531,1000.0,20070726
136164.MI,MSCI远东新兴市场伊斯兰中盘,MSCI,MSCI指数,规模指数,20070531,1000.0,20070726
136165.MI,MSCI拉美新兴市场伊斯兰,MSCI,MSCI指数,规模指数,20070531,1000.0,20070726
136166.MI,MSCI拉美新兴市场伊斯兰大盘,MSCI,MSCI指数,规模指数,20070531,1000.0,20070726
136167.MI,MSCI拉美新兴市场伊斯兰中盘,MSCI,MSCI指数,规模指数,20070531,1000.0,20070726
136168.MI,MSCI金龙伊斯兰,MSCI,MSCI指数,规模指数,20070531,1000.0,20070726
136169.MI,MSCI金龙伊斯兰可投资,MSCI,MSCI指数,规模指数,20070531,1000.0,20070726
136170.MI,MSCI金龙伊斯兰中盘,MSCI,MSCI指数,规模指数,20070531,1000.0,20070726
136171.MI,MSCI东南亚伊斯兰,MSCI,MSCI指数,规模指数,20070531,1000.0,20070726
136172.MI,MSCI东南亚伊斯兰大盘,MSCI,MSCI指数,规模指数,20070531,1000.0,20070726
136173.MI,MSCI东南亚伊斯兰中盘,MSCI,MSCI指数,规模指数,20070531,1000.0,20070726
136174.MI,MSCI中华伊斯兰,MSCI,MSCI指数,规模指数,20070531,1000.0,20070726
136175.MI,MSCI中华伊斯兰大盘,MSCI,MSCI指数,规模指数,20070531,1000.0,20070726
136176.MI,MSCI中华伊斯兰中盘,MSCI,MSCI指数,规模指数,20070531,1000.0,20070726
136177.MI,MSCI美洲伊斯兰,MSCI,MSCI指数,规模指数,20070531,1000.0,20070726
136178.MI,MSCI美洲伊斯兰大盘,MSCI,MSCI指数,规模指数,20070531,1000.0,20070726
136179.MI,MSCI美洲伊斯兰中盘,MSCI,MSCI指数,规模指数,20070531,1000.0,20070726
136180.MI,MSCI亚洲伊斯兰,MSCI,MSCI指数,规模指数,20070531,1000.0,20070726
136181.MI,MSCI亚洲(除日本)伊斯兰,MSCI,MSCI指数,规模指数,20070531,1000.0,20070726
136182.MI,MSCI亚洲(除日本)伊斯兰大盘,MSCI,MSCI指数,规模指数,20070531,1000.0,20070726
136183.MI,MSCI亚洲(除日本)伊斯兰中盘,MSCI,MSCI指数,规模指数,20070531,1000.0,20070726
136184.MI,MSCI亚洲伊斯兰大盘,MSCI,MSCI指数,规模指数,20070531,1000.0,20070726
136185.MI,MSCI亚洲伊斯兰中盘,MSCI,MSCI指数,规模指数,20070531,1000.0,20070726
136186.MI,MSCI亚太地区伊斯兰,MSCI,MSCI指数,规模指数,20070531,1000.0,20070726
136187.MI,MSCI亚太地区(除日本)伊斯兰,MSCI,MSCI指数,规模指数,20070531,1000.0,20070726
136188.MI,MSCI亚太地区(除日本)伊斯兰大盘,MSCI,MSCI指数,规模指数,20070531,1000.0,20070726
136189.MI,MSCI亚太地区(除日本)伊斯兰中盘,MSCI,MSCI指数,规模指数,20070531,1000.0,20070726
136190.MI,MSCI亚太地区伊斯兰大盘,MSCI,MSCI指数,规模指数,20070531,1000.0,20070726
136191.MI,MSCI亚太地区伊斯兰中盘,MSCI,MSCI指数,规模指数,20070531,1000.0,20070726
136192.MI,MSCI欧洲全市场&中东伊斯兰,MSCI,MSCI指数,规模指数,20070531,1000.0,20070726
136193.MI,MSCI欧洲全市场&中东伊斯兰大盘,MSCI,MSCI指数,规模指数,20070531,1000.0,20070726
136194.MI,MSCI欧洲全市场&中东伊斯兰中盘,MSCI,MSCI指数,规模指数,20070531,1000.0,20070726
136195.MI,MSCI欧洲全市场伊斯兰,MSCI,MSCI指数,规模指数,20070531,1000.0,20070726
136196.MI,MSCI欧洲全市场伊斯兰大盘,MSCI,MSCI指数,规模指数,20070531,1000.0,20070726
136197.MI,MSCI欧洲全市场伊斯兰中盘,MSCI,MSCI指数,规模指数,20070531,1000.0,20070726
136198.MI,MSCI远东全市场伊斯兰,MSCI,MSCI指数,规模指数,20070531,1000.0,20070726
136199.MI,MSCI远东全市场(除日本)伊斯兰,MSCI,MSCI指数,规模指数,20070531,1000.0,20070726
136200.MI,MSCI远东全市场(除日本)伊斯兰大盘,MSCI,MSCI指数,规模指数,20070531,1000.0,20070726
136201.MI,MSCI远东全市场(除日本)伊斯兰中盘,MSCI,MSCI指数,规模指数,20070531,1000.0,20070726
136202.MI,MSCI远东全市场伊斯兰大盘,MSCI,MSCI指数,规模指数,20070531,1000.0,20070726
136203.MI,MSCI远东全市场伊斯兰中盘,MSCI,MSCI指数,规模指数,20070531,1000.0,20070726
136204.MI,MSCI太平洋全市场伊斯兰,MSCI,MSCI指数,规模指数,20070531,1000.0,20070726
136205.MI,MSCI太平洋全市场(除日本)伊斯兰,MSCI,MSCI指数,规模指数,20070531,1000.0,20070726
136206.MI,MSCI太平洋全市场(除日本)伊斯兰大盘,MSCI,MSCI指数,规模指数,20070531,1000.0,20070726
136207.MI,MSCI太平洋全市场(除日本)伊斯兰中盘,MSCI,MSCI指数,规模指数,20070531,1000.0,20070726
136208.MI,MSCI太平洋全市场伊斯兰大盘,MSCI,MSCI指数,规模指数,20070531,1000.0,20070726
136209.MI,MSCI太平洋全市场伊斯兰中盘,MSCI,MSCI指数,规模指数,20070531,1000.0,20070726
136210.MI,MSCI全球伊斯兰,MSCI,MSCI指数,规模指数,20070531,1000.0,20070726
136211.MI,MSCI全球(除澳)伊斯兰,MSCI,MSCI指数,规模指数,20070531,1000.0,20070726
136212.MI,MSCI全球(除澳)伊斯兰大盘,MSCI,MSCI指数,规模指数,20070531,1000.0,20070726
136213.MI,MSCI全球(除澳)伊斯兰中盘,MSCI,MSCI指数,规模指数,20070531,1000.0,20070726
136214.MI,MSCI全球(除瑞士)伊斯兰,MSCI,MSCI指数,规模指数,20070531,1000.0,20070726
136215.MI,MSCI全球(除瑞士)伊斯兰大盘,MSCI,MSCI指数,规模指数,20070531,1000.0,20070726
136216.MI,MSCI全球(除瑞士)伊斯兰中盘,MSCI,MSCI指数,规模指数,20070531,1000.0,20070726
136217.MI,MSCI全球(除欧盟)伊斯兰,MSCI,MSCI指数,规模指数,20070531,1000.0,20070726
136218.MI,MSCI全球(除欧盟)伊斯兰大盘,MSCI,MSCI指数,规模指数,20070531,1000.0,20070726
136219.MI,MSCI全球(除欧盟)伊斯兰中盘,MSCI,MSCI指数,规模指数,20070531,1000.0,20070726
136220.MI,MSCI全球(除欧洲)伊斯兰,MSCI,MSCI指数,规模指数,20070531,1000.0,20070726
136221.MI,MSCI全球(除欧洲)伊斯兰大盘,MSCI,MSCI指数,规模指数,20070531,1000.0,20070726
136222.MI,MSCI全球(除欧洲)伊斯兰中盘,MSCI,MSCI指数,规模指数,20070531,1000.0,20070726
136223.MI,MSCI全球(除日本)伊斯兰,MSCI,MSCI指数,规模指数,20070531,1000.0,20070726
136224.MI,MSCI全球(除日本)伊斯兰大盘,MSCI,MSCI指数,规模指数,20070531,1000.0,20070726
136225.MI,MSCI全球(除日本)伊斯兰中盘,MSCI,MSCI指数,规模指数,20070531,1000.0,20070726
136226.MI,MSCI全球(除英国)伊斯兰,MSCI,MSCI指数,规模指数,20070531,1000.0,20070726
136227.MI,MSCI全球(除英国)伊斯兰大盘,MSCI,MSCI指数,规模指数,20070531,1000.0,20070726
136228.MI,MSCI全球(除英国)伊斯兰中盘,MSCI,MSCI指数,规模指数,20070531,1000.0,20070726
136229.MI,MSCI全球(除美国)伊斯兰,MSCI,MSCI指数,规模指数,20070531,1000.0,20070726
136230.MI,MSCI全球(除美国)伊斯兰大盘,MSCI,MSCI指数,规模指数,20070531,1000.0,20070726
136231.MI,MSCI全球(除美国)伊斯兰中盘,MSCI,MSCI指数,规模指数,20070531,1000.0,20070726
136232.MI,MSCI全球伊斯兰大盘,MSCI,MSCI指数,规模指数,20070531,1000.0,20070726
136233.MI,MSCI全球伊斯兰中盘,MSCI,MSCI指数,规模指数,20070531,1000.0,20070726
136234.MI,MSCI欧盟伊斯兰,MSCI,MSCI指数,规模指数,20070531,1000.0,20070726
136235.MI,MSCI欧盟伊斯兰大盘,MSCI,MSCI指数,规模指数,20070531,1000.0,20070726
136236.MI,MSCI欧盟伊斯兰中盘,MSCI,MSCI指数,规模指数,20070531,1000.0,20070726
136287.MI,MSCI澳大利亚伊斯兰,MSCI,MSCI指数,规模指数,20070531,1000.0,20070726
136288.MI,MSCI澳大利亚伊斯兰大盘,MSCI,MSCI指数,规模指数,20070531,1000.0,20070726
136289.MI,MSCI澳大利亚伊斯兰中盘,MSCI,MSCI指数,规模指数,20070531,1000.0,20070726
136290.MI,MSCI奥地利伊斯兰,MSCI,MSCI指数,规模指数,20070531,1000.0,20070726
136291.MI,MSCI奥地利伊斯兰大盘,MSCI,MSCI指数,规模指数,20211130,1000.0,20070726
136292.MI,MSCI奥地利伊斯兰中盘,MSCI,MSCI指数,规模指数,20120831,1000.0,20070726
136293.MI,MSCI比利时伊斯兰,MSCI,MSCI指数,规模指数,20070531,1000.0,20070726
136294.MI,MSCI比利时伊斯兰大盘,MSCI,MSCI指数,规模指数,20070531,1000.0,20070726
136295.MI,MSCI比利时伊斯兰中盘,MSCI,MSCI指数,规模指数,20070531,1000.0,20070726
136296.MI,MSCI加拿大伊斯兰,MSCI,MSCI指数,规模指数,20070531,1000.0,20070726
136297.MI,MSCI加拿大伊斯兰大盘,MSCI,MSCI指数,规模指数,20070531,1000.0,20070726
136298.MI,MSCI加拿大伊斯兰中盘,MSCI,MSCI指数,规模指数,20070531,1000.0,20070726
136299.MI,MSCI丹麦伊斯兰,MSCI,MSCI指数,规模指数,20070531,1000.0,20070726
136300.MI,MSCI丹麦伊斯兰大盘,MSCI,MSCI指数,规模指数,20141125,1000.0,20070726
136301.MI,MSCI丹麦伊斯兰中盘,MSCI,MSCI指数,规模指数,20070531,1000.0,20070726
136302.MI,MSCI芬兰伊斯兰,MSCI,MSCI指数,规模指数,20070531,1000.0,20070726
136303.MI,MSCI芬兰伊斯兰大盘,MSCI,MSCI指数,规模指数,20070531,1000.0,20070726
136304.MI,MSCI芬兰伊斯兰中盘,MSCI,MSCI指数,规模指数,20070531,1000.0,20070726
136305.MI,MSCI法国伊斯兰,MSCI,MSCI指数,规模指数,20070531,1000.0,20070726
136306.MI,MSCI法国伊斯兰大盘,MSCI,MSCI指数,规模指数,20070531,1000.0,20070726
136307.MI,MSCI法国伊斯兰中盘,MSCI,MSCI指数,规模指数,20070531,1000.0,20070726
136308.MI,MSCI德国伊斯兰,MSCI,MSCI指数,规模指数,20070531,1000.0,20070726
136309.MI,MSCI德国伊斯兰大盘,MSCI,MSCI指数,规模指数,20070531,1000.0,20070726
136310.MI,MSCI德国伊斯兰中盘,MSCI,MSCI指数,规模指数,20070531,1000.0,20070726
136311.MI,MSCI希腊伊斯兰,MSCI,MSCI指数,规模指数,20211130,1000.0,20070726
136313.MI,MSCI希腊伊斯兰中盘,MSCI,MSCI指数,规模指数,20211130,1000.0,20070726
136317.MI,MSCI爱尔兰伊斯兰,MSCI,MSCI指数,规模指数,20211130,1000.0,20070726
136318.MI,MSCI爱尔兰伊斯兰大盘,MSCI,MSCI指数,规模指数,20211130,1000.0,20070726
136320.MI,MSCI意大利伊斯兰,MSCI,MSCI指数,规模指数,20070531,1000.0,20070726
136321.MI,MSCI意大利伊斯兰大盘,MSCI,MSCI指数,规模指数,20070531,1000.0,20070726
136322.MI,MSCI意大利伊斯兰中盘,MSCI,MSCI指数,规模指数,20160531,1000.0,20070726
136323.MI,MSCI日本伊斯兰,MSCI,MSCI指数,规模指数,20070531,1000.0,20070726
136324.MI,MSCI日本伊斯兰大盘,MSCI,MSCI指数,规模指数,20070531,1000.0,20070726
136325.MI,MSCI日本伊斯兰中盘,MSCI,MSCI指数,规模指数,20070531,1000.0,20070726
136326.MI,MSCI荷兰伊斯兰,MSCI,MSCI指数,规模指数,20070531,1000.0,20070726
136327.MI,MSCI荷兰伊斯兰大盘,MSCI,MSCI指数,规模指数,20070531,1000.0,20070726
136328.MI,MSCI荷兰伊斯兰中盘,MSCI,MSCI指数,规模指数,20211130,1000.0,20070726
136329.MI,MSCI新西兰伊斯兰,MSCI,MSCI指数,规模指数,20070531,1000.0,20070726
136331.MI,MSCI新西兰伊斯兰中盘,MSCI,MSCI指数,规模指数,20070531,1000.0,20070726
136332.MI,MSCI挪威伊斯兰,MSCI,MSCI指数,规模指数,20070531,1000.0,20070726
136333.MI,MSCI挪威伊斯兰大盘,MSCI,MSCI指数,规模指数,20211130,1000.0,20070726
136334.MI,MSCI挪威伊斯兰中盘,MSCI,MSCI指数,规模指数,20070531,1000.0,20070726
136335.MI,MSCI葡萄牙伊斯兰,MSCI,MSCI指数,规模指数,20210831,1000.0,20070726
136337.MI,MSCI葡萄牙伊斯兰中盘,MSCI,MSCI指数,规模指数,20090227,1000.0,20070726
136338.MI,MSCI新加坡伊斯兰,MSCI,MSCI指数,规模指数,20070531,1000.0,20070726
136339.MI,MSCI新加坡伊斯兰大盘,MSCI,MSCI指数,规模指数,20070531,1000.0,20070726
136340.MI,MSCI新加坡伊斯兰中盘,MSCI,MSCI指数,规模指数,20070531,1000.0,20070726
136341.MI,MSCI西班牙伊斯兰,MSCI,MSCI指数,规模指数,20070531,1000.0,20070726
136342.MI,MSCI西班牙伊斯兰大盘,MSCI,MSCI指数,规模指数,20070531,1000.0,20070726
136343.MI,MSCI西班牙伊斯兰中盘,MSCI,MSCI指数,规模指数,20171130,1000.0,20070726
136344.MI,MSCI瑞典伊斯兰,MSCI,MSCI指数,规模指数,20070531,1000.0,20070726
136345.MI,MSCI瑞典伊斯兰大盘,MSCI,MSCI指数,规模指数,20070531,1000.0,20070726
136346.MI,MSCI瑞典伊斯兰中盘,MSCI,MSCI指数,规模指数,20070531,1000.0,20070726
136347.MI,MSCI瑞士伊斯兰,MSCI,MSCI指数,规模指数,20070531,1000.0,20070726
136348.MI,MSCI瑞士伊斯兰大盘,MSCI,MSCI指数,规模指数,20070531,1000.0,20070726
136349.MI,MSCI瑞士伊斯兰中盘,MSCI,MSCI指数,规模指数,20070531,1000.0,20070726
136350.MI,MSCI英国伊斯兰,MSCI,MSCI指数,规模指数,20070531,1000.0,20070726
136351.MI,MSCI英国伊斯兰大盘,MSCI,MSCI指数,规模指数,20070531,1000.0,20070726
136352.MI,MSCI英国伊斯兰中盘,MSCI,MSCI指数,规模指数,20070531,1000.0,20070726
136353.MI,MSCI美国伊斯兰,MSCI,MSCI指数,规模指数,20070531,1000.0,20070726
136354.MI,MSCI美国伊斯兰大盘,MSCI,MSCI指数,规模指数,20070531,1000.0,20070726
136355.MI,MSCI美国伊斯兰中盘,MSCI,MSCI指数,规模指数,20070531,1000.0,20070726
136356.MI,MSCI阿根廷伊斯兰,MSCI,MSCI指数,规模指数,20070531,1000.0,20070726
136357.MI,MSCI阿根廷伊斯兰大盘,MSCI,MSCI指数,规模指数,20090529,1000.0,20070726
136358.MI,MSCI阿根廷伊斯兰中盘(退市),MSCI,MSCI指数,规模指数,20070531,1000.0,20070726
136359.MI,MSCI巴西伊斯兰,MSCI,MSCI指数,规模指数,20070531,1000.0,20070726
136360.MI,MSCI巴西伊斯兰大盘,MSCI,MSCI指数,规模指数,20070531,1000.0,20070726
136361.MI,MSCI巴西伊斯兰中盘,MSCI,MSCI指数,规模指数,20070531,1000.0,20070726
136362.MI,MSCI智利伊斯兰,MSCI,MSCI指数,规模指数,20070531,1000.0,20070726
136363.MI,MSCI智利伊斯兰大盘,MSCI,MSCI指数,规模指数,20070531,1000.0,20070726
136364.MI,MSCI智利伊斯兰中盘,MSCI,MSCI指数,规模指数,20070531,1000.0,20070726
136365.MI,MSCI中国伊斯兰,MSCI,MSCI指数,规模指数,20070531,1000.0,20070726
136366.MI,MSCI中国伊斯兰大盘,MSCI,MSCI指数,规模指数,20070531,1000.0,20070726
136367.MI,MSCI中国伊斯兰中盘,MSCI,MSCI指数,规模指数,20070531,1000.0,20070726
136368.MI,MSCI哥伦比亚伊斯兰,MSCI,MSCI指数,规模指数,20070531,1000.0,20070726
136369.MI,MSCI哥伦比亚伊斯兰大盘,MSCI,MSCI指数,规模指数,20070531,1000.0,20070726
136370.MI,MSCI哥伦比亚伊斯兰中盘,MSCI,MSCI指数,规模指数,20070531,1000.0,20070726
136371.MI,MSCI捷克共和国伊斯兰,MSCI,MSCI指数,规模指数,20070531,1000.0,20070726
136372.MI,MSCI捷克共和国伊斯兰大盘,MSCI,MSCI指数,规模指数,20070531,1000.0,20070726
136373.MI,MSCI捷克共和国伊斯兰中盘(退市),MSCI,MSCI指数,规模指数,,,20070726
136374.MI,MSCI埃及伊斯兰(退市),MSCI,MSCI指数,规模指数,20070531,1000.0,20070726
136375.MI,MSCI埃及伊斯兰大盘(退市),MSCI,MSCI指数,规模指数,20070531,1000.0,20070726
136376.MI,MSCI埃及伊斯兰中盘(退市),MSCI,MSCI指数,规模指数,20070531,1000.0,20070726
136377.MI,MSCI匈牙利伊斯兰,MSCI,MSCI指数,规模指数,20070531,1000.0,20070726
136378.MI,MSCI匈牙利伊斯兰大盘,MSCI,MSCI指数,规模指数,,,20070726
136379.MI,MSCI匈牙利伊斯兰中盘,MSCI,MSCI指数,规模指数,20201130,1000.0,20070726
136380.MI,MSCI印度伊斯兰,MSCI,MSCI指数,规模指数,20070531,1000.0,20070726
136381.MI,MSCI印度伊斯兰大盘,MSCI,MSCI指数,规模指数,20070531,1000.0,20070726
136382.MI,MSCI印度伊斯兰中盘,MSCI,MSCI指数,规模指数,20070531,1000.0,20070726
136383.MI,MSCI印度尼西亚伊斯兰,MSCI,MSCI指数,规模指数,20070531,1000.0,20070726
136384.MI,MSCI印度尼西亚伊斯兰大盘,MSCI,MSCI指数,规模指数,20070531,1000.0,20070726
136385.MI,MSCI印度尼西亚伊斯兰中盘,MSCI,MSCI指数,规模指数,20070531,1000.0,20070726
136386.MI,MSCI约旦伊斯兰,MSCI,MSCI指数,规模指数,20211130,1000.0,20070726
136387.MI,MSCI约旦伊斯兰大盘,MSCI,MSCI指数,规模指数,20220531,1000.0,20070726
136388.MI,MSCI约旦伊斯兰中盘,MSCI,MSCI指数,规模指数,20080829,1000.0,20070726
136389.MI,MSCI韩国伊斯兰,MSCI,MSCI指数,规模指数,20070531,1000.0,20070726
136390.MI,MSCI韩国伊斯兰大盘,MSCI,MSCI指数,规模指数,20070531,1000.0,20070726
136391.MI,MSCI韩国伊斯兰中盘,MSCI,MSCI指数,规模指数,20070531,1000.0,20070726
136392.MI,MSCI马来西亚伊斯兰,MSCI,MSCI指数,规模指数,20070531,1000.0,20070726
136393.MI,MSCI马来西亚伊斯兰大盘,MSCI,MSCI指数,规模指数,20070531,1000.0,20070726
136394.MI,MSCI马来西亚伊斯兰中盘,MSCI,MSCI指数,规模指数,20070531,1000.0,20070726
136395.MI,MSCI墨西哥伊斯兰,MSCI,MSCI指数,规模指数,20070531,1000.0,20070726
136396.MI,MSCI墨西哥伊斯兰大盘,MSCI,MSCI指数,规模指数,20070531,1000.0,20070726
136397.MI,MSCI墨西哥伊斯兰中盘,MSCI,MSCI指数,规模指数,20180831,1000.0,20070726
136398.MI,MSCI摩洛哥伊斯兰,MSCI,MSCI指数,规模指数,20070531,1000.0,20070726
136399.MI,MSCI摩洛哥伊斯兰大盘,MSCI,MSCI指数,规模指数,20200529,1000.0,20070726
136401.MI,MSCI巴基斯坦伊斯兰,MSCI,MSCI指数,规模指数,20210527,1000.0,20070726
136402.MI,MSCI巴基斯坦伊斯兰大盘,MSCI,MSCI指数,规模指数,,,20070726
136403.MI,MSCI巴基斯坦伊斯兰中盘,MSCI,MSCI指数,规模指数,20210527,1000.0,20070726
136404.MI,MSCI秘鲁伊斯兰,MSCI,MSCI指数,规模指数,20090831,1000.0,20070726
136405.MI,MSCI秘鲁伊斯兰大盘(退市),MSCI,MSCI指数,规模指数,20090831,1000.0,20070726
136406.MI,MSCI秘鲁伊斯兰中盘,MSCI,MSCI指数,规模指数,20130531,1000.0,20070726
136407.MI,MSCI菲律宾伊斯兰,MSCI,MSCI指数,规模指数,20070531,1000.0,20070726
136408.MI,MSCI菲律宾伊斯兰大盘,MSCI,MSCI指数,规模指数,20070531,1000.0,20070726
136409.MI,MSCI菲律宾伊斯兰中盘,MSCI,MSCI指数,规模指数,20220228,1000.0,20070726
136410.MI,MSCI波兰伊斯兰,MSCI,MSCI指数,规模指数,20070531,1000.0,20070726
136411.MI,MSCI波兰伊斯兰大盘,MSCI,MSCI指数,规模指数,20070531,1000.0,20070726
136412.MI,MSCI波兰伊斯兰中盘,MSCI,MSCI指数,规模指数,20070531,1000.0,20070726
136413.MI,MSCI俄罗斯伊斯兰,MSCI,MSCI指数,规模指数,20070531,1000.0,20070726
136414.MI,MSCI俄罗斯伊斯兰大盘,MSCI,MSCI指数,规模指数,20070531,1000.0,20070726
136415.MI,MSCI俄罗斯伊斯兰中盘,MSCI,MSCI指数,规模指数,20070531,1000.0,20070726
136416.MI,MSCI南非伊斯兰,MSCI,MSCI指数,规模指数,20070531,1000.0,20070726
136417.MI,MSCI南非伊斯兰大盘,MSCI,MSCI指数,规模指数,20070531,1000.0,20070726
136418.MI,MSCI南非伊斯兰中盘,MSCI,MSCI指数,规模指数,20070531,1000.0,20070726
136419.MI,MSCI台湾伊斯兰,MSCI,MSCI指数,规模指数,20070531,1000.0,20070726
136420.MI,MSCI台湾伊斯兰大盘,MSCI,MSCI指数,规模指数,20070531,1000.0,20070726
136421.MI,MSCI台湾伊斯兰中盘,MSCI,MSCI指数,规模指数,20070531,1000.0,20070726
136422.MI,MSCI泰国伊斯兰,MSCI,MSCI指数,规模指数,20070531,1000.0,20070726
136423.MI,MSCI泰国伊斯兰大盘,MSCI,MSCI指数,规模指数,20070531,1000.0,20070726
136424.MI,MSCI泰国伊斯兰中盘,MSCI,MSCI指数,规模指数,20070531,1000.0,20070726
136425.MI,MSCI土耳其伊斯兰,MSCI,MSCI指数,规模指数,20070531,1000.0,20070726
136426.MI,MSCI土耳其伊斯兰大盘,MSCI,MSCI指数,规模指数,20220531,1000.0,20070726
136427.MI,MSCI土耳其伊斯兰中盘,MSCI,MSCI指数,规模指数,20191126,1000.0,20070726
136428.MI,MSCI阿拉伯市场伊斯兰,MSCI,MSCI指数,规模指数,20070531,1000.0,20070726
136429.MI,MSCI阿拉伯市场(除沙特)伊斯兰,MSCI,MSCI指数,规模指数,20070531,1000.0,20070726
136430.MI,MSCI海合会伊斯兰,MSCI,MSCI指数,规模指数,20070531,1000.0,20070726
136431.MI,MSCI海合会(除沙特)伊斯兰,MSCI,MSCI指数,规模指数,20070531,1000.0,20070726
136432.MI,MSCI巴林国内伊斯兰,MSCI,MSCI指数,规模指数,20070531,1000.0,20070726
136433.MI,MSCI巴林伊斯兰,MSCI,MSCI指数,规模指数,20070531,1000.0,20070726
136434.MI,MSCI科威特国内伊斯兰,MSCI,MSCI指数,规模指数,20070531,1000.0,20070726
136435.MI,MSCI科威特伊斯兰,MSCI,MSCI指数,规模指数,20070531,1000.0,20070726
136436.MI,MSCI阿曼国内伊斯兰,MSCI,MSCI指数,规模指数,20070531,1000.0,20070726
136437.MI,MSCI阿曼伊斯兰,MSCI,MSCI指数,规模指数,20070531,1000.0,20070726
136438.MI,MSCI卡塔尔国内伊斯兰,MSCI,MSCI指数,规模指数,20070531,1000.0,20070726
136439.MI,MSCI卡塔尔伊斯兰,MSCI,MSCI指数,规模指数,20070531,1000.0,20070726
136440.MI,MSCI沙特阿拉伯国内伊斯兰,MSCI,MSCI指数,规模指数,20070531,1000.0,20070726
136442.MI,MSCI阿联酋境内市场伊斯兰,MSCI,MSCI指数,规模指数,20070531,1000.0,20070726
136443.MI,MSCI阿联酋伊斯兰,MSCI,MSCI指数,规模指数,20070531,1000.0,20070726
136484.MI,MSCI约旦+埃及+摩洛哥伊斯兰,MSCI,MSCI指数,规模指数,20070531,1000.0,20070726
136613.MI,MSCI亚洲APEX50,MSCI,MSCI指数,规模指数,20071130,1000.0,20071218
136614.MI,MSCI前沿市场,MSCI,MSCI指数,规模指数,20071130,1000.0,20071218
136615.MI,MSCI前沿市场(除海合会),MSCI,MSCI指数,规模指数,20071130,1000.0,20071218
136616.MI,MSCI中欧东欧前沿市场CIS,MSCI,MSCI指数,规模指数,20071130,1000.0,20071218
136617.MI,MSCI非洲前沿市场,MSCI,MSCI指数,规模指数,20071130,1000.0,20071218
136618.MI,MSCI欧非中东前沿市场,MSCI,MSCI指数,规模指数,20071130,1000.0,20071218
136619.MI,MSCI新兴前沿市场,MSCI,MSCI指数,规模指数,20071130,1000.0,20080207
136620.MI,MSCI中东欧新兴前沿市场CIS(CEEC),MSCI,MSCI指数,规模指数,20071130,1000.0,20080207
136621.MI,MSCI东欧新兴前沿市场(除俄),MSCI,MSCI指数,规模指数,20071130,1000.0,20080207
136622.MI,MSCI欧洲新兴前沿市场CIS,MSCI,MSCI指数,规模指数,20071130,1000.0,20080207
136623.MI,MSCI欧洲新兴前沿市场(除俄)CIS,MSCI,MSCI指数,规模指数,20071130,1000.0,20080207
136624.MI,MSCI欧非中东新兴前沿市场,MSCI,MSCI指数,规模指数,20071130,1000.0,20080207
136625.MI,MSCI非洲新兴前沿市场,MSCI,MSCI指数,规模指数,20071130,1000.0,20080207
136626.MI,MSCI非洲新兴前沿市场(除南非),MSCI,MSCI指数,规模指数,20071130,1000.0,20080207
136627.MI,MSCI亚洲新兴前沿市场,MSCI,MSCI指数,规模指数,20071130,1000.0,20080207
136628.MI,MSCI远东新兴前沿市场,MSCI,MSCI指数,规模指数,20071130,1000.0,20080207
136629.MI,MSCI全球+前沿市场,MSCI,MSCI指数,规模指数,20071130,1000.0,20080207
136630.MI,MSCI全球+前沿市场(除美国),MSCI,MSCI指数,规模指数,20071130,1000.0,20080207
136631.MI,MSCI全球+前沿市场(除日本),MSCI,MSCI指数,规模指数,20071130,1000.0,20080207
136632.MI,MSCI欧洲发达新兴及前沿市场CIS,MSCI,MSCI指数,规模指数,20071130,1000.0,20080207
136633.MI,MSCI亚洲发达新兴及前沿市场,MSCI,MSCI指数,规模指数,20071130,1000.0,20080207
136634.MI,MSCI保加利亚,MSCI,MSCI指数,规模指数,20071130,1000.0,20071218
136635.MI,MSCI克罗地亚,MSCI,MSCI指数,规模指数,20071130,1000.0,20071218
136636.MI,MSCI爱沙尼亚,MSCI,MSCI指数,规模指数,20071130,1000.0,20071218
136637.MI,MSCI哈萨克斯坦,MSCI,MSCI指数,规模指数,20071130,1000.0,20071218
136638.MI,MSCI立陶宛,MSCI,MSCI指数,规模指数,20080530,1000.0,20080701
136639.MI,MSCI罗马尼亚,MSCI,MSCI指数,规模指数,20071130,1000.0,20071218
136640.MI,MSCI斯洛文尼亚,MSCI,MSCI指数,规模指数,20071130,1000.0,20071218
136641.MI,MSCI乌克兰,MSCI,MSCI指数,规模指数,20071130,1000.0,20071218
136642.MI,MSCI黎巴嫩,MSCI,MSCI指数,规模指数,20071130,1000.0,20071218
136643.MI,MSCI肯尼亚,MSCI,MSCI指数,规模指数,20071130,1000.0,20071218
136644.MI,MSCI毛里求斯,MSCI,MSCI指数,规模指数,20071130,1000.0,20071218
136645.MI,MSCI尼日利亚,MSCI,MSCI指数,规模指数,20071130,1000.0,20071218
136646.MI,MSCI突尼斯,MSCI,MSCI指数,规模指数,20071130,1000.0,20071218
136647.MI,MSCI越南,MSCI,MSCI指数,规模指数,20071130,1000.0,20071218
137076.MI,MSCI科威特大盘,MSCI,MSCI指数,规模指数,20071130,1000.0,20080207
137077.MI,MSCI阿曼大盘,MSCI,MSCI指数,规模指数,20071130,1000.0,20080207
137078.MI,MSCI卡塔尔大盘,MSCI,MSCI指数,规模指数,20071130,1000.0,20080207
137079.MI,MSCI巴林大盘,MSCI,MSCI指数,规模指数,20071130,1000.0,20080207
137080.MI,MSCI阿联酋大盘,MSCI,MSCI指数,规模指数,20071130,1000.0,20080207
137081.MI,MSCI科威特中盘,MSCI,MSCI指数,规模指数,20071130,1000.0,20080207
137082.MI,MSCI阿曼中盘,MSCI,MSCI指数,规模指数,20071130,1000.0,20080207
137083.MI,MSCI卡塔尔中盘,MSCI,MSCI指数,规模指数,20071130,1000.0,20080207
137084.MI,MSCI巴林中盘,MSCI,MSCI指数,规模指数,20130531,1000.0,20080207
137085.MI,MSCI阿联酋中盘,MSCI,MSCI指数,规模指数,20071130,1000.0,20080207
137091.MI,MSCI科威特可投资,MSCI,MSCI指数,规模指数,20071130,1000.0,20080207
137092.MI,MSCI阿曼可投资,MSCI,MSCI指数,规模指数,20071130,1000.0,20080207
137093.MI,MSCI卡塔尔可投资,MSCI,MSCI指数,规模指数,20071130,1000.0,20080207
137094.MI,MSCI巴林可投资,MSCI,MSCI指数,规模指数,20071130,1000.0,20080207
137095.MI,MSCI阿联酋可投资,MSCI,MSCI指数,规模指数,20071130,1000.0,20080207
137096.MI,MSCI科威特国内大盘,MSCI,MSCI指数,规模指数,20071130,1000.0,20080207
137097.MI,MSCI阿曼国内大盘,MSCI,MSCI指数,规模指数,20071130,1000.0,20080207
137098.MI,MSCI卡塔尔国内大盘,MSCI,MSCI指数,规模指数,20071130,1000.0,20080207
137099.MI,MSCI巴林国内大盘,MSCI,MSCI指数,规模指数,20170831,1000.0,20080207
137100.MI,MSCI阿联酋境内市场大盘,MSCI,MSCI指数,规模指数,20071130,1000.0,20080207
137101.MI,MSCI沙特阿拉伯国内大盘,MSCI,MSCI指数,规模指数,20071130,1000.0,20080207
137102.MI,MSCI科威特国内中盘,MSCI,MSCI指数,规模指数,20071130,1000.0,20080207
137103.MI,MSCI阿曼国内中盘,MSCI,MSCI指数,规模指数,20071130,1000.0,20080207
137104.MI,MSCI卡塔尔国内中盘,MSCI,MSCI指数,规模指数,20071130,1000.0,20080207
137105.MI,MSCI巴林国内中盘,MSCI,MSCI指数,规模指数,20130531,1000.0,20080207
137106.MI,MSCI阿联酋境内市场中盘,MSCI,MSCI指数,规模指数,20071130,1000.0,20080207
137107.MI,MSCI沙特阿拉伯国内中盘,MSCI,MSCI指数,规模指数,20071130,1000.0,20080207
137114.MI,MSCI科威特国内可投资,MSCI,MSCI指数,规模指数,20071130,1000.0,20080207
137115.MI,MSCI阿曼国内可投资,MSCI,MSCI指数,规模指数,20071130,1000.0,20080207
137116.MI,MSCI卡塔尔国内可投资,MSCI,MSCI指数,规模指数,20071130,1000.0,20080207
137117.MI,MSCI巴林国内可投资,MSCI,MSCI指数,规模指数,20071130,1000.0,20080207
137118.MI,MSCI阿联酋境内市场可投资,MSCI,MSCI指数,规模指数,20071130,1000.0,20080207
137119.MI,MSCI沙特阿拉伯国内可投资,MSCI,MSCI指数,规模指数,20071130,1000.0,20080207
137120.MI,MSCI海合会(除沙特)大盘,MSCI,MSCI指数,规模指数,20071130,1000.0,20080207
137121.MI,MSCI海合会(除沙特)中盘,MSCI,MSCI指数,规模指数,20071130,1000.0,20080207
137123.MI,MSCI海合会(除沙特)可投资,MSCI,MSCI指数,规模指数,20071130,1000.0,20080207
137124.MI,MSCI阿拉伯市场(除沙特)大盘,MSCI,MSCI指数,规模指数,20071130,1000.0,20080207
137125.MI,MSCI阿拉伯市场(除沙特)中盘,MSCI,MSCI指数,规模指数,20071130,1000.0,20080207
137130.MI,MSCI阿拉伯市场可投资,MSCI,MSCI指数,规模指数,20071130,1000.0,20020531
137131.MI,MSCI阿拉伯市场中小盘,MSCI,MSCI指数,规模指数,20071130,1000.0,20020531
137133.MI,MSCI阿拉伯市场(除沙特)可投资,MSCI,MSCI指数,规模指数,20071130,1000.0,20020531
137134.MI,MSCI阿拉伯市场(除沙特)中小盘,MSCI,MSCI指数,规模指数,20071130,1000.0,20020531
137462.MI,MSCI全球农业&食品链(退市),MSCI,MSCI指数,一级行业指数,19981231,1000.0,20090317
137464.MI,MSCI发达市场农业及食品链(退市),MSCI,MSCI指数,一级行业指数,19981231,1000.0,20090317
137465.MI,MSCI发达市场农业及食品链限权重(退市),MSCI,MSCI指数,一级行业指数,19981231,1000.0,20090317
137467.MI,MSCI欧澳远东农业及食品链(退市),MSCI,MSCI指数,一级行业指数,19981231,1000.0,20090317
137468.MI,MSCI欧澳远东农业及食品链限权重(退市),MSCI,MSCI指数,一级行业指数,19981231,1000.0,20090317
137470.MI,MSCI欧洲农业&食品链(退市),MSCI,MSCI指数,一级行业指数,19981231,1000.0,20090317
137471.MI,MSCI欧洲农业&食品链限权重(退市),MSCI,MSCI指数,一级行业指数,19981231,1000.0,19981231
137473.MI,MSCI新兴市场农业&食品链(退市),MSCI,MSCI指数,一级行业指数,19981231,1000.0,20090317
137474.MI,MSCI新兴市场农业&食品链限权重(退市),MSCI,MSCI指数,一级行业指数,19981231,1000.0,20090317
137476.MI,MSCI亚洲(除日本)农业&食品链(退市),MSCI,MSCI指数,一级行业指数,19981231,1000.0,20090317
137477.MI,MSCI亚洲(除日本)农业&食品链限权重,MSCI,MSCI指数,一级行业指数,19981231,1000.0,20090317
137479.MI,MSCI美国农业及食品链,MSCI,MSCI指数,一级行业指数,19981231,1000.0,20090317
137480.MI,MSCI美国农业及食品链限权重,MSCI,MSCI指数,一级行业指数,19981231,1000.0,20090317
137482.MI,MSCI日本农业&食品链(退市),MSCI,MSCI指数,一级行业指数,19981231,1000.0,20090317
138385.MI,MSCI特里尼达和多巴哥伊斯兰(退市),MSCI,MSCI指数,规模指数,20090831,1000.0,20090901
138387.MI,MSCI美洲发达新兴及前沿市场,MSCI,MSCI指数,规模指数,20090529,1000.0,20090601
138388.MI,MSCI亚洲前沿市场,MSCI,MSCI指数,规模指数,20090529,1000.0,20090529
138399.MI,MSCI亚洲前沿市场伊斯兰,MSCI,MSCI指数,规模指数,20090529,1000.0,20090601
138410.MI,MSCI拉美&加勒比前沿市场,MSCI,MSCI指数,规模指数,20090529,1000.0,20090601
138421.MI,MSCI拉美&加勒比前沿市场伊斯兰,MSCI,MSCI指数,规模指数,20090529,1000.0,20090601
138432.MI,MSCI拉美+加勒比新兴前沿市场,MSCI,MSCI指数,规模指数,20090529,1000.0,20090601
138443.MI,MSCI拉美+加勒比新兴前沿市场伊斯兰,MSCI,MSCI指数,规模指数,20090529,1000.0,20090601
138464.MI,MSCI发达市场+以色列(退市),MSCI,MSCI指数,规模指数,20090529,1000.0,20090901
138465.MI,MSCI发达市场+以色列价值(退市),MSCI,MSCI指数,价值指数,20090529,1000.0,20090901
138466.MI,MSCI发达市场+以色列成长(退市),MSCI,MSCI指数,成长指数,20090529,1000.0,20090901
138467.MI,MSCI欧澳远东+以色列(退市),MSCI,MSCI指数,规模指数,20090529,1000.0,20090901
138468.MI,MSCI欧澳远东+以色列价值(退市),MSCI,MSCI指数,价值指数,20090529,1000.0,20090901
138469.MI,MSCI欧澳远东+以色列成长(退市),MSCI,MSCI指数,成长指数,20090529,1000.0,20090901
138470.MI,MSCI欧澳远东(除日本)+以色列(退市),MSCI,MSCI指数,规模指数,20090529,1000.0,20090901
138471.MI,MSCI欧澳远东(除日本)+以色列价值(退市),MSCI,MSCI指数,价值指数,20090529,1000.0,20090901
138472.MI,MSCI欧澳远东(除日本)+以色列成长(退市),MSCI,MSCI指数,成长指数,20090529,1000.0,20090901
138473.MI,MSCIKOKUSAI+以色列(退市),MSCI,MSCI指数,规模指数,20090529,1000.0,20090901
138474.MI,MSCIKOKUSAI+以色列价值(退市),MSCI,MSCI指数,价值指数,20090529,1000.0,20090901
138475.MI,MSCIKOKUSAI+以色列成长(退市),MSCI,MSCI指数,成长指数,20090529,1000.0,20090901
138476.MI,MSCI新兴市场(除以色列)(退市),MSCI,MSCI指数,规模指数,20090529,1000.0,20090529
138477.MI,MSCI新兴市场(除以色列)价值(退市),MSCI,MSCI指数,价值指数,20090529,1000.0,20090529
138478.MI,MSCI新兴市场(除以色列)成长(退市),MSCI,MSCI指数,成长指数,20090529,1000.0,20090529
138479.MI,MSCI欧非中东新兴市场(除以色列)(退市),MSCI,MSCI指数,规模指数,20090529,1000.0,20090529
138480.MI,MSCI欧非中东新兴市场(除以色列)价值(退市),MSCI,MSCI指数,价值指数,20090529,1000.0,20090529
138481.MI,MSCI欧非中东新兴市场(除以色列)成长(退市),MSCI,MSCI指数,成长指数,20090529,1000.0,20090529
138482.MI,MSCI海合会ACCESS大盘,MSCI,MSCI指数,规模指数,20071130,1000.0,20090901
138484.MI,MSCI阿拉伯境内(除沙特)伊斯兰,MSCI,MSCI指数,规模指数,20080530,1000.0,20090901
138485.MI,MSCI阿拉伯境内(除沙特)大盘,MSCI,MSCI指数,规模指数,20071130,1000.0,20090901
138486.MI,MSCI阿拉伯境内(除沙特)伊斯兰大盘,MSCI,MSCI指数,规模指数,20080530,1000.0,20090901
138487.MI,MSCI阿拉伯境内(除沙特)中盘,MSCI,MSCI指数,规模指数,20071130,1000.0,20090901
138488.MI,MSCI阿拉伯境内(除沙特)伊斯兰中盘,MSCI,MSCI指数,规模指数,20080530,1000.0,20090901
138491.MI,MSCI阿拉伯境内(除沙特)中小盘,MSCI,MSCI指数,规模指数,20071130,1000.0,20090901
138492.MI,MSCI阿拉伯境内(除沙特)伊斯兰中小盘,MSCI,MSCI指数,规模指数,20081125,1000.0,20090901
138493.MI,MSCI阿拉伯境内(除沙特)可投资,MSCI,MSCI指数,规模指数,20071130,1000.0,20090901
138494.MI,MSCI阿拉伯境内(除沙特)伊斯兰可投资,MSCI,MSCI指数,规模指数,20081125,1000.0,20090901
138695.MI,MSCI海合会ACCESS中盘,MSCI,MSCI指数,规模指数,20071130,1000.0,20090901
138696.MI,MSCI海合会ACCESS,MSCI,MSCI指数,规模指数,20071130,871.4915,20090901
138698.MI,MSCI海合会ACCESS中小盘,MSCI,MSCI指数,规模指数,20071130,1000.0,20090901
138699.MI,MSCI海合会ACCESS可投资,MSCI,MSCI指数,规模指数,20071130,1000.0,20090901
139002.MI,MSCI发达市场日卖空(退市),MSCI,MSCI指数,策略指数,,,20080925
139003.MI,MSCI发达市场每日杠杆2X(退市),MSCI,MSCI指数,策略指数,,,20080925
139004.MI,MSCI全球日卖空(退市),MSCI,MSCI指数,策略指数,,,20080925
139005.MI,MSCI全球每日杠杆2X(退市),MSCI,MSCI指数,策略指数,,,20080925
139006.MI,MSCI新兴市场日卖空(退市),MSCI,MSCI指数,策略指数,,,20080925
139007.MI,MSCI新兴市场每日杠杆2X(退市),MSCI,MSCI指数,策略指数,,,20080925
139010.MI,MSCI欧澳远东日卖空(退市),MSCI,MSCI指数,策略指数,,,20080925
139011.MI,MSCI欧澳远东每日杠杆2X(退市),MSCI,MSCI指数,策略指数,,,20080925
139013.MI,MSCI亚洲(除日本)每日杠杆2X(退市),MSCI,MSCI指数,策略指数,,,20080925
139014.MI,MSCI美国日卖空(退市),MSCI,MSCI指数,策略指数,,,20080925
139015.MI,MSCI美国每日杠杆2X(退市),MSCI,MSCI指数,策略指数,,,20080925
139038.MI,MSCI亚洲(除日本)等权重(退市),MSCI,MSCI指数,规模指数,19981231,1000.0,20080122
139044.MI,MSCI亚洲(除日本)商品生产者限权重(退市),MSCI,MSCI指数,规模指数,19981231,1000.0,20080430
139045.MI,MSCI亚洲(除日本)商品生产者(退市),MSCI,MSCI指数,规模指数,19981231,1000.0,20080430
139047.MI,MSCI欧澳和远东商品生产者限权重(退市),MSCI,MSCI指数,规模指数,19981231,1000.0,20080430
139048.MI,MSCI欧澳和远东商品生产者(退市),MSCI,MSCI指数,规模指数,19981231,1000.0,20080430
139050.MI,MSCI新兴市场商品生产者限权重(退市),MSCI,MSCI指数,规模指数,19981231,1000.0,20080430
139052.MI,MSCI新兴市场商品生产者(退市),MSCI,MSCI指数,规模指数,19981231,1000.0,20080430
139054.MI,MSCI欧洲商品生产者限权重(退市),MSCI,MSCI指数,规模指数,19981231,1000.0,20080430
139055.MI,MSCI欧洲商品生产者(退市),MSCI,MSCI指数,规模指数,19981231,1000.0,20080430
139133.MI,MSCI美国低波(美元)(退市),MSCI,MSCI指数,策略指数,19981231,986.1324,20080602
139177.MI,MSCI全球农业&食品链限权重(退市),MSCI,MSCI指数,一级行业指数,19981231,1000.0,20090317
139200.MI,MSCI中国A股在岸大盘(美元),MSCI,MSCI指数,规模指数,20091130,1000.0,20091201
139200L.MI,MSCI中国A股在岸大盘(人民币),MSCI,MSCI指数,规模指数,20091130,1000.0,20091201
139215.MI,MSCI中国A股在岸中盘(美元),MSCI,MSCI指数,规模指数,20091130,1000.0,20091201
139215L.MI,MSCI中国A股在岸中盘(人民币),MSCI,MSCI指数,规模指数,20091130,1000.0,20091201
139229.MI,MSCI中国A股在岸中小盘(美元),MSCI,MSCI指数,规模指数,20091130,1000.0,20091201
139229L.MI,MSCI中国A股在岸中小盘(人民币),MSCI,MSCI指数,规模指数,20091130,1000.0,20091201
139251.MI,MSCI中国A股在岸大中小盘(美元),MSCI,MSCI指数,规模指数,20091130,1000.0,20091201
139251L.MI,MSCI中国A股在岸大中小盘(人民币),MSCI,MSCI指数,规模指数,20091130,1000.0,20091201
139263.MI,MSCI中国A股在岸小盘,MSCI,MSCI指数,规模指数,20091130,1000.0,20091201
139263L.MI,MSCI中国A股在岸小盘(人民币),MSCI,MSCI指数,规模指数,20091130,1000.0,20091201
139276.MI,MSCI金龙A股在岸除B股,MSCI,MSCI指数,规模指数,,,20091201
139359.MI,MSCI金龙A股在岸,MSCI,MSCI指数,规模指数,,,20091201
139431.MI,MSCI中国A股在岸低波(美元),MSCI,MSCI指数,策略指数,20070531,1000.0,20120626
139431L.MI,MSCI中国A股在岸低波(人民币),MSCI,MSCI指数,策略指数,20070531,1000.0,20120626
139432.MI,MSCI中国低波(美元),MSCI,MSCI指数,策略指数,20070531,1000.0,20120626
139432L.MI,MSCI中国低波(Local),MSCI,MSCI指数,策略指数,20070531,1000.0,20120626
139599.MI,MSCI中国大盘(除A股B股),MSCI,MSCI指数,规模指数,20091130,1000.0,20091201
139600.MI,MSCI中国中盘(除A股B股),MSCI,MSCI指数,规模指数,20091130,1000.0,20091201
139601.MI,MSCI中国中小盘(除A股B股)(美元),MSCI,MSCI指数,规模指数,20091130,1000.0,20091201
139603.MI,MSCI中国小盘(除A股B股),MSCI,MSCI指数,规模指数,20091130,1000.0,20091201
139839.MI,MSCI海外中国大盘指数,MSCI,MSCI指数,规模指数,20080530,1000.0,20110907
139840.MI,MSCI海外中国中盘指数,MSCI,MSCI指数,规模指数,20080530,1000.0,20110907
139841.MI,MSCI海外中国小盘指数,MSCI,MSCI指数,规模指数,20080530,1000.0,20110907
139842.MI,MSCI海外中国中小指数,MSCI,MSCI指数,规模指数,20080530,1000.0,20110907
139843.MI,MSCI海外中国大中小指数,MSCI,MSCI指数,规模指数,20080530,1000.0,20110907
139844.MI,MSCI海外中国指数,MSCI,MSCI指数,规模指数,20080530,1000.0,20110907
139887.MI,MSCI环球中国大盘指数(退市),MSCI,MSCI指数,规模指数,,,20110907
139888.MI,MSCI环球中国中盘指数(退市),MSCI,MSCI指数,规模指数,,,20110907
139889.MI,MSCI环球中国小盘指数(退市),MSCI,MSCI指数,规模指数,,,20110907
139890.MI,MSCI环球中国中小盘指数(退市),MSCI,MSCI指数,规模指数,,,20110907
139891.MI,MSCI环球中国大中小盘指数(退市),MSCI,MSCI指数,规模指数,,,20110907
139892.MI,MSCI环球中国指数(退市),MSCI,MSCI指数,规模指数,,,20110907
140424.MI,MSCI海合会大盘,MSCI,MSCI指数,规模指数,20071130,1000.0,20080207
140425.MI,MSCI海合会中盘,MSCI,MSCI指数,规模指数,20071130,1000.0,20080207
140427.MI,MSCI海合会可投资,MSCI,MSCI指数,规模指数,20071130,1000.0,20080207
140428.MI,MSCI阿拉伯市场大盘,MSCI,MSCI指数,规模指数,20071130,1000.0,20080207
140429.MI,MSCI阿拉伯市场中盘,MSCI,MSCI指数,规模指数,20071130,1000.0,20080207
140934.MI,MSCI阿曼中小盘,MSCI,MSCI指数,规模指数,20071130,1000.0,20080701
140935.MI,MSCI阿联酋中小盘,MSCI,MSCI指数,规模指数,20071130,1000.0,20080701
140936.MI,MSCI巴林中小盘,MSCI,MSCI指数,规模指数,20071130,1000.0,20080701
140937.MI,MSCI科威特中小盘,MSCI,MSCI指数,规模指数,20071130,1000.0,20080701
140938.MI,MSCI卡塔尔中小盘,MSCI,MSCI指数,规模指数,20071130,1000.0,20080701
140939.MI,MSCI阿曼国内中小盘,MSCI,MSCI指数,规模指数,20071130,1000.0,20080701
140940.MI,MSCI阿联酋境内市场中小盘,MSCI,MSCI指数,规模指数,20071130,1000.0,20080701
140941.MI,MSCI巴林国内中小盘,MSCI,MSCI指数,规模指数,20071130,1000.0,20080701
140942.MI,MSCI科威特国内中小盘,MSCI,MSCI指数,规模指数,20071130,1000.0,20080701
140943.MI,MSCI卡塔尔国内中小盘,MSCI,MSCI指数,规模指数,20071130,1000.0,20080701
140944.MI,MSCI海合会中小盘,MSCI,MSCI指数,规模指数,20071130,1000.0,20080701
140945.MI,MSCI海合会(除沙特)中小盘,MSCI,MSCI指数,规模指数,20071130,1000.0,20080701
140948.MI,MSCI沙特阿拉伯国内中小盘,MSCI,MSCI指数,规模指数,20071130,1000.0,20080701
141311.MI,MSCI约旦+埃及+摩洛哥大盘,MSCI,MSCI指数,规模指数,20070531,1000.0,20080701
141322.MI,MSCI约旦+埃及+摩洛哥中盘,MSCI,MSCI指数,规模指数,20070531,1000.0,20080701
141368.MI,MSCI约旦+埃及+摩洛哥中小盘,MSCI,MSCI指数,规模指数,20070531,1000.0,20080701
141379.MI,MSCI约旦+埃及+摩洛哥可投资,MSCI,MSCI指数,规模指数,20070531,1000.0,20080701
141415.MI,MSCI塞尔维亚,MSCI,MSCI指数,规模指数,20080530,1000.0,20080701
141458.MI,MSCI全球/专业服务,MSCI,MSCI指数,三级行业指数,20080829,1000.0,20080901
141481.MI,MSCI中国A股在岸/专业服务,MSCI,MSCI指数,三级行业指数,20190528,1000.0,20091201
141528.MI,MSCI欧盟/专业服务,MSCI,MSCI指数,一级行业指数,20080829,1000.0,20080901
141541.MI,MSCI欧洲/专业服务,MSCI,MSCI指数,一级行业指数,20080829,1000.0,20080901
141662.MI,MSCI发达/专业服务,MSCI,MSCI指数,三级行业指数,20080829,1000.0,20080901
141997.MI,MSCI阿拉伯市场&非洲,MSCI,MSCI指数,规模指数,20071130,996.141,20081202
141998.MI,MSCI阿拉伯市场(除沙特)+非洲,MSCI,MSCI指数,规模指数,20071130,1000.0,20081202
141999.MI,MSCI阿拉伯市场(除沙特)+非洲大盘,MSCI,MSCI指数,规模指数,20071130,1000.0,20081202
142000.MI,MSCI阿拉伯市场(除沙特)+非洲中盘,MSCI,MSCI指数,规模指数,20071130,1000.0,20081202
142001.MI,MSCI阿拉伯市场&非洲大盘,MSCI,MSCI指数,规模指数,20071130,1000.0,20081202
142002.MI,MSCI阿拉伯市场&非洲中盘,MSCI,MSCI指数,规模指数,20071130,1000.0,20081202
142003.MI,MSCI阿拉伯国内,MSCI,MSCI指数,规模指数,20071130,1000.0,20081202
142004.MI,MSCI阿拉伯国内可投资,MSCI,MSCI指数,规模指数,20071130,1000.0,20081202
142008.MI,MSCI阿拉伯国内大盘,MSCI,MSCI指数,规模指数,20071130,1000.0,20081202
142009.MI,MSCI阿拉伯国内中盘,MSCI,MSCI指数,规模指数,20071130,1000.0,20081202
142011.MI,MSCI阿拉伯国内中小盘,MSCI,MSCI指数,规模指数,20071130,1000.0,20081202
142016.MI,MSCI海合会国内,MSCI,MSCI指数,规模指数,20071130,1000.0,20081202
142017.MI,MSCI海合会国内可投资,MSCI,MSCI指数,规模指数,20071130,1000.0,20081202
142018.MI,MSCI海合会国内伊斯兰,MSCI,MSCI指数,规模指数,20080530,1000.0,20081202
142019.MI,MSCI海合会国内伊斯兰大盘,MSCI,MSCI指数,规模指数,20080530,1000.0,20081202
142020.MI,MSCI海合会国内伊斯兰中盘,MSCI,MSCI指数,规模指数,20080530,1000.0,20081202
142021.MI,MSCI海合会国内大盘,MSCI,MSCI指数,规模指数,20071130,1000.0,20081202
142022.MI,MSCI海合会国内中盘,MSCI,MSCI指数,规模指数,20071130,1000.0,20081202
142024.MI,MSCI海合会国内中小盘,MSCI,MSCI指数,规模指数,20071130,1000.0,20081202
142025.MI,MSCI海合会(除沙特)伊斯兰大盘,MSCI,MSCI指数,规模指数,20080530,1000.0,20081202
142026.MI,MSCI海合会(除沙特)伊斯兰中盘,MSCI,MSCI指数,规模指数,20080530,1000.0,20081202
142027.MI,MSCI海合会伊斯兰大盘,MSCI,MSCI指数,规模指数,20080530,1000.0,20081202
142028.MI,MSCI海合会伊斯兰中盘,MSCI,MSCI指数,规模指数,20080530,1000.0,20081202
142029.MI,MSCI约旦+埃及+摩洛哥伊斯兰大盘,MSCI,MSCI指数,规模指数,20200529,1000.0,20081202
142030.MI,MSCI约旦+埃及+摩洛哥伊斯兰中盘,MSCI,MSCI指数,规模指数,20070531,1000.0,20081202
142943.MI,MSCI阿拉伯市场伊斯兰可投资,MSCI,MSCI指数,规模指数,20081125,1000.0,20081202
142944.MI,MSCI阿拉伯市场伊斯兰大盘,MSCI,MSCI指数,规模指数,20080530,1000.0,20081202
142945.MI,MSCI阿拉伯市场伊斯兰中盘,MSCI,MSCI指数,规模指数,20080530,1000.0,20081202
142947.MI,MSCI阿拉伯市场伊斯兰中小盘,MSCI,MSCI指数,规模指数,20081125,1000.0,20081202
142988.MI,MSCI阿根廷伊斯兰可投资(退市),MSCI,MSCI指数,规模指数,,,20020531
142990.MI,MSCI阿根廷伊斯兰中小盘(退市),MSCI,MSCI指数,规模指数,,,20020531
142991.MI,MSCI巴林伊斯兰可投资,MSCI,MSCI指数,规模指数,20081125,1000.0,20081202
142992.MI,MSCI巴林伊斯兰大盘,MSCI,MSCI指数,规模指数,20080530,1000.0,20081202
142993.MI,MSCI巴林伊斯兰中盘,MSCI,MSCI指数,规模指数,20130531,1000.0,20081202
142995.MI,MSCI巴林伊斯兰中小盘,MSCI,MSCI指数,规模指数,20081125,1000.0,20081202
142996.MI,MSCI巴西伊斯兰可投资,MSCI,MSCI指数,规模指数,20081125,1000.0,20081202
142998.MI,MSCI巴西伊斯兰中小盘,MSCI,MSCI指数,规模指数,20081125,1000.0,20081202
143009.MI,MSCI金砖四国伊斯兰可投资,MSCI,MSCI指数,规模指数,20081125,1000.0,20081202
143011.MI,MSCI金砖四国伊斯兰中小盘,MSCI,MSCI指数,规模指数,20081125,1000.0,20081202
143062.MI,MSCI保加利亚伊斯兰(退市),MSCI,MSCI指数,规模指数,20090831,1000.0,20081202
143063.MI,MSCI智利伊斯兰可投资,MSCI,MSCI指数,规模指数,20081125,1000.0,20081202
143065.MI,MSCI智利伊斯兰中小盘,MSCI,MSCI指数,规模指数,20081125,1000.0,20081202
143066.MI,MSCI中国伊斯兰可投资,MSCI,MSCI指数,规模指数,20081125,1000.0,20081202
143068.MI,MSCI中国伊斯兰中小盘,MSCI,MSCI指数,规模指数,20081125,1000.0,20081202
143069.MI,MSCI哥伦比亚伊斯兰可投资,MSCI,MSCI指数,规模指数,20081125,1000.0,20081202
143071.MI,MSCI哥伦比亚伊斯兰中小盘,MSCI,MSCI指数,规模指数,20081125,1000.0,20081202
143072.MI,MSCI克罗地亚伊斯兰,MSCI,MSCI指数,规模指数,20081125,1000.0,20081202
143073.MI,MSCI捷克共和国伊斯兰可投资,MSCI,MSCI指数,规模指数,20081125,1000.0,20081202
143075.MI,MSCI捷克共和国伊斯兰中小盘,MSCI,MSCI指数,规模指数,20081125,1000.0,20081202
143076.MI,MSCI新兴前沿市场伊斯兰,MSCI,MSCI指数,规模指数,20081125,1000.0,20081202
143077.MI,MSCI非洲新兴前沿市场(除南非)伊斯兰,MSCI,MSCI指数,规模指数,20081125,1000.0,20081202
143078.MI,MSCI非洲新兴前沿市场伊斯兰,MSCI,MSCI指数,规模指数,20081125,1000.0,20081202
143099.MI,MSCI亚洲新兴前沿市场伊斯兰,MSCI,MSCI指数,规模指数,20081125,1000.0,20081202
143100.MI,MSCI东欧新兴前沿市场(除俄)伊斯兰,MSCI,MSCI指数,规模指数,20081125,1000.0,20081202
143101.MI,MSCI东欧新兴前沿市场伊斯兰,MSCI,MSCI指数,规模指数,20081125,1000.0,20081202
143112.MI,MSCI欧非中东新兴前沿市场伊斯兰,MSCI,MSCI指数,规模指数,20081125,1000.0,20081202
143113.MI,MSCI欧洲新兴前沿市场(除俄)CIS伊斯兰,MSCI,MSCI指数,规模指数,20081125,1000.0,20081202
143114.MI,MSCI欧洲新兴前沿市场CIS伊斯兰,MSCI,MSCI指数,规模指数,20081125,1000.0,20081202
143115.MI,MSCI远东新兴前沿市场伊斯兰,MSCI,MSCI指数,规模指数,20081125,1000.0,20081202
143116.MI,MSCI埃及伊斯兰可投资,MSCI,MSCI指数,规模指数,20081125,1000.0,20081202
143118.MI,MSCI埃及伊斯兰中小盘,MSCI,MSCI指数,规模指数,20081125,1000.0,20081202
143119.MI,MSCI新兴市场伊斯兰可投资,MSCI,MSCI指数,规模指数,20081125,1000.0,20081202
143121.MI,MSCI新兴市场伊斯兰中小盘,MSCI,MSCI指数,规模指数,20081125,1000.0,20081202
143122.MI,MSCI亚洲新兴市场伊斯兰可投资,MSCI,MSCI指数,规模指数,20081125,1000.0,20081202
143123.MI,MSCI亚洲新兴市场伊斯兰中小盘,MSCI,MSCI指数,规模指数,20081125,1000.0,20081202
143125.MI,MSCI东欧新兴市场伊斯兰可投资,MSCI,MSCI指数,规模指数,20081125,1000.0,20081202
143127.MI,MSCI东欧新兴市场伊斯兰中小盘,MSCI,MSCI指数,规模指数,20081125,1000.0,20081202
143138.MI,MSCI欧非中东新兴市场伊斯兰可投资,MSCI,MSCI指数,规模指数,20081125,1000.0,20081202
143140.MI,MSCI欧非中东新兴市场伊斯兰中小盘,MSCI,MSCI指数,规模指数,20081125,1000.0,20081202
143191.MI,MSCI欧洲&中东新兴市场伊斯兰可投资,MSCI,MSCI指数,规模指数,20081125,1000.0,20081202
143193.MI,MSCI欧洲&中东新兴市场伊斯兰中小盘,MSCI,MSCI指数,规模指数,20081125,1000.0,20081202
143234.MI,MSCI欧洲新兴市场伊斯兰可投资,MSCI,MSCI指数,规模指数,20081125,1000.0,20081202
143236.MI,MSCI欧洲新兴市场伊斯兰中小盘,MSCI,MSCI指数,规模指数,20081125,1000.0,20081202
143237.MI,MSCI远东新兴市场伊斯兰可投资,MSCI,MSCI指数,规模指数,20081125,1000.0,20081202
143239.MI,MSCI远东新兴市场伊斯兰中小盘,MSCI,MSCI指数,规模指数,20081125,1000.0,20081202
143290.MI,MSCI拉美新兴市场伊斯兰可投资,MSCI,MSCI指数,规模指数,20081125,1000.0,20081202
143292.MI,MSCI拉美新兴市场伊斯兰中小盘,MSCI,MSCI指数,规模指数,20081125,1000.0,20081202
143293.MI,MSCI爱沙尼亚伊斯兰,MSCI,MSCI指数,规模指数,,,20081202
143294.MI,MSCI前沿市场伊斯兰,MSCI,MSCI指数,规模指数,20081125,1000.0,20081202
143295.MI,MSCI非洲前沿市场伊斯兰,MSCI,MSCI指数,规模指数,20081125,1000.0,20081202
143306.MI,MSCI东欧前沿市场伊斯兰,MSCI,MSCI指数,规模指数,20081125,1000.0,20081202
143317.MI,MSCI欧非中东前沿市场伊斯兰,MSCI,MSCI指数,规模指数,20081125,1000.0,20081202
143328.MI,MSCI前沿市场(除海合会)伊斯兰,MSCI,MSCI指数,规模指数,20081125,1000.0,20081202
143349.MI,MSCI海合会国内伊斯兰可投资,MSCI,MSCI指数,规模指数,20081125,1000.0,20081202
143351.MI,MSCI海合会国内伊斯兰中小盘,MSCI,MSCI指数,规模指数,20081125,1000.0,20081202
143352.MI,MSCI海合会(除沙特)伊斯兰中小盘,MSCI,MSCI指数,规模指数,20081125,1000.0,20081202
143353.MI,MSCI海合会(除沙特)伊斯兰可投资,MSCI,MSCI指数,规模指数,20081125,1000.0,20081202
143355.MI,MSCI海合会伊斯兰可投资,MSCI,MSCI指数,规模指数,20081125,1000.0,20081202
143357.MI,MSCI海合会伊斯兰中小盘,MSCI,MSCI指数,规模指数,20081125,1000.0,20081202
143358.MI,MSCI匈牙利伊斯兰可投资,MSCI,MSCI指数,规模指数,20081125,1000.0,20081202
143360.MI,MSCI匈牙利伊斯兰中小盘,MSCI,MSCI指数,规模指数,20140228,1000.0,20081202
143361.MI,MSCI印度伊斯兰可投资,MSCI,MSCI指数,规模指数,20081125,1000.0,20081202
143363.MI,MSCI印度伊斯兰中小盘,MSCI,MSCI指数,规模指数,20081125,1000.0,20081202
143364.MI,MSCI印度尼西亚伊斯兰可投资,MSCI,MSCI指数,规模指数,20081125,1000.0,20081202
143366.MI,MSCI印度尼西亚伊斯兰中小盘,MSCI,MSCI指数,规模指数,20081125,1000.0,20081202
143367.MI,MSCI约旦+埃及+摩洛哥伊斯兰可投资(退市),MSCI,MSCI指数,规模指数,20081125,1000.0,20020531
143369.MI,MSCI约旦+埃及+摩洛哥伊斯兰中小盘(退市),MSCI,MSCI指数,规模指数,20081125,1000.0,20020531
143370.MI,MSCI约旦伊斯兰可投资(退市),MSCI,MSCI指数,规模指数,20081125,1000.0,20020531
143372.MI,MSCI约旦伊斯兰中小盘(退市),MSCI,MSCI指数,规模指数,20081125,1000.0,20020531
143374.MI,MSCI肯尼亚伊斯兰,MSCI,MSCI指数,规模指数,20081125,1000.0,20081202
143375.MI,MSCI韩国伊斯兰可投资,MSCI,MSCI指数,规模指数,20081125,1000.0,20081202
143377.MI,MSCI韩国伊斯兰中小盘,MSCI,MSCI指数,规模指数,20081125,1000.0,20081202
143378.MI,MSCI科威特伊斯兰可投资,MSCI,MSCI指数,规模指数,20081125,1000.0,20081202
143379.MI,MSCI科威特伊斯兰大盘,MSCI,MSCI指数,规模指数,20080530,1000.0,20081202
143380.MI,MSCI科威特伊斯兰中盘,MSCI,MSCI指数,规模指数,20080530,1000.0,20081202
143382.MI,MSCI科威特伊斯兰中小盘,MSCI,MSCI指数,规模指数,20081125,1000.0,20081202
143383.MI,MSCI黎巴嫩伊斯兰(退市),MSCI,MSCI指数,规模指数,20081125,1000.0,20081202
143384.MI,MSCI立陶宛伊斯兰,MSCI,MSCI指数,规模指数,20081125,1000.0,20081202
143385.MI,MSCI马来西亚伊斯兰可投资,MSCI,MSCI指数,规模指数,20081125,1000.0,20081202
143387.MI,MSCI马来西亚伊斯兰中小盘,MSCI,MSCI指数,规模指数,20081125,1000.0,20081202
143389.MI,MSCI墨西哥伊斯兰可投资,MSCI,MSCI指数,规模指数,20081125,1000.0,20081202
143391.MI,MSCI墨西哥伊斯兰中小盘,MSCI,MSCI指数,规模指数,20081125,1000.0,20081202
143392.MI,MSCI摩洛哥伊斯兰可投资(退市),MSCI,MSCI指数,规模指数,20081125,1000.0,20020531
143394.MI,MSCI摩洛哥伊斯兰中小盘(退市),MSCI,MSCI指数,规模指数,20081125,1000.0,20020531
143395.MI,MSCI尼日利亚伊斯兰,MSCI,MSCI指数,规模指数,20120229,1000.0,20081202
143396.MI,MSCI阿曼伊斯兰可投资,MSCI,MSCI指数,规模指数,20081125,1000.0,20081202
143397.MI,MSCI阿曼伊斯兰大盘,MSCI,MSCI指数,规模指数,20080530,1000.0,20081202
143398.MI,MSCI阿曼伊斯兰中盘,MSCI,MSCI指数,规模指数,20080530,1000.0,20081202
143400.MI,MSCI阿曼伊斯兰中小盘,MSCI,MSCI指数,规模指数,20081125,1000.0,20081202
143401.MI,MSCI巴基斯坦伊斯兰可投资(退市),MSCI,MSCI指数,规模指数,,,20020531
143403.MI,MSCI巴基斯坦伊斯兰中小盘(退市),MSCI,MSCI指数,规模指数,,,20020531
143404.MI,MSCI秘鲁伊斯兰可投资,MSCI,MSCI指数,规模指数,20081125,1000.0,20081202
143406.MI,MSCI秘鲁伊斯兰中小盘,MSCI,MSCI指数,规模指数,20081125,1000.0,20081202
143407.MI,MSCI菲律宾伊斯兰可投资,MSCI,MSCI指数,规模指数,20081125,1000.0,20081202
143409.MI,MSCI菲律宾伊斯兰中小盘,MSCI,MSCI指数,规模指数,20081125,1000.0,20081202
143410.MI,MSCI波兰伊斯兰可投资,MSCI,MSCI指数,规模指数,20081125,1000.0,20081202
143412.MI,MSCI波兰伊斯兰中小盘,MSCI,MSCI指数,规模指数,20081125,1000.0,20081202
143413.MI,MSCI卡塔尔伊斯兰可投资,MSCI,MSCI指数,规模指数,20081125,1000.0,20081202
143415.MI,MSCI卡塔尔伊斯兰中小盘,MSCI,MSCI指数,规模指数,20081125,1000.0,20081202
143416.MI,MSCI卡塔尔伊斯兰大盘,MSCI,MSCI指数,规模指数,20080530,1000.0,20081202
143417.MI,MSCI卡塔尔伊斯兰中盘,MSCI,MSCI指数,规模指数,20090227,1000.0,20081202
143418.MI,MSCI罗马尼亚伊斯兰,MSCI,MSCI指数,规模指数,20081125,1000.0,20081202
143419.MI,MSCI俄罗斯伊斯兰可投资,MSCI,MSCI指数,规模指数,20081125,1000.0,20081202
143421.MI,MSCI俄罗斯伊斯兰中小盘,MSCI,MSCI指数,规模指数,20081125,1000.0,20081202
143422.MI,MSCI沙特阿拉伯国内伊斯兰可投资,MSCI,MSCI指数,规模指数,20081125,1000.0,20081202
143423.MI,MSCI沙特阿拉伯国内伊斯兰大盘,MSCI,MSCI指数,规模指数,20080530,1000.0,20081202
143424.MI,MSCI沙特阿拉伯国内伊斯兰中盘,MSCI,MSCI指数,规模指数,20080530,1000.0,20081202
143426.MI,MSCI沙特阿拉伯国内伊斯兰中小盘,MSCI,MSCI指数,规模指数,20081125,1000.0,20081202
143428.MI,MSCI斯洛文尼亚伊斯兰,MSCI,MSCI指数,规模指数,20081125,1000.0,20081202
143429.MI,MSCI南非伊斯兰可投资,MSCI,MSCI指数,规模指数,20081125,1000.0,20081202
143431.MI,MSCI南非伊斯兰中小盘,MSCI,MSCI指数,规模指数,20081125,1000.0,20081202
143432.MI,MSCI斯里兰卡伊斯兰(退市),MSCI,MSCI指数,规模指数,,,20081202
143433.MI,MSCI台湾伊斯兰可投资,MSCI,MSCI指数,规模指数,20081125,1000.0,20081202
143435.MI,MSCI台湾伊斯兰中小盘,MSCI,MSCI指数,规模指数,20081125,1000.0,20081202
143436.MI,MSCI泰国伊斯兰可投资,MSCI,MSCI指数,规模指数,20081125,1000.0,20081202
143438.MI,MSCI泰国伊斯兰中小盘,MSCI,MSCI指数,规模指数,20081125,1000.0,20081202
143440.MI,MSCI土耳其伊斯兰可投资,MSCI,MSCI指数,规模指数,20081125,1000.0,20081202
143442.MI,MSCI土耳其伊斯兰中小盘,MSCI,MSCI指数,规模指数,20081125,1000.0,20081202
143443.MI,MSCI乌克兰伊斯兰(退市),MSCI,MSCI指数,规模指数,20081125,1000.0,20081202
143444.MI,MSCI阿联酋伊斯兰可投资,MSCI,MSCI指数,规模指数,20081125,1000.0,20081202
143446.MI,MSCI阿联酋伊斯兰中小盘,MSCI,MSCI指数,规模指数,20081125,1000.0,20081202
143447.MI,MSCI阿联酋伊斯兰大盘,MSCI,MSCI指数,规模指数,20220531,1000.0,20081202
143448.MI,MSCI阿联酋伊斯兰中盘,MSCI,MSCI指数,规模指数,20170831,1000.0,20081202
143449.MI,MSCI越南伊斯兰,MSCI,MSCI指数,规模指数,20081125,1000.0,20081202
143600.MI,MSCI阿拉伯国内伊斯兰,MSCI,MSCI指数,规模指数,20080530,1000.0,20081202
143601.MI,MSCI阿拉伯国内伊斯兰大盘,MSCI,MSCI指数,规模指数,20080530,1000.0,20081202
143602.MI,MSCI阿拉伯国内伊斯兰中盘,MSCI,MSCI指数,规模指数,20080530,1000.0,20081202
143603.MI,MSCI阿拉伯国内伊斯兰可投资,MSCI,MSCI指数,规模指数,20081125,1000.0,20081202
143605.MI,MSCI阿拉伯国内伊斯兰中小盘,MSCI,MSCI指数,规模指数,20081125,1000.0,20081202
143656.MI,MSCI阿拉伯市场(除沙特)伊斯兰大盘,MSCI,MSCI指数,规模指数,20080530,1000.0,20081202
143657.MI,MSCI阿拉伯市场(除沙特)伊斯兰中盘,MSCI,MSCI指数,规模指数,20080530,1000.0,20081202
143658.MI,MSCI阿拉伯市场(除沙特)伊斯兰中小盘,MSCI,MSCI指数,规模指数,20081125,1000.0,20081202
143660.MI,MSCI阿拉伯市场(除沙特)伊斯兰可投资,MSCI,MSCI指数,规模指数,20081125,1000.0,20081202
143771.MI,MSCI阿联酋境内市场伊斯兰大盘,MSCI,MSCI指数,规模指数,20080530,1000.0,20081202
143772.MI,MSCI阿联酋境内市场伊斯兰中盘,MSCI,MSCI指数,规模指数,20080530,1000.0,20081202
143774.MI,MSCI阿联酋境内市场伊斯兰中小盘,MSCI,MSCI指数,规模指数,20081125,1000.0,20081202
143775.MI,MSCI阿联酋境内市场伊斯兰可投资,MSCI,MSCI指数,规模指数,20081125,1000.0,20081202
143776.MI,MSCI卡塔尔国内伊斯兰大盘,MSCI,MSCI指数,规模指数,20080530,1000.0,20081202
143777.MI,MSCI卡塔尔国内伊斯兰中盘,MSCI,MSCI指数,规模指数,20090227,1000.0,20081202
143779.MI,MSCI卡塔尔国内伊斯兰中小盘,MSCI,MSCI指数,规模指数,20081125,1000.0,20081202
143780.MI,MSCI卡塔尔国内伊斯兰可投资,MSCI,MSCI指数,规模指数,20081125,1000.0,20081202
143781.MI,MSCI阿曼国内伊斯兰大盘,MSCI,MSCI指数,规模指数,20080530,1000.0,20081202
143782.MI,MSCI阿曼国内伊斯兰中盘,MSCI,MSCI指数,规模指数,20080530,1000.0,20081202
143784.MI,MSCI阿曼国内伊斯兰中小盘,MSCI,MSCI指数,规模指数,20081125,1000.0,20081202
143785.MI,MSCI阿曼国内伊斯兰可投资,MSCI,MSCI指数,规模指数,20081125,1000.0,20081202
143786.MI,MSCI科威特国内伊斯兰大盘,MSCI,MSCI指数,规模指数,20080530,1000.0,20081202
143787.MI,MSCI科威特国内伊斯兰中盘,MSCI,MSCI指数,规模指数,20080530,1000.0,20081202
143789.MI,MSCI科威特国内伊斯兰中小盘,MSCI,MSCI指数,规模指数,20081125,1000.0,20081202
143790.MI,MSCI科威特国内伊斯兰可投资,MSCI,MSCI指数,规模指数,20081125,1000.0,20081202
143791.MI,MSCI巴林国内伊斯兰大盘,MSCI,MSCI指数,规模指数,20220531,1000.0,20081202
143792.MI,MSCI巴林国内伊斯兰中盘,MSCI,MSCI指数,规模指数,20130531,1000.0,20081202
143794.MI,MSCI巴林国内伊斯兰中小盘,MSCI,MSCI指数,规模指数,20081125,1000.0,20081202
143795.MI,MSCI巴林国内伊斯兰可投资,MSCI,MSCI指数,规模指数,20081125,1000.0,20081202
143852.MI,MSCI全球+前沿市场(除美国)可投资,MSCI,MSCI指数,规模指数,20070531,1000.0,20090317
143853.MI,MSCI全球+前沿市场(除日本)可投资,MSCI,MSCI指数,规模指数,20070531,1000.0,20090317
143854.MI,MSCI欧洲发达新兴及前沿市场CIS可投资,MSCI,MSCI指数,规模指数,20070531,1000.0,20090317
143855.MI,MSCI亚洲发达新兴及前沿市场可投资,MSCI,MSCI指数,规模指数,20070531,1000.0,20090317
143856.MI,MSCI东欧新兴市场(除俄)大盘,MSCI,MSCI指数,规模指数,20070531,1000.0,20090317
143857.MI,MSCI东欧新兴市场(除俄)中盘,MSCI,MSCI指数,规模指数,20070531,1000.0,20090317
143859.MI,MSCI东欧新兴市场(除俄)中小盘,MSCI,MSCI指数,规模指数,20070531,1000.0,20090317
143860.MI,MSCI东欧新兴市场(除俄)可投资,MSCI,MSCI指数,规模指数,20070531,1000.0,20090317
143861.MI,MSCI东欧新兴市场(除俄)价值,MSCI,MSCI指数,价值指数,20070531,1000.0,20090317
143862.MI,MSCI东欧新兴市场(除俄)成长,MSCI,MSCI指数,成长指数,20070531,1000.0,20090317
143863.MI,MSCI东欧新兴市场(除俄)大盘价值,MSCI,MSCI指数,价值指数,20070531,1000.0,20090317
143864.MI,MSCI东欧新兴市场(除俄)大盘成长,MSCI,MSCI指数,成长指数,20070531,1000.0,20090317
143865.MI,MSCI东欧新兴市场(除俄)中盘价值,MSCI,MSCI指数,价值指数,20070531,1000.0,20090317
143866.MI,MSCI东欧新兴市场(除俄)中盘成长,MSCI,MSCI指数,成长指数,20070531,1000.0,20090317
143869.MI,MSCI东欧新兴市场(除俄)中小盘价值,MSCI,MSCI指数,价值指数,20070531,1000.0,20090317
143870.MI,MSCI东欧新兴市场(除俄)中小盘成长,MSCI,MSCI指数,成长指数,20070531,1000.0,20090317
143871.MI,MSCI东欧新兴市场(除俄)可投资价值,MSCI,MSCI指数,价值指数,20070531,1000.0,20090317
143872.MI,MSCI东欧新兴市场(除俄)可投资成长,MSCI,MSCI指数,成长指数,20070531,1000.0,20090317
143873.MI,MSCI东欧新兴市场(除俄)伊斯兰,MSCI,MSCI指数,规模指数,20070531,1000.0,20090317
143874.MI,MSCI东欧新兴市场(除俄)伊斯兰大盘,MSCI,MSCI指数,规模指数,20070531,1000.0,20090317
143875.MI,MSCI东欧新兴市场(除俄)伊斯兰中盘,MSCI,MSCI指数,规模指数,20070531,1000.0,20090317
143877.MI,MSCI东欧新兴市场(除俄)伊斯兰中小盘,MSCI,MSCI指数,规模指数,20070531,1000.0,20090317
143878.MI,MSCI东欧新兴市场(除俄)伊斯兰可投资,MSCI,MSCI指数,规模指数,20070531,1000.0,20090317
144097.MI,MSCI EAFE除以色列指数(美元),MSCI,MSCI指数,主题指数,20100526,1000.0,20100527
144417.MI,MSCIEAFE全盘指数(美元),MSCI,MSCI指数,主题指数,20101130,1000.0,20101201
144473.MI,MSCIAC亚太地区全市值指数(美元),MSCI,MSCI指数,主题指数,20101130,1000.0,20101201
144504.MI,MSCI阿根廷可投资,MSCI,MSCI指数,规模指数,20101130,1000.0,20101201
144538.MI,MSCI巴基斯坦可投资,MSCI,MSCI指数,规模指数,20101130,1000.0,20101201
145289.MI,MSCIAC远东IMI伊斯兰指数(美元),MSCI,MSCI指数,主题指数,20120229,1000.0,20120704
145820.MI,MSCI中国A股在岸公司质量(美元),MSCI,MSCI指数,策略指数,20080530,1000.0,20130712
145820L.MI,MSCI中国A股在岸公司质量(人民币),MSCI,MSCI指数,策略指数,20080530,1000.0,20130712
146596.MI,MSCI巴基斯坦成长,MSCI,MSCI指数,成长指数,,,20170601
146597.MI,MSCI巴基斯坦可投资成长,MSCI,MSCI指数,成长指数,,,20170601
146599.MI,MSCI巴基斯坦可投资价值,MSCI,MSCI指数,价值指数,,,20170601
146602.MI,MSCI巴基斯坦中盘成长,MSCI,MSCI指数,成长指数,,,20170601
146603.MI,MSCI巴基斯坦中盘价值,MSCI,MSCI指数,价值指数,,,20170601
146607.MI,MSCI巴基斯坦中小盘,MSCI,MSCI指数,规模指数,20170531,1000.0,20170601
146609.MI,MSCI巴基斯坦中小盘成长,MSCI,MSCI指数,成长指数,,,20170601
146610.MI,MSCI巴基斯坦中小盘价值,MSCI,MSCI指数,价值指数,,,20170601
146611.MI,MSCI巴基斯坦价值,MSCI,MSCI指数,价值指数,,,20170601
148402.MI,MSCI中国A股在岸/环境,MSCI,MSCI指数,三级行业指数,20181130,1000.0,20181203
149106.MI,MSCI阿根廷价值,MSCI,MSCI指数,价值指数,,,20190529
149108.MI,MSCI阿根廷中盘价值,MSCI,MSCI指数,价值指数,,,20190529
149110.MI,MSCI阿根廷可投资价值,MSCI,MSCI指数,价值指数,,,20190529
149111.MI,MSCI阿根廷中小盘价值,MSCI,MSCI指数,价值指数,,,20190529
149112.MI,MSCI阿根廷成长,MSCI,MSCI指数,成长指数,,,20190529
149114.MI,MSCI阿根廷中盘成长,MSCI,MSCI指数,成长指数,,,20190529
149116.MI,MSCI阿根廷可投资成长,MSCI,MSCI指数,成长指数,,,20190529
149117.MI,MSCI阿根廷中小盘成长,MSCI,MSCI指数,成长指数,,,20190529
149118.MI,MSCI阿根廷中小盘,MSCI,MSCI指数,规模指数,20190528,1000.0,20190529
20200080.PI,中国年金指数B0010,OTH,中国年金指数有限公司,主题指数,20040430,1000.0,20040430
20208000.PI,中国年金指数B0090,OTH,中国年金指数有限公司,主题指数,20040430,1000.0,20040430
20307000.PI,中国年金指数B0080,OTH,中国年金指数有限公司,主题指数,20040430,1000.0,20040430
20351550.PI,中国年金指数B0020,OTH,中国年金指数有限公司,主题指数,20040430,1000.0,20040430
20406000.PI,中国年金指数B0070,OTH,中国年金指数有限公司,主题指数,20040430,1000.0,20040430
20503020.PI,中国年金指数B0030,OTH,中国年金指数有限公司,主题指数,20040430,1000.0,20040430
20505000.PI,中国年金指数B0060,OTH,中国年金指数有限公司,主题指数,20040430,1000.0,20040430
20603505.PI,中国年金指数B0040,OTH,中国年金指数有限公司,主题指数,20040430,1000.0,20040430
20604000.PI,中国年金指数B0050,OTH,中国年金指数有限公司,主题指数,20040430,1000.0,20040430
300000.MI,MSCI欧盟+英国价值,MSCI,MSCI指数,价值指数,20001229,1000.0,20070605
300001.MI,MSCI欧洲(除欧盟)价值,MSCI,MSCI指数,价值指数,20001229,1000.0,20070605
300002.MI,MSCI欧洲(除德国)价值,MSCI,MSCI指数,价值指数,20001229,1000.0,20070605
300003.MI,MSCI欧洲(除瑞士)价值,MSCI,MSCI指数,价值指数,20001229,1000.0,20070605
300004.MI,MSCI欧洲(除英国瑞士)价值,MSCI,MSCI指数,价值指数,20001229,1000.0,20070605
300005.MI,MSCI发达市场(除欧盟)价值,MSCI,MSCI指数,价值指数,20001229,1000.0,20070605
300006.MI,MSCI发达市场(除欧洲)价值,MSCI,MSCI指数,价值指数,20001229,1000.0,20070605
300007.MI,MSCI全球(除澳)价值,MSCI,MSCI指数,价值指数,20001229,1000.0,20070605
300008.MI,MSCI全球(除欧盟)价值,MSCI,MSCI指数,价值指数,20001229,1000.0,20070605
300009.MI,MSCI全球(除欧洲)价值,MSCI,MSCI指数,价值指数,20001229,1000.0,20070605
300010.MI,MSCI全球(除瑞士)价值,MSCI,MSCI指数,价值指数,20001229,1000.0,20070605
300011.MI,MSCI全球(除英国)价值,MSCI,MSCI指数,价值指数,20001229,1000.0,20070605
300012.MI,MSCI欧盟+英国成长,MSCI,MSCI指数,成长指数,20001229,1000.0,20070605
300013.MI,MSCI欧洲(除欧盟)成长,MSCI,MSCI指数,成长指数,20001229,1000.0,20070605
300014.MI,MSCI欧洲(除德国)成长,MSCI,MSCI指数,成长指数,20001229,1000.0,20070605
300015.MI,MSCI欧洲(除瑞士)成长,MSCI,MSCI指数,成长指数,20001229,1000.0,20070605
300016.MI,MSCI欧洲(除英国瑞士)成长,MSCI,MSCI指数,成长指数,20001229,1000.0,20070605
300017.MI,MSCI发达市场(除欧盟)成长,MSCI,MSCI指数,成长指数,20001229,1000.0,20070605
300018.MI,MSCI发达市场(除欧洲)成长,MSCI,MSCI指数,成长指数,20001229,1000.0,20070605
300019.MI,MSCI全球(除澳)成长,MSCI,MSCI指数,成长指数,20001229,1000.0,20070605
300020.MI,MSCI全球(除欧盟)成长,MSCI,MSCI指数,成长指数,20001229,1000.0,20070605
300021.MI,MSCI全球(除欧洲)成长,MSCI,MSCI指数,成长指数,20001229,1000.0,20070605
300022.MI,MSCI全球(除瑞士)成长,MSCI,MSCI指数,成长指数,20001229,1000.0,20070605
300023.MI,MSCI全球(除英国)成长,MSCI,MSCI指数,成长指数,20001229,1000.0,20070605
300400.MI,MSCI以色列,MSCI,MSCI指数,规模指数,19921231,100.0,19940131
300600.MI,MSCI太平洋全市场,MSCI,MSCI指数,规模指数,19871231,100.0,19940531
300900.MI,MSCI太平洋全市场(除日本香港),MSCI,MSCI指数,规模指数,19871231,100.0,19940531
301000.MI,MSCI远东全市场(除日本香港),MSCI,MSCI指数,规模指数,19871231,100.0,19940531
301700.MI,MSCI亚洲,MSCI,MSCI指数,规模指数,19871231,100.0,19871231
302000.MI,MSCI亚太地区,MSCI,MSCI指数,规模指数,19871231,100.0,19981201
302200.MI,MSCI欧洲全市场&中东,MSCI,MSCI指数,规模指数,19871231,100.0,19940531
302400.MI,MSCI中国(美元),MSCI,MSCI指数,规模指数,19921231,100.0,19951031
302400L.MI,MSCI中国(Local),MSCI,MSCI指数,规模指数,19921231,100.0,19951031
302401.MI,MSCI中国自由,MSCI,MSCI指数,规模指数,19921231,10000.0,19951031
302900.MI,MSCI欧洲新兴市场,MSCI,MSCI指数,规模指数,19871231,100.0,19960930
303000.MI,MSCI东欧新兴市场,MSCI,MSCI指数,规模指数,19960902,100.0,19960930
398001.SZ,湾创100,SZSE,深圳证券交易所,规模指数,20170630,1000.0,20190409
398002.SZ,南山50,SZSE,深圳证券交易所,主题指数,20121231,1000.0,20191231
398003.SZ,国证芯片,SZSE,深圳证券交易所,主题指数,20021231,1000.0,20150217
399001.SZ,深证成指,SZSE,深圳证券交易所,规模指数,19940720,1000.0,19950123
399002.SZ,深成指R,SZSE,深圳证券交易所,规模指数,19940720,1000.0,19950123
399003.SZ,深成B指,SZSE,深圳证券交易所,规模指数,19940720,1000.0,19950123
399004.SZ,深证100R,SZSE,深圳证券交易所,规模指数,20021231,1000.0,20030102
399005.SZ,中小100,SZSE,深圳证券交易所,规模指数,20050607,1000.0,20060124
399006.SZ,创业板指,SZSE,深圳证券交易所,规模指数,20100531,1000.0,20100601
399007.SZ,深证300,SZSE,深圳证券交易所,规模指数,20041231,1000.0,20091104
399008.SZ,中小300,SZSE,深圳证券交易所,规模指数,20100319,1000.0,20100322
399009.SZ,深证200,SZSE,深圳证券交易所,规模指数,20041231,1000.0,20110901
399010.SZ,深证700,SZSE,深圳证券交易所,规模指数,20041231,1000.0,20110901
399011.SZ,深证1000,SZSE,深圳证券交易所,规模指数,20041231,1000.0,20110901
399012.SZ,创业300,SZSE,深圳证券交易所,规模指数,20120629,1000.0,20130107
399013.SZ,深市精选,SZSE,深圳证券交易所,主题指数,20041231,1000.0,20140530
399015.SZ,中小创新,SZSE,深圳证券交易所,规模指数,20111230,1000.0,20150324
399016.SZ,深证创新,SZSE,深圳证券交易所,主题指数,20121231,1000.0,20161201
399017.SZ,SME创新,SZSE,深圳证券交易所,主题指数,20121231,1000.0,20161201
399018.SZ,创业创新,SZSE,深圳证券交易所,主题指数,20121231,1000.0,20161201
399019.SZ,创业200,SZSE,深圳证券交易所,规模指数,20120629,1000.0,20231115
399020.SZ,创业小盘,SZSE,深圳证券交易所,规模指数,20180629,1000.0,20231115
399030.SZ,碳科技30,SZSE,深圳证券交易所,主题指数,20141231,1000.0,20210926
399050.SZ,创新引擎,SZSE,深圳证券交易所,主题指数,20121231,1000.0,20180731
399060.SZ,碳科技60,SZSE,深圳证券交易所,主题指数,20141231,1000.0,20210926
399088.SZ,深创100,SZSE,深圳证券交易所,规模指数,20121231,1000.0,20200218
399100.SZ,新指数,SZSE,深圳证券交易所,综合指数,20051230,1107.23,20060216
399101.SZ,中小综指,SZSE,深圳证券交易所,综合指数,20050607,1000.0,20051201
399102.SZ,创业板综,SZSE,深圳证券交易所,综合指数,20100531,1000.0,20100820
399106.SZ,深证综指,SZSE,深圳证券交易所,综合指数,19910403,100.0,19910404
399107.SZ,深证A指,SZSE,深圳证券交易所,综合指数,19910403,100.0,19921004
399108.SZ,深证B指,SZSE,深圳证券交易所,综合指数,19920228,100.0,19921006
399110.SZ,农林牧渔指数(退市),SZSE,深圳证券交易所,行业指数,19910403,100.0,20010702
399120.SZ,采掘业指数(退市),SZSE,深圳证券交易所,行业指数,19910403,100.0,20010702
399130.SZ,制造业指数(退市),SZSE,深圳证券交易所,行业指数,19910403,100.0,20010702
399131.SZ,食品饮料指数(退市),SZSE,深圳证券交易所,行业指数,19910403,100.0,20010702
399132.SZ,纺织服装指数(退市),SZSE,深圳证券交易所,行业指数,19910403,100.0,20010702
399133.SZ,木材家具指数(退市),SZSE,深圳证券交易所,行业指数,19910403,100.0,20010702
399134.SZ,造纸印刷指数(退市),SZSE,深圳证券交易所,行业指数,19910403,100.0,20010702
399135.SZ,石化塑胶指数(退市),SZSE,深圳证券交易所,行业指数,19910403,100.0,20010702
399136.SZ,电子指数(退市),SZSE,深圳证券交易所,行业指数,19910403,100.0,20010702
399137.SZ,金属非金属指数(退市),SZSE,深圳证券交易所,行业指数,19910403,100.0,20010702
399138.SZ,机械设备指数(退市),SZSE,深圳证券交易所,行业指数,19910403,100.0,20010702
399139.SZ,医药生物指数(退市),SZSE,深圳证券交易所,行业指数,19910403,100.0,20010702
399140.SZ,水电煤气指数(退市),SZSE,深圳证券交易所,行业指数,19910403,100.0,20010702
399150.SZ,建筑业指数(退市),SZSE,深圳证券交易所,行业指数,19910403,100.0,20010702
399160.SZ,运输仓储指数(退市),SZSE,深圳证券交易所,行业指数,19910403,100.0,20010702
399170.SZ,信息技术指数(退市),SZSE,深圳证券交易所,行业指数,19910403,100.0,20010702
399180.SZ,批发零售指数(退市),SZSE,深圳证券交易所,行业指数,19910403,100.0,20010702
399190.SZ,金融保险指数(退市),SZSE,深圳证券交易所,行业指数,19910403,100.0,20010702
399200.SZ,房地产业指数(退市),SZSE,深圳证券交易所,行业指数,19910403,100.0,20010702
399201.CJ,创业板成长(长江),OTH,长江证券股份有限公司,风格指数,20121231,1000.0,20220627
399202.CJ,创业板成长动量(长江),OTH,长江证券股份有限公司,风格指数,20121231,1000.0,20220627
399203.CJ,创业板成长反转(长江),OTH,长江证券股份有限公司,风格指数,20121231,1000.0,20220627
399210.SZ,社会服务指数(退市),SZSE,深圳证券交易所,行业指数,19910403,100.0,20010702
399220.SZ,传播文化指数(退市),SZSE,深圳证券交易所,行业指数,19910403,100.0,20010702
399230.SZ,综合类指数(退市),SZSE,深圳证券交易所,行业指数,19910403,100.0,20010702
399231.SZ,农林指数,SZSE,深圳证券交易所,行业指数,19910403,100.0,20130304
399232.SZ,采矿指数,SZSE,深圳证券交易所,行业指数,19910403,100.0,20130304
399233.SZ,制造指数,SZSE,深圳证券交易所,行业指数,19910403,100.0,20130304
399234.SZ,水电指数,SZSE,深圳证券交易所,行业指数,19910403,100.0,20130304
399235.SZ,建筑指数,SZSE,深圳证券交易所,行业指数,19910403,100.0,20130304
399236.SZ,批零指数,SZSE,深圳证券交易所,行业指数,19910403,100.0,20130304
399237.SZ,运输指数,SZSE,深圳证券交易所,行业指数,19910403,100.0,20130304
399238.SZ,餐饮指数,SZSE,深圳证券交易所,行业指数,19910403,100.0,20130304
399239.SZ,IT指数,SZSE,深圳证券交易所,行业指数,19910403,100.0,20130304
399240.SZ,金融指数,SZSE,深圳证券交易所,行业指数,19910403,100.0,20130304
399241.SZ,地产指数,SZSE,深圳证券交易所,行业指数,19910403,100.0,20130304
399242.SZ,商务指数,SZSE,深圳证券交易所,行业指数,19910403,100.0,20130304
399243.SZ,科研指数,SZSE,深圳证券交易所,行业指数,19910403,100.0,20130304
399244.SZ,公共指数,SZSE,深圳证券交易所,行业指数,19910403,100.0,20130304
399248.SZ,文化指数,SZSE,深圳证券交易所,行业指数,19910403,100.0,20130304
399249.SZ,综企指数,SZSE,深圳证券交易所,行业指数,19910403,100.0,20130304
399258.SZ,绿色低碳,SZSE,深圳证券交易所,主题指数,20121231,1000.0,20230808
399259.SZ,创业低碳,SZSE,深圳证券交易所,主题指数,20121231,1000.0,20230808
399260.SZ,先进制造,SZSE,深圳证券交易所,主题指数,20121231,1000.0,20230808
399261.SZ,创业制造,SZSE,深圳证券交易所,主题指数,20121231,1000.0,20230808
399262.SZ,数字经济,SZSE,深圳证券交易所,主题指数,20141231,1000.0,20220929
399263.SZ,创业数字,SZSE,深圳证券交易所,主题指数,20141231,1000.0,20220929
399264.SZ,创业软件,SZSE,深圳证券交易所,主题指数,20171229,1000.0,20220929
39926401.CNI,创业软件R,CNI,深圳证券交易所,主题指数,20171229,1000.0,20220929
399265.SZ,创新药械,SZSE,深圳证券交易所,主题指数,20171229,1000.0,20220929
399266.SZ,创新能源,SZSE,深圳证券交易所,主题指数,20171229,1000.0,20220929
399267.SZ,专精特新,SZSE,深圳证券交易所,主题指数,20181228,1000.0,20250721
39926701.CNI,专精特新R,CNI,深圳证券交易所,主题指数,20181228,1000.0,20250721
399268.SZ,深小巨人,SZSE,深圳证券交易所,主题指数,20181228,1000.0,20250721
39926801.CNI,深小巨人R,CNI,深圳证券交易所,主题指数,20181228,1000.0,20250721
399269.SZ,创质量,SZSE,深圳证券交易所,策略指数,20121231,1000.0,20210112
399274.SZ,深新基建,SZSE,深圳证券交易所,主题指数,20121231,1000.0,20220411
399275.SZ,创医药,SZSE,深圳证券交易所,主题指数,20121231,1000.0,20201026
399276.SZ,创科技,SZSE,深圳证券交易所,主题指数,20121231,1000.0,20201026
399277.SZ,公共健康,SZSE,深圳证券交易所,主题指数,20121231,1000.0,20200508
399278.SZ,长江100,SZSE,深圳证券交易所,主题指数,20121231,1000.0,20200508
399279.SZ,云科技50,SZSE,深圳证券交易所,主题指数,20121231,1000.0,20200508
399280.SZ,生物50,SZSE,深圳证券交易所,主题指数,20121231,1000.0,20200508
399281.SZ,电子50,SZSE,深圳证券交易所,主题指数,20121231,1000.0,20200508
399282.SZ,大数据50,SZSE,深圳证券交易所,主题指数,20121231,1000.0,20200218
399283.SZ,机器人50,SZSE,深圳证券交易所,主题指数,20121231,1000.0,20200218
399284.SZ,AI 50,SZSE,深圳证券交易所,主题指数,20121231,1000.0,20200218
399285.SZ,物联网50,SZSE,深圳证券交易所,主题指数,20121231,1000.0,20200218
399286.SZ,区块链50,SZSE,深圳证券交易所,主题指数,20121231,1000.0,20191224
399291.SZ,创精选88,SZSE,深圳证券交易所,策略指数,20121231,1000.0,20191106
399292.SZ,民企发展,SZSE,深圳证券交易所,主题指数,20140630,1000.0,20190305
399293.SZ,创业大盘,SZSE,深圳证券交易所,规模指数,20121231,1000.0,20190418
399294.SZ,中小创Q,SZSE,深圳证券交易所,策略指数,20121231,1000.0,20190606
399295.SZ,创价值,SZSE,深圳证券交易所,风格指数,20121231,1000.0,20190123
399296.SZ,创成长,SZSE,深圳证券交易所,风格指数,20121231,1000.0,20190123
399297.SZ,新浪100,SZSE,深圳证券交易所,主题指数,20131231,1000.0,20171222
399300.SZ,沪深300,SZSE,中证指数有限公司,规模指数,20041231,1000.0,20050408
399303.SZ,国证2000,SZSE,深圳证券交易所,规模指数,20091231,3326.4448,20140328
399310.SZ,国证A50,SZSE,深圳证券交易所,规模指数,20021231,1000.0,20050905
399311.SZ,国证1000,SZSE,深圳证券交易所,规模指数,20021231,1000.0,20050203
399312.SZ,国证300,SZSE,深圳证券交易所,规模指数,20021231,1000.0,20050203
399313.SZ,巨潮100,SZSE,巨潮公司,规模指数,20021231,1000.0,20050203
399314.SZ,巨潮大盘,SZSE,巨潮公司,规模指数,20021231,1000.0,20050203
399315.SZ,巨潮中盘,SZSE,巨潮公司,规模指数,20021231,1000.0,20050203
399316.SZ,巨潮小盘,SZSE,巨潮公司,规模指数,20021231,1000.0,20050203
399317.SZ,国证A指,SZSE,深圳证券交易所,综合指数,20021231,1000.0,20050203
399318.SZ,国证B指,SZSE,深圳证券交易所,综合指数,20021231,1000.0,20050203
399319.SZ,资源优势,SZSE,深圳证券交易所,主题指数,20041231,1000.0,20050104
399320.SZ,国证服务,SZSE,深圳证券交易所,主题指数,20041231,1000.0,20050104
399321.SZ,国证红利,SZSE,深圳证券交易所,主题指数,20041231,1000.0,20050104
399322.SZ,国证治理,SZSE,深圳证券交易所,主题指数,20021231,1000.0,20051212
399324.SZ,深证红利,SZSE,深圳证券交易所,策略指数,20021231,1000.0,20060124
399326.SZ,成长40,SZSE,深圳证券交易所,主题指数,20021231,1000.0,20060124
399328.SZ,深证治理,SZSE,深圳证券交易所,主题指数,20021231,1000.0,20060124
399329.SZ,中小板100指数P(退市),SZSE,深圳证券交易所,规模指数,20050607,1000.0,20060124
399330.SZ,深证100,SZSE,深圳证券交易所,规模指数,20021231,1000.0,20060124
399332.SZ,深证创新(旧)(退市),SZSE,深圳证券交易所,主题指数,20021231,1000.0,20060227
399333.SZ,中小100R,SZSE,深圳证券交易所,规模指数,20050607,1000.0,20061227
399335.SZ,深证央企,SZSE,深圳证券交易所,主题指数,20041231,1000.0,20090803
399337.SZ,深证民营,SZSE,深圳证券交易所,主题指数,20041231,1000.0,20090803
399339.SZ,深证科技,SZSE,深圳证券交易所,主题指数,20041231,1000.0,20090803
399341.SZ,深证责任,SZSE,深圳证券交易所,主题指数,20090630,1000.0,20090803
399344.SZ,深证300R,SZSE,深圳证券交易所,规模指数,20041231,1000.0,20091104
399346.SZ,深证成长,SZSE,深圳证券交易所,风格指数,20041231,1000.0,20091104
399348.SZ,深证价值,SZSE,深圳证券交易所,风格指数,20041231,1000.0,20091104
399350.SZ,皖江30,SZSE,深圳证券交易所,主题指数,20100630,1000.0,20121218
399351.SZ,创新示范,SZSE,深圳证券交易所,主题指数,20040831,864.38,20040901
399352.SZ,深企综指,SZSE,深圳证券交易所,主题指数,20040831,864.38,20050203
399353.SZ,国证物流,SZSE,深圳证券交易所,主题指数,20021231,1000.0,20050301
399354.SZ,分析师指数,SZSE,深圳证券交易所,策略指数,20060428,1231.15,20061114
399355.SZ,CBN长江,SZSE,深圳证券交易所,主题指数,20021231,1000.0,20070702
399356.SZ,CBN珠江,SZSE,深圳证券交易所,主题指数,20021231,1000.0,20070702
399357.SZ,CBN渤海,SZSE,深圳证券交易所,主题指数,20021231,1000.0,20070702
399358.SZ,国证环保,SZSE,深圳证券交易所,主题指数,20021231,1000.0,20080102
399359.SZ,国证基建,SZSE,深圳证券交易所,主题指数,20041231,1000.0,20090803
399360.SZ,新硬件,SZSE,深圳证券交易所,主题指数,20041231,1000.0,20090803
399361.SZ,在线消费,SZSE,深圳证券交易所,主题指数,20041231,1000.0,20090803
399362.SZ,民企100,SZSE,深圳证券交易所,主题指数,20041231,1000.0,20090803
39936201.CNI,民企100R,CNI,深圳证券交易所,主题指数,20041231,1000.0,20090803
399363.SZ,国证算力,SZSE,深圳证券交易所,主题指数,20041231,1000.0,20090803
39936301.CNI,国证算力R,CNI,深圳证券交易所,主题指数,20041231,1000.0,20090803
399364.SZ,消费100,SZSE,深圳证券交易所,主题指数,20041231,1000.0,20090803
399365.SZ,国证粮食,SZSE,深圳证券交易所,主题指数,20041231,1000.0,20091104
39936501.CNI,国证粮食R,CNI,深圳证券交易所,主题指数,20041231,1000.0,20091104
399366.SZ,能源金属,SZSE,深圳证券交易所,主题指数,20041231,1000.0,20091104
399367.SZ,1000地产,SZSE,深圳证券交易所,一级行业指数,20041231,1000.0,20091104
399368.SZ,国证军工,SZSE,深圳证券交易所,主题指数,20041231,1000.0,20091104
399369.SZ,国证责任,SZSE,深圳证券交易所,主题指数,20090630,1000.0,20091104
399370.SZ,国证成长,SZSE,深圳证券交易所,风格指数,20021231,1000.0,20100104
399371.SZ,国证价值,SZSE,深圳证券交易所,风格指数,20021231,1000.0,20100104
399372.SZ,大盘成长,SZSE,深圳证券交易所,风格指数,20021231,1000.0,20100104
399373.SZ,大盘价值,SZSE,深圳证券交易所,风格指数,20021231,1000.0,20100104
399374.SZ,中盘成长,SZSE,巨潮公司,风格指数,20021231,1000.0,20100104
399375.SZ,中盘价值,SZSE,巨潮公司,风格指数,20021231,1000.0,20100104
399376.SZ,小盘成长,SZSE,巨潮公司,风格指数,20021231,1000.0,20100104
399377.SZ,小盘价值,SZSE,巨潮公司,风格指数,20021231,1000.0,20100104
399378.SZ,ESG 300,SZSE,深圳证券交易所,主题指数,20100630,1000.0,20100920
399381.SZ,1000能源,SZSE,深圳证券交易所,一级行业指数,20021231,1000.0,20111202
399382.SZ,1000材料,SZSE,深圳证券交易所,一级行业指数,20021231,1000.0,20111202
399383.SZ,1000工业,SZSE,深圳证券交易所,一级行业指数,20021231,1000.0,20111202
399384.SZ,1000可选,SZSE,深圳证券交易所,一级行业指数,20021231,1000.0,20111202
399385.SZ,1000消费,SZSE,深圳证券交易所,一级行业指数,20021231,1000.0,20111202
399386.SZ,1000医药,SZSE,深圳证券交易所,一级行业指数,20021231,1000.0,20111202
399387.SZ,1000金融,SZSE,深圳证券交易所,一级行业指数,20021231,1000.0,20111202
399388.SZ,1000信息,SZSE,深圳证券交易所,一级行业指数,20021231,1000.0,20111202
399389.SZ,国证通信,SZSE,深圳证券交易所,主题指数,20021231,1000.0,20111202
399390.SZ,1000公用,SZSE,深圳证券交易所,一级行业指数,20021231,1000.0,20111202
399391.SZ,投资时钟,SZSE,深圳证券交易所,策略指数,20061229,1000.0,20120326
399392.SZ,国证新兴,SZSE,深圳证券交易所,主题指数,20090630,1000.0,20120328
399393.SZ,国证地产,SZSE,深圳证券交易所,主题指数,20041231,1000.0,20120820
399394.SZ,国证医药,SZSE,深圳证券交易所,主题指数,20041231,1000.0,20121029
399395.SZ,国证有色,SZSE,深圳证券交易所,主题指数,20041231,1000.0,20121029
399396.SZ,国证食品,SZSE,深圳证券交易所,主题指数,20041231,1000.0,20121029
399397.SZ,国证文化,SZSE,深圳证券交易所,主题指数,20090630,1000.0,20121109
399398.SZ,绩效指数,SZSE,深圳证券交易所,策略指数,20021231,1000.0,20121119
399399.SZ,中经GDP,SZSE,深圳证券交易所,主题指数,20050630,1000.0,20121123
399400.SZ,大中盘,SZSE,巨潮公司,规模指数,20021231,1000.0,20130320
399401.SZ,中小盘,SZSE,巨潮公司,规模指数,20021231,1000.0,20130320
399402.SZ,周期100,SZSE,深圳证券交易所,主题指数,20041231,1000.0,20131028
399403.SZ,防御100,SZSE,深圳证券交易所,主题指数,20041231,1000.0,20131028
399405.SZ,大盘高贝,SZSE,巨潮公司,策略指数,20041231,1000.0,20131205
399406.SZ,中盘低波,SZSE,巨潮公司,策略指数,20041231,1000.0,20131205
399407.SZ,中盘高贝,SZSE,巨潮公司,策略指数,20041231,1000.0,20131205
399408.SZ,小盘低波,SZSE,巨潮公司,策略指数,20041231,1000.0,20131205
399409.SZ,小盘高贝,SZSE,巨潮公司,策略指数,20041231,1000.0,20131205
399410.SZ,苏州率先,SZSE,深圳证券交易所,主题指数,20111230,1000.0,20131212
399411.SZ,红利100,SZSE,深圳证券交易所,策略指数,20081231,1000.0,20140410
399412.SZ,国证新能,SZSE,深圳证券交易所,主题指数,20100630,1000.0,20140516
399415.SZ,I100,SZSE,深圳证券交易所,主题指数,20100129,1000.0,20140912
399416.SZ,I300,SZSE,深圳证券交易所,主题指数,20100129,1000.0,20140912
399417.SZ,新能源车,SZSE,深圳证券交易所,主题指数,20100630,1000.0,20140924
399418.SZ,数据要素,SZSE,深圳证券交易所,主题指数,20081231,1000.0,20141121
399419.SZ,国证高铁,SZSE,深圳证券交易所,主题指数,20100630,1000.0,20141210
399420.SZ,国证保证,SZSE,深圳证券交易所,主题指数,20100630,1000.0,20141210
399422.SZ,中关村A,SZSE,深圳证券交易所,主题指数,20081231,1000.0,20161221
399423.SZ,中关村50,SZSE,深圳证券交易所,主题指数,20081231,1000.0,20150205
399428.SZ,国证定增,SZSE,深圳证券交易所,主题指数,20121231,1000.0,20150217
399429.SZ,新丝路,SZSE,深圳证券交易所,主题指数,20111230,1000.0,20150108
399431.SZ,国证银行,SZSE,深圳证券交易所,二级行业指数,20021231,1000.0,20141230
399432.SZ,智能汽车,SZSE,深圳证券交易所,主题指数,20021231,1000.0,20141230
399433.SZ,国证交运,SZSE,深圳证券交易所,二级行业指数,20021231,1000.0,20141230
399434.SZ,数字传媒,SZSE,深圳证券交易所,主题指数,20021231,1000.0,20141230
399435.SZ,国证农牧,SZSE,深圳证券交易所,二级行业指数,20021231,1000.0,20141230
399436.SZ,绿色煤炭,SZSE,深圳证券交易所,主题指数,20021231,1000.0,20141230
399437.SZ,证券龙头,SZSE,深圳证券交易所,主题指数,20021231,1000.0,20141230
399438.SZ,绿色电力,SZSE,深圳证券交易所,主题指数,20021231,1000.0,20141230
399439.SZ,国证油气,SZSE,深圳证券交易所,主题指数,20021231,1000.0,20141230
39943901.CNI,国证油气R,CNI,深圳证券交易所,主题指数,20021231,1000.0,20141230
399440.SZ,国证钢铁,SZSE,深圳证券交易所,四级行业指数,20021231,1000.0,20141230
399441.SZ,生物医药,SZSE,深圳证券交易所,主题指数,20091231,1000.0,20150120
399550.SZ,央视50,SZSE,深圳证券交易所,主题指数,20100630,2563.07,20120606
399551.SZ,央视创新,SZSE,深圳证券交易所,主题指数,20100630,2563.07,20130606
399552.SZ,央视成长,SZSE,深圳证券交易所,主题指数,20100630,2563.07,20130606
399553.SZ,央视回报,SZSE,深圳证券交易所,主题指数,20100630,2563.07,20130606
399554.SZ,央视治理,SZSE,深圳证券交易所,主题指数,20100630,2563.07,20130606
399555.SZ,央视责任,SZSE,深圳证券交易所,主题指数,20100630,2563.07,20130606
399556.SZ,央视生态,SZSE,深圳证券交易所,主题指数,20100630,1000.0,20140606
399557.SZ,央视文化,SZSE,深圳证券交易所,主题指数,20100630,1000.0,20140606
399602.SZ,中小成长,SZSE,深圳证券交易所,风格指数,20100319,1000.0,20100524
399604.SZ,中小价值,SZSE,深圳证券交易所,风格指数,20100319,1000.0,20100524
399606.SZ,创业板R,SZSE,深圳证券交易所,规模指数,20100531,1000.0,20100601
399608.SZ,科技100,SZSE,深圳证券交易所,主题指数,20070629,1000.0,20101018
399610.SZ,TMT50,SZSE,深圳证券交易所,主题指数,20041231,1000.0,20101108
399611.SZ,中创100R,SZSE,深圳证券交易所,规模指数,20070629,1000.0,20110228
399612.SZ,中创100,SZSE,深圳证券交易所,规模指数,20070629,1000.0,20110228
399613.SZ,深证能源,SZSE,深圳证券交易所,一级行业指数,20041231,1000.0,20110615
399614.SZ,深证材料,SZSE,深圳证券交易所,一级行业指数,20041231,1000.0,20110615
399615.SZ,深证工业,SZSE,深圳证券交易所,一级行业指数,20041231,1000.0,20110615
399616.SZ,深证可选,SZSE,深圳证券交易所,一级行业指数,20041231,1000.0,20110615
399617.SZ,深证消费,SZSE,深圳证券交易所,一级行业指数,20041231,1000.0,20110615
399618.SZ,深证医药,SZSE,深圳证券交易所,一级行业指数,20041231,1000.0,20110615
399619.SZ,深证金融,SZSE,深圳证券交易所,一级行业指数,20041231,1000.0,20110615
399620.SZ,深证信息,SZSE,深圳证券交易所,一级行业指数,20041231,1000.0,20110615
399621.SZ,深证电信,SZSE,深圳证券交易所,一级行业指数,20041231,1000.0,20110615
399622.SZ,深证公用,SZSE,深圳证券交易所,一级行业指数,20041231,1000.0,20110615
399623.SZ,中小基础,SZSE,深圳证券交易所,规模指数,20051230,1000.0,20110725
399624.SZ,中创400,SZSE,深圳证券交易所,规模指数,20100630,1000.0,20110815
399625.SZ,中创500,SZSE,深圳证券交易所,规模指数,20100630,1000.0,20110815
399626.SZ,中创成长,SZSE,深圳证券交易所,风格指数,20100630,1000.0,20110815
399627.SZ,中创价值,SZSE,深圳证券交易所,风格指数,20100630,1000.0,20110815
399628.SZ,700成长,SZSE,深圳证券交易所,风格指数,20100630,1000.0,20110901
399629.SZ,700价值,SZSE,深圳证券交易所,风格指数,20100630,1000.0,20110901
399630.SZ,1000成长,SZSE,深圳证券交易所,风格指数,20100630,1000.0,20110901
399631.SZ,1000价值,SZSE,深圳证券交易所,风格指数,20100630,1000.0,20110901
399632.SZ,深100EW,SZSE,深圳证券交易所,策略指数,20021231,1000.0,20111028
399633.SZ,深300EW,SZSE,深圳证券交易所,策略指数,20041231,1000.0,20111028
399634.SZ,中小等权,SZSE,深圳证券交易所,策略指数,20061229,1000.0,20111028
399635.SZ,创业板EW,SZSE,深圳证券交易所,策略指数,20100930,1000.0,20111028
399636.SZ,深证装备,SZSE,深圳证券交易所,主题指数,20041231,1000.0,20111115
399637.SZ,深证地产,SZSE,深圳证券交易所,行业指数,20041231,1000.0,20111115
399638.SZ,深证环保,SZSE,深圳证券交易所,主题指数,20041231,1000.0,20111115
399639.SZ,深证大宗,SZSE,深圳证券交易所,主题指数,20041231,1000.0,20111115
399640.SZ,创业基础,SZSE,深圳证券交易所,规模指数,20101231,1000.0,20120116
399641.SZ,深证新兴,SZSE,深圳证券交易所,主题指数,20100630,1000.0,20120201
399642.SZ,中小新兴,SZSE,深圳证券交易所,主题指数,20100630,1000.0,20120201
399643.SZ,创业新兴,SZSE,深圳证券交易所,主题指数,20100630,1000.0,20120201
399644.SZ,深证时钟,SZSE,深圳证券交易所,策略指数,20061229,1000.0,20120326
399645.SZ,100低波,SZSE,深圳证券交易所,策略指数,20041231,1000.0,20120612
399646.SZ,深消费50,SZSE,深圳证券交易所,主题指数,20041231,1000.0,20120806
399647.SZ,深医药50,SZSE,深圳证券交易所,主题指数,20041231,1000.0,20120806
399648.SZ,深证GDP,SZSE,深圳证券交易所,主题指数,20050630,1000.0,20120808
399649.SZ,中小红利,SZSE,深圳证券交易所,主题指数,20090630,1000.0,20120820
399650.SZ,中小治理,SZSE,深圳证券交易所,主题指数,20090630,1000.0,20120820
399651.SZ,中小责任,SZSE,深圳证券交易所,主题指数,20090630,1000.0,20120820
399652.SZ,中创高新,SZSE,深圳证券交易所,主题指数,20110630,1000.0,20120917
399653.SZ,深证龙头,SZSE,深圳证券交易所,主题指数,20100630,1000.0,20120925
399654.SZ,深证文化,SZSE,深圳证券交易所,主题指数,20090630,1000.0,20121109
399655.SZ,深证绩效,SZSE,深圳证券交易所,策略指数,20021231,1000.0,20121119
399656.SZ,100绩效,SZSE,深圳证券交易所,策略指数,20021231,1000.0,20121119
399657.SZ,300绩效,SZSE,深圳证券交易所,策略指数,20041231,1000.0,20121119
399658.SZ,中小绩效,SZSE,深圳证券交易所,策略指数,20061229,1000.0,20121119
399659.SZ,深成指EW,SZSE,深圳证券交易所,策略指数,20021231,1000.0,20121123
399660.SZ,中创EW,SZSE,深圳证券交易所,策略指数,20070629,1000.0,20121123
399661.SZ,深证低波,SZSE,深圳证券交易所,策略指数,20061229,1000.0,20121220
399662.SZ,深证高贝,SZSE,深圳证券交易所,策略指数,20061229,1000.0,20121220
399663.SZ,中小低波,SZSE,深圳证券交易所,策略指数,20110630,1000.0,20121220
399664.SZ,中小高贝,SZSE,深圳证券交易所,策略指数,20110630,1000.0,20121220
399665.SZ,中创低波,SZSE,深圳证券交易所,策略指数,20110630,1000.0,20121220
399666.SZ,中创高贝,SZSE,深圳证券交易所,策略指数,20110630,1000.0,20121220
399667.SZ,创业成长,SZSE,深圳证券交易所,风格指数,20120629,1000.0,20130107
399668.SZ,创业板V,SZSE,深圳证券交易所,风格指数,20120629,1000.0,20130107
399669.SZ,深证农业,SZSE,深圳证券交易所,主题指数,20041231,1000.0,20130624
399670.SZ,深周期50,SZSE,深圳证券交易所,主题指数,20041231,1000.0,20131028
399671.SZ,深防御50,SZSE,深圳证券交易所,主题指数,20041231,1000.0,20131028
399672.SZ,深红利50,SZSE,深圳证券交易所,策略指数,20081231,1000.0,20140410
399673.SZ,创业板50,SZSE,深圳证券交易所,规模指数,20100531,1000.0,20140618
399674.SZ,深A医药,SZSE,深圳证券交易所,一级行业指数,20100630,1000.0,20150608
399675.SZ,深互联网,SZSE,深圳证券交易所,二级行业指数,20100630,1000.0,20150608
399676.SZ,深医药EW,SZSE,深圳证券交易所,策略指数,20100630,1000.0,20150608
399677.SZ,深互联EW,SZSE,深圳证券交易所,策略指数,20100630,1000.0,20150608
399678.SZ,深次新股,SZSE,深圳证券交易所,主题指数,20101231,1000.0,20150618
399679.SZ,深证200R,SZSE,深圳证券交易所,规模指数,20041231,1000.0,20150618
399680.SZ,深成能源,SZSE,深圳证券交易所,一级行业指数,20100630,1000.0,20150831
399681.SZ,深成材料,SZSE,深圳证券交易所,一级行业指数,20100630,1000.0,20150831
399682.SZ,深成工业,SZSE,深圳证券交易所,一级行业指数,20100630,1000.0,20150831
399683.SZ,深成可选,SZSE,深圳证券交易所,一级行业指数,20100630,1000.0,20150831
399684.SZ,深成消费,SZSE,深圳证券交易所,一级行业指数,20100630,1000.0,20150831
399685.SZ,深成医药,SZSE,深圳证券交易所,一级行业指数,20100630,1000.0,20150831
399686.SZ,深成金融,SZSE,深圳证券交易所,一级行业指数,20100630,1000.0,20150831
399687.SZ,深成信息,SZSE,深圳证券交易所,一级行业指数,20100630,1000.0,20150831
399688.SZ,深成电信,SZSE,深圳证券交易所,一级行业指数,20100630,1000.0,20150831
399689.SZ,深成公用,SZSE,深圳证券交易所,一级行业指数,20100630,1000.0,20150831
399692.SZ,创业低波,SZSE,深圳证券交易所,策略指数,20130628,1000.0,20161220
399693.SZ,安防产业,SZSE,深圳证券交易所,主题指数,20120629,1000.0,20160620
399694.SZ,创业高贝,SZSE,深圳证券交易所,策略指数,20130628,1000.0,20161220
399695.SZ,深证节能,SZSE,深圳证券交易所,主题指数,20100630,1000.0,20170428
399696.SZ,深证创投,SZSE,深圳证券交易所,主题指数,20100630,1000.0,20161021
399697.SZ,中关村60,SZSE,深圳证券交易所,主题指数,20081231,1000.0,20170110
399698.SZ,优势成长,SZSE,深圳证券交易所,策略指数,20081231,1000.0,20170615
399699.SZ,金融科技,SZSE,深圳证券交易所,主题指数,20170526,3000.0,20170609
399701.SZ,深证F60,SZSE,深圳证券交易所,策略指数,20021231,1000.0,20100510
399702.SZ,深证F120,SZSE,深圳证券交易所,策略指数,20021231,1000.0,20100510
399703.SZ,深证F200,SZSE,深圳证券交易所,策略指数,20021231,1000.0,20100510
399704.SZ,深证上游,SZSE,深圳证券交易所,主题指数,20021231,1000.0,20111018
399705.SZ,深证中游,SZSE,深圳证券交易所,主题指数,20021231,1000.0,20111018
399706.SZ,深证下游,SZSE,深圳证券交易所,主题指数,20021231,1000.0,20111018
399707.CSI,CSSW证券(CSI),CSI,中证指数有限公司,行业指数,19991231,1000.0,20150416
399707.SZ,CSSW证券,SZSE,中证指数有限公司,行业指数,19991231,1000.0,20150416
399750.SZ,深主板50,SZSE,深圳证券交易所,规模指数,20041231,1000.0,20231115
399802.SZ,500深市,SZSE,中证指数有限公司,主题指数,20041231,1000.0,20120905
399803.SZ,工业4.0,SZSE,中证指数有限公司,主题指数,20120629,1000.0,20150213
399804.SZ,中证体育,SZSE,中证指数有限公司,主题指数,20120629,1000.0,20150209
399805.SZ,互联金融,SZSE,中证指数有限公司,主题指数,20120629,1000.0,20150210
399806.SZ,环境治理,SZSE,中证指数有限公司,主题指数,20111230,1000.0,20140721
399807.SZ,高铁产业,SZSE,中证指数有限公司,主题指数,20121231,1000.0,20150120
399808.SZ,中证新能,SZSE,中证指数有限公司,主题指数,20111231,1000.0,20150210
399809.SZ,保险主题,SZSE,中证指数有限公司,主题指数,20111231,1000.0,20150213
399810.CSI,CSSW传媒(CSI),CSI,中证指数有限公司,行业指数,20041231,1000.0,20150803
399810.SZ,CSSW传媒,SZSE,中证指数有限公司,行业指数,20041231,1000.0,20150803
399811.CSI,CSSW电子(CSI),CSI,中证指数有限公司,行业指数,20041231,1000.0,20150803
399811.SZ,CSSW电子,SZSE,中证指数有限公司,行业指数,20041231,1000.0,20150803
399812.SZ,养老产业,SZSE,中证指数有限公司,主题指数,20041231,1000.0,20140606
399813.SZ,中证国安,SZSE,中证指数有限公司,主题指数,20081231,1000.0,20150129
399814.SZ,大农业,SZSE,中证指数有限公司,主题指数,20131231,1000.0,20140722
399850.SZ,深证50,SZSE,深圳证券交易所,规模指数,20021231,1000.0,20231018
399852.SZ,中证1000,SZSE,中证指数有限公司,规模指数,20041231,1000.0,20141017
399901.SZ,小康指数,SZSE,中证指数有限公司,主题指数,20051230,1000.0,20100401
399902.SZ,中证流通(退市),SZSE,中证指数有限公司,综合指数,20051230,1000.0,20060227
399903.SZ,中证A100,SZSE,中证指数有限公司,规模指数,20051230,1000.0,20060529
399904.SZ,中证200(退市),SZSE,中证指数有限公司,规模指数,20041231,1000.0,20070115
399905.SZ,中证500,SZSE,中证指数有限公司,规模指数,20041231,1000.0,20070115
399906.SZ,中证800(退市),SZSE,中证指数有限公司,规模指数,20041231,1000.0,20070115
399907.SZ,中证700(退市),SZSE,中证指数有限公司,规模指数,20041231,1000.0,20070115
399908.SZ,沪深300能源(退市),SZSE,中证指数有限公司,一级行业指数,20041231,1000.0,20070702
399909.SZ,沪深300材料(退市),SZSE,中证指数有限公司,一级行业指数,20041231,1000.0,20070702
399910.SZ,沪深300工业(退市),SZSE,中证指数有限公司,一级行业指数,20041231,1000.0,20070702
399911.SZ,沪深300可选(退市),SZSE,中证指数有限公司,一级行业指数,20041231,1000.0,20070702
399912.SZ,沪深300消费(退市),SZSE,中证指数有限公司,一级行业指数,20041231,1000.0,20070702
399913.SZ,沪深300医药,SZSE,中证指数有限公司,一级行业指数,20041231,1000.0,20070702
399914.SZ,沪深300金融,SZSE,中证指数有限公司,主题指数,20041231,1000.0,20070702
399915.SZ,沪深300信息(退市),SZSE,中证指数有限公司,一级行业指数,20041231,1000.0,20070702
399916.SZ,沪深300电信(退市),SZSE,中证指数有限公司,一级行业指数,20041231,1000.0,20070702
399917.SZ,沪深300公用(退市),SZSE,中证指数有限公司,一级行业指数,20041231,1000.0,20070702
399918.SZ,沪深300成长(退市),SZSE,中证指数有限公司,风格指数,20041231,1000.0,20080121
399919.SZ,沪深300价值(退市),SZSE,中证指数有限公司,风格指数,20041231,1000.0,20080121
399920.SZ,沪深300R成长(退市),SZSE,中证指数有限公司,风格指数,20041231,1000.0,20080121
399921.SZ,沪深300R价值(退市),SZSE,中证指数有限公司,风格指数,20041231,1000.0,20080121
399922.SZ,中证红利(退市),SZSE,中证指数有限公司,策略指数,20041231,1000.0,20080526
399925.SZ,基本面50(退市),SZSE,中证指数有限公司,策略指数,20041231,1000.0,20090226
399926.SZ,中证央企(退市),SZSE,中证指数有限公司,主题指数,20081231,1000.0,20090330
399927.SZ,央企100(退市),SZSE,中证指数有限公司,主题指数,20081231,1000.0,20090330
399928.SZ,800能源,SZSE,中证指数有限公司,一级行业指数,20041231,1000.0,20090703
399929.SZ,中证材料(退市),SZSE,中证指数有限公司,一级行业指数,20041231,1000.0,20090703
399930.SZ,中证工业(退市),SZSE,中证指数有限公司,一级行业指数,20041231,1000.0,20090703
399931.SZ,中证可选(退市),SZSE,中证指数有限公司,一级行业指数,20041231,1000.0,20090703
399932.SZ,800消费,SZSE,中证指数有限公司,一级行业指数,20041231,1000.0,20090703
399933.SZ,800医卫,SZSE,中证指数有限公司,一级行业指数,20041231,1000.0,20090703
399934.SZ,800金地,SZSE,中证指数有限公司,主题指数,20041231,1000.0,20090703
399935.SZ,800信息,SZSE,中证指数有限公司,一级行业指数,20041231,1000.0,20090703
399936.SZ,中证电信(退市),SZSE,中证指数有限公司,一级行业指数,20041231,1000.0,20090703
399937.SZ,中证公用(退市),SZSE,中证指数有限公司,一级行业指数,20041231,1000.0,20090703
399938.SZ,中证民企(退市),SZSE,中证指数有限公司,主题指数,20090630,1000.0,20090825
399939.SZ,民企200(退市),SZSE,中证指数有限公司,主题指数,20090630,1000.0,20090825
399940.SZ,财富大盘(退市),SZSE,中证指数有限公司,策略指数,20041231,1000.0,20090925
399941.SZ,新能源(退市),SZSE,中证指数有限公司,主题指数,20081231,1000.0,20091028
399942.SZ,内地消费(退市),SZSE,中证指数有限公司,主题指数,20041231,1000.0,20091028
399943.SZ,新基建50(退市),SZSE,中证指数有限公司,主题指数,20041231,1000.0,20091028
399944.SZ,内地资源(退市),SZSE,中证指数有限公司,主题指数,20041231,1000.0,20091028
399945.SZ,内地运输(退市),SZSE,中证指数有限公司,主题指数,20041231,1000.0,20091028
399946.SZ,内地金融(退市),SZSE,中证指数有限公司,主题指数,20041231,1000.0,20091028
399947.SZ,内地银行(退市),SZSE,中证指数有限公司,主题指数,20041231,1000.0,20091028
399948.SZ,内地地产(退市),SZSE,中证指数有限公司,主题指数,20041231,1000.0,20091028
399949.SZ,内地农业(退市),SZSE,中证指数有限公司,主题指数,20041231,1000.0,20091028
399950.SZ,300基建(退市),SZSE,中证指数有限公司,主题指数,20041231,1000.0,20091028
399951.SZ,300银行(退市),SZSE,中证指数有限公司,二级行业指数,20041231,1000.0,20091028
399952.SZ,300地产(退市),SZSE,中证指数有限公司,一级行业指数,20041231,1000.0,20091028
399953.SZ,中证地企(退市),SZSE,中证指数有限公司,主题指数,20090630,1000.0,20100209
399954.SZ,地企100(退市),SZSE,中证指数有限公司,主题指数,20090630,1000.0,20100209
399955.SZ,中证国企(退市),SZSE,中证指数有限公司,主题指数,20090630,1000.0,20100209
399956.SZ,国企200(退市),SZSE,中证指数有限公司,主题指数,20090630,1000.0,20100209
399957.SZ,300运输(退市),SZSE,中证指数有限公司,二级行业指数,20041231,1000.0,20090616
399958.SZ,创业成长(退市),SZSE,中证指数有限公司,主题指数,20091231,1000.0,20100324
399959.SZ,军工指数,SZSE,中证指数有限公司,主题指数,20110630,1000.0,20110830
399960.SZ,中证龙头(退市),SZSE,中证指数有限公司,主题指数,20041231,1000.0,20100209
399961.SZ,中证上游(退市),SZSE,中证指数有限公司,主题指数,20041231,1000.0,20100416
399962.SZ,中证中游(退市),SZSE,中证指数有限公司,主题指数,20041231,1000.0,20100416
399963.SZ,中证下游(退市),SZSE,中证指数有限公司,主题指数,20041231,1000.0,20100416
399964.SZ,中证新兴(退市),SZSE,中证指数有限公司,主题指数,20041231,1000.0,20100430
399965.SZ,800地产,SZSE,中证指数有限公司,一级行业指数,20041231,1000.0,20121221
399966.SZ,中证800证保,SZSE,中证指数有限公司,主题指数,20041231,1000.0,20121221
399967.SZ,中证军工,SZSE,中证指数有限公司,主题指数,20041231,1000.0,20131226
399968.SZ,300周期(退市),SZSE,中证指数有限公司,主题指数,20041231,1000.0,20100528
399969.SZ,300非周(退市),SZSE,中证指数有限公司,主题指数,20041231,1000.0,20100528
399970.CSI,中证移动互联(CSI),CSI,中证指数有限公司,主题指数,20120629,1000.0,20140505
399970.SZ,中证移动互联,SZSE,中证指数有限公司,主题指数,20120629,1000.0,20140505
399971.CSI,中证传媒(CSI),CSI,中证指数有限公司,主题指数,20101231,1000.0,20140415
399971.SZ,中证传媒,SZSE,中证指数有限公司,主题指数,20101231,1000.0,20140415
399972.SZ,300深市,SZSE,中证指数有限公司,主题指数,20041231,1000.0,20120621
399973.CSI,中证国防(CSI),CSI,中证指数有限公司,主题指数,20110630,1000.0,20140415
399973.SZ,中证国防,SZSE,中证指数有限公司,主题指数,20110630,1000.0,20140415
399974.SZ,国企改革,SZSE,中证指数有限公司,主题指数,20140331,1000.0,20140807
399975.CSI,证券公司(CSI),CSI,中证指数有限公司,四级行业指数,20070629,1000.0,20130715
399975.SZ,证券公司,SZSE,中证指数有限公司,四级行业指数,20070629,1000.0,20130715
399976.CSI,CS新能车(CSI),CSI,中证指数有限公司,主题指数,20111231,1000.0,20141128
399976.SZ,CS新能车,SZSE,中证指数有限公司,主题指数,20111231,1000.0,20141128
399977.SZ,内地低碳(退市),SZSE,中证指数有限公司,主题指数,20100630,1000.0,20110121
399978.SZ,医药100(退市),SZSE,中证指数有限公司,主题指数,20041231,1000.0,20110318
399979.SZ,大宗商品(退市),SZSE,中证指数有限公司,主题指数,20041231,1000.0,20110822
399980.SZ,中证超大(退市),SZSE,中证指数有限公司,规模指数,20041231,1000.0,20110510
399981.SZ,300分层(退市),SZSE,中证指数有限公司,策略指数,20041231,1000.0,20110613
399982.SZ,500等权,SZSE,中证指数有限公司,策略指数,20041231,1000.0,20110613
399983.CSI,地产等权(CSI),CSI,中证指数有限公司,策略指数,20041231,1000.0,20131122
399983.SZ,地产等权,SZSE,中证指数有限公司,策略指数,20041231,1000.0,20131122
399984.SZ,300等权(退市),SZSE,中证指数有限公司,策略指数,20041231,1000.0,20110802
399985.SZ,中证全指(退市),SZSE,中证指数有限公司,规模指数,20041231,1000.0,20110802
399986.CSI,中证银行(CSI),CSI,中证指数有限公司,二级行业指数,20041231,1000.0,20130715
399986.SZ,中证银行,SZSE,中证指数有限公司,二级行业指数,20041231,1000.0,20130715
399987.CSI,中证酒(CSI),CSI,中证指数有限公司,主题指数,20081231,1000.0,20141210
399987.SZ,中证酒,SZSE,中证指数有限公司,主题指数,20081231,1000.0,20141210
399989.CSI,中证医疗(CSI),CSI,中证指数有限公司,主题指数,20041231,1000.0,20141031
399989.SZ,中证医疗,SZSE,中证指数有限公司,主题指数,20041231,1000.0,20141031
399990.SZ,煤炭等权,SZSE,中证指数有限公司,策略指数,20081231,1000.0,20150121
399991.SZ,一带一路,SZSE,中证指数有限公司,主题指数,20121231,1000.0,20150216
399992.SZ,CSWD并购,SZSE,中证指数有限公司,主题指数,20111230,1000.0,20150508
399993.SZ,CSWD生科,SZSE,中证指数有限公司,主题指数,20091231,1000.0,20150508
399994.SZ,信息安全,SZSE,中证指数有限公司,主题指数,20101231,1000.0,20150312
399995.SZ,基建工程,SZSE,中证指数有限公司,行业指数,20041231,1000.0,20150312
399996.SZ,中证智能家居,SZSE,中证指数有限公司,主题指数,20120629,1000.0,20140917
399997.SZ,中证白酒,SZSE,中证指数有限公司,主题指数,20081231,1000.0,20150121
399997CNY02.CSI,中证白酒净收益,CSI,中证指数有限公司,主题指数,20081231,1000.0,20150121
399998.SZ,中证煤炭,SZSE,中证指数有限公司,三级行业指数,20081231,1000.0,20150213
410425.MI,MSCI中国/房地产管理与开发,MSCI,MSCI指数,二级行业指数,,,
470006.CNI,创业板R(港币)(CNH),CNI,深圳证券交易所,规模指数,20100531,1000.0,20210426
470007.CNI,创业板R(美元)(CNH),CNI,深圳证券交易所,规模指数,20100531,1000.0,20210426
470026.CNI,深指ESGR,CNI,深圳证券交易所,主题指数,20180629,11276.8013,20220725
470027.CNI,100ESGR,CNI,深圳证券交易所,主题指数,20180629,4909.1531,20220725
470028.CNI,创指ESGR,CNI,深圳证券交易所,主题指数,20180629,1681.5019,20220725
470029.CNI,深指ESG领先R,CNI,深圳证券交易所,主题指数,20180629,11276.8013,20220725
470030.CNI,100ESG领先R,CNI,深圳证券交易所,主题指数,20180629,4909.1531,20220725
470031.CNI,创指ESG领先R,CNI,深圳证券交易所,主题指数,20180629,1681.5019,20220725
470032.CNI,深指ESG增强R,CNI,深圳证券交易所,策略指数,20180629,1000.0,20220929
470033.CNI,100ESG增强R,CNI,深圳证券交易所,策略指数,20180629,1000.0,20220929
470034.CNI,创指ESG增强R,CNI,深圳证券交易所,策略指数,20180629,1000.0,20220929
470035.CNI,深证光伏R,CNI,深圳证券交易所,主题指数,20121231,1000.0,20220929
470036.CNI,深证储能R,CNI,深圳证券交易所,主题指数,20121231,1000.0,20220929
470037.CNI,深证高装R,CNI,深圳证券交易所,主题指数,20121231,1000.0,20220929
470038.CNI,生物经济R,CNI,深圳证券交易所,主题指数,20121231,1000.0,20220929
470039.CNI,创新材料R,CNI,深圳证券交易所,主题指数,20121231,1000.0,20221130
470040.CNI,创业高装R,CNI,深圳证券交易所,主题指数,20121231,1000.0,20221130
470041.CNI,创新消费R,CNI,深圳证券交易所,主题指数,20121231,1000.0,20221130
470042.CNI,新材料50R,CNI,深圳证券交易所,主题指数,20121231,1000.0,20221130
470043.CNI,新能装备R,CNI,深圳证券交易所,主题指数,20121231,1000.0,20221130
470046.CNI,深证XRR,CNI,深圳证券交易所,主题指数,20141231,1000.0,20230314
470047.CNI,数字文化R,CNI,深圳证券交易所,主题指数,20141231,1000.0,20230314
470048.CNI,新型显示R,CNI,深圳证券交易所,主题指数,20141231,1000.0,20230314
470049.CNI,深证数字交通R,CNI,深圳证券交易所,主题指数,20121231,1000.0,20230412
470050.CNI,深证卫星导航R,CNI,深圳证券交易所,主题指数,20121231,1000.0,20230412
470051.CNI,深证算力设施R,CNI,深圳证券交易所,主题指数,20121231,1000.0,20230412
470052.CNI,深证数字安全R,CNI,深圳证券交易所,主题指数,20121231,1000.0,20230412
470053.CNI,深证数据要素R,CNI,深圳证券交易所,主题指数,20121231,1000.0,20230412
470054.CNI,深证智能电网R,CNI,深圳证券交易所,主题指数,20121231,1000.0,20230830
470055.CNI,深证国企ESGR,CNI,深圳证券交易所,主题指数,20180629,1000.0,20231222
470056.CNI,深证民企ESGR,CNI,深圳证券交易所,主题指数,20180629,1000.0,20231222
470057.CNI,深证民企50R,CNI,深圳证券交易所,主题指数,20121231,1000.0,20231212
470058.CNI,深证民企治理R,CNI,深圳证券交易所,主题指数,20180629,1000.0,20231212
470059.CNI,深证民企科技R,CNI,深圳证券交易所,主题指数,20121231,1000.0,20231212
470060.CNI,深证ESG成长R,CNI,深圳证券交易所,策略指数,20180629,1000.0,20231222
470061.CNI,深证ESG价值R,CNI,深圳证券交易所,策略指数,20180629,1000.0,20231222
470062.CNI,深红利300R,CNI,深圳证券交易所,策略指数,20081231,1000.0,20231128
470063.CNI,深证回购R,CNI,深圳证券交易所,策略指数,20181228,1000.0,20231128
470064.CNI,深证国企股东回报R,CNI,深圳证券交易所,主题指数,20121231,1000.0,20240126
470065.CNI,深证优质信披R,CNI,深圳证券交易所,主题指数,20121231,1000.0,20240126
470066.CNI,深证氢能R,CNI,深圳证券交易所,主题指数,20181228,1000.0,20240815
470067.CNI,深证专利R,CNI,深圳证券交易所,主题指数,20121231,1000.0,20160523
470068.CNI,创业专利R,CNI,深圳证券交易所,主题指数,20121231,1000.0,20160523
470069.CNI,深证绿色制造R,CNI,深圳证券交易所,主题指数,20171229,1000.0,20240628
470070.CNI,创业板人工智能R,CNI,深圳证券交易所,主题指数,20181228,1000.0,20240711
470071.CNI,深证民企成长R,CNI,深圳证券交易所,主题指数,20121231,1000.0,20240621
470072.CNI,深证民企价值R,CNI,深圳证券交易所,主题指数,20121231,1000.0,20240621
470073.CNI,深证绿色农牧R,CNI,深圳证券交易所,主题指数,20180629,1000.0,20240815
470074.CNI,深证智能穿戴R,CNI,深圳证券交易所,主题指数,20181228,1000.0,20240711
470075.CNI,深证AIGCR,CNI,深圳证券交易所,主题指数,20141231,1000.0,20240711
470076.CNI,深证绿色化工R,CNI,深圳证券交易所,主题指数,20180629,1000.0,20240628
470077.CNI,深证绿色建材R,CNI,深圳证券交易所,主题指数,20180629,1000.0,20240628
470080.CNI,科技50R,CNI,深圳证券交易所,主题指数,20131231,1000.0,20241224
471001.CNI,深成地产R,CNI,深圳证券交易所,行业指数,20100630,1000.0,20190723
471002.CNI,中小地产R,CNI,深圳证券交易所,行业指数,20111230,1000.0,20190723
471004.CNI,创业板战略科技R,CNI,深圳证券交易所,主题指数,20121231,1000.0,20230828
480001.CNI,湾创100R,CNI,深圳证券交易所,规模指数,20170630,1000.0,20190409
480002.CNI,湾创100R(港币),CNI,深圳证券交易所,规模指数,20170630,1000.0,20190409
480003.CNI,湾区综指R,CNI,深圳证券交易所,综合指数,20121231,1000.0,20190409
480004.CNI,湾区综指R(港币),CNI,深圳证券交易所,综合指数,20121231,1000.0,20190409
480007.CNI,湾区新兴R,CNI,深圳证券交易所,主题指数,20121231,1000.0,20200512
480008.CNI,湾区新兴R(港币),CNI,深圳证券交易所,主题指数,20121231,1000.0,20200512
480009.CNI,湾区制造R,CNI,深圳证券交易所,主题指数,20121231,1000.0,20200512
480010.CNI,湾区制造R(港币),CNI,深圳证券交易所,主题指数,20121231,1000.0,20200512
480011.CNI,湾区服务R,CNI,深圳证券交易所,主题指数,20121231,1000.0,20200512
480012.CNI,湾区服务R(港币),CNI,深圳证券交易所,主题指数,20121231,1000.0,20200512
480013.CNI,湾区医药R,CNI,深圳证券交易所,主题指数,20121231,1000.0,20191231
480014.CNI,湾区医药R(港币),CNI,深圳证券交易所,主题指数,20121231,1000.0,20191231
480015.CNI,疫苗生科R,CNI,深圳证券交易所,主题指数,20021231,1000.0,20150216
480016.CNI,医疗健康R,CNI,深圳证券交易所,主题指数,20021231,1000.0,20150217
480017.CNI,国证芯片R,CNI,深圳证券交易所,主题指数,20021231,1000.0,20150217
480019.CNI,湾区海洋R,CNI,深圳证券交易所,主题指数,20121231,1000.0,20200512
480020.CNI,湾区海洋R(港币),CNI,深圳证券交易所,主题指数,20121231,1000.0,20200512
480021.CNI,碳中和50R,CNI,深圳证券交易所,主题指数,20141231,1000.0,20220411
480023.CNI,南山50R,CNI,深圳证券交易所,主题指数,20121231,1000.0,20191231
480024.CNI,南山50R(港币),CNI,深圳证券交易所,主题指数,20121231,1000.0,20191231
480026.CNI,风光装备R,CNI,深圳证券交易所,主题指数,20141231,1000.0,20150217
480027.CNI,新能源电池R,CNI,深圳证券交易所,主题指数,20141231,1000.0,20150216
480028.CNI,龙头家电R,CNI,深圳证券交易所,主题指数,20021231,1000.0,20150216
480030.CNI,消费电子R,CNI,深圳证券交易所,主题指数,20021231,1000.0,20150217
480032.CNI,新能电池R,CNI,深圳证券交易所,主题指数,20021231,1000.0,20150217
480033.CNI,自主科技R,CNI,深圳证券交易所,主题指数,20021231,1000.0,20200109
480034.CNI,工业软件R,CNI,深圳证券交易所,主题指数,20081231,1000.0,20150217
480035.CNI,化肥农药R,CNI,深圳证券交易所,主题指数,20121231,1000.0,20121228
480036.CNI,创新龙头R,CNI,深圳证券交易所,主题指数,20121231,1000.0,20200806
480037.CNI,创新龙头R(港币),CNI,深圳证券交易所,主题指数,20121231,1000.0,20200806
480038.CNI,深圳高新R,CNI,深圳证券交易所,主题指数,20121231,1000.0,20200806
480039.CNI,深圳高新R(港币),CNI,深圳证券交易所,主题指数,20121231,1000.0,20200806
480043.CNI,工业金属R,CNI,深圳证券交易所,主题指数,20131231,1000.0,20150225
480046.CNI,文化创意R,CNI,深圳证券交易所,主题指数,20121231,1000.0,20201217
480047.CNI,文化创意R(港币),CNI,深圳证券交易所,主题指数,20121231,1000.0,20201217
480048.CNI,国证建材R,CNI,深圳证券交易所,主题指数,20021231,1000.0,20150216
480052.CNI,绿色金融R,CNI,深圳证券交易所,主题指数,20121231,1000.0,20210802
480053.CNI,绿色金融R（港币）,CNI,深圳证券交易所,主题指数,20121231,1000.0,20210802
480055.CNI,规模因子R,CNI,深圳证券交易所,策略指数,20141231,1000.0,20210525
480056.CNI,价值因子R,CNI,深圳证券交易所,策略指数,20141231,1000.0,20210525
480057.CNI,动量因子R,CNI,深圳证券交易所,策略指数,20141231,1000.0,20210525
480058.CNI,绿色治理R,CNI,深圳证券交易所,主题指数,20171231,1000.0,20200928
480059.CNI,航空出行R,CNI,深圳证券交易所,主题指数,20121231,1000.0,20150225
480063.CNI,国证回购R,CNI,深圳证券交易所,策略指数,20141231,1000.0,20150216
480065.CNI,帮扶100R,CNI,深圳证券交易所,主题指数,20161230,1000.0,20221209
480068.CNI,蓝色100R,CNI,深圳证券交易所,主题指数,20121231,1000.0,20201014
480069.CNI,蓝色100R(港币),CNI,深圳证券交易所,主题指数,20121231,1000.0,20201014
480070.CNI,国证专利R,CNI,深圳证券交易所,主题指数,20121231,1000.0,20150217
480071.CNI,机器人龙头R,CNI,深圳证券交易所,主题指数,20141231,1000.0,20150217
480072.CNI,生物农业R,CNI,深圳证券交易所,主题指数,20081231,1000.0,20121228
480073.CNI,生猪指数R,CNI,深圳证券交易所,主题指数,20121231,1000.0,20150217
480075.CNI,数字交通R,CNI,深圳证券交易所,主题指数,20120629,1000.0,20121228
480076.CNI,通用航空R,CNI,深圳证券交易所,主题指数,20120629,1000.0,20121228
480077.CNI,充电设施R,CNI,深圳证券交易所,主题指数,20181228,1000.0,20121228
480078.CNI,ESG基准R,CNI,深圳证券交易所,主题指数,20180629,3824.5019,20121228
480079.CNI,ESG领先R,CNI,深圳证券交易所,主题指数,20180629,3824.5019,20121228
480080.CNI,成长100R,CNI,深圳证券交易所,风格指数,20121231,1000.0,20121228
480081.CNI,价值100R,CNI,深圳证券交易所,风格指数,20121231,1000.0,20121228
480082.CNI,央国企低碳科技R,CNI,深圳证券交易所,主题指数,20161230,1000.0,20121228
480083.CNI,央国企自主科技R,CNI,深圳证券交易所,主题指数,20161230,1000.0,20121228
480092.CNI,自由现金流R,CNI,深圳证券交易所,策略指数,20121231,1000.0,20121228
480150.CNI,单项冠军R,CNI,深圳证券交易所,主题指数,20081231,1000.0,20121228
480532.CNI,国证青岛海洋R,CNI,深圳证券交易所,主题指数,20141231,1000.0,20150225
483001.CNI,内地100R,CNI,深圳证券交易所,规模指数,20121231,1000.0,20210128
483002.CNI,内地100R(港币),CNI,深圳证券交易所,规模指数,20121231,1000.0,20210128
483003.CNI,内地科技50R,CNI,深圳证券交易所,主题指数,20121231,1000.0,20210128
483004.CNI,内地科技50R(港币),CNI,深圳证券交易所,主题指数,20121231,1000.0,20210128
483005.CNI,深港通综指R,CNI,深圳证券交易所,综合指数,20161202,5000.0,20170420
483006.CNI,深港通综指R(港币),CNI,深圳证券交易所,综合指数,20161202,5000.0,20170420
483007.CNI,深港通100R,CNI,深圳证券交易所,规模指数,20161202,5000.0,20170420
483008.CNI,深港通100R(港币),CNI,深圳证券交易所,规模指数,20161202,5000.0,20170420
483009.CNI,深港通手机产业链R,CNI,深圳证券交易所,主题指数,20111230,1000.0,20170929
483010.CNI,深港通手机产业链R(港币),CNI,深圳证券交易所,主题指数,20111230,1000.0,20170929
483011.CNI,深港通绿色优选R,CNI,深圳证券交易所,主题指数,20111230,1000.0,20171218
483012.CNI,深港通绿色优选R(港币),CNI,深圳证券交易所,主题指数,20111230,1000.0,20171218
483013.CNI,深港通能源R,CNI,深圳证券交易所,行业指数,20161202,5000.0,20171201
483014.CNI,深港通能源R(港币),CNI,深圳证券交易所,行业指数,20161202,5000.0,20171201
483015.CNI,深港通材料R,CNI,深圳证券交易所,行业指数,20161202,5000.0,20171201
483016.CNI,深港通材料R(港币),CNI,深圳证券交易所,行业指数,20161202,5000.0,20171201
483017.CNI,深港通工业R,CNI,深圳证券交易所,行业指数,20161202,5000.0,20171201
483018.CNI,深港通工业R(港币),CNI,深圳证券交易所,行业指数,20161202,5000.0,20171201
483019.CNI,深港通可选消费R,CNI,深圳证券交易所,行业指数,20161202,5000.0,20171201
483020.CNI,深港通可选消费R(港币),CNI,深圳证券交易所,行业指数,20161202,5000.0,20171201
483021.CNI,深港通主要消费R,CNI,深圳证券交易所,行业指数,20161202,5000.0,20171201
483022.CNI,深港通主要消费R(港币),CNI,深圳证券交易所,行业指数,20161202,5000.0,20171201
483023.CNI,深港通医药卫生R,CNI,深圳证券交易所,行业指数,20161202,5000.0,20171201
483024.CNI,深港通医药卫生R(港币),CNI,深圳证券交易所,行业指数,20161202,5000.0,20171201
483025.CNI,深港通金融R,CNI,深圳证券交易所,行业指数,20161202,5000.0,20171201
483026.CNI,深港通金融R(港币),CNI,深圳证券交易所,行业指数,20161202,5000.0,20171201
483027.CNI,深港通信息技术R,CNI,深圳证券交易所,行业指数,20161202,5000.0,20171201
483028.CNI,深港通信息技术R(港币),CNI,深圳证券交易所,行业指数,20161202,5000.0,20171201
483029.CNI,深港通电信业务R,CNI,深圳证券交易所,行业指数,20161202,5000.0,20171201
483030.CNI,深港通电信业务R(港币),CNI,深圳证券交易所,行业指数,20161202,5000.0,20171201
483031.CNI,深港通公用事业R,CNI,深圳证券交易所,行业指数,20161202,5000.0,20171201
483032.CNI,深港通公用事业R(港币),CNI,深圳证券交易所,行业指数,20161202,5000.0,20171201
483033.CNI,深港通通信服务R,CNI,深圳证券交易所,行业指数,20161202,5000.0,20171208
483034.CNI,深港通通信服务R(港币),CNI,深圳证券交易所,行业指数,20161202,5000.0,20171208
483035.CNI,深港通医疗R,CNI,深圳证券交易所,行业指数,20161202,5000.0,20171208
483036.CNI,深港通医疗R(港币),CNI,深圳证券交易所,行业指数,20161202,5000.0,20171208
483037.CNI,深港通食品零售R,CNI,深圳证券交易所,行业指数,20161202,5000.0,20171208
483038.CNI,深港通食品零售R(港币),CNI,深圳证券交易所,行业指数,20161202,5000.0,20171208
483039.CNI,深港通汽车R,CNI,深圳证券交易所,行业指数,20161202,5000.0,20171208
483040.CNI,深港通汽车R(港币),CNI,深圳证券交易所,行业指数,20161202,5000.0,20171208
483041.CNI,深港通服装纺织R,CNI,深圳证券交易所,行业指数,20161202,5000.0,20171208
483042.CNI,深港通服装纺织R(港币),CNI,深圳证券交易所,行业指数,20161202,5000.0,20171208
483043.CNI,深港通电脑硬件R,CNI,深圳证券交易所,行业指数,20161202,5000.0,20171208
483044.CNI,深港通电脑硬件R(港币),CNI,深圳证券交易所,行业指数,20161202,5000.0,20171208
483045.CNI,深港通消费服务R,CNI,深圳证券交易所,行业指数,20161202,5000.0,20171208
483046.CNI,深港通消费服务R(港币),CNI,深圳证券交易所,行业指数,20161202,5000.0,20171208
483047.CNI,深港通网络软件R,CNI,深圳证券交易所,行业指数,20161202,5000.0,20171208
483048.CNI,深港通网络软件R(港币),CNI,深圳证券交易所,行业指数,20161202,5000.0,20171208
483049.CNI,深港通耐用消费R,CNI,深圳证券交易所,行业指数,20161202,5000.0,20171208
483050.CNI,深港通耐用消费R(港币),CNI,深圳证券交易所,行业指数,20161202,5000.0,20171208
483051.CNI,深港通农牧渔R,CNI,深圳证券交易所,行业指数,20161202,5000.0,20171208
483052.CNI,深港通农牧渔R(港币),CNI,深圳证券交易所,行业指数,20161202,5000.0,20171208
483053.CNI,深港通非银R,CNI,深圳证券交易所,行业指数,20161202,5000.0,20171208
483054.CNI,深港通非银R(港币),CNI,深圳证券交易所,行业指数,20161202,5000.0,20171208
483055.CNI,深港通工业服务R,CNI,深圳证券交易所,行业指数,20161202,5000.0,20171208
483056.CNI,深港通工业服务R(港币),CNI,深圳证券交易所,行业指数,20161202,5000.0,20171208
483057.CNI,深港通电信服务R,CNI,深圳证券交易所,行业指数,20161202,5000.0,20171208
483058.CNI,深港通电信服务R(港币),CNI,深圳证券交易所,行业指数,20161202,5000.0,20171208
483059.CNI,深港通生科R,CNI,深圳证券交易所,行业指数,20161202,5000.0,20171208
483060.CNI,深港通生科R(港币),CNI,深圳证券交易所,行业指数,20161202,5000.0,20171208
483061.CNI,深港通基材R,CNI,深圳证券交易所,行业指数,20161202,5000.0,20171208
483062.CNI,深港通基材R(港币),CNI,深圳证券交易所,行业指数,20161202,5000.0,20171208
483063.CNI,深港通化工R,CNI,深圳证券交易所,行业指数,20161202,5000.0,20171208
483064.CNI,深港通化工R(港币),CNI,深圳证券交易所,行业指数,20161202,5000.0,20171208
483065.CNI,深港通食品饮料R,CNI,深圳证券交易所,行业指数,20161202,5000.0,20171208
483066.CNI,深港通食品饮料R(港币),CNI,深圳证券交易所,行业指数,20161202,5000.0,20171208
483067.CNI,深港通半导体R,CNI,深圳证券交易所,行业指数,20161202,5000.0,20171208
483068.CNI,深港通半导体R(港币),CNI,深圳证券交易所,行业指数,20161202,5000.0,20171208
483069.CNI,深港通工业品R,CNI,深圳证券交易所,行业指数,20161202,5000.0,20171208
483070.CNI,深港通工业品R(港币),CNI,深圳证券交易所,行业指数,20161202,5000.0,20171208
483071.CNI,深港通房地产R,CNI,深圳证券交易所,行业指数,20161202,5000.0,20171208
483072.CNI,深港通房地产R(港币),CNI,深圳证券交易所,行业指数,20161202,5000.0,20171208
483073.CNI,深港通零售R,CNI,深圳证券交易所,行业指数,20161202,5000.0,20171208
483074.CNI,深港通零售R(港币),CNI,深圳证券交易所,行业指数,20161202,5000.0,20171208
483075.CNI,深港通传媒R,CNI,深圳证券交易所,行业指数,20161202,5000.0,20171208
483076.CNI,深港通传媒R(港币),CNI,深圳证券交易所,行业指数,20161202,5000.0,20171208
483077.CNI,深港通运输R,CNI,深圳证券交易所,行业指数,20161202,5000.0,20171208
483078.CNI,深港通运输R(港币),CNI,深圳证券交易所,行业指数,20161202,5000.0,20171208
483079.CNI,深港通制药R,CNI,深圳证券交易所,行业指数,20161202,5000.0,20171208
483080.CNI,深港通制药R(港币),CNI,深圳证券交易所,行业指数,20161202,5000.0,20171208
483081.CNI,深港通银行R,CNI,深圳证券交易所,行业指数,20161202,5000.0,20171208
483082.CNI,深港通银行R(港币),CNI,深圳证券交易所,行业指数,20161202,5000.0,20171208
483083.CNI,深港通内房股R,CNI,深圳证券交易所,主题指数,20111230,1000.0,20180308
483084.CNI,深港通内房股R(港币),CNI,深圳证券交易所,主题指数,20111230,1000.0,20180308
483085.CNI,深港通节能R,CNI,深圳证券交易所,主题指数,20111230,1000.0,20180308
483086.CNI,深港通节能R(港币),CNI,深圳证券交易所,主题指数,20111230,1000.0,20180308
483087.CNI,深港通新能源车R,CNI,深圳证券交易所,主题指数,20111230,1000.0,20180308
483088.CNI,深港通新能源车R(港币),CNI,深圳证券交易所,主题指数,20111230,1000.0,20180308
483089.CNI,深港通大湾区R,CNI,深圳证券交易所,主题指数,20111230,1000.0,20180308
483090.CNI,深港通大湾区R(港币),CNI,深圳证券交易所,主题指数,20111230,1000.0,20180308
483091.CNI,深港通50R,CNI,深圳证券交易所,规模指数,20161230,1000.0,20240621
483092.CNI,深港通50R(港币),CNI,深圳证券交易所,规模指数,20161230,1000.0,20240621
483095.CNI,深港通数字经济R,CNI,深圳证券交易所,主题指数,20161230,1000.0,20241224
483096.CNI,深港通数字经济R(港币),CNI,深圳证券交易所,主题指数,20161230,1000.0,20241224
483101.CNI,内地生物科技R,CNI,深圳证券交易所,主题指数,20121231,1000.0,20210128
483102.CNI,内地生物科技R(港币),CNI,深圳证券交易所,主题指数,20121231,1000.0,20210128
483103.CNI,内地医疗器械R,CNI,深圳证券交易所,主题指数,20121231,1000.0,20210128
483104.CNI,内地医疗器械R(港币),CNI,深圳证券交易所,主题指数,20121231,1000.0,20210128
483105.CNI,内地消费电子R,CNI,深圳证券交易所,主题指数,20121231,1000.0,20210128
483106.CNI,内地消费电子R(港币),CNI,深圳证券交易所,主题指数,20121231,1000.0,20210128
483160.CNI,低碳科技R,CNI,深圳证券交易所,主题指数,20141231,1000.0,20211018
483161.CNI,低碳科技R(港币),CNI,深圳证券交易所,主题指数,20141231,1000.0,20211018
487001.CNI,港股50R,CNI,深圳证券交易所,规模指数,20121231,1000.0,20201020
487002.CNI,港股50R（人民币）,CNI,深圳证券交易所,规模指数,20121231,1000.0,20201020
487003.CNI,港股通50R,CNI,深圳证券交易所,规模指数,20141231,1000.0,20210308
487004.CNI,港股通50R(人民币),CNI,深圳证券交易所,规模指数,20141231,1000.0,20210308
487006.CNI,港股科技R,CNI,深圳证券交易所,主题指数,20141231,1000.0,20210308
487007.CNI,港股科技R(人民币),CNI,深圳证券交易所,主题指数,20141231,1000.0,20210308
487010.CNI,港股大中盘R,CNI,深圳证券交易所,规模指数,20141231,1000.0,20210308
487011.CNI,港股大中盘R(人民币),CNI,深圳证券交易所,规模指数,20141231,1000.0,20210308
487012.CNI,港股大盘R,CNI,深圳证券交易所,规模指数,20141231,1000.0,20210308
487013.CNI,港股大盘R(人民币),CNI,深圳证券交易所,规模指数,20141231,1000.0,20210308
487014.CNI,港股中盘R,CNI,深圳证券交易所,规模指数,20141231,1000.0,20210308
487015.CNI,港股中盘R(人民币),CNI,深圳证券交易所,规模指数,20141231,1000.0,20210308
487016.CNI,港股通红利低波R,CNI,深圳证券交易所,策略指数,20141231,1000.0,20211118
487017.CNI,港股通红利低波R(人民币),CNI,深圳证券交易所,策略指数,20141231,1000.0,20211118
487020.CNI,内房股R,CNI,深圳证券交易所,主题指数,20141231,1000.0,20211118
487021.CNI,内房股R(人民币),CNI,深圳证券交易所,主题指数,20141231,1000.0,20211118
487026.CNI,港股通新能源R,CNI,深圳证券交易所,主题指数,20181231,1000.0,20231222
487027.CNI,港股通新能源R(人民币),CNI,深圳证券交易所,主题指数,20181231,1000.0,20231222
487028.CNI,港股通内企ESGR,CNI,深圳证券交易所,策略指数,20181231,1000.0,20241220
487029.CNI,港股通内企ESGR(人民币),CNI,深圳证券交易所,策略指数,20181231,1000.0,20241220
487030.CNI,港股通内企ESG优选R,CNI,深圳证券交易所,策略指数,20181231,1000.0,20241220
487031.CNI,港股通内企ESG优选R(人民币),CNI,深圳证券交易所,策略指数,20181231,1000.0,20241220
489001.CNI,新华500R,CNI,新华指数,其他,20041231,1000.0,20191122
489002.CNI,新华区块链R(退市),CNI,新华指数,主题指数,20160831,1000.0,20200323
489003.CNI,新华精选成长50R(退市),CNI,新华指数,主题指数,20121231,1000.0,20200915
489004.CNI,新华优选价值50R,CNI,新华指数,主题指数,20170104,1000.0,20201202
489005.CNI,新华资源保障R(退市),CNI,新华指数,主题指数,20190614,1000.0,20210804
489006.CNI,新华SHS新兴消费R,CNI,新华指数,主题指数,20161230,1000.0,20201216
489007.CNI,新华SHS新兴消费R(港币),CNI,新华指数,主题指数,20161230,1000.0,20201216
489008.CNI,新华ESG300R(退市),CNI,新华指数,主题指数,20181228,1000.0,20210824
489009.CNI,新华ESG50R(退市),CNI,新华指数,策略指数,20181228,1000.0,20211022
489010.CNI,长三角崛起城市R(退市),CNI,新华指数,主题指数,20141231,1000.0,20211216
489011.CNI,青岛50R,CNI,新华指数,主题指数,20181228,1000.0,20220520
489012.CNI,能源转型升级R(退市),CNI,新华指数,主题指数,20181228,1000.0,20220128
489013.CNI,稀土产业链R,CNI,新华指数,主题指数,20181221,1000.0,20220422
489015.CNI,智选策略100R,CNI,新华指数、中诚信指数,主题指数,20111231,1000.0,20230424
489016.CNI,红利价值R,CNI,新华指数、中诚信指数,策略指数,20111231,1000.0,20240105
489017.CNI,质量优势R,CNI,新华指数、中诚信指数,策略指数,20111230,1000.0,20241022
650000.MI,MSCI澳大利亚大盘,MSCI,MSCI指数,规模指数,20070531,1000.0,20070605
650001.MI,MSCI奥地利大盘,MSCI,MSCI指数,规模指数,20211130,1000.0,20070605
650002.MI,MSCI比利时大盘,MSCI,MSCI指数,规模指数,20070531,1000.0,20070605
650003.MI,MSCI加拿大大盘,MSCI,MSCI指数,规模指数,20070531,1000.0,20070605
650004.MI,MSCI丹麦大盘,MSCI,MSCI指数,规模指数,20070531,1000.0,20070605
650005.MI,MSCI欧澳远东大盘,MSCI,MSCI指数,规模指数,20070531,1000.0,20070605
650006.MI,MSCI欧澳远东(除英国)大盘,MSCI,MSCI指数,规模指数,20070531,1000.0,20070605
650007.MI,MSCI欧澳远东(除日本)大盘,MSCI,MSCI指数,规模指数,20070531,1000.0,20070605
650008.MI,MSCI欧盟大盘,MSCI,MSCI指数,规模指数,20070531,1000.0,20070605
650009.MI,MSCI欧盟+英国大盘,MSCI,MSCI指数,规模指数,20070531,1000.0,20070605
650010.MI,MSCI欧洲大盘,MSCI,MSCI指数,规模指数,20070531,1000.0,20070605
650011.MI,MSCI欧洲(除欧盟)大盘,MSCI,MSCI指数,规模指数,20070531,1000.0,20070605
650012.MI,MSCI欧洲(除德国)大盘,MSCI,MSCI指数,规模指数,20070531,1000.0,20070605
650013.MI,MSCI欧洲(除瑞士)大盘,MSCI,MSCI指数,规模指数,20070531,1000.0,20070605
650014.MI,MSCI欧洲(除英国)大盘,MSCI,MSCI指数,规模指数,20070531,1000.0,20070605
650015.MI,MSCI欧洲(除英国瑞士)大盘,MSCI,MSCI指数,规模指数,20070531,1000.0,20070605
650016.MI,MSCI远东大盘,MSCI,MSCI指数,规模指数,20070531,1000.0,20070605
650017.MI,MSCI芬兰大盘,MSCI,MSCI指数,规模指数,20070531,1000.0,20070605
650018.MI,MSCI法国大盘,MSCI,MSCI指数,规模指数,20070531,1000.0,20070605
650019.MI,MSCI德国大盘,MSCI,MSCI指数,规模指数,20070531,1000.0,20070605
650020.MI,MSCI希腊大盘,MSCI,MSCI指数,规模指数,20131126,1000.0,20070605
650022.MI,MSCI爱尔兰大盘,MSCI,MSCI指数,规模指数,20070531,1000.0,20070605
650023.MI,MSCI意大利大盘,MSCI,MSCI指数,规模指数,20070531,1000.0,20070605
650024.MI,MSCI日本大盘,MSCI,MSCI指数,规模指数,20070531,1000.0,20070605
650025.MI,MSCIKOKUSAI大盘,MSCI,MSCI指数,规模指数,20070531,1000.0,20070605
650026.MI,MSCI荷兰大盘,MSCI,MSCI指数,规模指数,20070531,1000.0,20070605
650028.MI,MSCI北欧大盘,MSCI,MSCI指数,规模指数,20070531,1000.0,20070605
650029.MI,MSCI北美大盘,MSCI,MSCI指数,规模指数,20070531,1000.0,20070605
650030.MI,MSCI挪威大盘,MSCI,MSCI指数,规模指数,20070531,1000.0,20070605
650031.MI,MSCI太平洋地区大盘,MSCI,MSCI指数,规模指数,20070531,1000.0,20070605
650032.MI,MSCI太平洋地区(除日本)大盘,MSCI,MSCI指数,规模指数,20070531,1000.0,20070605
650033.MI,MSCI葡萄牙大盘,MSCI,MSCI指数,规模指数,20070531,1000.0,20070605
650034.MI,MSCI新加坡大盘,MSCI,MSCI指数,规模指数,20070531,1000.0,20070605
650035.MI,MSCI西班牙大盘,MSCI,MSCI指数,规模指数,20070531,1000.0,20070605
650036.MI,MSCI瑞典大盘,MSCI,MSCI指数,规模指数,20070531,1000.0,20070605
650037.MI,MSCI瑞士大盘,MSCI,MSCI指数,规模指数,20070531,1000.0,20070605
650038.MI,MSCI发达市场大盘,MSCI,MSCI指数,规模指数,20070531,1000.0,20070605
650039.MI,MSCI英国大盘,MSCI,MSCI指数,规模指数,20070531,1000.0,20070605
650040.MI,MSCI美国大盘,MSCI,MSCI指数,规模指数,20070531,1000.0,20070605
650041.MI,MSCI发达市场(除澳)大盘,MSCI,MSCI指数,规模指数,20070531,1000.0,20070605
650042.MI,MSCI发达市场(除欧盟)大盘,MSCI,MSCI指数,规模指数,20070531,1000.0,20070605
650043.MI,MSCI发达市场(除欧洲)大盘,MSCI,MSCI指数,规模指数,20070531,1000.0,20070605
650044.MI,MSCI发达市场(除英国)大盘,MSCI,MSCI指数,规模指数,20070531,1000.0,20070605
650045.MI,MSCI发达市场(除美国)大盘,MSCI,MSCI指数,规模指数,20070531,1000.0,20070605
650046.MI,MSCI美洲大盘,MSCI,MSCI指数,规模指数,20070531,1000.0,20070605
650047.MI,MSCI亚洲大盘,MSCI,MSCI指数,规模指数,20070531,1000.0,20070605
650048.MI,MSCI亚洲(除日本)大盘,MSCI,MSCI指数,规模指数,20070531,1000.0,20070605
650049.MI,MSCI亚太地区大盘,MSCI,MSCI指数,规模指数,20070531,1000.0,20070605
650050.MI,MSCI亚太地区(除日本)大盘,MSCI,MSCI指数,规模指数,20070531,1000.0,20070605
650051.MI,MSCI欧洲全市场大盘,MSCI,MSCI指数,规模指数,20070531,1000.0,20070605
650052.MI,MSCI欧洲全市场&中东大盘,MSCI,MSCI指数,规模指数,20070531,1000.0,20070605
650053.MI,MSCI远东全市场大盘,MSCI,MSCI指数,规模指数,20070531,1000.0,20070605
650054.MI,MSCI远东全市场(除日本)大盘,MSCI,MSCI指数,规模指数,20070531,1000.0,20070605
650055.MI,MSCI太平洋全市场大盘,MSCI,MSCI指数,规模指数,20070531,1000.0,20070605
650056.MI,MSCI太平洋全市场(除日本)大盘,MSCI,MSCI指数,规模指数,20070531,1000.0,20070605
650057.MI,MSCI全球大盘,MSCI,MSCI指数,规模指数,20070531,1000.0,20070605
650058.MI,MSCI全球(除澳)大盘,MSCI,MSCI指数,规模指数,20070531,1000.0,20070605
650059.MI,MSCI全球(除欧盟)大盘,MSCI,MSCI指数,规模指数,20070531,1000.0,20070605
650060.MI,MSCI全球(除欧洲)大盘,MSCI,MSCI指数,规模指数,20070531,1000.0,20070605
650061.MI,MSCI全球(除日本)大盘,MSCI,MSCI指数,规模指数,20070531,1000.0,20070605
650062.MI,MSCI全球(除瑞士)大盘,MSCI,MSCI指数,规模指数,20070531,1000.0,20070605
650063.MI,MSCI全球(除英国)大盘,MSCI,MSCI指数,规模指数,20070531,1000.0,20070605
650064.MI,MSCI全球(除美国)大盘,MSCI,MSCI指数,规模指数,20070531,1000.0,20070605
650065.MI,MSCI阿根廷大盘,MSCI,MSCI指数,规模指数,20220531,1000.0,20070605
650066.MI,MSCI巴西大盘,MSCI,MSCI指数,规模指数,20070531,1000.0,20070605
650067.MI,MSCI金砖四国大盘,MSCI,MSCI指数,规模指数,20070531,1000.0,20070605
650068.MI,MSCI智利大盘,MSCI,MSCI指数,规模指数,20070531,1000.0,20070605
650069.MI,MSCI中国大盘(除A股)(美元),MSCI,MSCI指数,规模指数,20070531,1000.0,20070605
650070.MI,MSCI哥伦比亚大盘,MSCI,MSCI指数,规模指数,20070531,1000.0,20070605
650071.MI,MSCI捷克共和国大盘,MSCI,MSCI指数,规模指数,20070531,1000.0,20070605
650072.MI,MSCI埃及大盘,MSCI,MSCI指数,规模指数,20070531,1000.0,20070605
650073.MI,MSCI新兴市场大盘,MSCI,MSCI指数,规模指数,20070531,1000.0,20070605
650074.MI,MSCI亚洲新兴市场大盘,MSCI,MSCI指数,规模指数,20070531,1000.0,20070605
650075.MI,MSCI东欧新兴市场大盘,MSCI,MSCI指数,规模指数,20070531,1000.0,20070605
650076.MI,MSCI欧非中东新兴市场大盘,MSCI,MSCI指数,规模指数,20070531,1000.0,20070605
650077.MI,MSCI欧洲新兴市场大盘,MSCI,MSCI指数,规模指数,20070531,1000.0,20070605
650078.MI,MSCI欧洲&中东新兴市场大盘,MSCI,MSCI指数,规模指数,20070531,1000.0,20070605
650079.MI,MSCI远东新兴市场大盘,MSCI,MSCI指数,规模指数,20070531,1000.0,20070605
650080.MI,MSCI拉美新兴市场大盘,MSCI,MSCI指数,规模指数,20070531,1000.0,20070605
650081.MI,MSCI欧盟大盘,MSCI,MSCI指数,规模指数,20070531,1000.0,20070605
650082.MI,MSCI金龙大盘,MSCI,MSCI指数,规模指数,20070531,1000.0,20070605
650083.MI,MSCI匈牙利大盘,MSCI,MSCI指数,规模指数,20070531,1000.0,20070605
650084.MI,MSCI印度大盘,MSCI,MSCI指数,规模指数,20070531,1000.0,20070605
650085.MI,MSCI印度尼西亚大盘,MSCI,MSCI指数,规模指数,20070531,1000.0,20070605
650086.MI,MSCI以色列大盘,MSCI,MSCI指数,规模指数,20070531,1000.0,20070605
650087.MI,MSCI约旦大盘,MSCI,MSCI指数,规模指数,20070531,1000.0,20070605
650088.MI,MSCI韩国大盘,MSCI,MSCI指数,规模指数,20070531,1000.0,20070605
650089.MI,MSCI马来西亚大盘,MSCI,MSCI指数,规模指数,20070531,1000.0,20070605
650090.MI,MSCI墨西哥大盘,MSCI,MSCI指数,规模指数,20070531,1000.0,20070605
650091.MI,MSCI摩洛哥大盘,MSCI,MSCI指数,规模指数,20070531,1000.0,20070605
650092.MI,MSCI巴基斯坦大盘,MSCI,MSCI指数,规模指数,20070531,1000.0,20070605
650093.MI,MSCI秘鲁大盘,MSCI,MSCI指数,规模指数,20070531,1000.0,20070605
650094.MI,MSCI菲律宾大盘,MSCI,MSCI指数,规模指数,20070531,1000.0,20070605
650095.MI,MSCI波兰大盘,MSCI,MSCI指数,规模指数,20070531,1000.0,20070605
650096.MI,MSCI俄罗斯大盘,MSCI,MSCI指数,规模指数,20070531,1000.0,20070605
650097.MI,MSCI南非大盘,MSCI,MSCI指数,规模指数,20070531,1000.0,20070605
650098.MI,MSCI东南亚大盘,MSCI,MSCI指数,规模指数,20070531,1000.0,20070605
650100.MI,MSCI台湾大盘,MSCI,MSCI指数,规模指数,20070531,1000.0,20070605
650101.MI,MSCI泰国大盘,MSCI,MSCI指数,规模指数,20070531,1000.0,20070605
650102.MI,MSCI土耳其大盘,MSCI,MSCI指数,规模指数,20220531,1000.0,20070605
650104.MI,MSCI中华大盘(美元),MSCI,MSCI指数,规模指数,20070531,1000.0,20070605
650105.MI,MSCI澳大利亚大盘价值,MSCI,MSCI指数,价值指数,20070531,1000.0,20070605
650106.MI,MSCI奥地利大盘价值,MSCI,MSCI指数,价值指数,20070531,1000.0,20070605
650107.MI,MSCI比利时大盘价值,MSCI,MSCI指数,价值指数,20070531,1000.0,20070605
650108.MI,MSCI加拿大大盘价值,MSCI,MSCI指数,价值指数,20070531,1000.0,20070605
650109.MI,MSCI丹麦大盘价值,MSCI,MSCI指数,价值指数,20070531,1000.0,20070605
650110.MI,MSCI欧澳远东大盘价值,MSCI,MSCI指数,价值指数,20070531,1000.0,20070605
650111.MI,MSCI欧澳远东(除英国)大盘价值,MSCI,MSCI指数,价值指数,20070531,1000.0,20070605
650112.MI,MSCI欧澳远东(除日本)大盘价值,MSCI,MSCI指数,价值指数,20070531,1000.0,20070605
650113.MI,MSCI欧盟大盘价值,MSCI,MSCI指数,价值指数,20070531,1000.0,20070605
650114.MI,MSCI欧盟+英国大盘价值,MSCI,MSCI指数,价值指数,20070531,1000.0,20070605
650115.MI,MSCI欧洲大盘价值,MSCI,MSCI指数,价值指数,20070531,1000.0,20070605
650116.MI,MSCI欧洲(除欧盟)大盘价值,MSCI,MSCI指数,价值指数,20070531,1000.0,20070605
650117.MI,MSCI欧洲(除德国)大盘价值,MSCI,MSCI指数,价值指数,20070531,1000.0,20070605
650118.MI,MSCI欧洲(除瑞士)大盘价值,MSCI,MSCI指数,价值指数,20070531,1000.0,20070605
650119.MI,MSCI欧洲(除英国)大盘价值,MSCI,MSCI指数,价值指数,20070531,1000.0,20070605
650120.MI,MSCI欧洲(除英国瑞士)大盘价值,MSCI,MSCI指数,价值指数,20070531,1000.0,20070605
650121.MI,MSCI远东大盘价值,MSCI,MSCI指数,价值指数,20070531,1000.0,20070605
650122.MI,MSCI芬兰大盘价值,MSCI,MSCI指数,价值指数,20070531,1000.0,20070605
650123.MI,MSCI法国大盘价值,MSCI,MSCI指数,价值指数,20070531,1000.0,20070605
650124.MI,MSCI德国大盘价值,MSCI,MSCI指数,价值指数,20070531,1000.0,20070605
650125.MI,MSCI希腊大盘价值,MSCI,MSCI指数,价值指数,20080530,1000.0,20070605
650127.MI,MSCI爱尔兰大盘价值,MSCI,MSCI指数,价值指数,20200504,1000.0,20070605
650128.MI,MSCI意大利大盘价值,MSCI,MSCI指数,价值指数,20070531,1000.0,20070605
650129.MI,MSCI日本大盘价值,MSCI,MSCI指数,价值指数,20070531,1000.0,20070605
650130.MI,MSCIKOKUSAI大盘价值,MSCI,MSCI指数,价值指数,20070531,1000.0,20070605
650131.MI,MSCI荷兰大盘价值,MSCI,MSCI指数,价值指数,20070531,1000.0,20070605
650133.MI,MSCI北欧大盘价值,MSCI,MSCI指数,价值指数,20070531,1000.0,20070605
650134.MI,MSCI北美大盘价值,MSCI,MSCI指数,价值指数,20070531,1000.0,20070605
650135.MI,MSCI挪威大盘价值,MSCI,MSCI指数,价值指数,20070531,1000.0,20070605
650136.MI,MSCI太平洋地区大盘价值,MSCI,MSCI指数,价值指数,20070531,1000.0,20070605
650137.MI,MSCI太平洋地区(除日本)大盘价值,MSCI,MSCI指数,价值指数,20070531,1000.0,20070605
650138.MI,MSCI葡萄牙大盘价值,MSCI,MSCI指数,价值指数,20070531,1000.0,20070605
650139.MI,MSCI新加坡大盘价值,MSCI,MSCI指数,价值指数,20070531,1000.0,20070605
650140.MI,MSCI西班牙大盘价值,MSCI,MSCI指数,价值指数,20070531,1000.0,20070605
650141.MI,MSCI瑞典大盘价值,MSCI,MSCI指数,价值指数,20070531,1000.0,20070605
650142.MI,MSCI瑞士大盘价值,MSCI,MSCI指数,价值指数,20070531,1000.0,20070605
650143.MI,MSCI发达市场大盘价值,MSCI,MSCI指数,价值指数,20070531,1000.0,20070605
650144.MI,MSCI英国大盘价值,MSCI,MSCI指数,价值指数,20070531,1000.0,20070605
650145.MI,MSCI美国大盘价值,MSCI,MSCI指数,价值指数,20070531,1000.0,20070605
650146.MI,MSCI发达市场(除澳)大盘价值,MSCI,MSCI指数,价值指数,20070531,1000.0,20070605
650147.MI,MSCI发达市场(除欧盟)大盘价值,MSCI,MSCI指数,价值指数,20070531,1000.0,20070605
650148.MI,MSCI发达市场(除欧洲)大盘价值,MSCI,MSCI指数,价值指数,20070531,1000.0,20070605
650149.MI,MSCI发达市场(除英国)大盘价值,MSCI,MSCI指数,价值指数,20070531,1000.0,20070605
650150.MI,MSCI发达市场(除美国)大盘价值,MSCI,MSCI指数,价值指数,20070531,1000.0,20070605
650151.MI,MSCI美洲大盘价值,MSCI,MSCI指数,价值指数,20070531,1000.0,20070605
650152.MI,MSCI亚洲大盘价值,MSCI,MSCI指数,价值指数,20070531,1000.0,20070605
650153.MI,MSCI亚洲(除日本)大盘价值,MSCI,MSCI指数,价值指数,20070531,1000.0,20070605
650154.MI,MSCI亚太地区大盘价值,MSCI,MSCI指数,价值指数,20070531,1000.0,20070605
650155.MI,MSCI亚太地区(除日本)大盘价值,MSCI,MSCI指数,价值指数,20070531,1000.0,20070605
650156.MI,MSCI欧洲全市场大盘价值,MSCI,MSCI指数,价值指数,20070531,1000.0,20070605
650157.MI,MSCI欧洲全市场&中东大盘价值,MSCI,MSCI指数,价值指数,20070531,1000.0,20070605
650158.MI,MSCI远东全市场大盘价值,MSCI,MSCI指数,价值指数,20070531,1000.0,20070605
650159.MI,MSCI远东全市场(除日本)大盘价值,MSCI,MSCI指数,价值指数,20070531,1000.0,20070605
650160.MI,MSCI太平洋全市场大盘价值,MSCI,MSCI指数,价值指数,20070531,1000.0,20070605
650161.MI,MSCI太平洋全市场(除日本)大盘价值,MSCI,MSCI指数,价值指数,20070531,1000.0,20070605
650162.MI,MSCI全球大盘价值,MSCI,MSCI指数,价值指数,20070531,1000.0,20070605
650163.MI,MSCI全球(除澳)大盘价值,MSCI,MSCI指数,价值指数,20070531,1000.0,20070605
650164.MI,MSCI全球(除欧盟)大盘价值,MSCI,MSCI指数,价值指数,20070531,1000.0,20070605
650165.MI,MSCI全球(除欧洲)大盘价值,MSCI,MSCI指数,价值指数,20070531,1000.0,20070605
650166.MI,MSCI全球(除日本)大盘价值,MSCI,MSCI指数,价值指数,20070531,1000.0,20070605
650167.MI,MSCI全球(除瑞士)大盘价值,MSCI,MSCI指数,价值指数,20070531,1000.0,20070605
650168.MI,MSCI全球(除英国)大盘价值,MSCI,MSCI指数,价值指数,20070531,1000.0,20070605
650169.MI,MSCI全球(除美国)大盘价值,MSCI,MSCI指数,价值指数,20070531,1000.0,20070605
650171.MI,MSCI巴西大盘价值,MSCI,MSCI指数,价值指数,20070531,1000.0,20070605
650172.MI,MSCI金砖四国大盘价值,MSCI,MSCI指数,价值指数,20070531,1000.0,20070605
650173.MI,MSCI智利大盘价值,MSCI,MSCI指数,价值指数,20070531,1000.0,20070605
650174.MI,MSCI中国大盘价值,MSCI,MSCI指数,价值指数,20070531,1000.0,20070605
650175.MI,MSCI哥伦比亚大盘价值,MSCI,MSCI指数,价值指数,20070531,1000.0,20070605
650176.MI,MSCI捷克共和国大盘价值,MSCI,MSCI指数,价值指数,20211130,1000.0,20070605
650177.MI,MSCI埃及大盘价值,MSCI,MSCI指数,价值指数,20070531,1000.0,20070605
650178.MI,MSCI新兴市场大盘价值,MSCI,MSCI指数,价值指数,20070531,1000.0,20070605
650179.MI,MSCI亚洲新兴市场大盘价值,MSCI,MSCI指数,价值指数,20070531,1000.0,20070605
650180.MI,MSCI东欧新兴市场大盘价值,MSCI,MSCI指数,价值指数,20070531,1000.0,20070605
650181.MI,MSCI欧非中东新兴市场大盘价值,MSCI,MSCI指数,价值指数,20070531,1000.0,20070605
650182.MI,MSCI欧洲新兴市场大盘价值,MSCI,MSCI指数,价值指数,20070531,1000.0,20070605
650183.MI,MSCI欧洲&中东新兴市场大盘价值,MSCI,MSCI指数,价值指数,20070531,1000.0,20070605
650184.MI,MSCI远东新兴市场大盘价值,MSCI,MSCI指数,价值指数,20070531,1000.0,20070605
650185.MI,MSCI拉美新兴市场大盘价值,MSCI,MSCI指数,价值指数,20070531,1000.0,20070605
650186.MI,MSCI欧盟大盘价值,MSCI,MSCI指数,价值指数,20070531,1000.0,20070605
650187.MI,MSCI金龙大盘价值,MSCI,MSCI指数,价值指数,20070531,1000.0,20070605
650188.MI,MSCI匈牙利大盘价值,MSCI,MSCI指数,价值指数,20211130,1000.0,20070605
650189.MI,MSCI印度大盘价值,MSCI,MSCI指数,价值指数,20070531,1000.0,20070605
650190.MI,MSCI印度尼西亚大盘价值,MSCI,MSCI指数,价值指数,20070531,1000.0,20070605
650191.MI,MSCI以色列大盘价值,MSCI,MSCI指数,价值指数,20070531,1000.0,20070605
650193.MI,MSCI韩国大盘价值,MSCI,MSCI指数,价值指数,20070531,1000.0,20070605
650194.MI,MSCI马来西亚大盘价值,MSCI,MSCI指数,价值指数,20070531,1000.0,20070605
650195.MI,MSCI墨西哥大盘价值,MSCI,MSCI指数,价值指数,20070531,1000.0,20070605
650196.MI,MSCI摩洛哥大盘价值(退市),MSCI,MSCI指数,价值指数,20070531,1000.0,19980529
650197.MI,MSCI巴基斯坦大盘价值(退市),MSCI,MSCI指数,价值指数,,,19940531
650198.MI,MSCI秘鲁大盘价值,MSCI,MSCI指数,价值指数,20070531,1000.0,20070605
650199.MI,MSCI菲律宾大盘价值,MSCI,MSCI指数,价值指数,20070531,1000.0,20070605
650200.MI,MSCI波兰大盘价值,MSCI,MSCI指数,价值指数,20070531,1000.0,20070605
650201.MI,MSCI俄罗斯大盘价值,MSCI,MSCI指数,价值指数,20070531,1000.0,20070605
650202.MI,MSCI南非大盘价值,MSCI,MSCI指数,价值指数,20070531,1000.0,20070605
650203.MI,MSCI东南亚大盘价值,MSCI,MSCI指数,价值指数,20070531,1000.0,20070605
650205.MI,MSCI台湾大盘价值,MSCI,MSCI指数,价值指数,20070531,1000.0,20070605
650206.MI,MSCI泰国大盘价值,MSCI,MSCI指数,价值指数,20070531,1000.0,20070605
650207.MI,MSCI土耳其大盘价值,MSCI,MSCI指数,价值指数,20220531,1000.0,20070605
650209.MI,MSCI中华大盘价值,MSCI,MSCI指数,价值指数,20070531,1000.0,20070605
650210.MI,MSCI澳大利亚大盘成长,MSCI,MSCI指数,成长指数,20070531,1000.0,20070605
650211.MI,MSCI奥地利大盘成长,MSCI,MSCI指数,成长指数,20211130,1000.0,20070605
650212.MI,MSCI比利时大盘成长,MSCI,MSCI指数,成长指数,20211130,1000.0,20070605
650213.MI,MSCI加拿大大盘成长,MSCI,MSCI指数,成长指数,20070531,1000.0,20070605
650214.MI,MSCI丹麦大盘成长,MSCI,MSCI指数,成长指数,20070531,1000.0,20070605
650215.MI,MSCI欧澳远东大盘成长,MSCI,MSCI指数,成长指数,20070531,1000.0,20070605
650216.MI,MSCI欧澳远东(除英国)大盘成长,MSCI,MSCI指数,成长指数,20070531,1000.0,20070605
650217.MI,MSCI欧澳远东(除日本)大盘成长,MSCI,MSCI指数,成长指数,20070531,1000.0,20070605
650218.MI,MSCI欧盟大盘成长,MSCI,MSCI指数,成长指数,20070531,1000.0,20070605
650219.MI,MSCI欧盟+英国大盘成长,MSCI,MSCI指数,成长指数,20070531,1000.0,20070605
650220.MI,MSCI欧洲大盘成长,MSCI,MSCI指数,成长指数,20070531,1000.0,20070605
650221.MI,MSCI欧洲(除欧盟)大盘成长,MSCI,MSCI指数,成长指数,20070531,1000.0,20070605
650222.MI,MSCI欧洲(除德国)大盘成长,MSCI,MSCI指数,成长指数,20070531,1000.0,20070605
650223.MI,MSCI欧洲(除瑞士)大盘成长,MSCI,MSCI指数,成长指数,20070531,1000.0,20070605
650224.MI,MSCI欧洲(除英国)大盘成长,MSCI,MSCI指数,成长指数,20070531,1000.0,20070605
650225.MI,MSCI欧洲(除英国瑞士)大盘成长,MSCI,MSCI指数,成长指数,20070531,1000.0,20070605
650226.MI,MSCI远东大盘成长,MSCI,MSCI指数,成长指数,20070531,1000.0,20070605
650227.MI,MSCI芬兰大盘成长,MSCI,MSCI指数,成长指数,20101130,1000.0,20070605
650228.MI,MSCI法国大盘成长,MSCI,MSCI指数,成长指数,20070531,1000.0,20070605
650229.MI,MSCI德国大盘成长,MSCI,MSCI指数,成长指数,20070531,1000.0,20070605
650230.MI,MSCI希腊大盘成长,MSCI,MSCI指数,成长指数,20131126,1000.0,20070605
650233.MI,MSCI意大利大盘成长,MSCI,MSCI指数,成长指数,20070531,1000.0,20070605
650234.MI,MSCI日本大盘成长,MSCI,MSCI指数,成长指数,20070531,1000.0,20070605
650235.MI,MSCIKOKUSAI大盘成长,MSCI,MSCI指数,成长指数,20070531,1000.0,20070605
650236.MI,MSCI荷兰大盘成长,MSCI,MSCI指数,成长指数,20070531,1000.0,20070605
650238.MI,MSCI北欧大盘成长,MSCI,MSCI指数,成长指数,20070531,1000.0,20070605
650239.MI,MSCI北美大盘成长,MSCI,MSCI指数,成长指数,20070531,1000.0,20070605
650240.MI,MSCI挪威大盘成长,MSCI,MSCI指数,成长指数,20070531,1000.0,20070605
650241.MI,MSCI太平洋地区大盘成长,MSCI,MSCI指数,成长指数,20070531,1000.0,20070605
650242.MI,MSCI太平洋地区(除日本)大盘成长,MSCI,MSCI指数,成长指数,20070531,1000.0,20070605
650243.MI,MSCI葡萄牙大盘成长,MSCI,MSCI指数,成长指数,20210527,1000.0,20070605
650244.MI,MSCI新加坡大盘成长,MSCI,MSCI指数,成长指数,20070531,1000.0,20070605
650245.MI,MSCI西班牙大盘成长,MSCI,MSCI指数,成长指数,20070531,1000.0,20070605
650246.MI,MSCI瑞典大盘成长,MSCI,MSCI指数,成长指数,20070531,1000.0,20070605
650247.MI,MSCI瑞士大盘成长,MSCI,MSCI指数,成长指数,20070531,1000.0,20070605
650248.MI,MSCI发达市场大盘成长,MSCI,MSCI指数,成长指数,20070531,1000.0,20070605
650249.MI,MSCI英国大盘成长,MSCI,MSCI指数,成长指数,20070531,1000.0,20070605
650250.MI,MSCI美国大盘成长,MSCI,MSCI指数,成长指数,20070531,1000.0,20070605
650251.MI,MSCI发达市场(除澳)大盘成长,MSCI,MSCI指数,成长指数,20070531,1000.0,20070605
650252.MI,MSCI发达市场(除欧盟)大盘成长,MSCI,MSCI指数,成长指数,20070531,1000.0,20070605
650253.MI,MSCI发达市场(除欧洲)大盘成长,MSCI,MSCI指数,成长指数,20070531,1000.0,20070605
650254.MI,MSCI发达市场(除英国)大盘成长,MSCI,MSCI指数,成长指数,20070531,1000.0,20070605
650255.MI,MSCI发达市场(除美国)大盘成长,MSCI,MSCI指数,成长指数,20070531,1000.0,20070605
650256.MI,MSCI美洲大盘成长,MSCI,MSCI指数,成长指数,20070531,1000.0,20070605
650257.MI,MSCI亚洲大盘成长,MSCI,MSCI指数,成长指数,20070531,1000.0,20070605
650258.MI,MSCI亚洲(除日本)大盘成长,MSCI,MSCI指数,成长指数,20070531,1000.0,20070605
650259.MI,MSCI亚太地区大盘成长,MSCI,MSCI指数,成长指数,20070531,1000.0,20070605
650260.MI,MSCI亚太地区(除日本)大盘成长,MSCI,MSCI指数,成长指数,20070531,1000.0,20070605
650261.MI,MSCI欧洲全市场大盘成长,MSCI,MSCI指数,成长指数,20070531,1000.0,20070605
650262.MI,MSCI欧洲全市场&中东大盘成长,MSCI,MSCI指数,成长指数,20070531,1000.0,20070605
650263.MI,MSCI远东全市场大盘成长,MSCI,MSCI指数,成长指数,20070531,1000.0,20070605
650264.MI,MSCI远东全市场(除日本)大盘成长,MSCI,MSCI指数,成长指数,20070531,1000.0,20070605
650265.MI,MSCI太平洋全市场大盘成长,MSCI,MSCI指数,成长指数,20070531,1000.0,20070605
650266.MI,MSCI太平洋全市场(除日本)大盘成长,MSCI,MSCI指数,成长指数,20070531,1000.0,20070605
650267.MI,MSCI全球大盘成长,MSCI,MSCI指数,成长指数,20070531,1000.0,20070605
650268.MI,MSCI全球(除澳)大盘成长,MSCI,MSCI指数,成长指数,20070531,1000.0,20070605
650269.MI,MSCI全球(除欧盟)大盘成长,MSCI,MSCI指数,成长指数,20070531,1000.0,20070605
650270.MI,MSCI全球(除欧洲)大盘成长,MSCI,MSCI指数,成长指数,20070531,1000.0,20070605
650271.MI,MSCI全球(除日本)大盘成长,MSCI,MSCI指数,成长指数,20070531,1000.0,20070605
650272.MI,MSCI全球(除瑞士)大盘成长,MSCI,MSCI指数,成长指数,20070531,1000.0,20070605
650273.MI,MSCI全球(除英国)大盘成长,MSCI,MSCI指数,成长指数,20070531,1000.0,20070605
650274.MI,MSCI全球(除美国)大盘成长,MSCI,MSCI指数,成长指数,20070531,1000.0,20070605
650275.MI,MSCI阿根廷大盘成长(退市),MSCI,MSCI指数,成长指数,,,19940531
650276.MI,MSCI巴西大盘成长,MSCI,MSCI指数,成长指数,20070531,1000.0,20070605
650277.MI,MSCI金砖四国大盘成长,MSCI,MSCI指数,成长指数,20070531,1000.0,20070605
650278.MI,MSCI智利大盘成长,MSCI,MSCI指数,成长指数,20070531,1000.0,20070605
650279.MI,MSCI中国大盘成长,MSCI,MSCI指数,成长指数,20070531,1000.0,20070605
650280.MI,MSCI哥伦比亚大盘成长,MSCI,MSCI指数,成长指数,20070531,1000.0,20070605
650281.MI,MSCI捷克共和国大盘成长,MSCI,MSCI指数,成长指数,20070531,1000.0,20070605
650282.MI,MSCI埃及大盘成长,MSCI,MSCI指数,成长指数,20070531,1000.0,20070605
650283.MI,MSCI新兴市场大盘成长,MSCI,MSCI指数,成长指数,20070531,1000.0,20070605
650284.MI,MSCI亚洲新兴市场大盘成长,MSCI,MSCI指数,成长指数,20070531,1000.0,20070605
650285.MI,MSCI东欧新兴市场大盘成长,MSCI,MSCI指数,成长指数,20070531,1000.0,20070605
650286.MI,MSCI欧非中东新兴市场大盘成长,MSCI,MSCI指数,成长指数,20070531,1000.0,20070605
650287.MI,MSCI欧洲新兴市场大盘成长,MSCI,MSCI指数,成长指数,20070531,1000.0,20070605
650288.MI,MSCI欧洲&中东新兴市场大盘成长,MSCI,MSCI指数,成长指数,20070531,1000.0,20070605
650289.MI,MSCI远东新兴市场大盘成长,MSCI,MSCI指数,成长指数,20070531,1000.0,20070605
650290.MI,MSCI拉美新兴市场大盘成长,MSCI,MSCI指数,成长指数,20070531,1000.0,20070605
650291.MI,MSCI欧盟大盘成长,MSCI,MSCI指数,成长指数,20070531,1000.0,20070605
650292.MI,MSCI金龙大盘成长,MSCI,MSCI指数,成长指数,20070531,1000.0,20070605
650293.MI,MSCI匈牙利大盘成长,MSCI,MSCI指数,成长指数,20070531,1000.0,20070605
650294.MI,MSCI印度大盘成长,MSCI,MSCI指数,成长指数,20070531,1000.0,20070605
650295.MI,MSCI印度尼西亚大盘成长,MSCI,MSCI指数,成长指数,20070531,1000.0,20070605
650296.MI,MSCI以色列大盘成长,MSCI,MSCI指数,成长指数,20070531,1000.0,20070605
650298.MI,MSCI韩国大盘成长,MSCI,MSCI指数,成长指数,20070531,1000.0,20070605
650299.MI,MSCI马来西亚大盘成长,MSCI,MSCI指数,成长指数,20070531,1000.0,20070605
650300.MI,MSCI墨西哥大盘成长,MSCI,MSCI指数,成长指数,20070531,1000.0,20070605
650301.MI,MSCI摩洛哥大盘成长(退市),MSCI,MSCI指数,成长指数,20070531,1000.0,19980529
650302.MI,MSCI巴基斯坦大盘成长(退市),MSCI,MSCI指数,成长指数,,,19951130
650303.MI,MSCI秘鲁大盘成长,MSCI,MSCI指数,成长指数,20070531,1000.0,20070605
650304.MI,MSCI菲律宾大盘成长,MSCI,MSCI指数,成长指数,20070531,1000.0,20070605
650305.MI,MSCI波兰大盘成长,MSCI,MSCI指数,成长指数,20070531,1000.0,20070605
650306.MI,MSCI俄罗斯大盘成长,MSCI,MSCI指数,成长指数,20070531,1000.0,20070605
650307.MI,MSCI南非大盘成长,MSCI,MSCI指数,成长指数,20070531,1000.0,20070605
650308.MI,MSCI东南亚大盘成长,MSCI,MSCI指数,成长指数,20070531,1000.0,20070605
650310.MI,MSCI台湾大盘成长,MSCI,MSCI指数,成长指数,20070531,1000.0,20070605
650311.MI,MSCI泰国大盘成长,MSCI,MSCI指数,成长指数,20070531,1000.0,20070605
650312.MI,MSCI土耳其大盘成长,MSCI,MSCI指数,成长指数,20220531,1000.0,20070605
650314.MI,MSCI中华大盘成长,MSCI,MSCI指数,成长指数,20070531,1000.0,20070605
652517.MI,MSCI澳大利亚中盘,MSCI,MSCI指数,规模指数,20070531,1000.0,20070605
652518.MI,MSCI奥地利中盘,MSCI,MSCI指数,规模指数,20070531,1000.0,20070605
652519.MI,MSCI比利时中盘,MSCI,MSCI指数,规模指数,20070531,1000.0,20070605
652520.MI,MSCI加拿大中盘,MSCI,MSCI指数,规模指数,20070531,1000.0,20070605
652521.MI,MSCI丹麦中盘,MSCI,MSCI指数,规模指数,20070531,1000.0,20070605
652522.MI,MSCI欧澳远东中盘,MSCI,MSCI指数,规模指数,20070531,1000.0,20070605
652523.MI,MSCI欧澳远东(除英国)中盘,MSCI,MSCI指数,规模指数,20070531,1000.0,20070605
652524.MI,MSCI欧澳远东(除日本)中盘,MSCI,MSCI指数,规模指数,20070531,1000.0,20070605
652525.MI,MSCI欧盟中盘,MSCI,MSCI指数,规模指数,20070531,1000.0,20070605
652526.MI,MSCI欧盟+英国中盘,MSCI,MSCI指数,规模指数,20070531,1000.0,20070605
652527.MI,MSCI欧洲中盘,MSCI,MSCI指数,规模指数,20070531,1000.0,20070605
652528.MI,MSCI欧洲(除欧盟)盘,MSCI,MSCI指数,规模指数,20070531,1000.0,20070605
652529.MI,MSCI欧洲(除德国)中盘,MSCI,MSCI指数,规模指数,20070531,1000.0,20070605
652530.MI,MSCI欧洲(除瑞士)中盘,MSCI,MSCI指数,规模指数,20070531,1000.0,20070605
652531.MI,MSCI欧洲(除英国)中盘,MSCI,MSCI指数,规模指数,20070531,1000.0,20070605
652532.MI,MSCI欧洲(除英国瑞士)中盘,MSCI,MSCI指数,规模指数,20070531,1000.0,20070605
652533.MI,MSCI远东中盘,MSCI,MSCI指数,规模指数,20070531,1000.0,20070605
652534.MI,MSCI芬兰中盘,MSCI,MSCI指数,规模指数,20070531,1000.0,20070605
652535.MI,MSCI法国中盘,MSCI,MSCI指数,规模指数,20070531,1000.0,20070605
652536.MI,MSCI德国中盘,MSCI,MSCI指数,规模指数,20070531,1000.0,20070605
652537.MI,MSCI希腊中盘,MSCI,MSCI指数,规模指数,20070531,1000.0,20070605
652539.MI,MSCI爱尔兰中盘,MSCI,MSCI指数,规模指数,20070531,1000.0,20070605
652540.MI,MSCI意大利中盘,MSCI,MSCI指数,规模指数,20070531,1000.0,20070605
652541.MI,MSCI日本中盘,MSCI,MSCI指数,规模指数,20070531,1000.0,20070605
652542.MI,MSCIKOKUSAI中盘,MSCI,MSCI指数,规模指数,20070531,1000.0,20070605
652543.MI,MSCI荷兰中盘,MSCI,MSCI指数,规模指数,20070531,1000.0,20070605
652544.MI,MSCI新西兰中盘,MSCI,MSCI指数,规模指数,20070531,1000.0,20070605
652545.MI,MSCI北欧中盘,MSCI,MSCI指数,规模指数,20070531,1000.0,20070605
652546.MI,MSCI北美中盘,MSCI,MSCI指数,规模指数,20070531,1000.0,20070605
652547.MI,MSCI挪威中盘,MSCI,MSCI指数,规模指数,20070531,1000.0,20070605
652548.MI,MSCI太平洋地区中盘,MSCI,MSCI指数,规模指数,20070531,1000.0,20070605
652549.MI,MSCI太平洋地区(除日本)中盘,MSCI,MSCI指数,规模指数,20070531,1000.0,20070605
652550.MI,MSCI葡萄牙中盘,MSCI,MSCI指数,规模指数,20070531,1000.0,20070605
652551.MI,MSCI新加坡中盘,MSCI,MSCI指数,规模指数,20070531,1000.0,20070605
652552.MI,MSCI西班牙中盘,MSCI,MSCI指数,规模指数,20070531,1000.0,20070605
652553.MI,MSCI瑞典中盘,MSCI,MSCI指数,规模指数,20070531,1000.0,20070605
652554.MI,MSCI瑞士中盘,MSCI,MSCI指数,规模指数,20070531,1000.0,20070605
652555.MI,MSCI发达市场中盘,MSCI,MSCI指数,规模指数,20070531,1000.0,20070605
652556.MI,MSCI英国中盘,MSCI,MSCI指数,规模指数,20070531,1000.0,20070605
652557.MI,MSCI美国中盘,MSCI,MSCI指数,规模指数,20070531,1000.0,20070605
652558.MI,MSCI发达市场(除澳)中盘,MSCI,MSCI指数,规模指数,20070531,1000.0,20070605
652559.MI,MSCI发达市场(除欧盟)中盘,MSCI,MSCI指数,规模指数,20070531,1000.0,20070605
652560.MI,MSCI发达市场(除欧洲)中盘,MSCI,MSCI指数,规模指数,20070531,1000.0,20070605
652561.MI,MSCI发达市场(除英国)中盘,MSCI,MSCI指数,规模指数,20070531,1000.0,20070605
652562.MI,MSCI发达市场(除美国)中盘,MSCI,MSCI指数,规模指数,20070531,1000.0,20070605
652563.MI,MSCI美洲中盘,MSCI,MSCI指数,规模指数,20070531,1000.0,20070605
652564.MI,MSCI亚洲中盘,MSCI,MSCI指数,规模指数,20070531,1000.0,20070605
652565.MI,MSCI亚洲(除日本)中盘,MSCI,MSCI指数,规模指数,20070531,1000.0,20070605
652566.MI,MSCI亚太地区中盘,MSCI,MSCI指数,规模指数,20070531,1000.0,20070605
652567.MI,MSCI亚太地区(除日本)中盘,MSCI,MSCI指数,规模指数,20070531,1000.0,20070605
652568.MI,MSCI欧洲全市场中盘,MSCI,MSCI指数,规模指数,20070531,1000.0,20070605
652569.MI,MSCI欧洲全市场&中东中盘,MSCI,MSCI指数,规模指数,20070531,1000.0,20070605
652570.MI,MSCI远东全市场中盘,MSCI,MSCI指数,规模指数,20070531,1000.0,20070605
652571.MI,MSCI远东全市场(除日本)中盘,MSCI,MSCI指数,规模指数,20070531,1000.0,20070605
652572.MI,MSCI太平洋全市场中盘,MSCI,MSCI指数,规模指数,20070531,1000.0,20070605
652573.MI,MSCI太平洋全市场(除日本)中盘,MSCI,MSCI指数,规模指数,20070531,1000.0,20070605
652574.MI,MSCI全球中盘,MSCI,MSCI指数,规模指数,20070531,1000.0,20070605
652575.MI,MSCI全球(除澳)中盘,MSCI,MSCI指数,规模指数,20070531,1000.0,20070605
652576.MI,MSCI全球(除欧盟)中盘,MSCI,MSCI指数,规模指数,20070531,1000.0,20070605
652577.MI,MSCI全球(除欧洲)中盘,MSCI,MSCI指数,规模指数,20070531,1000.0,20070605
652578.MI,MSCI全球(除日本)中盘,MSCI,MSCI指数,规模指数,20070531,1000.0,20070605
652579.MI,MSCI全球(除瑞士)中盘,MSCI,MSCI指数,规模指数,20070531,1000.0,20070605
652580.MI,MSCI全球(除英国)中盘,MSCI,MSCI指数,规模指数,20070531,1000.0,20070605
652581.MI,MSCI全球(除美国)中盘,MSCI,MSCI指数,规模指数,20070531,1000.0,20070605
652582.MI,MSCI阿根廷中盘,MSCI,MSCI指数,规模指数,20070531,1000.0,20070605
652583.MI,MSCI巴西中盘,MSCI,MSCI指数,规模指数,20070531,1000.0,20070605
652584.MI,MSCI金砖四国中盘,MSCI,MSCI指数,规模指数,20070531,1000.0,20070605
652585.MI,MSCI智利中盘,MSCI,MSCI指数,规模指数,20070531,1000.0,20070605
652586.MI,MSCI中国中盘(除A股)(美元),MSCI,MSCI指数,规模指数,20070531,1000.0,20070605
652587.MI,MSCI哥伦比亚中盘,MSCI,MSCI指数,规模指数,20070531,1000.0,20070605
652588.MI,MSCI捷克共和国中盘,MSCI,MSCI指数,规模指数,20150831,1000.0,20070605
652589.MI,MSCI埃及中盘,MSCI,MSCI指数,规模指数,20070531,1000.0,20070605
652590.MI,MSCI新兴市场中盘,MSCI,MSCI指数,规模指数,20070531,1000.0,20070605
652591.MI,MSCI亚洲新兴市场中盘,MSCI,MSCI指数,规模指数,20070531,1000.0,20070605
652592.MI,MSCI东欧新兴市场中盘,MSCI,MSCI指数,规模指数,20070531,1000.0,20070605
652593.MI,MSCI欧非中东新兴市场中盘,MSCI,MSCI指数,规模指数,20070531,1000.0,20070605
652594.MI,MSCI欧洲新兴市场中盘,MSCI,MSCI指数,规模指数,20070531,1000.0,20070605
652595.MI,MSCI欧洲&中东新兴市场中盘,MSCI,MSCI指数,规模指数,20070531,1000.0,20070605
652596.MI,MSCI远东新兴市场中盘,MSCI,MSCI指数,规模指数,20070531,1000.0,20070605
652597.MI,MSCI拉美新兴市场中盘,MSCI,MSCI指数,规模指数,20070531,1000.0,20070605
652598.MI,MSCI欧盟中盘,MSCI,MSCI指数,规模指数,20070531,1000.0,20070605
652599.MI,MSCI金龙中盘,MSCI,MSCI指数,规模指数,20070531,1000.0,20070605
652600.MI,MSCI匈牙利中盘,MSCI,MSCI指数,规模指数,20070531,1000.0,20070605
652601.MI,MSCI印度中盘,MSCI,MSCI指数,规模指数,20070531,1000.0,20070605
652602.MI,MSCI印度尼西亚中盘,MSCI,MSCI指数,规模指数,20070531,1000.0,20070605
652603.MI,MSCI以色列中盘,MSCI,MSCI指数,规模指数,20070531,1000.0,20070605
652604.MI,MSCI约旦中盘,MSCI,MSCI指数,规模指数,20070531,1000.0,20070605
652605.MI,MSCI韩国中盘,MSCI,MSCI指数,规模指数,20070531,1000.0,20070605
652606.MI,MSCI马来西亚中盘,MSCI,MSCI指数,规模指数,20070531,1000.0,20070605
652607.MI,MSCI墨西哥中盘,MSCI,MSCI指数,规模指数,20070531,1000.0,20070605
652608.MI,MSCI摩洛哥中盘,MSCI,MSCI指数,规模指数,20101130,1000.0,20070605
652609.MI,MSCI巴基斯坦中盘,MSCI,MSCI指数,规模指数,20070531,1000.0,20070605
652610.MI,MSCI秘鲁中盘,MSCI,MSCI指数,规模指数,20130531,1000.0,20070605
652611.MI,MSCI菲律宾中盘,MSCI,MSCI指数,规模指数,20070531,1000.0,20070605
652612.MI,MSCI波兰中盘,MSCI,MSCI指数,规模指数,20070531,1000.0,20070605
652613.MI,MSCI俄罗斯中盘,MSCI,MSCI指数,规模指数,20070531,1000.0,20070605
652614.MI,MSCI南非中盘,MSCI,MSCI指数,规模指数,20070531,1000.0,20070605
652615.MI,MSCI东南亚中盘,MSCI,MSCI指数,规模指数,20070531,1000.0,20070605
652617.MI,MSCI台湾中盘,MSCI,MSCI指数,规模指数,20070531,1000.0,20070605
652618.MI,MSCI泰国中盘,MSCI,MSCI指数,规模指数,20070531,1000.0,20070605
652619.MI,MSCI土耳其中盘,MSCI,MSCI指数,规模指数,20070531,1000.0,20070605
652621.MI,MSCI中华中盘(美元),MSCI,MSCI指数,规模指数,20070531,1000.0,20070605
652622.MI,MSCI澳大利亚中盘价值,MSCI,MSCI指数,价值指数,20070531,1000.0,20070605
652623.MI,MSCI奥地利中盘价值,MSCI,MSCI指数,价值指数,20070531,1000.0,20070605
652624.MI,MSCI比利时中盘价值,MSCI,MSCI指数,价值指数,20070531,1000.0,20070605
652625.MI,MSCI加拿大中盘价值,MSCI,MSCI指数,价值指数,20070531,1000.0,20070605
652626.MI,MSCI丹麦中盘价值,MSCI,MSCI指数,价值指数,20120531,1000.0,20070605
652627.MI,MSCI欧澳远东中盘价值,MSCI,MSCI指数,价值指数,20070531,1000.0,20070605
652628.MI,MSCI欧澳远东(除英国)中盘价值,MSCI,MSCI指数,价值指数,20070531,1000.0,20070605
652629.MI,MSCI欧澳远东(除日本)中盘价值,MSCI,MSCI指数,价值指数,20070531,1000.0,20070605
652630.MI,MSCI欧盟中盘价值,MSCI,MSCI指数,价值指数,20070531,1000.0,20070605
652631.MI,MSCI欧盟+英国中盘价值,MSCI,MSCI指数,价值指数,20070531,1000.0,20070605
652632.MI,MSCI欧洲中盘价值,MSCI,MSCI指数,价值指数,20070531,1000.0,20070605
652633.MI,MSCI欧洲(除欧盟)中盘价值,MSCI,MSCI指数,价值指数,20070531,1000.0,20070605
652634.MI,MSCI欧洲(除德国)中盘价值,MSCI,MSCI指数,价值指数,20070531,1000.0,20070605
652635.MI,MSCI欧洲(除瑞士)中盘价值,MSCI,MSCI指数,价值指数,20070531,1000.0,20070605
652636.MI,MSCI欧洲(除英国)中盘价值,MSCI,MSCI指数,价值指数,20070531,1000.0,20070605
652637.MI,MSCI欧洲(除英国瑞士)中盘价值,MSCI,MSCI指数,价值指数,20070531,1000.0,20070605
652638.MI,MSCI远东中盘价值,MSCI,MSCI指数,价值指数,20070531,1000.0,20070605
652639.MI,MSCI芬兰中盘价值,MSCI,MSCI指数,价值指数,20070531,1000.0,20070605
652640.MI,MSCI法国中盘价值,MSCI,MSCI指数,价值指数,20070531,1000.0,20070605
652641.MI,MSCI德国中盘价值,MSCI,MSCI指数,价值指数,20070531,1000.0,20070605
652642.MI,MSCI希腊中盘价值,MSCI,MSCI指数,价值指数,20070531,1000.0,20070605
652645.MI,MSCI意大利中盘价值,MSCI,MSCI指数,价值指数,20070531,1000.0,20070605
652646.MI,MSCI日本中盘价值,MSCI,MSCI指数,价值指数,20070531,1000.0,20070605
652647.MI,MSCIKOKUSAI中盘价值,MSCI,MSCI指数,价值指数,20070531,1000.0,20070605
652648.MI,MSCI荷兰中盘价值,MSCI,MSCI指数,价值指数,20070531,1000.0,20070605
652649.MI,MSCI新西兰中盘价值,MSCI,MSCI指数,价值指数,20070531,1000.0,20070605
652650.MI,MSCI北欧中盘价值,MSCI,MSCI指数,价值指数,20070531,1000.0,20070605
652651.MI,MSCI北美中盘价值,MSCI,MSCI指数,价值指数,20070531,1000.0,20070605
652652.MI,MSCI挪威中盘价值,MSCI,MSCI指数,价值指数,20100526,1000.0,20070605
652653.MI,MSCI太平洋地区中盘价值,MSCI,MSCI指数,价值指数,20070531,1000.0,20070605
652654.MI,MSCI太平洋地区(除日本)中盘价值,MSCI,MSCI指数,价值指数,20070531,1000.0,20070605
652655.MI,MSCI葡萄牙中盘价值,MSCI,MSCI指数,价值指数,20200529,1000.0,20070605
652656.MI,MSCI新加坡中盘价值,MSCI,MSCI指数,价值指数,20070531,1000.0,20070605
652657.MI,MSCI西班牙中盘价值,MSCI,MSCI指数,价值指数,20071130,1000.0,20070605
652658.MI,MSCI瑞典中盘价值,MSCI,MSCI指数,价值指数,20070531,1000.0,20070605
652659.MI,MSCI瑞士中盘价值,MSCI,MSCI指数,价值指数,20070531,1000.0,20070605
652660.MI,MSCI发达市场中盘价值,MSCI,MSCI指数,价值指数,20070531,1000.0,20070605
652661.MI,MSCI英国中盘价值,MSCI,MSCI指数,价值指数,20070531,1000.0,20070605
652662.MI,MSCI美国中盘价值,MSCI,MSCI指数,价值指数,20070531,1000.0,20070605
652663.MI,MSCI发达市场(除澳)中盘价值,MSCI,MSCI指数,价值指数,20070531,1000.0,20070605
652664.MI,MSCI发达市场(除欧盟)中盘价值,MSCI,MSCI指数,价值指数,20070531,1000.0,20070605
652665.MI,MSCI发达市场(除欧洲)中盘价值,MSCI,MSCI指数,价值指数,20070531,1000.0,20070605
652666.MI,MSCI发达市场(除英国)中盘价值,MSCI,MSCI指数,价值指数,20070531,1000.0,20070605
652667.MI,MSCI发达市场(除美国)中盘价值,MSCI,MSCI指数,价值指数,20070531,1000.0,20070605
652668.MI,MSCI美洲中盘价值,MSCI,MSCI指数,价值指数,20070531,1000.0,20070605
652669.MI,MSCI亚洲中盘价值,MSCI,MSCI指数,价值指数,20070531,1000.0,20070605
652670.MI,MSCI亚洲(除日本)中盘价值,MSCI,MSCI指数,价值指数,20070531,1000.0,20070605
652671.MI,MSCI亚太地区中盘价值,MSCI,MSCI指数,价值指数,20070531,1000.0,20070605
652672.MI,MSCI亚太地区(除日本)中盘价值,MSCI,MSCI指数,价值指数,20070531,1000.0,20070605
652673.MI,MSCI欧洲全市场中盘价值,MSCI,MSCI指数,价值指数,20070531,1000.0,20070605
652674.MI,MSCI欧洲全市场&中东中盘价值,MSCI,MSCI指数,价值指数,20070531,1000.0,20070605
652675.MI,MSCI远东全市场中盘价值,MSCI,MSCI指数,价值指数,20070531,1000.0,20070605
652676.MI,MSCI远东全市场(除日本)中盘价值,MSCI,MSCI指数,价值指数,20070531,1000.0,20070605
652677.MI,MSCI太平洋全市场中盘价值,MSCI,MSCI指数,价值指数,20070531,1000.0,20070605
652678.MI,MSCI太平洋全市场(除日本)中盘价值,MSCI,MSCI指数,价值指数,20070531,1000.0,20070605
652679.MI,MSCI全球中盘价值,MSCI,MSCI指数,价值指数,20070531,1000.0,20070605
652680.MI,MSCI全球(除澳)中盘价值,MSCI,MSCI指数,价值指数,20070531,1000.0,20070605
652681.MI,MSCI全球(除欧盟)中盘价值,MSCI,MSCI指数,价值指数,20070531,1000.0,20070605
652682.MI,MSCI全球(除欧洲)中盘价值,MSCI,MSCI指数,价值指数,20070531,1000.0,20070605
652683.MI,MSCI全球(除日本)中盘价值,MSCI,MSCI指数,价值指数,20070531,1000.0,20070605
652684.MI,MSCI全球(除瑞士)中盘价值,MSCI,MSCI指数,价值指数,20070531,1000.0,20070605
652685.MI,MSCI全球(除英国)中盘价值,MSCI,MSCI指数,价值指数,20070531,1000.0,20070605
652686.MI,MSCI全球(除美国)中盘价值,MSCI,MSCI指数,价值指数,20070531,1000.0,20070605
652688.MI,MSCI巴西中盘价值,MSCI,MSCI指数,价值指数,20070531,1000.0,20070605
652689.MI,MSCI金砖四国中盘价值,MSCI,MSCI指数,价值指数,20070531,1000.0,20070605
652690.MI,MSCI智利中盘价值,MSCI,MSCI指数,价值指数,20070531,1000.0,20070605
652691.MI,MSCI中国中盘价值,MSCI,MSCI指数,价值指数,20070531,1000.0,20070605
652692.MI,MSCI哥伦比亚中盘价值,MSCI,MSCI指数,价值指数,20191126,1000.0,20070605
652693.MI,MSCI捷克共和国中盘价值,MSCI,MSCI指数,价值指数,20161130,1000.0,20070605
652694.MI,MSCI埃及中盘价值,MSCI,MSCI指数,价值指数,20171130,1000.0,20070605
652695.MI,MSCI新兴市场中盘价值,MSCI,MSCI指数,价值指数,20070531,1000.0,20070605
652696.MI,MSCI亚洲新兴市场中盘价值,MSCI,MSCI指数,价值指数,20070531,1000.0,20070605
652697.MI,MSCI东欧新兴市场中盘价值,MSCI,MSCI指数,价值指数,20070531,1000.0,20070605
652698.MI,MSCI欧非中东新兴市场中盘价值,MSCI,MSCI指数,价值指数,20070531,1000.0,20070605
652699.MI,MSCI欧洲新兴市场中盘价值,MSCI,MSCI指数,价值指数,20070531,1000.0,20070605
652700.MI,MSCI欧洲&中东新兴市场中盘价值,MSCI,MSCI指数,价值指数,20070531,1000.0,20070605
652701.MI,MSCI远东新兴市场中盘价值,MSCI,MSCI指数,价值指数,20070531,1000.0,20070605
652702.MI,MSCI拉美新兴市场中盘价值,MSCI,MSCI指数,价值指数,20070531,1000.0,20070605
652703.MI,MSCI欧盟中盘价值,MSCI,MSCI指数,价值指数,20070531,1000.0,20070605
652704.MI,MSCI金龙中盘价值,MSCI,MSCI指数,价值指数,20070531,1000.0,20070605
652705.MI,MSCI匈牙利中盘价值,MSCI,MSCI指数,价值指数,20201130,1000.0,20070605
652706.MI,MSCI印度中盘价值,MSCI,MSCI指数,价值指数,20070531,1000.0,20070605
652707.MI,MSCI印度尼西亚中盘价值,MSCI,MSCI指数,价值指数,20070531,1000.0,20070605
652708.MI,MSCI以色列中盘价值,MSCI,MSCI指数,价值指数,20190528,1000.0,20070605
652710.MI,MSCI韩国中盘价值,MSCI,MSCI指数,价值指数,20070531,1000.0,20070605
652711.MI,MSCI马来西亚中盘价值,MSCI,MSCI指数,价值指数,20070531,1000.0,20070605
652712.MI,MSCI墨西哥中盘价值,MSCI,MSCI指数,价值指数,20070531,1000.0,20070605
652713.MI,MSCI摩洛哥中盘价值(退市),MSCI,MSCI指数,价值指数,20090529,1000.0,19980529
652715.MI,MSCI秘鲁中盘价值,MSCI,MSCI指数,价值指数,20210527,1000.0,20070605
652716.MI,MSCI菲律宾中盘价值,MSCI,MSCI指数,价值指数,20070531,1000.0,20070605
652717.MI,MSCI波兰中盘价值,MSCI,MSCI指数,价值指数,20070531,1000.0,20070605
652718.MI,MSCI俄罗斯中盘价值,MSCI,MSCI指数,价值指数,20070531,1000.0,20070605
652719.MI,MSCI南非中盘价值,MSCI,MSCI指数,价值指数,20070531,1000.0,20070605
652720.MI,MSCI东南亚中盘价值,MSCI,MSCI指数,价值指数,20070531,1000.0,20070605
652722.MI,MSCI台湾中盘价值,MSCI,MSCI指数,价值指数,20070531,1000.0,20070605
652723.MI,MSCI泰国中盘价值,MSCI,MSCI指数,价值指数,20070531,1000.0,20070605
652724.MI,MSCI土耳其中盘价值,MSCI,MSCI指数,价值指数,20070531,1000.0,20070605
652726.MI,MSCI中华中盘价值,MSCI,MSCI指数,价值指数,20070531,1000.0,20070605
652727.MI,MSCI澳大利亚中盘成长,MSCI,MSCI指数,成长指数,20070531,1000.0,20070605
652728.MI,MSCI奥地利中盘成长,MSCI,MSCI指数,成长指数,20070531,1000.0,20070605
652729.MI,MSCI比利时中盘成长,MSCI,MSCI指数,成长指数,20070531,1000.0,20070605
652730.MI,MSCI加拿大中盘成长,MSCI,MSCI指数,成长指数,20070531,1000.0,20070605
652731.MI,MSCI丹麦中盘成长,MSCI,MSCI指数,成长指数,20070531,1000.0,20070605
652732.MI,MSCI欧澳远东中盘成长,MSCI,MSCI指数,成长指数,20070531,1000.0,20070605
652733.MI,MSCI欧澳远东(除英国)中盘成长,MSCI,MSCI指数,成长指数,20070531,1000.0,20070605
652734.MI,MSCI欧澳远东(除日本)中盘成长,MSCI,MSCI指数,成长指数,20070531,1000.0,20070605
652735.MI,MSCI欧盟中盘成长,MSCI,MSCI指数,成长指数,20070531,1000.0,20070605
652736.MI,MSCI欧盟+英国中盘成长,MSCI,MSCI指数,成长指数,20070531,1000.0,20070605
652737.MI,MSCI欧洲中盘成长,MSCI,MSCI指数,成长指数,20070531,1000.0,20070605
652738.MI,MSCI欧洲(除欧盟)中盘成长,MSCI,MSCI指数,成长指数,20070531,1000.0,20070605
652739.MI,MSCI欧洲(除德国)中盘成长,MSCI,MSCI指数,成长指数,20070531,1000.0,20070605
652740.MI,MSCI欧洲(除瑞士)中盘成长,MSCI,MSCI指数,成长指数,20070531,1000.0,20070605
652741.MI,MSCI欧洲(除英国)中盘成长,MSCI,MSCI指数,成长指数,20070531,1000.0,20070605
652742.MI,MSCI欧洲(除英国瑞士)中盘成长,MSCI,MSCI指数,成长指数,20070531,1000.0,20070605
652743.MI,MSCI远东中盘成长,MSCI,MSCI指数,成长指数,20070531,1000.0,20070605
652744.MI,MSCI芬兰中盘成长,MSCI,MSCI指数,成长指数,20070531,1000.0,20070605
652745.MI,MSCI法国中盘成长,MSCI,MSCI指数,成长指数,20070531,1000.0,20070605
652746.MI,MSCI德国中盘成长,MSCI,MSCI指数,成长指数,20070531,1000.0,20070605
652747.MI,MSCI希腊中盘成长,MSCI,MSCI指数,成长指数,20131126,1000.0,20070605
652749.MI,MSCI爱尔兰中盘成长,MSCI,MSCI指数,成长指数,20070531,1000.0,20070605
652750.MI,MSCI意大利中盘成长,MSCI,MSCI指数,成长指数,20070531,1000.0,20070605
652751.MI,MSCI日本中盘成长,MSCI,MSCI指数,成长指数,20070531,1000.0,20070605
652752.MI,MSCIKOKUSAI中盘成长,MSCI,MSCI指数,成长指数,20070531,1000.0,20070605
652753.MI,MSCI荷兰中盘成长,MSCI,MSCI指数,成长指数,20070531,1000.0,20070605
652754.MI,MSCI新西兰中盘成长,MSCI,MSCI指数,成长指数,20070531,1000.0,20070605
652755.MI,MSCI北欧中盘成长,MSCI,MSCI指数,成长指数,20070531,1000.0,20070605
652756.MI,MSCI北美中盘成长,MSCI,MSCI指数,成长指数,20070531,1000.0,20070605
652757.MI,MSCI挪威中盘成长,MSCI,MSCI指数,成长指数,20070531,1000.0,20070605
652758.MI,MSCI太平洋地区中盘成长,MSCI,MSCI指数,成长指数,20070531,1000.0,20070605
652759.MI,MSCI太平洋地区(除日本)中盘成长,MSCI,MSCI指数,成长指数,20070531,1000.0,20070605
652760.MI,MSCI葡萄牙中盘成长,MSCI,MSCI指数,成长指数,20070531,1000.0,20070605
652761.MI,MSCI新加坡中盘成长,MSCI,MSCI指数,成长指数,20070531,1000.0,20070605
652762.MI,MSCI西班牙中盘成长,MSCI,MSCI指数,成长指数,20070531,1000.0,20070605
652763.MI,MSCI瑞典中盘成长,MSCI,MSCI指数,成长指数,20070531,1000.0,20070605
652764.MI,MSCI瑞士中盘成长,MSCI,MSCI指数,成长指数,20070531,1000.0,20070605
652765.MI,MSCI发达市场中盘成长,MSCI,MSCI指数,成长指数,20070531,1000.0,20070605
652766.MI,MSCI英国中盘成长,MSCI,MSCI指数,成长指数,20070531,1000.0,20070605
652767.MI,MSCI美国中盘成长,MSCI,MSCI指数,成长指数,20070531,1000.0,20070605
652768.MI,MSCI发达市场(除澳)中盘成长,MSCI,MSCI指数,成长指数,20070531,1000.0,20070605
652769.MI,MSCI发达市场(除欧盟)中盘成长,MSCI,MSCI指数,成长指数,20070531,1000.0,20070605
652770.MI,MSCI发达市场(除欧洲)中盘成长,MSCI,MSCI指数,成长指数,20070531,1000.0,20070605
652771.MI,MSCI发达市场(除英国)中盘成长,MSCI,MSCI指数,成长指数,20070531,1000.0,20070605
652772.MI,MSCI发达市场(除美国)中盘成长,MSCI,MSCI指数,成长指数,20070531,1000.0,20070605
652773.MI,MSCI美洲中盘成长,MSCI,MSCI指数,成长指数,20070531,1000.0,20070605
652774.MI,MSCI亚洲中盘成长,MSCI,MSCI指数,成长指数,20070531,1000.0,20070605
652775.MI,MSCI亚洲(除日本)中盘成长,MSCI,MSCI指数,成长指数,20070531,1000.0,20070605
652776.MI,MSCI亚太地区中盘成长,MSCI,MSCI指数,成长指数,20070531,1000.0,20070605
652777.MI,MSCI亚太地区(除日本)中盘成长,MSCI,MSCI指数,成长指数,20070531,1000.0,20070605
652778.MI,MSCI欧洲全市场中盘成长,MSCI,MSCI指数,成长指数,20070531,1000.0,20070605
652779.MI,MSCI欧洲全市场&中东中盘成长,MSCI,MSCI指数,成长指数,20070531,1000.0,20070605
652780.MI,MSCI远东全市场中盘成长,MSCI,MSCI指数,成长指数,20070531,1000.0,20070605
652781.MI,MSCI远东全市场(除日本)中盘成长,MSCI,MSCI指数,成长指数,20070531,1000.0,20070605
652782.MI,MSCI太平洋全市场中盘成长,MSCI,MSCI指数,成长指数,20070531,1000.0,20070605
652783.MI,MSCI太平洋全市场(除日本)中盘成长,MSCI,MSCI指数,成长指数,20070531,1000.0,20070605
652784.MI,MSCI全球中盘成长,MSCI,MSCI指数,成长指数,20070531,1000.0,20070605
652785.MI,MSCI全球(除澳)中盘成长,MSCI,MSCI指数,成长指数,20070531,1000.0,20070605
652786.MI,MSCI全球(除欧盟)中盘成长,MSCI,MSCI指数,成长指数,20070531,1000.0,20070605
652787.MI,MSCI全球(除欧洲)中盘成长,MSCI,MSCI指数,成长指数,20070531,1000.0,20070605
652788.MI,MSCI全球(除日本)中盘成长,MSCI,MSCI指数,成长指数,20070531,1000.0,20070605
652789.MI,MSCI全球(除瑞士)中盘成长,MSCI,MSCI指数,成长指数,20070531,1000.0,20070605
652790.MI,MSCI全球(除英国)中盘成长,MSCI,MSCI指数,成长指数,20070531,1000.0,20070605
652791.MI,MSCI全球(除美国)中盘成长,MSCI,MSCI指数,成长指数,20070531,1000.0,20070605
652793.MI,MSCI巴西中盘成长,MSCI,MSCI指数,成长指数,20070531,1000.0,20070605
652794.MI,MSCI金砖四国中盘成长,MSCI,MSCI指数,成长指数,20070531,1000.0,20070605
652795.MI,MSCI智利中盘成长,MSCI,MSCI指数,成长指数,20110531,1000.0,20070605
652796.MI,MSCI中国中盘成长,MSCI,MSCI指数,成长指数,20070531,1000.0,20070605
652797.MI,MSCI哥伦比亚中盘成长,MSCI,MSCI指数,成长指数,20220531,1000.0,20070605
652798.MI,MSCI捷克共和国中盘成长,MSCI,MSCI指数,成长指数,,,20070605
652799.MI,MSCI埃及中盘成长,MSCI,MSCI指数,成长指数,20210527,1000.0,20070605
652800.MI,MSCI新兴市场中盘成长,MSCI,MSCI指数,成长指数,20070531,1000.0,20070605
652801.MI,MSCI亚洲新兴市场中盘成长,MSCI,MSCI指数,成长指数,20070531,1000.0,20070605
652802.MI,MSCI东欧新兴市场中盘成长,MSCI,MSCI指数,成长指数,20070531,1000.0,20070605
652803.MI,MSCI欧非中东新兴市场中盘成长,MSCI,MSCI指数,成长指数,20070531,1000.0,20070605
652804.MI,MSCI欧洲新兴市场中盘成长,MSCI,MSCI指数,成长指数,20070531,1000.0,20070605
652805.MI,MSCI欧洲&中东新兴市场中盘成长,MSCI,MSCI指数,成长指数,20070531,1000.0,20070605
652806.MI,MSCI远东新兴市场中盘成长,MSCI,MSCI指数,成长指数,20070531,1000.0,20070605
652807.MI,MSCI拉美新兴市场中盘成长,MSCI,MSCI指数,成长指数,20070531,1000.0,20070605
652808.MI,MSCI欧盟中盘成长,MSCI,MSCI指数,成长指数,20070531,1000.0,20070605
652809.MI,MSCI金龙中盘成长,MSCI,MSCI指数,成长指数,20070531,1000.0,20070605
652810.MI,MSCI匈牙利中盘成长,MSCI,MSCI指数,成长指数,20211130,1000.0,20070605
652811.MI,MSCI印度中盘成长,MSCI,MSCI指数,成长指数,20070531,1000.0,20070605
652812.MI,MSCI印度尼西亚中盘成长,MSCI,MSCI指数,成长指数,20070531,1000.0,20070605
652813.MI,MSCI以色列中盘成长,MSCI,MSCI指数,成长指数,20070531,1000.0,20070605
652815.MI,MSCI韩国中盘成长,MSCI,MSCI指数,成长指数,20070531,1000.0,20070605
652816.MI,MSCI马来西亚中盘成长,MSCI,MSCI指数,成长指数,20070531,1000.0,20070605
652817.MI,MSCI墨西哥中盘成长,MSCI,MSCI指数,成长指数,20070531,1000.0,20070605
652820.MI,MSCI秘鲁中盘成长,MSCI,MSCI指数,成长指数,20220531,1000.0,20070605
652821.MI,MSCI菲律宾中盘成长,MSCI,MSCI指数,成长指数,20070531,1000.0,20070605
652822.MI,MSCI波兰中盘成长,MSCI,MSCI指数,成长指数,20070531,1000.0,20070605
652823.MI,MSCI俄罗斯中盘成长,MSCI,MSCI指数,成长指数,20070531,1000.0,20070605
652824.MI,MSCI南非中盘成长,MSCI,MSCI指数,成长指数,20070531,1000.0,20070605
652825.MI,MSCI东南亚中盘成长,MSCI,MSCI指数,成长指数,20070531,1000.0,20070605
652827.MI,MSCI台湾中盘成长,MSCI,MSCI指数,成长指数,20070531,1000.0,20070605
652828.MI,MSCI泰国中盘成长,MSCI,MSCI指数,成长指数,20070531,1000.0,20070605
652829.MI,MSCI土耳其中盘成长,MSCI,MSCI指数,成长指数,20070531,1000.0,20070605
652831.MI,MSCI中华中盘成长,MSCI,MSCI指数,成长指数,20070531,1000.0,20070605
655057.MI,MSCI中国小盘(除A股),MSCI,MSCI指数,规模指数,20070531,1000.0,20070601
655092.MI,MSCI中华小盘,MSCI,MSCI指数,规模指数,20070531,1000.0,20070601
661630.MI,MSCI澳大利亚中小盘,MSCI,MSCI指数,规模指数,20070531,1000.0,20070605
661631.MI,MSCI奥地利中小盘,MSCI,MSCI指数,规模指数,20070531,1000.0,20070605
661632.MI,MSCI比利时中小盘,MSCI,MSCI指数,规模指数,20070531,1000.0,20070605
661633.MI,MSCI加拿大中小盘,MSCI,MSCI指数,规模指数,20070531,1000.0,20070605
661634.MI,MSCI丹麦中小盘,MSCI,MSCI指数,规模指数,20070531,1000.0,20070605
661635.MI,MSCI欧澳远东中小盘,MSCI,MSCI指数,规模指数,20070531,1000.0,20070605
661636.MI,MSCI欧澳远东(除英国)中小盘,MSCI,MSCI指数,规模指数,20070531,1000.0,20070605
661637.MI,MSCI欧澳远东(除日本)中小盘,MSCI,MSCI指数,规模指数,20070531,1000.0,20070605
661638.MI,MSCI欧盟中小盘,MSCI,MSCI指数,规模指数,20070531,1000.0,20070605
661639.MI,MSCI欧盟+英国中小盘,MSCI,MSCI指数,规模指数,20070531,1000.0,20070605
661640.MI,MSCI欧洲中小盘,MSCI,MSCI指数,规模指数,20070531,1000.0,20070605
661641.MI,MSCI欧洲(除欧盟)中小盘,MSCI,MSCI指数,规模指数,20070531,1000.0,20070605
661642.MI,MSCI欧洲(除德国)中小盘,MSCI,MSCI指数,规模指数,20070531,1000.0,20070605
661643.MI,MSCI欧洲(除瑞士)中小盘,MSCI,MSCI指数,规模指数,20070531,1000.0,20070605
661644.MI,MSCI欧洲(除英国)中小盘,MSCI,MSCI指数,规模指数,20070531,1000.0,20070605
661645.MI,MSCI欧洲(除英国瑞士)中小盘,MSCI,MSCI指数,规模指数,20070531,1000.0,20070605
661646.MI,MSCI远东中小盘,MSCI,MSCI指数,规模指数,20070531,1000.0,20070605
661647.MI,MSCI芬兰中小盘,MSCI,MSCI指数,规模指数,20070531,1000.0,20070605
661648.MI,MSCI法国中小盘,MSCI,MSCI指数,规模指数,20070531,1000.0,20070605
661649.MI,MSCI德国中小盘,MSCI,MSCI指数,规模指数,20070531,1000.0,20070605
661650.MI,MSCI希腊中小盘,MSCI,MSCI指数,规模指数,20070531,1000.0,20070605
661652.MI,MSCI爱尔兰中小盘,MSCI,MSCI指数,规模指数,20070531,1000.0,20070605
661653.MI,MSCI意大利中小盘,MSCI,MSCI指数,规模指数,20070531,1000.0,20070605
661654.MI,MSCI日本中小盘,MSCI,MSCI指数,规模指数,20070531,1000.0,20070605
661655.MI,MSCIKOKUSAI中小盘,MSCI,MSCI指数,规模指数,20070531,1000.0,20070605
661656.MI,MSCI荷兰中小盘,MSCI,MSCI指数,规模指数,20070531,1000.0,20070605
661657.MI,MSCI新西兰中小盘,MSCI,MSCI指数,规模指数,20070531,1000.0,20070605
661658.MI,MSCI北欧中小盘,MSCI,MSCI指数,规模指数,20070531,1000.0,20070605
661659.MI,MSCI北美中小盘,MSCI,MSCI指数,规模指数,20070531,1000.0,20070605
661660.MI,MSCI挪威中小盘,MSCI,MSCI指数,规模指数,20070531,1000.0,20070605
661661.MI,MSCI太平洋地区中小盘,MSCI,MSCI指数,规模指数,20070531,1000.0,20070605
661662.MI,MSCI太平洋地区(除日本)中小盘,MSCI,MSCI指数,规模指数,20070531,1000.0,20070605
661663.MI,MSCI葡萄牙中小盘,MSCI,MSCI指数,规模指数,20070531,1000.0,20070605
661664.MI,MSCI新加坡中小盘,MSCI,MSCI指数,规模指数,20070531,1000.0,20070605
661665.MI,MSCI西班牙中小盘,MSCI,MSCI指数,规模指数,20070531,1000.0,20070605
661666.MI,MSCI瑞典中小盘,MSCI,MSCI指数,规模指数,20070531,1000.0,20070605
661667.MI,MSCI瑞士中小盘,MSCI,MSCI指数,规模指数,20070531,1000.0,20070605
661668.MI,MSCI发达市场中小盘,MSCI,MSCI指数,规模指数,20070531,1000.0,20070605
661669.MI,MSCI英国中小盘,MSCI,MSCI指数,规模指数,20070531,1000.0,20070605
661670.MI,MSCI美国中小盘,MSCI,MSCI指数,规模指数,20070531,1000.0,20070605
661671.MI,MSCI发达市场(除澳)中小盘,MSCI,MSCI指数,规模指数,20070531,1000.0,20070605
661672.MI,MSCI发达市场(除欧盟)中小盘,MSCI,MSCI指数,规模指数,20070531,1000.0,20070605
661673.MI,MSCI发达市场(除欧洲)中小盘,MSCI,MSCI指数,规模指数,20070531,1000.0,20070605
661674.MI,MSCI发达市场(除英国)中小盘,MSCI,MSCI指数,规模指数,20070531,1000.0,20070605
661675.MI,MSCI发达市场(除美国)中小盘,MSCI,MSCI指数,规模指数,20070531,1000.0,20070605
661676.MI,MSCI美洲中小盘,MSCI,MSCI指数,规模指数,20070531,1000.0,20070605
661677.MI,MSCI亚洲中小盘,MSCI,MSCI指数,规模指数,20070531,1000.0,20070605
661678.MI,MSCI亚洲(除日本)中小盘,MSCI,MSCI指数,规模指数,20070531,1000.0,20070605
661679.MI,MSCI亚太地区中小盘,MSCI,MSCI指数,规模指数,20070531,1000.0,20070605
661680.MI,MSCI亚太地区(除日本)中小盘,MSCI,MSCI指数,规模指数,20070531,1000.0,20070605
661681.MI,MSCI欧洲全市场中小盘,MSCI,MSCI指数,规模指数,20070531,1000.0,20070605
661682.MI,MSCI欧洲全市场&中东中小盘,MSCI,MSCI指数,规模指数,20070531,1000.0,20070605
661683.MI,MSCI远东全市场中小盘,MSCI,MSCI指数,规模指数,20070531,1000.0,20070605
661684.MI,MSCI远东全市场(除日本)中小盘,MSCI,MSCI指数,规模指数,20070531,1000.0,20070605
661685.MI,MSCI太平洋全市场中小盘,MSCI,MSCI指数,规模指数,20070531,1000.0,20070605
661686.MI,MSCI太平洋全市场(除日本)中小盘,MSCI,MSCI指数,规模指数,20070531,1000.0,20070605
661687.MI,MSCI全球中小盘,MSCI,MSCI指数,规模指数,20070531,1000.0,20070605
661688.MI,MSCI全球(除澳)中小盘,MSCI,MSCI指数,规模指数,20070531,1000.0,20070605
661689.MI,MSCI全球(除欧盟)中小盘,MSCI,MSCI指数,规模指数,20070531,1000.0,20070605
661690.MI,MSCI全球(除欧洲)中小盘,MSCI,MSCI指数,规模指数,20070531,1000.0,20070605
661691.MI,MSCI全球(除日本)中小盘,MSCI,MSCI指数,规模指数,20070531,1000.0,20070605
661692.MI,MSCI全球(除瑞士)中小盘,MSCI,MSCI指数,规模指数,20070531,1000.0,20070605
661693.MI,MSCI全球(除英国)中小盘,MSCI,MSCI指数,规模指数,20070531,1000.0,20070605
661694.MI,MSCI全球(除美国)中小盘,MSCI,MSCI指数,规模指数,20070531,1000.0,20070605
661696.MI,MSCI巴西中小盘,MSCI,MSCI指数,规模指数,20070531,1000.0,20070605
661697.MI,MSCI金砖四国中小盘,MSCI,MSCI指数,规模指数,20070531,1000.0,20070605
661698.MI,MSCI智利中小盘,MSCI,MSCI指数,规模指数,20070531,1000.0,20070605
661699.MI,MSCI中国中小盘(除A股)(美元),MSCI,MSCI指数,规模指数,20070531,1000.0,20070605
661700.MI,MSCI哥伦比亚中小盘,MSCI,MSCI指数,规模指数,20070531,1000.0,20070605
661701.MI,MSCI捷克共和国中小盘,MSCI,MSCI指数,规模指数,20070531,1000.0,20070605
661702.MI,MSCI埃及中小盘,MSCI,MSCI指数,规模指数,20070531,1000.0,20070605
661703.MI,MSCI新兴市场中小盘,MSCI,MSCI指数,规模指数,20070531,1000.0,20070605
661704.MI,MSCI亚洲新兴市场中小盘,MSCI,MSCI指数,规模指数,20070531,1000.0,20070605
661705.MI,MSCI东欧新兴市场中小盘,MSCI,MSCI指数,规模指数,20070531,1000.0,20070605
661706.MI,MSCI欧非中东新兴市场中小盘,MSCI,MSCI指数,规模指数,20070531,1000.0,20070605
661707.MI,MSCI欧洲新兴市场中小盘,MSCI,MSCI指数,规模指数,20070531,1000.0,20070605
661708.MI,MSCI欧洲&中东新兴市场中小盘,MSCI,MSCI指数,规模指数,20070531,1000.0,20070605
661709.MI,MSCI远东新兴市场中小盘,MSCI,MSCI指数,规模指数,20070531,1000.0,20070605
661710.MI,MSCI拉美新兴市场中小盘,MSCI,MSCI指数,规模指数,20070531,1000.0,20070605
661711.MI,MSCI欧盟中小盘,MSCI,MSCI指数,规模指数,20070531,1000.0,20070605
661712.MI,MSCI金龙中小盘,MSCI,MSCI指数,规模指数,20070531,1000.0,20070605
661713.MI,MSCI匈牙利中小盘,MSCI,MSCI指数,规模指数,20070531,1000.0,20070605
661714.MI,MSCI印度中小盘,MSCI,MSCI指数,规模指数,20070531,1000.0,20070605
661715.MI,MSCI印度尼西亚中小盘,MSCI,MSCI指数,规模指数,20070531,1000.0,20070605
661716.MI,MSCI以色列中小盘,MSCI,MSCI指数,规模指数,20070531,1000.0,20070605
661717.MI,MSCI约旦中小盘,MSCI,MSCI指数,规模指数,20070531,1000.0,20070605
661718.MI,MSCI韩国中小盘,MSCI,MSCI指数,规模指数,20070531,1000.0,20070605
661719.MI,MSCI马来西亚中小盘,MSCI,MSCI指数,规模指数,20070531,1000.0,20070605
661720.MI,MSCI墨西哥中小盘,MSCI,MSCI指数,规模指数,20070531,1000.0,20070605
661721.MI,MSCI摩洛哥中小盘,MSCI,MSCI指数,规模指数,20070531,1000.0,20070605
661723.MI,MSCI秘鲁中小盘,MSCI,MSCI指数,规模指数,20070531,1000.0,20070605
661724.MI,MSCI菲律宾中小盘,MSCI,MSCI指数,规模指数,20070531,1000.0,20070605
661725.MI,MSCI波兰中小盘,MSCI,MSCI指数,规模指数,20070531,1000.0,20070605
661726.MI,MSCI俄罗斯中小盘,MSCI,MSCI指数,规模指数,20070531,1000.0,20070605
661727.MI,MSCI南非中小盘,MSCI,MSCI指数,规模指数,20070531,1000.0,20070605
661728.MI,MSCI东南亚中小盘,MSCI,MSCI指数,规模指数,20070531,1000.0,20070605
661730.MI,MSCI台湾中小盘,MSCI,MSCI指数,规模指数,20070531,1000.0,20070605
661731.MI,MSCI泰国中小盘,MSCI,MSCI指数,规模指数,20070531,1000.0,20070605
661732.MI,MSCI土耳其中小盘,MSCI,MSCI指数,规模指数,20070531,1000.0,20070605
661734.MI,MSCI中华中小盘,MSCI,MSCI指数,规模指数,20070531,1000.0,20070605
661735.MI,MSCI澳大利亚中小盘价值,MSCI,MSCI指数,价值指数,20070531,1000.0,20070605
661736.MI,MSCI奥地利中小盘价值,MSCI,MSCI指数,价值指数,20070531,1000.0,20070605
661737.MI,MSCI比利时中小盘价值,MSCI,MSCI指数,价值指数,20070531,1000.0,20070605
661738.MI,MSCI加拿大中小盘价值,MSCI,MSCI指数,价值指数,20070531,1000.0,20070605
661739.MI,MSCI丹麦中小盘价值,MSCI,MSCI指数,价值指数,20070531,1000.0,20070605
661740.MI,MSCI欧澳远东中小盘价值,MSCI,MSCI指数,价值指数,20070531,1000.0,20070605
661741.MI,MSCI欧澳远东(除英国)中小盘价值,MSCI,MSCI指数,价值指数,20070531,1000.0,20070605
661742.MI,MSCI欧澳远东(除日本)中小盘价值,MSCI,MSCI指数,价值指数,20070531,1000.0,20070605
661743.MI,MSCI欧盟中小盘价值,MSCI,MSCI指数,价值指数,20070531,1000.0,20070605
661744.MI,MSCI欧盟+英国中小盘价值,MSCI,MSCI指数,价值指数,20070531,1000.0,20070605
661745.MI,MSCI欧洲中小盘价值,MSCI,MSCI指数,价值指数,20070531,1000.0,20070605
661746.MI,MSCI欧洲(除欧盟)中小盘价值,MSCI,MSCI指数,价值指数,20070531,1000.0,20070605
661747.MI,MSCI欧洲(除德国)中小盘价值,MSCI,MSCI指数,价值指数,20070531,1000.0,20070605
661748.MI,MSCI欧洲(除瑞士)中小盘价值,MSCI,MSCI指数,价值指数,20070531,1000.0,20070605
661749.MI,MSCI欧洲(除英国)中小盘价值,MSCI,MSCI指数,价值指数,20070531,1000.0,20070605
661750.MI,MSCI欧洲(除英国瑞士)中小盘价值,MSCI,MSCI指数,价值指数,20070531,1000.0,20070605
661751.MI,MSCI远东中小盘价值,MSCI,MSCI指数,价值指数,20070531,1000.0,20070605
661752.MI,MSCI芬兰中小盘价值,MSCI,MSCI指数,价值指数,20070531,1000.0,20070605
661753.MI,MSCI法国中小盘价值,MSCI,MSCI指数,价值指数,20070531,1000.0,20070605
661754.MI,MSCI德国中小盘价值,MSCI,MSCI指数,价值指数,20070531,1000.0,20070605
661755.MI,MSCI希腊中小盘价值,MSCI,MSCI指数,价值指数,20070531,1000.0,20070605
661757.MI,MSCI爱尔兰中小盘价值,MSCI,MSCI指数,价值指数,20070531,1000.0,20070605
661758.MI,MSCI意大利中小盘价值,MSCI,MSCI指数,价值指数,20070531,1000.0,20070605
661759.MI,MSCI日本中小盘价值,MSCI,MSCI指数,价值指数,20070531,1000.0,20070605
661760.MI,MSCIKOKUSAI中小盘价值,MSCI,MSCI指数,价值指数,20070531,1000.0,20070605
661761.MI,MSCI荷兰中小盘价值,MSCI,MSCI指数,价值指数,20070531,1000.0,20070605
661762.MI,MSCI新西兰中小盘价值,MSCI,MSCI指数,价值指数,20070531,1000.0,20070605
661763.MI,MSCI北欧中小盘价值,MSCI,MSCI指数,价值指数,20070531,1000.0,20070605
661764.MI,MSCI北美中小盘价值,MSCI,MSCI指数,价值指数,20070531,1000.0,20070605
661765.MI,MSCI挪威中小盘价值,MSCI,MSCI指数,价值指数,20070531,1000.0,20070605
661766.MI,MSCI太平洋地区中小盘价值,MSCI,MSCI指数,价值指数,20070531,1000.0,20070605
661767.MI,MSCI太平洋地区(除日本)中小盘价值,MSCI,MSCI指数,价值指数,20070531,1000.0,20070605
661768.MI,MSCI葡萄牙中小盘价值,MSCI,MSCI指数,价值指数,20070531,1000.0,20070605
661769.MI,MSCI新加坡中小盘价值,MSCI,MSCI指数,价值指数,20070531,1000.0,20070605
661770.MI,MSCI西班牙中小盘价值,MSCI,MSCI指数,价值指数,20070531,1000.0,20070605
661771.MI,MSCI瑞典中小盘价值,MSCI,MSCI指数,价值指数,20070531,1000.0,20070605
661772.MI,MSCI瑞士中小盘价值,MSCI,MSCI指数,价值指数,20070531,1000.0,20070605
661773.MI,MSCI发达市场中小盘价值,MSCI,MSCI指数,价值指数,20070531,1000.0,20070605
661774.MI,MSCI英国中小盘价值,MSCI,MSCI指数,价值指数,20070531,1000.0,20070605
661775.MI,MSCI美国中小盘价值,MSCI,MSCI指数,价值指数,20070531,1000.0,20070605
661776.MI,MSCI发达市场(除澳)中小盘价值,MSCI,MSCI指数,价值指数,20070531,1000.0,20070605
661777.MI,MSCI发达市场(除欧盟)中小盘价值,MSCI,MSCI指数,价值指数,20070531,1000.0,20070605
661778.MI,MSCI发达市场(除欧洲)中小盘价值,MSCI,MSCI指数,价值指数,20070531,1000.0,20070605
661779.MI,MSCI发达市场(除英国)中小盘价值,MSCI,MSCI指数,价值指数,20070531,1000.0,20070605
661780.MI,MSCI发达市场(除美国)中小盘价值,MSCI,MSCI指数,价值指数,20070531,1000.0,20070605
661781.MI,MSCI美洲中小盘价值,MSCI,MSCI指数,价值指数,20070531,1000.0,20070605
661782.MI,MSCI亚洲中小盘价值,MSCI,MSCI指数,价值指数,20070531,1000.0,20070605
661783.MI,MSCI亚洲(除日本)中小盘价值,MSCI,MSCI指数,价值指数,20070531,1000.0,20070605
661784.MI,MSCI亚太地区中小盘价值,MSCI,MSCI指数,价值指数,20070531,1000.0,20070605
661785.MI,MSCI亚太地区(除日本)中小盘价值,MSCI,MSCI指数,价值指数,20070531,1000.0,20070605
661786.MI,MSCI欧洲全市场中小盘价值,MSCI,MSCI指数,价值指数,20070531,1000.0,20070605
661787.MI,MSCI欧洲全市场&中东中小盘价值,MSCI,MSCI指数,价值指数,20070531,1000.0,20070605
661788.MI,MSCI远东全市场中小盘价值,MSCI,MSCI指数,价值指数,20070531,1000.0,20070605
661789.MI,MSCI远东全市场(除日本)中小盘价值,MSCI,MSCI指数,价值指数,20070531,1000.0,20070605
661790.MI,MSCI太平洋全市场中小盘价值,MSCI,MSCI指数,价值指数,20070531,1000.0,20070605
661791.MI,MSCI太平洋全市场(除日本)中小盘价值,MSCI,MSCI指数,价值指数,20070531,1000.0,20070605
661792.MI,MSCI全球中小盘价值,MSCI,MSCI指数,价值指数,20070531,1000.0,20070605
661793.MI,MSCI全球(除澳)中小盘价值,MSCI,MSCI指数,价值指数,20070531,1000.0,20070605
661794.MI,MSCI全球(除欧盟)中小盘价值,MSCI,MSCI指数,价值指数,20070531,1000.0,20070605
661795.MI,MSCI全球(除欧洲)中小盘价值,MSCI,MSCI指数,价值指数,20070531,1000.0,20070605
661796.MI,MSCI全球(除日本)中小盘价值,MSCI,MSCI指数,价值指数,20070531,1000.0,20070605
661797.MI,MSCI全球(除瑞士)中小盘价值,MSCI,MSCI指数,价值指数,20070531,1000.0,20070605
661798.MI,MSCI全球(除英国)中小盘价值,MSCI,MSCI指数,价值指数,20070531,1000.0,20070605
661799.MI,MSCI全球(除美国)中小盘价值,MSCI,MSCI指数,价值指数,20070531,1000.0,20070605
661801.MI,MSCI巴西中小盘价值,MSCI,MSCI指数,价值指数,20070531,1000.0,20070605
661802.MI,MSCI金砖四国中小盘价值,MSCI,MSCI指数,价值指数,20070531,1000.0,20070605
661803.MI,MSCI智利中小盘价值,MSCI,MSCI指数,价值指数,20070531,1000.0,20070605
661804.MI,MSCI中国中小盘价值,MSCI,MSCI指数,价值指数,20070531,1000.0,20070605
661805.MI,MSCI哥伦比亚中小盘价值,MSCI,MSCI指数,价值指数,20070531,1000.0,20070605
661806.MI,MSCI捷克共和国中小盘价值,MSCI,MSCI指数,价值指数,20070531,1000.0,20070605
661807.MI,MSCI埃及中小盘价值,MSCI,MSCI指数,价值指数,20070531,1000.0,20070605
661808.MI,MSCI新兴市场中小盘价值,MSCI,MSCI指数,价值指数,20070531,1000.0,20070605
661809.MI,MSCI亚洲新兴市场中小盘价值,MSCI,MSCI指数,价值指数,20070531,1000.0,20070605
661810.MI,MSCI东欧新兴市场中小盘价值,MSCI,MSCI指数,价值指数,20070531,1000.0,20070605
661811.MI,MSCI欧非中东新兴市场中小盘价值,MSCI,MSCI指数,价值指数,20070531,1000.0,20070605
661812.MI,MSCI欧洲新兴市场中小盘价值,MSCI,MSCI指数,价值指数,20070531,1000.0,20070605
661813.MI,MSCI欧洲&中东新兴市场中小盘价值,MSCI,MSCI指数,价值指数,20070531,1000.0,20070605
661814.MI,MSCI远东新兴市场中小盘价值,MSCI,MSCI指数,价值指数,20070531,1000.0,20070605
661815.MI,MSCI拉美新兴市场中小盘价值,MSCI,MSCI指数,价值指数,20070531,1000.0,20070605
661816.MI,MSCI欧盟中小盘价值,MSCI,MSCI指数,价值指数,20070531,1000.0,20070605
661817.MI,MSCI金龙中小盘价值,MSCI,MSCI指数,价值指数,20070531,1000.0,20070605
661818.MI,MSCI匈牙利中小盘价值,MSCI,MSCI指数,价值指数,20070531,1000.0,20070605
661819.MI,MSCI印度中小盘价值,MSCI,MSCI指数,价值指数,20070531,1000.0,20070605
661820.MI,MSCI印度尼西亚中小盘价值,MSCI,MSCI指数,价值指数,20070531,1000.0,20070605
661821.MI,MSCI以色列中小盘价值,MSCI,MSCI指数,价值指数,20070531,1000.0,20070605
661823.MI,MSCI韩国中小盘价值,MSCI,MSCI指数,价值指数,20070531,1000.0,20070605
661824.MI,MSCI马来西亚中小盘价值,MSCI,MSCI指数,价值指数,20070531,1000.0,20070605
661825.MI,MSCI墨西哥中小盘价值,MSCI,MSCI指数,价值指数,20070531,1000.0,20070605
661826.MI,MSCI摩洛哥中小盘价值(退市),MSCI,MSCI指数,价值指数,20070531,1000.0,20000531
661828.MI,MSCI秘鲁中小盘价值,MSCI,MSCI指数,价值指数,20201130,1000.0,20070605
661829.MI,MSCI菲律宾中小盘价值,MSCI,MSCI指数,价值指数,20070531,1000.0,20070605
661830.MI,MSCI波兰中小盘价值,MSCI,MSCI指数,价值指数,20070531,1000.0,20070605
661831.MI,MSCI俄罗斯中小盘价值,MSCI,MSCI指数,价值指数,20070531,1000.0,20070605
661832.MI,MSCI南非中小盘价值,MSCI,MSCI指数,价值指数,20070531,1000.0,20070605
661833.MI,MSCI东南亚中小盘价值,MSCI,MSCI指数,价值指数,20070531,1000.0,20070605
661835.MI,MSCI台湾中小盘价值,MSCI,MSCI指数,价值指数,20070531,1000.0,20070605
661836.MI,MSCI泰国中小盘价值,MSCI,MSCI指数,价值指数,20070531,1000.0,20070605
661837.MI,MSCI土耳其中小盘价值,MSCI,MSCI指数,价值指数,20070531,1000.0,20070605
661839.MI,MSCI中华中小盘价值,MSCI,MSCI指数,价值指数,20070531,1000.0,20070605
661840.MI,MSCI澳大利亚中小盘成长,MSCI,MSCI指数,成长指数,20070531,1000.0,20070605
661841.MI,MSCI奥地利中小盘成长,MSCI,MSCI指数,成长指数,20070531,1000.0,20070605
661842.MI,MSCI比利时中小盘成长,MSCI,MSCI指数,成长指数,20070531,1000.0,20070605
661843.MI,MSCI加拿大中小盘成长,MSCI,MSCI指数,成长指数,20070531,1000.0,20070605
661844.MI,MSCI丹麦中小盘成长,MSCI,MSCI指数,成长指数,20070531,1000.0,20070605
661845.MI,MSCI欧澳远东中小盘成长,MSCI,MSCI指数,成长指数,20070531,1000.0,20070605
661846.MI,MSCI欧澳远东(除英国)中小盘成长,MSCI,MSCI指数,成长指数,20070531,1000.0,20070605
661847.MI,MSCI欧澳远东(除日本)中小盘成长,MSCI,MSCI指数,成长指数,20070531,1000.0,20070605
661848.MI,MSCI欧盟中小盘成长,MSCI,MSCI指数,成长指数,20070531,1000.0,20070605
661849.MI,MSCI欧盟+英国中小盘成长,MSCI,MSCI指数,成长指数,20070531,1000.0,20070605
661850.MI,MSCI欧洲中小盘成长,MSCI,MSCI指数,成长指数,20070531,1000.0,20070605
661851.MI,MSCI欧洲(除欧盟)中小盘成长,MSCI,MSCI指数,成长指数,20070531,1000.0,20070605
661852.MI,MSCI欧洲(除德国)中小盘成长,MSCI,MSCI指数,成长指数,20070531,1000.0,20070605
661853.MI,MSCI欧洲(除瑞士)中小盘成长,MSCI,MSCI指数,成长指数,20070531,1000.0,20070605
661854.MI,MSCI欧洲(除英国)中小盘成长,MSCI,MSCI指数,成长指数,20070531,1000.0,20070605
661855.MI,MSCI欧洲(除英国瑞士)中小盘成长,MSCI,MSCI指数,成长指数,20070531,1000.0,20070605
661856.MI,MSCI远东中小盘成长,MSCI,MSCI指数,成长指数,20070531,1000.0,20070605
661857.MI,MSCI芬兰中小盘成长,MSCI,MSCI指数,成长指数,20070531,1000.0,20070605
661858.MI,MSCI法国中小盘成长,MSCI,MSCI指数,成长指数,20070531,1000.0,20070605
661859.MI,MSCI德国中小盘成长,MSCI,MSCI指数,成长指数,20070531,1000.0,20070605
661860.MI,MSCI希腊中小盘成长,MSCI,MSCI指数,成长指数,20070531,1000.0,20070605
661862.MI,MSCI爱尔兰中小盘成长,MSCI,MSCI指数,成长指数,20070531,1000.0,20070605
661863.MI,MSCI意大利中小盘成长,MSCI,MSCI指数,成长指数,20070531,1000.0,20070605
661864.MI,MSCI日本中小盘成长,MSCI,MSCI指数,成长指数,20070531,1000.0,20070605
661865.MI,MSCIKOKUSAI中小盘成长,MSCI,MSCI指数,成长指数,20070531,1000.0,20070605
661866.MI,MSCI荷兰中小盘成长,MSCI,MSCI指数,成长指数,20070531,1000.0,20070605
661867.MI,MSCI新西兰中小盘成长,MSCI,MSCI指数,成长指数,20070531,1000.0,20070605
661868.MI,MSCI北欧中小盘成长,MSCI,MSCI指数,成长指数,20070531,1000.0,20070605
661869.MI,MSCI北美中小盘成长,MSCI,MSCI指数,成长指数,20070531,1000.0,20070605
661870.MI,MSCI挪威中小盘成长,MSCI,MSCI指数,成长指数,20070531,1000.0,20070605
661871.MI,MSCI太平洋地区中小盘成长,MSCI,MSCI指数,成长指数,20070531,1000.0,20070605
661872.MI,MSCI太平洋地区(除日本)中小盘成长,MSCI,MSCI指数,成长指数,20070531,1000.0,20070605
661873.MI,MSCI葡萄牙中小盘成长,MSCI,MSCI指数,成长指数,20070531,1000.0,20070605
661874.MI,MSCI新加坡中小盘成长,MSCI,MSCI指数,成长指数,20070531,1000.0,20070605
661875.MI,MSCI西班牙中小盘成长,MSCI,MSCI指数,成长指数,20070531,1000.0,20070605
661876.MI,MSCI瑞典中小盘成长,MSCI,MSCI指数,成长指数,20070531,1000.0,20070605
661877.MI,MSCI瑞士中小盘成长,MSCI,MSCI指数,成长指数,20070531,1000.0,20070605
661878.MI,MSCI发达市场中小盘成长,MSCI,MSCI指数,成长指数,20070531,1000.0,20070605
661879.MI,MSCI英国中小盘成长,MSCI,MSCI指数,成长指数,20070531,1000.0,20070605
661880.MI,MSCI美国中小盘成长,MSCI,MSCI指数,成长指数,20070531,1000.0,20070605
661881.MI,MSCI发达市场(除澳)中小盘成长,MSCI,MSCI指数,成长指数,20070531,1000.0,20070605
661882.MI,MSCI发达市场(除欧盟)中小盘成长,MSCI,MSCI指数,成长指数,20070531,1000.0,20070605
661883.MI,MSCI发达市场(除欧洲)中小盘成长,MSCI,MSCI指数,成长指数,20070531,1000.0,20070605
661884.MI,MSCI发达市场(除英国)中小盘成长,MSCI,MSCI指数,成长指数,20070531,1000.0,20070605
661885.MI,MSCI发达市场(除美国)中小盘成长,MSCI,MSCI指数,成长指数,20070531,1000.0,20070605
661886.MI,MSCI美洲中小盘成长,MSCI,MSCI指数,成长指数,20070531,1000.0,20070605
661887.MI,MSCI亚洲中小盘成长,MSCI,MSCI指数,成长指数,20070531,1000.0,20070605
661888.MI,MSCI亚洲(除日本)中小盘成长,MSCI,MSCI指数,成长指数,20070531,1000.0,20070605
661889.MI,MSCI亚太地区中小盘成长,MSCI,MSCI指数,成长指数,20070531,1000.0,20070605
661890.MI,MSCI亚太地区(除日本)中小盘成长,MSCI,MSCI指数,成长指数,20070531,1000.0,20070605
661891.MI,MSCI欧洲全市场中小盘成长,MSCI,MSCI指数,成长指数,20070531,1000.0,20070605
661892.MI,MSCI欧洲全市场&中东中小盘成长,MSCI,MSCI指数,成长指数,20070531,1000.0,20070605
661893.MI,MSCI远东全市场中小盘成长,MSCI,MSCI指数,成长指数,20070531,1000.0,20070605
661894.MI,MSCI远东全市场(除日本)中小盘成长,MSCI,MSCI指数,成长指数,20070531,1000.0,20070605
661895.MI,MSCI太平洋全市场中小盘成长,MSCI,MSCI指数,成长指数,20070531,1000.0,20070605
661896.MI,MSCI太平洋全市场(除日本)中小盘成长,MSCI,MSCI指数,成长指数,20070531,1000.0,20070605
661897.MI,MSCI全球中小盘成长,MSCI,MSCI指数,成长指数,20070531,1000.0,20070605
661898.MI,MSCI全球(除澳)中小盘成长,MSCI,MSCI指数,成长指数,20070531,1000.0,20070605
661899.MI,MSCI全球(除欧盟)中小盘成长,MSCI,MSCI指数,成长指数,20070531,1000.0,20070605
661900.MI,MSCI全球(除欧洲)中小盘成长,MSCI,MSCI指数,成长指数,20070531,1000.0,20070605
661901.MI,MSCI全球(除日本)中小盘成长,MSCI,MSCI指数,成长指数,20070531,1000.0,20070605
661902.MI,MSCI全球(除瑞士)中小盘成长,MSCI,MSCI指数,成长指数,20070531,1000.0,20070605
661903.MI,MSCI全球(除英国)中小盘成长,MSCI,MSCI指数,成长指数,20070531,1000.0,20070605
661904.MI,MSCI全球(除美国)中小盘成长,MSCI,MSCI指数,成长指数,20070531,1000.0,20070605
661906.MI,MSCI巴西中小盘成长,MSCI,MSCI指数,成长指数,20070531,1000.0,20070605
661907.MI,MSCI金砖四国中小盘成长,MSCI,MSCI指数,成长指数,20070531,1000.0,20070605
661908.MI,MSCI智利中小盘成长,MSCI,MSCI指数,成长指数,20070531,1000.0,20070605
661909.MI,MSCI中国中小盘成长,MSCI,MSCI指数,成长指数,20070531,1000.0,20070605
661910.MI,MSCI哥伦比亚中小盘成长,MSCI,MSCI指数,成长指数,20070531,1000.0,20070605
661911.MI,MSCI捷克共和国中小盘成长,MSCI,MSCI指数,成长指数,20070531,1000.0,20070605
661912.MI,MSCI埃及中小盘成长,MSCI,MSCI指数,成长指数,20070531,1000.0,20070605
661913.MI,MSCI新兴市场中小盘成长,MSCI,MSCI指数,成长指数,20070531,1000.0,20070605
661914.MI,MSCI亚洲新兴市场中小盘成长,MSCI,MSCI指数,成长指数,20070531,1000.0,20070605
661915.MI,MSCI东欧新兴市场中小盘成长,MSCI,MSCI指数,成长指数,20070531,1000.0,20070605
661916.MI,MSCI欧非中东新兴市场中小盘成长,MSCI,MSCI指数,成长指数,20070531,1000.0,20070605
661917.MI,MSCI欧洲新兴市场中小盘成长,MSCI,MSCI指数,成长指数,20070531,1000.0,20070605
661918.MI,MSCI欧洲&中东新兴市场中小盘成长,MSCI,MSCI指数,成长指数,20070531,1000.0,20070605
661919.MI,MSCI远东新兴市场中小盘成长,MSCI,MSCI指数,成长指数,20070531,1000.0,20070605
661920.MI,MSCI拉美新兴市场中小盘成长,MSCI,MSCI指数,成长指数,20070531,1000.0,20070605
661921.MI,MSCI欧盟中小盘成长,MSCI,MSCI指数,成长指数,20070531,1000.0,20070605
661922.MI,MSCI金龙中小盘成长,MSCI,MSCI指数,成长指数,20070531,1000.0,20070605
661923.MI,MSCI匈牙利中小盘成长,MSCI,MSCI指数,成长指数,20131126,1000.0,20070605
661924.MI,MSCI印度中小盘成长,MSCI,MSCI指数,成长指数,20070531,1000.0,20070605
661925.MI,MSCI印度尼西亚中小盘成长,MSCI,MSCI指数,成长指数,20070531,1000.0,20070605
661926.MI,MSCI以色列中小盘成长,MSCI,MSCI指数,成长指数,20070531,1000.0,20070605
661928.MI,MSCI韩国中小盘成长,MSCI,MSCI指数,成长指数,20070531,1000.0,20070605
661929.MI,MSCI马来西亚中小盘成长,MSCI,MSCI指数,成长指数,20070531,1000.0,20070605
661930.MI,MSCI墨西哥中小盘成长,MSCI,MSCI指数,成长指数,20070531,1000.0,20070605
661931.MI,MSCI摩洛哥中小盘成长(退市),MSCI,MSCI指数,成长指数,20070531,1000.0,20000531
661933.MI,MSCI秘鲁中小盘成长,MSCI,MSCI指数,成长指数,20170531,1000.0,20070605
661934.MI,MSCI菲律宾中小盘成长,MSCI,MSCI指数,成长指数,20070531,1000.0,20070605
661935.MI,MSCI波兰中小盘成长,MSCI,MSCI指数,成长指数,20070531,1000.0,20070605
661936.MI,MSCI俄罗斯中小盘成长,MSCI,MSCI指数,成长指数,20070531,1000.0,20070605
661937.MI,MSCI南非中小盘成长,MSCI,MSCI指数,成长指数,20070531,1000.0,20070605
661938.MI,MSCI东南亚中小盘成长,MSCI,MSCI指数,成长指数,20070531,1000.0,20070605
661940.MI,MSCI台湾中小盘成长,MSCI,MSCI指数,成长指数,20070531,1000.0,20070605
661941.MI,MSCI泰国中小盘成长,MSCI,MSCI指数,成长指数,20070531,1000.0,20070605
661942.MI,MSCI土耳其中小盘成长,MSCI,MSCI指数,成长指数,20070531,1000.0,20070605
661944.MI,MSCI中华中小盘成长,MSCI,MSCI指数,成长指数,20070531,1000.0,20070605
664147.MI,MSCI澳大利亚可投资,MSCI,MSCI指数,规模指数,20070531,1000.0,20070605
664148.MI,MSCI奥地利可投资,MSCI,MSCI指数,规模指数,20070531,1000.0,20070605
664149.MI,MSCI比利时可投资,MSCI,MSCI指数,规模指数,20070531,1000.0,20070605
664150.MI,MSCI加拿大可投资,MSCI,MSCI指数,规模指数,20070531,1000.0,20070605
664151.MI,MSCI丹麦可投资,MSCI,MSCI指数,规模指数,20070531,1000.0,20070605
664152.MI,MSCI欧澳远东可投资,MSCI,MSCI指数,规模指数,20070531,1000.0,20070605
664153.MI,MSCI欧澳远东(除英国)可投资,MSCI,MSCI指数,规模指数,20070531,1000.0,20070605
664154.MI,MSCI欧澳远东(除日本)可投资,MSCI,MSCI指数,规模指数,20070531,1000.0,20070605
664155.MI,MSCI欧盟可投资,MSCI,MSCI指数,规模指数,20070531,1000.0,20070605
664156.MI,MSCI欧盟+英国可投资,MSCI,MSCI指数,规模指数,20070531,1000.0,20070605
664157.MI,MSCI欧洲可投资,MSCI,MSCI指数,规模指数,20070531,1000.0,20070605
664158.MI,MSCI欧洲(除欧盟)可投资,MSCI,MSCI指数,规模指数,20070531,1000.0,20070605
664159.MI,MSCI欧洲(除德国)可投资,MSCI,MSCI指数,规模指数,20070531,1000.0,20070605
664160.MI,MSCI欧洲(除瑞士)可投资,MSCI,MSCI指数,规模指数,20070531,1000.0,20070605
664161.MI,MSCI欧洲(除英国)可投资,MSCI,MSCI指数,规模指数,20070531,1000.0,20070605
664162.MI,MSCI欧洲(除英国瑞士)可投资,MSCI,MSCI指数,规模指数,20070531,1000.0,20070605
664163.MI,MSCI远东可投资,MSCI,MSCI指数,规模指数,20070531,1000.0,20070605
664164.MI,MSCI芬兰可投资,MSCI,MSCI指数,规模指数,20070531,1000.0,20070605
664165.MI,MSCI法国可投资,MSCI,MSCI指数,规模指数,20070531,1000.0,20070605
664166.MI,MSCI德国可投资,MSCI,MSCI指数,规模指数,20070531,1000.0,20070605
664167.MI,MSCI希腊可投资,MSCI,MSCI指数,规模指数,20070531,1000.0,20070605
664169.MI,MSCI爱尔兰可投资,MSCI,MSCI指数,规模指数,20070531,1000.0,20070605
664170.MI,MSCI意大利可投资,MSCI,MSCI指数,规模指数,20070531,1000.0,20070605
664171.MI,MSCI日本可投资,MSCI,MSCI指数,规模指数,20070531,1000.0,20070605
664172.MI,MSCIKOKUSAI可投资,MSCI,MSCI指数,规模指数,20070531,1000.0,20070605
664173.MI,MSCI荷兰可投资,MSCI,MSCI指数,规模指数,20070531,1000.0,20070605
664174.MI,MSCI新西兰可投资,MSCI,MSCI指数,规模指数,20070531,1000.0,20070605
664175.MI,MSCI北欧国家可投资,MSCI,MSCI指数,规模指数,20070531,1000.0,20070605
664176.MI,MSCI北美可投资,MSCI,MSCI指数,规模指数,20070531,1000.0,20070605
664177.MI,MSCI挪威可投资,MSCI,MSCI指数,规模指数,20070531,1000.0,20070605
664178.MI,MSCI太平洋地区可投资,MSCI,MSCI指数,规模指数,20070531,1000.0,20070605
664179.MI,MSCI太平洋地区(除日本)可投资,MSCI,MSCI指数,规模指数,20070531,1000.0,20070605
664180.MI,MSCI葡萄牙可投资,MSCI,MSCI指数,规模指数,20070531,1000.0,20070605
664181.MI,MSCI新加坡可投资,MSCI,MSCI指数,规模指数,20070531,1000.0,20070605
664182.MI,MSCI西班牙可投资,MSCI,MSCI指数,规模指数,20070531,1000.0,20070605
664183.MI,MSCI瑞典可投资,MSCI,MSCI指数,规模指数,20070531,1000.0,20070605
664184.MI,MSCI瑞士可投资,MSCI,MSCI指数,规模指数,20070531,1000.0,20070605
664185.MI,MSCI发达市场可投资,MSCI,MSCI指数,规模指数,20070531,1000.0,20070605
664186.MI,MSCI英国可投资,MSCI,MSCI指数,规模指数,20070531,1000.0,20070605
664187.MI,MSCI美国可投资,MSCI,MSCI指数,规模指数,20070531,1000.0,20070605
664188.MI,MSCI发达市场(除澳)可投资,MSCI,MSCI指数,规模指数,20070531,1000.0,20070605
664189.MI,MSCI发达市场(除欧盟)可投资,MSCI,MSCI指数,规模指数,20070531,1000.0,20070605
664190.MI,MSCI发达市场(除欧洲)可投资,MSCI,MSCI指数,规模指数,20070531,1000.0,20070605
664191.MI,MSCI发达市场(除英国)可投资,MSCI,MSCI指数,规模指数,20070531,1000.0,20070605
664192.MI,MSCI发达市场(除美国)可投资,MSCI,MSCI指数,规模指数,20070531,1000.0,20070605
664193.MI,MSCI美洲可投资,MSCI,MSCI指数,规模指数,20070531,1000.0,20070605
664194.MI,MSCI亚洲可投资,MSCI,MSCI指数,规模指数,20070531,1000.0,20070605
664195.MI,MSCI亚洲(除日本)可投资,MSCI,MSCI指数,规模指数,20070531,1000.0,20070605
664196.MI,MSCI亚太地区可投资,MSCI,MSCI指数,规模指数,20070531,1000.0,20070605
664197.MI,MSCI亚太地区(除日本)可投资,MSCI,MSCI指数,规模指数,20070531,1000.0,20070605
664198.MI,MSCI欧洲全市场可投资,MSCI,MSCI指数,规模指数,20070531,1000.0,20070605
664199.MI,MSCI欧洲全市场&中东可投资,MSCI,MSCI指数,规模指数,20070531,1000.0,20070605
664200.MI,MSCI远东全市场可投资,MSCI,MSCI指数,规模指数,20070531,1000.0,20070605
664201.MI,MSCI远东全市场(除日本)可投资,MSCI,MSCI指数,规模指数,20070531,1000.0,20070605
664202.MI,MSCI太平洋全市场可投资,MSCI,MSCI指数,规模指数,20070531,1000.0,20070605
664203.MI,MSCI太平洋全市场(除日本)可投资,MSCI,MSCI指数,规模指数,20070531,1000.0,20070605
664204.MI,MSCI全球可投资,MSCI,MSCI指数,规模指数,20070531,1000.0,20070605
664205.MI,MSCI全球(除澳)可投资,MSCI,MSCI指数,规模指数,20070531,1000.0,20070605
664206.MI,MSCI全球(除欧盟)可投资,MSCI,MSCI指数,规模指数,20070531,1000.0,20070605
664207.MI,MSCI全球(除欧洲)可投资,MSCI,MSCI指数,规模指数,20070531,1000.0,20070605
664208.MI,MSCI全球(除日本)可投资,MSCI,MSCI指数,规模指数,20070531,1000.0,20070605
664209.MI,MSCI全球(除瑞士)可投资,MSCI,MSCI指数,规模指数,20070531,1000.0,20070605
664210.MI,MSCI全球(除英国)可投资,MSCI,MSCI指数,规模指数,20070531,1000.0,20070605
664211.MI,MSCI全球(除美国)可投资,MSCI,MSCI指数,规模指数,20070531,1000.0,20070605
664213.MI,MSCI巴西可投资,MSCI,MSCI指数,规模指数,20070531,1000.0,20070605
664214.MI,MSCI金砖四国可投资,MSCI,MSCI指数,规模指数,20070531,1000.0,20070605
664215.MI,MSCI智利可投资,MSCI,MSCI指数,规模指数,20070531,1000.0,20070605
664216.MI,MSCI中国可投资(除A股)(美元),MSCI,MSCI指数,规模指数,20070531,1000.0,20070605
664217.MI,MSCI哥伦比亚可投资,MSCI,MSCI指数,规模指数,20070531,1000.0,20070605
664218.MI,MSCI捷克共和国可投资,MSCI,MSCI指数,规模指数,20070531,1000.0,20070605
664219.MI,MSCI埃及可投资,MSCI,MSCI指数,规模指数,20070531,1000.0,20070605
664220.MI,MSCI新兴市场可投资,MSCI,MSCI指数,规模指数,20070531,1000.0,20070605
664221.MI,MSCI亚洲新兴市场可投资,MSCI,MSCI指数,规模指数,20070531,1000.0,20070605
664222.MI,MSCI东欧新兴市场可投资,MSCI,MSCI指数,规模指数,20070531,1000.0,20070605
664223.MI,MSCI欧非中东新兴市场可投资,MSCI,MSCI指数,规模指数,20070531,1000.0,20070605
664224.MI,MSCI欧洲新兴市场可投资,MSCI,MSCI指数,规模指数,20070531,1000.0,20070605
664225.MI,MSCI欧洲&中东新兴市场可投资,MSCI,MSCI指数,规模指数,20070531,1000.0,20070605
664226.MI,MSCI远东新兴市场可投资,MSCI,MSCI指数,规模指数,20070531,1000.0,20070605
664227.MI,MSCI拉美新兴市场可投资,MSCI,MSCI指数,规模指数,20070531,1000.0,20070605
664228.MI,MSCI欧盟可投资,MSCI,MSCI指数,规模指数,20070531,1000.0,20070605
664229.MI,MSCI金龙可投资,MSCI,MSCI指数,规模指数,20070531,1000.0,20070605
664230.MI,MSCI匈牙利可投资,MSCI,MSCI指数,规模指数,20070531,1000.0,20070605
664231.MI,MSCI印度可投资,MSCI,MSCI指数,规模指数,20070531,1000.0,20070605
664232.MI,MSCI印度尼西亚可投资,MSCI,MSCI指数,规模指数,20070531,1000.0,20070605
664233.MI,MSCI以色列可投资,MSCI,MSCI指数,规模指数,20070531,1000.0,20070605
664234.MI,MSCI约旦可投资,MSCI,MSCI指数,规模指数,20070531,1000.0,20070605
664235.MI,MSCI韩国可投资,MSCI,MSCI指数,规模指数,20070531,1000.0,20070605
664236.MI,MSCI马来西亚可投资,MSCI,MSCI指数,规模指数,20070531,1000.0,20070605
664237.MI,MSCI墨西哥可投资,MSCI,MSCI指数,规模指数,20070531,1000.0,20070605
664238.MI,MSCI摩洛哥可投资,MSCI,MSCI指数,规模指数,20070531,1000.0,20070605
664240.MI,MSCI秘鲁可投资,MSCI,MSCI指数,规模指数,20070531,1000.0,20070605
664241.MI,MSCI菲律宾可投资,MSCI,MSCI指数,规模指数,20070531,1000.0,20070605
664242.MI,MSCI波兰可投资,MSCI,MSCI指数,规模指数,20070531,1000.0,20070605
664243.MI,MSCI俄罗斯可投资,MSCI,MSCI指数,规模指数,20070531,1000.0,20070605
664244.MI,MSCI南非可投资,MSCI,MSCI指数,规模指数,20070531,1000.0,20070605
664245.MI,MSCI东南亚可投资,MSCI,MSCI指数,规模指数,20070531,1000.0,20070605
664247.MI,MSCI台湾可投资,MSCI,MSCI指数,规模指数,20070531,1000.0,20070605
664248.MI,MSCI泰国可投资,MSCI,MSCI指数,规模指数,20070531,1000.0,20070605
664249.MI,MSCI土耳其可投资,MSCI,MSCI指数,规模指数,20070531,1000.0,20070605
664251.MI,MSCI中华可投资,MSCI,MSCI指数,规模指数,20070531,1000.0,20070605
664252.MI,MSCI澳大利亚可投资价值,MSCI,MSCI指数,价值指数,20070531,1000.0,20070605
664253.MI,MSCI奥地利可投资价值,MSCI,MSCI指数,价值指数,20070531,1000.0,20070605
664254.MI,MSCI比利时可投资价值,MSCI,MSCI指数,价值指数,20070531,1000.0,20070605
664255.MI,MSCI加拿大可投资价值,MSCI,MSCI指数,价值指数,20070531,1000.0,20070605
664256.MI,MSCI丹麦可投资价值,MSCI,MSCI指数,价值指数,20070531,1000.0,20070605
664257.MI,MSCI欧澳远东可投资价值,MSCI,MSCI指数,价值指数,20070531,1000.0,20070605
664258.MI,MSCI欧澳远东(除英国)可投资价值,MSCI,MSCI指数,价值指数,20070531,1000.0,20070605
664259.MI,MSCI欧澳远东(除日本)可投资价值,MSCI,MSCI指数,价值指数,20070531,1000.0,20070605
664260.MI,MSCI欧盟可投资价值,MSCI,MSCI指数,价值指数,20070531,1000.0,20070605
664261.MI,MSCI欧盟+英国可投资价值,MSCI,MSCI指数,价值指数,20070531,1000.0,20070605
664262.MI,MSCI欧洲可投资价值,MSCI,MSCI指数,价值指数,20070531,1000.0,20070605
664263.MI,MSCI欧洲(除欧盟)可投资价值,MSCI,MSCI指数,价值指数,20070531,1000.0,20070605
664264.MI,MSCI欧洲(除德国)可投资价值,MSCI,MSCI指数,价值指数,20070531,1000.0,20070605
664265.MI,MSCI欧洲(除瑞士)可投资价值,MSCI,MSCI指数,价值指数,20070531,1000.0,20070605
664266.MI,MSCI欧洲(除英国)可投资价值,MSCI,MSCI指数,价值指数,20070531,1000.0,20070605
664267.MI,MSCI欧洲(除英国瑞士)可投资价值,MSCI,MSCI指数,价值指数,20070531,1000.0,20070605
664268.MI,MSCI远东可投资价值,MSCI,MSCI指数,价值指数,20070531,1000.0,20070605
664269.MI,MSCI芬兰可投资价值,MSCI,MSCI指数,价值指数,20070531,1000.0,20070605
664270.MI,MSCI法国可投资价值,MSCI,MSCI指数,价值指数,20070531,1000.0,20070605
664271.MI,MSCI德国可投资价值,MSCI,MSCI指数,价值指数,20070531,1000.0,20070605
664272.MI,MSCI希腊可投资价值,MSCI,MSCI指数,价值指数,20070531,1000.0,20070605
664274.MI,MSCI爱尔兰可投资价值,MSCI,MSCI指数,价值指数,20070531,1000.0,20070605
664275.MI,MSCI意大利可投资价值,MSCI,MSCI指数,价值指数,20070531,1000.0,20070605
664276.MI,MSCI日本可投资价值,MSCI,MSCI指数,价值指数,20070531,1000.0,20070605
664277.MI,MSCIKOKUSAI可投资价值,MSCI,MSCI指数,价值指数,20070531,1000.0,20070605
664278.MI,MSCI荷兰可投资价值,MSCI,MSCI指数,价值指数,20070531,1000.0,20070605
664279.MI,MSCI新西兰可投资价值,MSCI,MSCI指数,价值指数,20070531,1000.0,20070605
664280.MI,MSCI北欧国家可投资价值,MSCI,MSCI指数,价值指数,20070531,1000.0,20070605
664281.MI,MSCI北美可投资价值,MSCI,MSCI指数,价值指数,20070531,1000.0,20070605
664282.MI,MSCI挪威可投资价值,MSCI,MSCI指数,价值指数,20070531,1000.0,20070605
664283.MI,MSCI太平洋地区可投资价值,MSCI,MSCI指数,价值指数,20070531,1000.0,20070605
664284.MI,MSCI太平洋地区(除日本)可投资价值,MSCI,MSCI指数,价值指数,20070531,1000.0,20070605
664285.MI,MSCI葡萄牙可投资价值,MSCI,MSCI指数,价值指数,20070531,1000.0,20070605
664286.MI,MSCI新加坡可投资价值,MSCI,MSCI指数,价值指数,20070531,1000.0,20070605
664287.MI,MSCI西班牙可投资价值,MSCI,MSCI指数,价值指数,20070531,1000.0,20070605
664288.MI,MSCI瑞典可投资价值,MSCI,MSCI指数,价值指数,20070531,1000.0,20070605
664289.MI,MSCI瑞士可投资价值,MSCI,MSCI指数,价值指数,20070531,1000.0,20070605
664290.MI,MSCI发达市场可投资价值,MSCI,MSCI指数,价值指数,20070531,1000.0,20070605
664291.MI,MSCI英国可投资价值,MSCI,MSCI指数,价值指数,20070531,1000.0,20070605
664292.MI,MSCI美国可投资价值,MSCI,MSCI指数,价值指数,20070531,1000.0,20070605
664293.MI,MSCI发达市场(除澳)可投资价值,MSCI,MSCI指数,价值指数,20070531,1000.0,20070605
664294.MI,MSCI发达市场(除欧盟)可投资价值,MSCI,MSCI指数,价值指数,20070531,1000.0,20070605
664295.MI,MSCI发达市场(除欧洲)可投资价值,MSCI,MSCI指数,价值指数,20070531,1000.0,20070605
664296.MI,MSCI发达市场(除英国)可投资价值,MSCI,MSCI指数,价值指数,20070531,1000.0,20070605
664297.MI,MSCI发达市场(除美国)可投资价值,MSCI,MSCI指数,价值指数,20070531,1000.0,20070605
664298.MI,MSCI美洲可投资价值,MSCI,MSCI指数,价值指数,20070531,1000.0,20070605
664299.MI,MSCI亚洲可投资价值,MSCI,MSCI指数,价值指数,20070531,1000.0,20070605
664300.MI,MSCI亚洲(除日本)可投资价值,MSCI,MSCI指数,价值指数,20070531,1000.0,20070605
664301.MI,MSCI亚太地区可投资价值,MSCI,MSCI指数,价值指数,20070531,1000.0,20070605
664302.MI,MSCI亚太地区(除日本)可投资价值,MSCI,MSCI指数,价值指数,20070531,1000.0,20070605
664303.MI,MSCI欧洲全市场可投资价值,MSCI,MSCI指数,价值指数,20070531,1000.0,20070605
664304.MI,MSCI欧洲全市场&中东可投资价值,MSCI,MSCI指数,价值指数,20070531,1000.0,20070605
664305.MI,MSCI远东全市场可投资价值,MSCI,MSCI指数,价值指数,20070531,1000.0,20070605
664306.MI,MSCI远东全市场(除日本)可投资价值,MSCI,MSCI指数,价值指数,20070531,1000.0,20070605
664307.MI,MSCI太平洋全市场可投资价值,MSCI,MSCI指数,价值指数,20070531,1000.0,20070605
664308.MI,MSCI太平洋全市场(除日本)可投资价值,MSCI,MSCI指数,价值指数,20070531,1000.0,20070605
664309.MI,MSCI全球可投资价值,MSCI,MSCI指数,价值指数,20070531,1000.0,20070605
664310.MI,MSCI全球(除澳)可投资价值,MSCI,MSCI指数,价值指数,20070531,1000.0,20070605
664311.MI,MSCI全球(除欧盟)可投资价值,MSCI,MSCI指数,价值指数,20070531,1000.0,20070605
664312.MI,MSCI全球(除欧洲)可投资价值,MSCI,MSCI指数,价值指数,20070531,1000.0,20070605
664313.MI,MSCI全球(除日本)可投资价值,MSCI,MSCI指数,价值指数,20070531,1000.0,20070605
664314.MI,MSCI全球(除瑞士)可投资价值,MSCI,MSCI指数,价值指数,20070531,1000.0,20070605
664315.MI,MSCI全球(除英国)可投资价值,MSCI,MSCI指数,价值指数,20070531,1000.0,20070605
664316.MI,MSCI全球(除美国)可投资价值,MSCI,MSCI指数,价值指数,20070531,1000.0,20070605
664318.MI,MSCI巴西可投资价值,MSCI,MSCI指数,价值指数,20070531,1000.0,20070605
664319.MI,MSCI金砖四国可投资价值,MSCI,MSCI指数,价值指数,20070531,1000.0,20070605
664320.MI,MSCI智利可投资价值,MSCI,MSCI指数,价值指数,20070531,1000.0,20070605
664321.MI,MSCI中国可投资价值,MSCI,MSCI指数,价值指数,20070531,1000.0,20070605
664322.MI,MSCI哥伦比亚可投资价值,MSCI,MSCI指数,价值指数,20070531,1000.0,20070605
664323.MI,MSCI捷克共和国可投资价值,MSCI,MSCI指数,价值指数,20070531,1000.0,20070605
664324.MI,MSCI埃及可投资价值,MSCI,MSCI指数,价值指数,20070531,1000.0,20070605
664325.MI,MSCI新兴市场可投资价值,MSCI,MSCI指数,价值指数,20070531,1000.0,20070605
664326.MI,MSCI亚洲新兴市场可投资价值,MSCI,MSCI指数,价值指数,20070531,1000.0,20070605
664327.MI,MSCI东欧新兴市场可投资价值,MSCI,MSCI指数,价值指数,20070531,1000.0,20070605
664328.MI,MSCI欧非中东新兴市场可投资价值,MSCI,MSCI指数,价值指数,20070531,1000.0,20070605
664329.MI,MSCI欧洲新兴市场可投资价值,MSCI,MSCI指数,价值指数,20070531,1000.0,20070605
664330.MI,MSCI欧洲&中东新兴市场可投资价值,MSCI,MSCI指数,价值指数,20070531,1000.0,20070605
664331.MI,MSCI远东新兴市场可投资价值,MSCI,MSCI指数,价值指数,20070531,1000.0,20070605
664332.MI,MSCI拉美新兴市场可投资价值,MSCI,MSCI指数,价值指数,20070531,1000.0,20070605
664333.MI,MSCI欧盟可投资价值,MSCI,MSCI指数,价值指数,20070531,1000.0,20070605
664334.MI,MSCI金龙可投资价值,MSCI,MSCI指数,价值指数,20070531,1000.0,20070605
664335.MI,MSCI匈牙利可投资价值,MSCI,MSCI指数,价值指数,20070531,1000.0,20070605
664336.MI,MSCI印度可投资价值,MSCI,MSCI指数,价值指数,20070531,1000.0,20070605
664337.MI,MSCI印度尼西亚可投资价值,MSCI,MSCI指数,价值指数,20070531,1000.0,20070605
664338.MI,MSCI以色列可投资价值,MSCI,MSCI指数,价值指数,20070531,1000.0,20070605
664340.MI,MSCI韩国可投资价值,MSCI,MSCI指数,价值指数,20070531,1000.0,20070605
664341.MI,MSCI马来西亚可投资价值,MSCI,MSCI指数,价值指数,20070531,1000.0,20070605
664342.MI,MSCI墨西哥可投资价值,MSCI,MSCI指数,价值指数,20070531,1000.0,20070605
664343.MI,MSCI摩洛哥可投资价值(退市),MSCI,MSCI指数,价值指数,20070531,1000.0,20000531
664345.MI,MSCI秘鲁可投资价值,MSCI,MSCI指数,价值指数,20070531,1000.0,20070605
664346.MI,MSCI菲律宾可投资价值,MSCI,MSCI指数,价值指数,20070531,1000.0,20070605
664347.MI,MSCI波兰可投资价值,MSCI,MSCI指数,价值指数,20070531,1000.0,20070605
664348.MI,MSCI俄罗斯可投资价值,MSCI,MSCI指数,价值指数,20070531,1000.0,20070605
664349.MI,MSCI南非可投资价值,MSCI,MSCI指数,价值指数,20070531,1000.0,20070605
664350.MI,MSCI东南亚可投资价值,MSCI,MSCI指数,价值指数,20070531,1000.0,20070605
664352.MI,MSCI台湾可投资价值,MSCI,MSCI指数,价值指数,20070531,1000.0,20070605
664353.MI,MSCI泰国可投资价值,MSCI,MSCI指数,价值指数,20070531,1000.0,20070605
664354.MI,MSCI土耳其可投资价值,MSCI,MSCI指数,价值指数,20070531,1000.0,20070605
664356.MI,MSCI中华可投资价值,MSCI,MSCI指数,价值指数,20070531,1000.0,20070605
664357.MI,MSCI澳大利亚可投资成长,MSCI,MSCI指数,成长指数,20070531,1000.0,20070605
664358.MI,MSCI奥地利可投资成长,MSCI,MSCI指数,成长指数,20070531,1000.0,20070605
664359.MI,MSCI比利时可投资成长,MSCI,MSCI指数,成长指数,20070531,1000.0,20070605
664360.MI,MSCI加拿大可投资成长,MSCI,MSCI指数,成长指数,20070531,1000.0,20070605
664361.MI,MSCI丹麦可投资成长,MSCI,MSCI指数,成长指数,20070531,1000.0,20070605
664362.MI,MSCI欧澳远东可投资成长,MSCI,MSCI指数,成长指数,20070531,1000.0,20070605
664363.MI,MSCI欧澳远东(除英国)可投资成长,MSCI,MSCI指数,成长指数,20070531,1000.0,20070605
664364.MI,MSCI欧澳远东(除日本)可投资成长,MSCI,MSCI指数,成长指数,20070531,1000.0,20070605
664365.MI,MSCI欧盟可投资成长,MSCI,MSCI指数,成长指数,20070531,1000.0,20070605
664366.MI,MSCI欧盟+英国可投资成长,MSCI,MSCI指数,成长指数,20070531,1000.0,20070605
664367.MI,MSCI欧洲可投资成长,MSCI,MSCI指数,成长指数,20070531,1000.0,20070605
664368.MI,MSCI欧洲(除欧盟)可投资成长,MSCI,MSCI指数,成长指数,20070531,1000.0,20070605
664369.MI,MSCI欧洲(除德国)可投资成长,MSCI,MSCI指数,成长指数,20070531,1000.0,20070605
664370.MI,MSCI欧洲(除瑞士)可投资成长,MSCI,MSCI指数,成长指数,20070531,1000.0,20070605
664371.MI,MSCI欧洲(除英国)可投资成长,MSCI,MSCI指数,成长指数,20070531,1000.0,20070605
664372.MI,MSCI欧洲(除英国瑞士)可投资成长,MSCI,MSCI指数,成长指数,20070531,1000.0,20070605
664373.MI,MSCI远东可投资成长,MSCI,MSCI指数,成长指数,20070531,1000.0,20070605
664374.MI,MSCI芬兰可投资成长,MSCI,MSCI指数,成长指数,20070531,1000.0,20070605
664375.MI,MSCI法国可投资成长,MSCI,MSCI指数,成长指数,20070531,1000.0,20070605
664376.MI,MSCI德国可投资成长,MSCI,MSCI指数,成长指数,20070531,1000.0,20070605
664377.MI,MSCI希腊可投资成长,MSCI,MSCI指数,成长指数,20070531,1000.0,20070605
664379.MI,MSCI爱尔兰可投资成长,MSCI,MSCI指数,成长指数,20070531,1000.0,20070605
664380.MI,MSCI意大利可投资成长,MSCI,MSCI指数,成长指数,20070531,1000.0,20070605
664381.MI,MSCI日本可投资成长,MSCI,MSCI指数,成长指数,20070531,1000.0,20070605
664382.MI,MSCIKOKUSAI可投资成长,MSCI,MSCI指数,成长指数,20070531,1000.0,20070605
664383.MI,MSCI荷兰可投资成长,MSCI,MSCI指数,成长指数,20070531,1000.0,20070605
664384.MI,MSCI新西兰可投资成长,MSCI,MSCI指数,成长指数,20070531,1000.0,20070605
664385.MI,MSCI北欧国家可投资成长,MSCI,MSCI指数,成长指数,20070531,1000.0,20070605
664386.MI,MSCI北美可投资成长,MSCI,MSCI指数,成长指数,20070531,1000.0,20070605
664387.MI,MSCI挪威可投资成长,MSCI,MSCI指数,成长指数,20070531,1000.0,20070605
664388.MI,MSCI太平洋地区可投资成长,MSCI,MSCI指数,成长指数,20070531,1000.0,20070605
664389.MI,MSCI太平洋地区(除日本)可投资成长,MSCI,MSCI指数,成长指数,20070531,1000.0,20070605
664390.MI,MSCI葡萄牙可投资成长,MSCI,MSCI指数,成长指数,20070531,1000.0,20070605
664391.MI,MSCI新加坡可投资成长,MSCI,MSCI指数,成长指数,20070531,1000.0,20070605
664392.MI,MSCI西班牙可投资成长,MSCI,MSCI指数,成长指数,20070531,1000.0,20070605
664393.MI,MSCI瑞典可投资成长,MSCI,MSCI指数,成长指数,20070531,1000.0,20070605
664394.MI,MSCI瑞士可投资成长,MSCI,MSCI指数,成长指数,20070531,1000.0,20070605
664395.MI,MSCI发达市场可投资成长,MSCI,MSCI指数,成长指数,20070531,1000.0,20070605
664396.MI,MSCI英国可投资成长,MSCI,MSCI指数,成长指数,20070531,1000.0,20070605
664397.MI,MSCI美国可投资成长,MSCI,MSCI指数,成长指数,20070531,1000.0,20070605
664398.MI,MSCI发达市场(除澳)可投资成长,MSCI,MSCI指数,成长指数,20070531,1000.0,20070605
664399.MI,MSCI发达市场(除欧盟)可投资成长,MSCI,MSCI指数,成长指数,20070531,1000.0,20070605
664400.MI,MSCI发达市场(除欧洲)可投资成长,MSCI,MSCI指数,成长指数,20070531,1000.0,20070605
664401.MI,MSCI发达市场(除英国)可投资成长,MSCI,MSCI指数,成长指数,20070531,1000.0,20070605
664402.MI,MSCI发达市场(除美国)可投资成长,MSCI,MSCI指数,成长指数,20070531,1000.0,20070605
664403.MI,MSCI美洲可投资成长,MSCI,MSCI指数,成长指数,20070531,1000.0,20070605
664404.MI,MSCI亚洲可投资成长,MSCI,MSCI指数,成长指数,20070531,1000.0,20070605
664405.MI,MSCI亚洲(除日本)可投资成长,MSCI,MSCI指数,成长指数,20070531,1000.0,20070605
664406.MI,MSCI亚太地区可投资成长,MSCI,MSCI指数,成长指数,20070531,1000.0,20070605
664407.MI,MSCI亚太地区(除日本)可投资成长,MSCI,MSCI指数,成长指数,20070531,1000.0,20070605
664408.MI,MSCI欧洲全市场可投资成长,MSCI,MSCI指数,成长指数,20070531,1000.0,20070605
664409.MI,MSCI欧洲全市场&中东可投资成长,MSCI,MSCI指数,成长指数,20070531,1000.0,20070605
664410.MI,MSCI远东全市场可投资成长,MSCI,MSCI指数,成长指数,20070531,1000.0,20070605
664411.MI,MSCI远东全市场(除日本)可投资成长,MSCI,MSCI指数,成长指数,20070531,1000.0,20070605
664412.MI,MSCI太平洋全市场可投资成长,MSCI,MSCI指数,成长指数,20070531,1000.0,20070605
664413.MI,MSCI太平洋全市场(除日本)可投资成长,MSCI,MSCI指数,成长指数,20070531,1000.0,20070605
664414.MI,MSCI全球可投资成长,MSCI,MSCI指数,成长指数,20070531,1000.0,20070605
664415.MI,MSCI全球(除澳)可投资成长,MSCI,MSCI指数,成长指数,20070531,1000.0,20070605
664416.MI,MSCI全球(除欧盟)可投资成长,MSCI,MSCI指数,成长指数,20070531,1000.0,20070605
664417.MI,MSCI全球(除欧洲)可投资成长,MSCI,MSCI指数,成长指数,20070531,1000.0,20070605
664418.MI,MSCI全球(除日本)可投资成长,MSCI,MSCI指数,成长指数,20070531,1000.0,20070605
664419.MI,MSCI全球(除瑞士)可投资成长,MSCI,MSCI指数,成长指数,20070531,1000.0,20070605
664420.MI,MSCI全球(除英国)可投资成长,MSCI,MSCI指数,成长指数,20070531,1000.0,20070605
664421.MI,MSCI全球(除美国)可投资成长,MSCI,MSCI指数,成长指数,20070531,1000.0,20070605
664423.MI,MSCI巴西可投资成长,MSCI,MSCI指数,成长指数,20070531,1000.0,20070605
664424.MI,MSCI金砖四国可投资成长,MSCI,MSCI指数,成长指数,20070531,1000.0,20070605
664425.MI,MSCI智利可投资成长,MSCI,MSCI指数,成长指数,20070531,1000.0,20070605
664426.MI,MSCI中国可投资成长,MSCI,MSCI指数,成长指数,20070531,1000.0,20070605
664427.MI,MSCI哥伦比亚可投资成长,MSCI,MSCI指数,成长指数,20070531,1000.0,20070605
664428.MI,MSCI捷克共和国可投资成长,MSCI,MSCI指数,成长指数,20070531,1000.0,20070605
664429.MI,MSCI埃及可投资成长,MSCI,MSCI指数,成长指数,20070531,1000.0,20070605
664430.MI,MSCI新兴市场可投资成长,MSCI,MSCI指数,成长指数,20070531,1000.0,20070605
664431.MI,MSCI亚洲新兴市场可投资成长,MSCI,MSCI指数,成长指数,20070531,1000.0,20070605
664432.MI,MSCI东欧新兴市场可投资成长,MSCI,MSCI指数,成长指数,20070531,1000.0,20070605
664433.MI,MSCI欧非中东新兴市场可投资成长,MSCI,MSCI指数,成长指数,20070531,1000.0,20070605
664434.MI,MSCI欧洲新兴市场可投资成长,MSCI,MSCI指数,成长指数,20070531,1000.0,20070605
664435.MI,MSCI欧洲&中东新兴市场可投资成长,MSCI,MSCI指数,成长指数,20070531,1000.0,20070605
664436.MI,MSCI远东新兴市场可投资成长,MSCI,MSCI指数,成长指数,20070531,1000.0,20070605
664437.MI,MSCI拉美新兴市场可投资成长,MSCI,MSCI指数,成长指数,20070531,1000.0,20070605
664438.MI,MSCI欧盟可投资成长,MSCI,MSCI指数,成长指数,20070531,1000.0,20070605
664439.MI,MSCI金龙可投资成长,MSCI,MSCI指数,成长指数,20070531,1000.0,20070605
664440.MI,MSCI匈牙利可投资成长,MSCI,MSCI指数,成长指数,20070531,1000.0,20070605
664441.MI,MSCI印度可投资成长,MSCI,MSCI指数,成长指数,20070531,1000.0,20070605
664442.MI,MSCI印度尼西亚可投资成长,MSCI,MSCI指数,成长指数,20070531,1000.0,20070605
664443.MI,MSCI以色列可投资成长,MSCI,MSCI指数,成长指数,20070531,1000.0,20070605
664445.MI,MSCI韩国可投资成长,MSCI,MSCI指数,成长指数,20070531,1000.0,20070605
664446.MI,MSCI马来西亚可投资成长,MSCI,MSCI指数,成长指数,20070531,1000.0,20070605
664447.MI,MSCI墨西哥可投资成长,MSCI,MSCI指数,成长指数,20070531,1000.0,20070605
664448.MI,MSCI摩洛哥可投资成长(退市),MSCI,MSCI指数,成长指数,20070531,1000.0,20000531
664450.MI,MSCI秘鲁可投资成长,MSCI,MSCI指数,成长指数,20070531,1000.0,20070605
664451.MI,MSCI菲律宾可投资成长,MSCI,MSCI指数,成长指数,20070531,1000.0,20070605
664452.MI,MSCI波兰可投资成长,MSCI,MSCI指数,成长指数,20070531,1000.0,20070605
664453.MI,MSCI俄罗斯可投资成长,MSCI,MSCI指数,成长指数,20070531,1000.0,20070605
664454.MI,MSCI南非可投资成长,MSCI,MSCI指数,成长指数,20070531,1000.0,20070605
664455.MI,MSCI东南亚可投资成长,MSCI,MSCI指数,成长指数,20070531,1000.0,20070605
664457.MI,MSCI台湾可投资成长,MSCI,MSCI指数,成长指数,20070531,1000.0,20070605
664458.MI,MSCI泰国可投资成长,MSCI,MSCI指数,成长指数,20070531,1000.0,20070605
664459.MI,MSCI土耳其可投资成长,MSCI,MSCI指数,成长指数,20070531,1000.0,20070605
664461.MI,MSCI中华可投资成长,MSCI,MSCI指数,成长指数,20070531,1000.0,20070605
700004.MI,MSCI亚洲APEX中盘50,MSCI,MSCI指数,规模指数,20080829,1000.0,20081202
700004L.MI,MSCI亚洲APEX中盘50(Local),MSCI,MSCI指数,规模指数,20080829,1000.0,20081202
700023.MI,MSCI前沿及新兴市场,MSCI,MSCI指数,规模指数,20021129,1000.0,20081202
700023L.MI,MSCI前沿及新兴市场(Local),MSCI,MSCI指数,规模指数,20021129,1000.0,20081202
700026.MI,MSCI前沿及新兴市场APEX(退市),MSCI,MSCI指数,规模指数,20021129,1000.0,20021129
700033.MI,MSCI全秘鲁,MSCI,MSCI指数,规模指数,20081031,1000.0,20081107
700033L.MI,MSCI全秘鲁(Local),MSCI,MSCI指数,规模指数,20081031,1000.0,20081107
700041.MI,MSCI全球+前沿市场可投资,MSCI,MSCI指数,规模指数,20070531,1000.0,20090317
700041L.MI,MSCI全球+前沿可投资市场(Local),MSCI,MSCI指数,规模指数,20070531,1000.0,20090317
700044.MI,MSCI俄罗斯ADR/GDR,MSCI,MSCI指数,一级行业指数,20080530,1000.0,20081202
700044L.MI,MSCI俄罗斯ADR/GDR(Local),MSCI,MSCI指数,一级行业指数,20080530,1000.0,20081202
700057.MI,MSCI全秘鲁限权重,MSCI,MSCI指数,规模指数,20081031,1000.0,20081107
700057L.MI,MSCI全秘鲁限权重(Local),MSCI,MSCI指数,规模指数,20081031,1000.0,20081107
700071.MI,MSCI牙买加,MSCI,MSCI指数,规模指数,20081125,1000.0,20090317
700071L.MI,MSCI牙买加(Local),MSCI,MSCI指数,规模指数,20081125,1000.0,20090317
700072.MI,MSCI特里尼达和多巴哥,MSCI,MSCI指数,规模指数,20081125,1000.0,20090317
700072L.MI,MSCI特里尼达和多巴哥(Local),MSCI,MSCI指数,规模指数,20081125,1000.0,20090317
700073.MI,MSCI加纳,MSCI,MSCI指数,规模指数,20081125,1000.0,20090317
700074.MI,MSCI博茨瓦纳,MSCI,MSCI指数,规模指数,20081125,1000.0,20090317
700074L.MI,MSCI博茨瓦纳(Local),MSCI,MSCI指数,规模指数,20081125,1000.0,20090317
700098.MI,MSCI东欧新兴市场(除俄),MSCI,MSCI指数,规模指数,20001229,1000.0,20090317
700098L.MI,MSCI东欧新兴市场(除俄)(Local),MSCI,MSCI指数,规模指数,20001229,1000.0,20090317
700270.MI,MSCI阿拉伯境内(除沙特),MSCI,MSCI指数,规模指数,20071130,1000.0,20090901
700270L.MI,MSCI阿拉伯境内(除沙特)(Local),MSCI,MSCI指数,规模指数,20071130,1000.0,20090901
700396.MI,MSCI孟加拉,MSCI,MSCI指数,规模指数,20091130,1000.0,20091201
700396L.MI,MSCI孟加拉(Local),MSCI,MSCI指数,规模指数,20091130,1000.0,20091201
700719.MI,MSCI USA ESG LEADERS,MSCI,MSCI指数,其他,20100831,61.81,20020801
700720.MI,MSCI USA LARGE CAP ESG LEADERS,MSCI,MSCI指数,其他,20100831,73.6,20080702
700721.MI,MSCI USA MID CAP ESG LEADERS,MSCI,MSCI指数,其他,20100831,136.49,20080702
700722.MI,MSCI USA SMALL CAP ESG LEADERS,MSCI,MSCI指数,其他,20100831,119.37,20070102
700723.MI,MSCI USA SMID ESG LEADERS,MSCI,MSCI指数,其他,20100831,129.52,20080702
700724.MI,MSCI USA IMI ESG LEADERS,MSCI,MSCI指数,其他,20100831,62.97,20010101
700725.MI,MSCI USA BROAD ESG LEADERS,MSCI,MSCI指数,其他,20100831,62.97,20180723
700726.MI,MSCI USA ESG SELECT,MSCI,MSCI指数,其他,20100831,95.2156,20040601
700727.MI,MSCI KLD 400 SOCIAL,MSCI,MSCI指数,其他,20100831,393.48,19900501
701198.MI,MSCI USA SRI,MSCI,MSCI指数,其他,20100831,1000.0,20110628
701263.MI,MSCI USA EX CONTROVERSIAL WEAPONS,MSCI,MSCI指数,其他,20110531,1000.0,20110628
701519.MI,MSCI新兴市场50,MSCI,MSCI指数,规模指数,20080530,1000.0,20111005
701519L.MI,MSCI新兴市场50(Local),MSCI,MSCI指数,规模指数,20080530,1000.0,20111005
701565.MI,MSCI USA MID CAP SRI,MSCI,MSCI指数,其他,20070928,1000.0,20120116
701633.MI,MSCI全球高股息收益率指数(美元),MSCI,MSCI指数,主题指数,19920529,,20120116
701685.MI,MSCI USA LARGE CAP SRI,MSCI,MSCI指数,其他,20070928,1000.0,20120116
701697.MI,MSCI USA LARGE CAP EX CONTROVERSIAL WEAPONS,MSCI,MSCI指数,其他,20110531,1000.0,20120116
701874.MI,MSCI USA MID CAP EX CONTROVERSIAL WEAPONS,MSCI,MSCI指数,其他,20110531,1000.0,20120116
701990.MI,MSCI中国风险加权(美元),MSCI,MSCI指数,策略指数,19961129,1000.0,20120116
701990L.MI,MSCI中国风险加权(Local),MSCI,MSCI指数,策略指数,19961129,1000.0,20120116
702033.MI,MSCI中国价值加权(美元),MSCI,MSCI指数,价值指数,19961129,1000.0,20120116
702033L.MI,MSCI中国价值加权(Local),MSCI,MSCI指数,价值指数,19961129,1000.0,20120116
702168.MI,MSCI WORLD WITH EM EXPOSURE,MSCI,MSCI指数,规模指数,20020531,1000.0,20120329
702169.MI,MSCI WORLD ex ISRAEL WITH EM EXPOSURE,MSCI,MSCI指数,规模指数,20100526,1000.0,20120329
702170.MI,MSCI新兴市场美国经济,MSCI,MSCI指数,规模指数,20020531,1000.0,20120329
702171.MI,MSCI EUROPE WITH EM EXPOSURE,MSCI,MSCI指数,规模指数,20020531,1000.0,20120329
702172.MI,MSCI EAFE WITH EM EXPOSURE,MSCI,MSCI指数,规模指数,20020531,1000.0,20120329
702259.MI,MSCI前沿市场100,MSCI,MSCI指数,规模指数,20111130,1000.0,20120411
702259L.MI,MSCI前沿市场100(Local),MSCI,MSCI指数,规模指数,20111130,1000.0,20120411
702668.MI,MSCI中国A50,MSCI,MSCI指数,规模指数,20041130,1000.0,20121112
702668L.MI,MSCI中国A50(人民币),MSCI,MSCI指数,规模指数,20041130,1000.0,20121112
702987.MI,MSCI中国A股在岸等权重(美元),MSCI,MSCI指数,策略指数,20041130,1000.0,20130712
702987L.MI,MSCI中国A股在岸等权重(人民币),MSCI,MSCI指数,策略指数,20041130,1000.0,20130712
702988.MI,MSCI中国A股在岸风险加权(美元),MSCI,MSCI指数,策略指数,20071130,1000.0,20130712
702988L.MI,MSCI中国A股在岸风险加权(人民币),MSCI,MSCI指数,策略指数,20071130,1000.0,20130712
702990.MI,MSCI中国A股在岸价值加权(美元),MSCI,MSCI指数,价值指数,20071130,1000.0,20130712
702990L.MI,MSCI中国A股在岸价值加权(人民币),MSCI,MSCI指数,价值指数,20071130,1000.0,20130712
703277.MI,MSCI中国A股在岸高股息(美元),MSCI,MSCI指数,策略指数,20080530,1000.0,20130604
703277L.MI,MSCI中国A股在岸高股息(人民币),MSCI,MSCI指数,策略指数,20080530,1000.0,20130604
703605.MI,MSCI全爱尔兰指数(美元),MSCI,MSCI指数,主题指数,20130531,1000.0,20130926
703606.MI,MSCI全爱尔兰上限指数(美元),MSCI,MSCI指数,主题指数,20130531,1000.0,20130926
703813.MI,MSCI中国A股在岸动能(美元),MSCI,MSCI指数,策略指数,20071130,1000.0,20131211
703813L.MI,MSCI中国A股在岸动能(人民币),MSCI,MSCI指数,策略指数,20071130,1000.0,20131211
704843.CSI,MSCI中国A股国际实时(人民币),CSI,MSCI指数,规模指数,20081125,1000.0,20180720
704843.MI,MSCI中国A股国际(美元),MSCI,MSCI指数,规模指数,20081125,1000.0,20140626
704843L.MI,MSCI中国A股国际(人民币),MSCI,MSCI指数,规模指数,20081125,1000.0,20140626
704844.MI,MSCI中国全指(美元),MSCI,MSCI指数,规模指数,20081125,1000.0,20140626
704844L.MI,MSCI中国全指(Local),MSCI,MSCI指数,规模指数,20081125,1000.0,20140626
705206.MI,MSCI中国A股国际等权重(美元),MSCI,MSCI指数,策略指数,20081125,1000.0,20150827
705206L.MI,MSCI中国A股国际等权重(人民币),MSCI,MSCI指数,策略指数,20081125,1000.0,20150827
705269.MI,MSCI中国A股国际大中小盘(美元),MSCI,MSCI指数,规模指数,20081125,1000.0,20140902
705269L.MI,MSCI中国A股国际大中小盘(人民币),MSCI,MSCI指数,规模指数,20081125,1000.0,20140902
705270.MI,MSCI中国A股国际小盘(美元),MSCI,MSCI指数,规模指数,20081125,1000.0,20140902
705270L.MI,MSCI中国A股国际小盘(人民币),MSCI,MSCI指数,规模指数,20081125,1000.0,20140902
705271.MI,MSCI中国全股大中小盘(美元),MSCI,MSCI指数,规模指数,20081125,1000.0,20140902
705271L.MI,MSCI中国全股大中小盘(Local),MSCI,MSCI指数,规模指数,20081125,1000.0,20140902
705272.MI,MSCI中国全股小盘(美元),MSCI,MSCI指数,规模指数,20081125,1000.0,20140902
705272L.MI,MSCI中国全股小盘(Local),MSCI,MSCI指数,规模指数,20081125,1000.0,20140902
706393.MI,MSCI USA EX FOSSIL FUELS,MSCI,MSCI指数,其他,20101130,1000.0,20160315
707574.MI,MSCI USA LOW CARBON TARGET,MSCI,MSCI指数,其他,20101130,1000.0,20171012
707677.MI,MSCI中国A股国际风险加权(美元),MSCI,MSCI指数,策略指数,20081125,1000.0,20150827
707677L.MI,MSCI中国A股国际风险加权(人民币),MSCI,MSCI指数,策略指数,20081125,1000.0,20150827
707717.MI,MSCI中国A股国际公司质量(美元),MSCI,MSCI指数,策略指数,20081125,1000.0,20150827
707717L.MI,MSCI中国A股国际质量指数,MSCI,MSCI指数,策略指数,20081125,1000.0,20150827
707717LG.MI,MSCI中国A股国际公司质量全收益(人民币),MSCI,MSCI指数,策略指数,20081125,1000.0,20150827
707918.CSI,MSCI中国A股国际低波实时(人民币),CSI,中证指数有限公司,策略指数,,,
707918.MI,MSCI中国A股国际低波(美元),MSCI,MSCI指数,策略指数,20081125,1000.0,20150827
707918L.MI,MSCI中国A股国际低波(人民币),MSCI,MSCI指数,策略指数,20081125,1000.0,20150827
707918LG.MI,MSCI中国A股国际低波全收益(人民币),MSCI,MSCI指数,策略指数,,,
707920.MI,MSCI中国A股国际动能(美元),MSCI,MSCI指数,策略指数,20081125,1000.0,20150827
707920L.MI,MSCI中国A股国际动能(人民币),MSCI,MSCI指数,策略指数,20081125,1000.0,20150827
709018.MI,MSCI USA EX COAL,MSCI,MSCI指数,其他,20101130,1000.0,20160315
709601.MI,MSCI USA LOW CARBON LEADERS,MSCI,MSCI指数,其他,20101130,1000.0,20171215
710364.MI,MSCI USA WOMENS LEADERSHIP,MSCI,MSCI指数,其他,20160531,1000.0,20160712
710365.MI,MSCI USA IMI WOMENS LEADERSHIP,MSCI,MSCI指数,其他,20160531,1000.0,20160712
710493.MI,MSCI USA ESG FOCUS,MSCI,MSCI指数,其他,20101130,1000.0,20160811
711043.MI,MSCI中国(含部分A股),MSCI,MSCI指数,主题指数,,,20160928
711043L.MI,MSCI中国(含部分A股)(人民币),MSCI,MSCI指数,其他,,,20160928
711044.MI,MSCI中国大中小盘(含部分A股),MSCI,MSCI指数,规模指数,,,20160928
711044L.MI,MSCI中国大中小盘(含部分A股)(人民币),MSCI,MSCI指数,其他,,,20160928
711045.MI,MSCI金龙(含部分A股),MSCI,MSCI指数,主题指数,,,20160928
711045L.MI,MSCI金龙(含部分A股)(人民币),MSCI,MSCI指数,其他,,,20160928
711046.MI,MSCI金龙大中小盘(含部分A股),MSCI,MSCI指数,规模指数,,,20160928
711046L.MI,MSCI金龙大中小盘(含部分A股)(人民币),MSCI,MSCI指数,其他,,,20160928
711047.MI,MSCI中华(含部分A股),MSCI,MSCI指数,主题指数,,,20160928
711047L.MI,MSCI中华(含部分A股)(人民币),MSCI,MSCI指数,其他,,,20160928
711048.MI,MSCI中华大中小盘(含部分A股),MSCI,MSCI指数,规模指数,,,20160928
711048L.MI,MSCI中华大中小盘(含部分A股)(人民币),MSCI,MSCI指数,其他,,,20160928
711049.MI,MSCI亚洲(日本除外)(含部分A股),MSCI,MSCI指数,主题指数,,,20160928
711049L.MI,MSCI亚洲(日本除外)(含部分A股)(人民币),MSCI,MSCI指数,其他,,,20160928
711050.MI,MSCI亚洲(日本除外)大中小盘(含部分A股),MSCI,MSCI指数,规模指数,,,20160928
711050L.MI,MSCI亚洲(日本除外)大中小盘(含部分A股)(CNY),MSCI,MSCI指数,其他,,,20160928
711051.MI,MSCI亚洲(含部分A股),MSCI,MSCI指数,主题指数,,,20160928
711051L.MI,MSCI亚洲(含部分A股)(人民币),MSCI,MSCI指数,其他,,,20160928
711052.MI,MSCI亚洲大中小盘(含部分A股),MSCI,MSCI指数,规模指数,,,20160928
711052L.MI,MSCI亚洲大中小盘(含部分A股)(人民币),MSCI,MSCI指数,其他,,,20160928
711059.MI,MSCI亚太(含部分A股),MSCI,MSCI指数,主题指数,,,20160928
711059L.MI,MSCI亚太(含部分A股)(人民币),MSCI,MSCI指数,其他,,,20160928
711060.MI,MSCI亚太大中小盘(含部分A股),MSCI,MSCI指数,规模指数,,,20160928
711060L.MI,MSCI亚太大中小盘(含部分A股)(人民币),MSCI,MSCI指数,其他,,,20160928
711061.MI,MSCI亚太(日本除外)(含部分A股),MSCI,MSCI指数,主题指数,,,20160928
711061L.MI,MSCI亚太(日本除外)(含部分A股)(人民币),MSCI,MSCI指数,其他,,,20160928
711062.MI,MSCI亚太(日本除外)大中小盘(含部分A股),MSCI,MSCI指数,规模指数,,,20160928
711062L.MI,MSCI亚太(日本除外)大中小盘(含部分A股)(CNY),MSCI,MSCI指数,其他,,,20160928
711063.MI,MSCI新兴市场(含部分A股),MSCI,MSCI指数,主题指数,,,20160928
711063L.MI,MSCI新兴市场(含部分A股)(人民币),MSCI,MSCI指数,其他,,,20160928
711064.MI,MSCI新兴市场大中小盘(含部分A股),MSCI,MSCI指数,规模指数,,,20160928
711064L.MI,MSCI新兴市场大中小盘(含部分A股)(人民币),MSCI,MSCI指数,其他,,,20160928
711065.MI,MSCI新兴市场亚洲(含部分A股),MSCI,MSCI指数,主题指数,,,20160928
711065L.MI,MSCI新兴市场亚洲(含部分A股)(人民币),MSCI,MSCI指数,其他,,,20160928
711066.MI,MSCI新兴市场亚洲大中小盘(含部分A股),MSCI,MSCI指数,规模指数,,,20160928
711066L.MI,MSCI新兴市场亚洲大中小盘(含部分A股)(人民币),MSCI,MSCI指数,其他,,,20160928
711067.MI,MSCI全球市场(含部分A股),MSCI,MSCI指数,主题指数,,,20160928
711067L.MI,MSCI全球市场(含部分A股)(人民币),MSCI,MSCI指数,其他,,,20160928
711068.MI,MSCI全球市场大中小盘(含部分A股),MSCI,MSCI指数,规模指数,,,20160928
711068L.MI,MSCI全球市场大中小盘(含部分A股)(人民币),MSCI,MSCI指数,其他,,,20160928
711524.MI,MSCI南下香港(美元),MSCI,MSCI指数,其他,19990531,1000.0,20161215
711524L.MI,MSCI南下香港(Local),MSCI,MSCI指数,其他,19990531,1000.0,20161215
712127.MI,MSCI南下香港可投资市场,MSCI,MSCI指数,主题指数,20070531,1000.0,20161215
712127L.MI,MSCI南下香港可投资市场(Local),MSCI,MSCI指数,其他,20070531,1000.0,20161215
712129.MI,MSCI沪港深(美元),MSCI,MSCI指数,其他,20041130,1000.0,20161215
712129L.MI,MSCI沪港深(Local),MSCI,MSCI指数,其他,20041130,1000.0,20161215
712137.MI,MSCI沪港深可投资市场,MSCI,MSCI指数,主题指数,20091130,1000.0,20161215
712137L.MI,MSCI沪港深可投资市场(Local),MSCI,MSCI指数,其他,20091130,1000.0,20161215
712648.MI,MSCI USA ESG UNIVERSAL,MSCI,MSCI指数,其他,20160531,1000.0,20170208
714032.MI,MSCI香港价值增强指数,MSCI,MSCI指数,其他指数,20161130,1000.0,20170628
714032L.MI,MSCI香港南向互联互通价值增强定制(Local),MSCI,MSCI指数,主题指数,20161130,1000.0,20170628
714650.MI,MSCI中国A股大盘暂行,MSCI,MSCI指数,规模指数,,,20170621
714701.MI,MSCI港股南向低波(美元),MSCI,MSCI指数,策略指数,20070531,1000.0,20070531
714701G.MI,MSCI港股南向低波全收益(美元),MSCI,MSCI指数,策略指数,,,
714701L.MI,MSCI港股南向低波(港币),MSCI,MSCI指数,策略指数,20070531,1000.0,20070531
714721.MI,MSCI中国A股国际红利指数(美元),MSCI,MSCI指数,策略指数,20091130,1000.0,20170731
714721L.MI,MSCI中国A股国际红利指数(人民币),MSCI,MSCI指数,策略指数,20091130,1000.0,20170731
715952.MI,MSCI USA LARGE CAP ESG UNIVERSAL,MSCI,MSCI指数,其他,20091130,1000.0,20180208
716057.MI,MSCI USA SMALL CAP ESG UNIVERSAL,MSCI,MSCI指数,其他,20140530,1000.0,20180208
716566.MI,MSCI中国A股国际通,MSCI,MSCI指数,主题指数,20170831,1000.0,20171023
716567.CSI,MSCI中国A股国际通实时(人民币),CSI,MSCI指数,规模指数,20081125,1000.0,20171023
716567.MI,MSCI中国A股国际通(美元),MSCI,MSCI指数,规模指数,20170831,1000.0,20171023
716567L.MI,MSCI中国A股国际通(人民币),MSCI,MSCI指数,规模指数,20170831,1000.0,20171023
718465.MI,MSCI中国A股质优价值100,MSCI,MSCI指数,价值指数,20091130,1000.0,20180604
718465L.MI,MSCI中国A股质优价值100(人民币),MSCI,MSCI指数,价值指数,20091130,1000.0,20180604
718708.MI,MSCI中国A股离岸汇率(美元),MSCI,MSCI指数,规模指数,20081125,1000.0,20180301
718709.MI,MSCI中国A股大盘离岸汇率(美元),MSCI,MSCI指数,规模指数,20081125,1000.0,20180301
718710.MI,MSCI中国A股中盘离岸汇率(美元),MSCI,MSCI指数,规模指数,20081125,1000.0,20180301
718711.MI,MSCI中国A股(美元),MSCI,MSCI指数,规模指数,20081125,1000.0,20180301
718711L.MI,MSCI中国A股人民币指数,MSCI,MSCI指数,规模指数,20081125,1000.0,20180301
718711LG.MI,MSCI中国A股全收益(人民币),MSCI,MSCI指数,规模指数,20081125,1000.0,20180301
718712.MI,MSCI中国A股大盘(美元),MSCI,MSCI指数,规模指数,20081125,1000.0,20180301
718713.MI,MSCI中国A股中盘(美元),MSCI,MSCI指数,规模指数,20081125,1000.0,20180301
718847.MI,MSCI中国全股大盘,MSCI,MSCI指数,规模指数,20081125,1000.0,20180301
718848.MI,MSCI中国全股中盘,MSCI,MSCI指数,规模指数,20081125,1000.0,20180301
718849.MI,MSCI中国A股国际大盘,MSCI,MSCI指数,规模指数,20081125,1000.0,20180301
718850.MI,MSCI中国A股国际中盘,MSCI,MSCI指数,规模指数,20081125,1000.0,20180301
718874.MI,MSCI中国全股中小盘,MSCI,MSCI指数,规模指数,20081125,1000.0,20180301
718875.MI,MSCI中国A股国际中小盘,MSCI,MSCI指数,规模指数,20081125,1000.0,20180301
718888.MI,MSCI USA IMI LOW CARBON TARGET,MSCI,MSCI指数,其他,20101130,1000.0,20180323
719156.MI,MSCI USA SMALL CAP LOW CARBON TARGET,MSCI,MSCI指数,其他,20101130,1000.0,20180323
719895.MI,MSCI中国A股人民币消费指数,MSCI,MSCI指数,其他指数,20081125,1000.0,20180418
719895L.MI,MSCI中国A股在岸/消费(人民币),MSCI,MSCI指数,其他指数,20081125,1000.0,20180418
720496.MI,MSCI中国A股低碳目标指数(美元),MSCI,MSCI指数,主题指数,20180531,1000.0,20180803
720915.MI,MSCI中国A股在岸精选证券B,MSCI,MSCI指数,其他,20161130,1000.0,20180702
721606.MI,MSCI中国A股低碳领袖指数(美元),MSCI,MSCI指数,主题指数,20180531,1000.0,20180803
721638.MI,MSCI CHINA A RMB ESG UNIVERSAL,MSCI,MSCI指数,主题指数,20180531,1000.0,20180803
721638L.MI,MSCI CHINA A RMB ESG UNIVERSAL(Local),MSCI,MSCI指数,其他,20180531,1000.0,20180803
721812.MI,MSCI中国A股国际通ESG通用(美元),MSCI,MSCI指数,策略指数,20180531,1000.0,20180806
721812L.MI,MSCI中国A股国际通ESG通用(人民币),MSCI,MSCI指数,策略指数,20180531,1000.0,20180806
727318.MI,MSCI台湾20/35,MSCI,MSCI指数,规模指数,,,19890731
727808.MI,MSCI ACWI IMI Digital Economy,MSCI,MSCI指数,主题指数,20161130,1000.0,20190923
732722.MI,MSCI中国A股气候变化(美元),MSCI,MSCI指数,主题指数,20200529,1000.0,20200720
733824.MI,MSCI中国A股人民币气候变化指数(美元),MSCI,MSCI指数,主题指数,20200529,1000.0,20220107
735577.MI,MSCI中国A50互联互通(美元),MSCI,MSCI指数,规模指数,20121130,1000.0,20210820
735577L.MI,MSCI中国A50互联互通(离岸人民币),MSCI,MSCI指数,规模指数,20121130,1000.0,20210820
735577LN.MI,MSCI中国A50互联互通净收益(离岸人民币),MSCI,MSCI指数,规模指数,20121130,1000.0,20210820
735969.MI,MSCI中国科技100,MSCI,MSCI指数,主题指数,20180531,1000.0,20201203
735971.MI,MSCI中国A股在岸可投资市场科技,MSCI,MSCI指数,主题指数,20180531,1000.0,20201203
735973.MI,MSCI中国全股票可投资市场科技,MSCI,MSCI指数,主题指数,20180531,1000.0,20201203
736023.MI,MSCI中国A股国际科技100,MSCI,MSCI指数,主题指数,20180531,1000.0,20201203
736025.MI,MSCI中国A股在岸科技100,MSCI,MSCI指数,主题指数,20180531,1000.0,20201203
746059.MI,MSCI中国A50互联互通,MSCI,MSCI指数,规模指数,20121130,1000.0,20210917
746059G.MI,MSCI中国A50互联互通全收益,MSCI,MSCI指数,规模指数,20121130,1000.0,20210917
746059N.MI,MSCI中国A50互联互通净收益,MSCI,MSCI指数,规模指数,20121130,1000.0,20210917
750108.MI,MSCI美国50指数,MSCI,MSCI指数,规模指数,20000531,1000.0,20220608
758918.MI,MSCI亚太地区精选高股息,MSCI,MSCI指数,策略指数,20160831,1000.0,20240926
758918HKDN.MI,MSCI亚太地区精选高股息净收益(港币),MSCI,MSCI指数,策略指数,20160831,1000.0,20240926
758918N.MI,MSCI亚太地区精选高股息净收益,MSCI,MSCI指数,策略指数,20160831,1000.0,20240926
760062.MI,MSCI亚洲四小龙选股均值回归10%风险控制指数,MSCI,MSCI指数,策略指数,20050331,1000.0,20250124
761751.MI,MSCI A股港股通红利低波精选指数,MSCI,MSCI指数,策略指数,,,20250711
761751CNY.MI,MSCI A股港股通红利低波精选人民币指数,MSCI,MSCI指数,策略指数,,,20250711
761751CNYG.MI,MSCI A股港股通红利低波精选人民币全收益指数,MSCI,MSCI指数,策略指数,,,20250711
777922.MI,MSCI全球/消费信贷,MSCI,MSCI指数,三级行业指数,20030430,100.0,20030501
777922L.MI,MSCI全球/消费信贷(Local),MSCI,MSCI指数,三级行业指数,20030430,100.0,20030501
777923.MI,MSCI新兴/消费信贷,MSCI,MSCI指数,三级行业指数,20030430,100.0,20030501
777923L.MI,MSCI新兴/消费信贷(Local),MSCI,MSCI指数,三级行业指数,20030430,100.0,20030501
777926.MI,MSCI发达/消费信贷,MSCI,MSCI指数,三级行业指数,20030430,100.0,20030501
777926L.MI,MSCI发达/消费信贷(Local),MSCI,MSCI指数,三级行业指数,20030430,100.0,20030501
778045.MI,MSCI全球/资本市场,MSCI,MSCI指数,三级行业指数,20030430,100.0,20030501
778045L.MI,MSCI全球/资本市场(Local),MSCI,MSCI指数,三级行业指数,20030430,100.0,20030501
778046.MI,MSCI新兴/资本市场,MSCI,MSCI指数,三级行业指数,20030430,100.0,20030501
778046L.MI,MSCI新兴/资本市场(Local),MSCI,MSCI指数,三级行业指数,20030430,100.0,20030501
778047.MI,MSCI欧盟/资本市场,MSCI,MSCI指数,一级行业指数,20030430,100.0,20030501
778047L.MI,MSCI欧盟/资本市场(Local),MSCI,MSCI指数,一级行业指数,20030430,100.0,20030501
778048.MI,MSCI欧洲/资本市场,MSCI,MSCI指数,一级行业指数,20030430,100.0,20030501
778048L.MI,MSCI欧洲/资本市场(Local),MSCI,MSCI指数,一级行业指数,20030430,100.0,20030501
778049.MI,MSCI发达/资本市场,MSCI,MSCI指数,三级行业指数,20030430,100.0,20030501
778049L.MI,MSCI发达/资本市场(Local),MSCI,MSCI指数,三级行业指数,20030430,100.0,20030501
778168.MI,MSCI全球/互助储蓄与抵押信贷,MSCI,MSCI指数,三级行业指数,20030430,100.0,20030501
778168L.MI,MSCI全球/互助储蓄与抵押信贷(Local),MSCI,MSCI指数,三级行业指数,20030430,100.0,20030501
778169.MI,MSCI新兴/互助储蓄与抵押信贷,MSCI,MSCI指数,三级行业指数,20030430,100.0,20030501
778169L.MI,MSCI新兴/互助储蓄与抵押信贷(Local),MSCI,MSCI指数,三级行业指数,20030430,100.0,20030501
778172.MI,MSCI发达/互助储蓄与抵押信贷,MSCI,MSCI指数,三级行业指数,20030430,100.0,20030501
778172L.MI,MSCI发达/互助储蓄与抵押信贷(Local),MSCI,MSCI指数,三级行业指数,20030430,100.0,20030501
778291.MI,MSCI全球/半导体产品与设备Ⅲ,MSCI,MSCI指数,三级行业指数,20030430,100.0,19990915
778291L.MI,MSCI全球/半导体产品与设备Ⅲ(Local),MSCI,MSCI指数,三级行业指数,20030430,100.0,19990915
778292.MI,MSCI新兴/半导体产品与设备Ⅲ,MSCI,MSCI指数,三级行业指数,20030430,100.0,19990915
778292L.MI,MSCI新兴/半导体产品与设备Ⅲ(Local),MSCI,MSCI指数,三级行业指数,20030430,100.0,19990915
778293.MI,MSCI欧盟/半导体产品与设备Ⅲ,MSCI,MSCI指数,三级行业指数,20030430,100.0,19990915
778293L.MI,MSCI欧盟/半导体产品与设备Ⅲ(Local),MSCI,MSCI指数,三级行业指数,20030430,100.0,19990915
778294.MI,MSCI欧洲/半导体产品与设备Ⅲ,MSCI,MSCI指数,三级行业指数,20030430,100.0,19990915
778294L.MI,MSCI欧洲/半导体产品与设备Ⅲ(Local),MSCI,MSCI指数,三级行业指数,20030430,100.0,19990915
778295.MI,MSCI发达/半导体产品与设备Ⅲ,MSCI,MSCI指数,三级行业指数,20030430,100.0,19990915
778295L.MI,MSCI发达/半导体产品与设备Ⅲ(Local),MSCI,MSCI指数,三级行业指数,20030430,100.0,19990915
778414.MI,MSCI全球/半导体产品与设备Ⅱ,MSCI,MSCI指数,二级行业指数,20030430,100.0,19990915
778414L.MI,MSCI全球/半导体产品与设备Ⅱ(Local),MSCI,MSCI指数,二级行业指数,20030430,100.0,19990915
778415.MI,MSCI新兴/半导体产品与设备Ⅱ,MSCI,MSCI指数,二级行业指数,20030430,100.0,19990915
778415L.MI,MSCI新兴/半导体产品与设备Ⅱ(Local),MSCI,MSCI指数,二级行业指数,20030430,100.0,19990915
778416.MI,MSCI欧盟/半导体产品与设备Ⅱ,MSCI,MSCI指数,二级行业指数,20030430,100.0,19990915
778416L.MI,MSCI欧盟/半导体产品与设备Ⅱ(Local),MSCI,MSCI指数,二级行业指数,20030430,100.0,19990915
778417.MI,MSCI欧洲/半导体产品与设备Ⅱ,MSCI,MSCI指数,二级行业指数,20030430,100.0,19990915
778417L.MI,MSCI欧洲/半导体产品与设备Ⅱ(Local),MSCI,MSCI指数,二级行业指数,20030430,100.0,19990915
778418.MI,MSCI发达/半导体产品与设备Ⅱ,MSCI,MSCI指数,二级行业指数,20030430,100.0,19990915
778418L.MI,MSCI发达/半导体产品与设备Ⅱ(Local),MSCI,MSCI指数,二级行业指数,20030430,100.0,19990915
778463.MI,MSCI中国/半导体产品与设备,MSCI,MSCI指数,二级行业指数,,,
801001.SI,申万50,SW,申银万国指数,规模指数,19991230,1000.0,20000104
801002.SI,申万中小,SW,申银万国指数,规模指数,20040705,1000.0,20040705
801003.SI,申万A股,SW,申银万国指数,其他,19991230,1000.0,20000104
801004.SI,申万股改指数(退市),SW,申银万国指数,主题指数,20050815,1000.0,20050816
801005.SI,申万创业,SW,申银万国指数,主题指数,20091105,1000.0,20091106
801007.SI,申万宏源专精特新,SW,申银万国指数,主题指数,20181231,1000.0,20211222
801010.SI,农林牧渔(申万),SW,申银万国指数,一级行业指数,19991230,1000.0,20031016
801011.SI,林业Ⅱ(申万)(退市),SW,申银万国指数,二级行业指数,19991230,1000.0,20031016
801012.SI,农产品加工(申万),SW,申银万国指数,二级行业指数,19991230,1000.0,20031016
801013.SI,农业综合Ⅱ(申万)(退市),SW,申银万国指数,二级行业指数,19991230,1000.0,20031016
801014.SI,饲料(申万),SW,申银万国指数,二级行业指数,19991230,1000.0,20031016
801015.SI,渔业(申万),SW,申银万国指数,二级行业指数,19991230,1000.0,20031016
801016.SI,种植业(申万),SW,申银万国指数,二级行业指数,19991230,1000.0,20031016
801017.SI,养殖业(申万),SW,申银万国指数,二级行业指数,19991230,1000.0,20031016
801018.SI,动物保健Ⅱ(申万),SW,申银万国指数,二级行业指数,19991230,1000.0,20031016
801019.SI,农业综合Ⅱ(申万),SW,申银万国指数,二级行业指数,19991230,1000.0,20211213
801020.SI,采掘(申万)(退市),SW,申银万国指数,一级行业指数,19991230,1000.0,20031016
801021.SI,煤炭开采Ⅱ(申万)(退市),SW,申银万国指数,二级行业指数,19991230,1000.0,20031016
801022.SI,其他采掘Ⅱ(申万)(退市),SW,申银万国指数,二级行业指数,19991230,1000.0,20031016
801023.SI,石油开采Ⅱ(申万)(退市),SW,申银万国指数,二级行业指数,19991230,1000.0,20031016
801024.SI,采掘服务Ⅱ(申万)(退市),SW,申银万国指数,二级行业指数,19991230,1000.0,20031016
801030.SI,基础化工(申万),SW,申银万国指数,一级行业指数,19991230,1000.0,20031016
801031.SI,化工新材料Ⅱ(申万)(退市),SW,申银万国指数,二级行业指数,19991230,1000.0,20031016
801032.SI,化学纤维(申万),SW,申银万国指数,二级行业指数,19991230,1000.0,20031016
801033.SI,化学原料(申万),SW,申银万国指数,二级行业指数,19991230,1000.0,20031016
801034.SI,化学制品(申万),SW,申银万国指数,二级行业指数,19991230,1000.0,20031016
801035.SI,石油化工(申万)(退市),SW,申银万国指数,二级行业指数,19991230,1000.0,20031016
801036.SI,塑料(申万),SW,申银万国指数,二级行业指数,19991230,1000.0,20031016
801037.SI,橡胶(申万),SW,申银万国指数,二级行业指数,19991230,1000.0,20031016
801038.SI,农化制品(申万),SW,申银万国指数,二级行业指数,19991230,1000.0,20211213
801039.SI,非金属材料Ⅱ(申万),SW,申银万国指数,二级行业指数,19991230,1000.0,20211213
801040.SI,钢铁(申万),SW,申银万国指数,一级行业指数,19991230,1000.0,20031016
801041.SI,钢铁Ⅱ(申万)(退市),SW,申银万国指数,二级行业指数,19991230,1000.0,20031016
801042.SI,金属制品Ⅱ(申万)(退市),SW,申银万国指数,行业指数,19991230,1000.0,20031016
801043.SI,冶钢原料(申万),SW,申银万国指数,二级行业指数,19991230,1000.0,20211213
801044.SI,普钢(申万),SW,申银万国指数,二级行业指数,19991230,1000.0,20211213
801045.SI,特钢Ⅱ(申万),SW,申银万国指数,二级行业指数,19991230,1000.0,20211213
801050.SI,有色金属(申万),SW,申银万国指数,一级行业指数,19991230,1000.0,20031016
801051.SI,金属新材料(申万),SW,申银万国指数,二级行业指数,19991230,1000.0,20031016
801052.SI,有色金属冶炼与加工(申万)(退市),SW,申银万国指数,二级行业指数,19991230,1000.0,20031016
801053.SI,贵金属(申万),SW,申银万国指数,二级行业指数,19991230,1000.0,20140221
801054.SI,小金属(申万),SW,申银万国指数,二级行业指数,19991230,1000.0,20140221
801055.SI,工业金属(申万),SW,申银万国指数,二级行业指数,20140220,1000.0,20140221
801056.SI,能源金属(申万),SW,申银万国指数,二级行业指数,19991230,1000.0,20211213
801060.SI,建筑建材(申万)(退市),SW,申银万国指数,一级行业指数,19991230,1000.0,20031016
801061.SI,建筑材料(申万)(退市),SW,申银万国指数,二级行业指数,19991230,1000.0,20031016
801062.SI,建筑装饰(申万)(退市),SW,申银万国指数,二级行业指数,19991230,1000.0,20031016
801070.SI,机械设备(申万)(退市),SW,申银万国指数,一级行业指数,19991230,1000.0,20031016
801071.SI,电气设备(申万)(退市),SW,申银万国指数,行业指数,19991230,1000.0,20031016
801072.SI,通用设备(申万),SW,申银万国指数,二级行业指数,19991230,1000.0,20031016
801073.SI,仪器仪表Ⅱ(申万)(退市),SW,申银万国指数,二级行业指数,19991230,1000.0,20031016
801074.SI,专用设备(申万),SW,申银万国指数,二级行业指数,19991230,1000.0,20031016
801075.SI,金属制品Ⅱ(申万)(退市),SW,申银万国指数,二级行业指数,19991230,1000.0,20031016
801076.SI,轨交设备Ⅱ(申万),SW,申银万国指数,二级行业指数,19991230,1000.0,20140221
801077.SI,工程机械(申万),SW,申银万国指数,二级行业指数,19991230,1000.0,20211213
801078.SI,自动化设备(申万),SW,申银万国指数,二级行业指数,19991230,1000.0,20211213
801080.SI,电子(申万),SW,申银万国指数,一级行业指数,19991230,1000.0,20031016
801081.SI,半导体(申万),SW,申银万国指数,二级行业指数,19991230,1000.0,20031016
801082.SI,其他电子Ⅱ(申万),SW,申银万国指数,二级行业指数,19991230,1000.0,20031016
801083.SI,元件(申万),SW,申银万国指数,二级行业指数,19991230,1000.0,20031016
801084.SI,光学光电子(申万),SW,申银万国指数,二级行业指数,19991230,1000.0,20031016
801085.SI,消费电子(申万),SW,申银万国指数,二级行业指数,19991230,1000.0,20031016
801086.SI,电子化学品Ⅱ(申万),SW,申银万国指数,二级行业指数,19991230,1000.0,20211213
801090.SI,交运设备(申万)(退市),SW,申银万国指数,一级行业指数,19991230,1000.0,20031016
801091.SI,非汽车交运设备(申万)(退市),SW,申银万国指数,二级行业指数,19991230,1000.0,20031016
801092.SI,汽车服务(申万),SW,申银万国指数,二级行业指数,19991230,1000.0,20031016
801093.SI,汽车零部件(申万),SW,申银万国指数,二级行业指数,19991230,1000.0,20031016
801094.SI,汽车整车(申万)(退市),SW,申银万国指数,二级行业指数,19991230,1000.0,20031016
801095.SI,乘用车(申万),SW,申银万国指数,二级行业指数,19991230,1000.0,20211213
801096.SI,商用车(申万),SW,申银万国指数,二级行业指数,19991230,1000.0,20211213
801100.SI,信息设备(申万)(退市),SW,申银万国指数,一级行业指数,19991230,1000.0,20031016
801101.SI,计算机设备(申万),SW,申银万国指数,二级行业指数,19991230,1000.0,20031016
801102.SI,通信设备(申万),SW,申银万国指数,二级行业指数,19991230,1000.0,20031016
801103.SI,IT服务Ⅱ(申万),SW,申银万国指数,二级行业指数,19991230,1000.0,20211213
801104.SI,软件开发(申万),SW,申银万国指数,二级行业指数,19991230,1000.0,20211213
801110.SI,家用电器(申万),SW,申银万国指数,一级行业指数,19991230,1000.0,20031016
801111.SI,白色家电(申万),SW,申银万国指数,二级行业指数,19991230,1000.0,20031016
801112.SI,黑色家电(申万),SW,申银万国指数,二级行业指数,19991230,1000.0,20031016
801113.SI,小家电(申万),SW,申银万国指数,二级行业指数,19991230,1000.0,20211213
801114.SI,厨卫电器(申万),SW,申银万国指数,二级行业指数,19991230,1000.0,20211213
801115.SI,照明设备Ⅱ(申万),SW,申银万国指数,二级行业指数,19991230,1000.0,20211213
801116.SI,家电零部件Ⅱ(申万),SW,申银万国指数,二级行业指数,19991230,1000.0,20211213
801117.SI,其他家电Ⅱ(申万),SW,申银万国指数,二级行业指数,19991230,1000.0,20211213
801120.SI,食品饮料(申万),SW,申银万国指数,一级行业指数,19991230,1000.0,20031016
801121.SI,食品加工(申万)(退市),SW,申银万国指数,行业指数,19991230,1000.0,20031016
801122.SI,食品制造(申万)(退市),SW,申银万国指数,行业指数,19991230,1000.0,20031016
801123.SI,饮料制造(申万)(退市),SW,申银万国指数,二级行业指数,19991230,1000.0,20031016
801124.SI,食品加工(申万),SW,申银万国指数,二级行业指数,19991230,1000.0,20031016
801125.SI,白酒Ⅱ(申万),SW,申银万国指数,二级行业指数,19991230,1000.0,20211213
801126.SI,非白酒(申万),SW,申银万国指数,二级行业指数,19991230,1000.0,20211213
801127.SI,饮料乳品(申万),SW,申银万国指数,二级行业指数,19991230,1000.0,20211213
801128.SI,休闲食品(申万),SW,申银万国指数,二级行业指数,19991230,1000.0,20211213
801129.SI,调味发酵品Ⅱ(申万),SW,申银万国指数,二级行业指数,19991230,1000.0,20211213
801130.SI,纺织服饰(申万),SW,申银万国指数,一级行业指数,19991230,1000.0,20031016
801131.SI,纺织制造(申万),SW,申银万国指数,二级行业指数,19991230,1000.0,20031016
801132.SI,服装家纺(申万),SW,申银万国指数,二级行业指数,19991230,1000.0,20031016
801133.SI,饰品(申万),SW,申银万国指数,二级行业指数,19991230,1000.0,20211213
801140.SI,轻工制造(申万),SW,申银万国指数,一级行业指数,19991230,1000.0,20031016
801141.SI,包装印刷(申万),SW,申银万国指数,二级行业指数,19991230,1000.0,20031016
801142.SI,家居用品(申万),SW,申银万国指数,二级行业指数,19991230,1000.0,20031016
801143.SI,造纸(申万),SW,申银万国指数,二级行业指数,19991230,1000.0,20031016
801144.SI,其他轻工制造Ⅱ(申万)(退市),SW,申银万国指数,二级行业指数,19991230,1000.0,20031016
801145.SI,文娱用品(申万),SW,申银万国指数,二级行业指数,19991230,1000.0,20211213
801150.SI,医药生物(申万),SW,申银万国指数,一级行业指数,19991230,1000.0,20031016
801151.SI,化学制药(申万),SW,申银万国指数,二级行业指数,19991230,1000.0,20031016
801152.SI,生物制品(申万),SW,申银万国指数,二级行业指数,19991230,1000.0,20031016
801153.SI,医疗器械(申万),SW,申银万国指数,二级行业指数,19991230,1000.0,20031016
801154.SI,医药商业(申万),SW,申银万国指数,二级行业指数,19991230,1000.0,20031016
801155.SI,中药Ⅱ(申万),SW,申银万国指数,二级行业指数,19991230,1000.0,20031016
801156.SI,医疗服务(申万),SW,申银万国指数,二级行业指数,19991230,1000.0,20031016
801160.SI,公用事业(申万),SW,申银万国指数,一级行业指数,19991230,1000.0,20031016
801161.SI,电力(申万),SW,申银万国指数,二级行业指数,19991230,1000.0,20031016
801162.SI,环保工程及服务Ⅱ(申万)(退市),SW,申银万国指数,二级行业指数,19991230,1000.0,20031016
801163.SI,燃气Ⅱ(申万),SW,申银万国指数,二级行业指数,19991230,1000.0,20031016
801164.SI,水务Ⅱ(申万)(退市),SW,申银万国指数,二级行业指数,19991230,1000.0,20031016
801170.SI,交通运输(申万),SW,申银万国指数,一级行业指数,19991230,1000.0,20031016
801171.SI,港口Ⅱ(申万)(退市),SW,申银万国指数,二级行业指数,19991230,1000.0,20031016
801172.SI,公交Ⅱ(申万)(退市),SW,申银万国指数,二级行业指数,19991230,1000.0,20031016
801173.SI,航空运输Ⅱ(申万)(退市),SW,申银万国指数,二级行业指数,19991230,1000.0,20031016
801174.SI,机场Ⅱ(申万)(退市),SW,申银万国指数,二级行业指数,19991230,1000.0,20031016
801175.SI,高速公路Ⅱ(申万)(退市),SW,申银万国指数,二级行业指数,19991230,1000.0,20031016
801176.SI,航运Ⅱ(申万)(退市),SW,申银万国指数,二级行业指数,19991230,1000.0,20031016
801177.SI,铁路运输Ⅱ(申万)(退市),SW,申银万国指数,二级行业指数,19991230,1000.0,20031016
801178.SI,物流(申万),SW,申银万国指数,二级行业指数,19991230,1000.0,20031016
801179.SI,铁路公路(申万),SW,申银万国指数,二级行业指数,19991230,1000.0,20211213
801180.SI,房地产(申万),SW,申银万国指数,一级行业指数,19991230,1000.0,20031016
801181.SI,房地产开发(申万),SW,申银万国指数,二级行业指数,19991230,1000.0,20031016
801182.SI,园区开发Ⅱ(申万)(退市),SW,申银万国指数,二级行业指数,19991230,1000.0,20031016
801183.SI,房地产服务(申万),SW,申银万国指数,二级行业指数,19991230,1000.0,20211213
801190.SI,金融服务(申万)(退市),SW,申银万国指数,一级行业指数,19991230,1000.0,20031016
801191.SI,多元金融(申万),SW,申银万国指数,二级行业指数,19991230,1000.0,20031016
801192.SI,银行Ⅱ(申万)(退市),SW,申银万国指数,二级行业指数,19991230,1000.0,20031016
801193.SI,证券Ⅱ(申万),SW,申银万国指数,二级行业指数,19991230,1000.0,20031016
801194.SI,保险Ⅱ(申万),SW,申银万国指数,二级行业指数,19991230,1000.0,20031016
801200.SI,商贸零售(申万),SW,申银万国指数,一级行业指数,19991230,1000.0,20031016
801201.SI,零售(申万)(退市),SW,申银万国指数,二级行业指数,19991230,1000.0,20031016
801202.SI,贸易Ⅱ(申万),SW,申银万国指数,二级行业指数,19991230,1000.0,20031016
801203.SI,一般零售(申万),SW,申银万国指数,二级行业指数,19991230,1000.0,20140221
801204.SI,专业连锁Ⅱ(申万),SW,申银万国指数,二级行业指数,19991230,1000.0,20140221
801205.SI,商业物业经营(申万)(退市),SW,申银万国指数,二级行业指数,19991230,1000.0,20140221
801206.SI,互联网电商(申万),SW,申银万国指数,二级行业指数,19991230,1000.0,20211213
801207.SI,旅游零售Ⅱ(申万),SW,申银万国指数,二级行业指数,19991230,1000.0,20211213
801210.SI,社会服务(申万),SW,申银万国指数,一级行业指数,19991230,1000.0,20031016
801211.SI,餐饮Ⅱ(申万)(退市),SW,申银万国指数,二级行业指数,19991230,1000.0,20031016
801212.SI,景点(申万)(退市),SW,申银万国指数,二级行业指数,19991230,1000.0,20031016
801213.SI,酒店Ⅱ(申万)(退市),SW,申银万国指数,二级行业指数,19991230,1000.0,20031016
801214.SI,旅游综合Ⅱ(申万)(退市),SW,申银万国指数,二级行业指数,19991230,1000.0,20031016
801215.SI,其他休闲服务Ⅱ(申万)(退市),SW,申银万国指数,二级行业指数,19991230,1000.0,20140221
801216.SI,体育Ⅱ(申万),SW,申银万国指数,二级行业指数,19991230,1000.0,20211213
801217.SI,本地生活服务Ⅱ(申万),SW,申银万国指数,二级行业指数,19991230,1000.0,20211213
801218.SI,专业服务(申万),SW,申银万国指数,二级行业指数,19991230,1000.0,20211213
801219.SI,酒店餐饮(申万),SW,申银万国指数,二级行业指数,19991230,1000.0,20211213
801220.SI,信息服务(申万)(退市),SW,申银万国指数,一级行业指数,19991230,1000.0,20031016
801221.SI,传媒(申万)(退市),SW,申银万国指数,二级行业指数,19991230,1000.0,20031016
801222.SI,计算机应用(申万)(退市),SW,申银万国指数,二级行业指数,19991230,1000.0,20031016
801223.SI,通信服务(申万),SW,申银万国指数,二级行业指数,19991230,1000.0,20031016
801224.SI,网络服务(申万)(退市),SW,申银万国指数,二级行业指数,19991230,1000.0,20031016
801230.SI,综合(申万),SW,申银万国指数,一级行业指数,19991230,1000.0,20031016
801231.SI,综合Ⅱ(申万),SW,申银万国指数,二级行业指数,19991230,1000.0,20031016
801250.SI,申万制造,SW,申银万国指数,主题指数,19991230,1000.0,20110822
801260.SI,申万消费,SW,申银万国指数,主题指数,19991230,1000.0,20110822
801270.SI,申万投资,SW,申银万国指数,主题指数,19991230,1000.0,20110822
801271.SI,周期,SW,申银万国指数,风格指数,20211210,1000.0,20221228
801272.SI,先进制造,SW,申银万国指数,风格指数,20211210,1000.0,20221228
801273.SI,消费,SW,申银万国指数,风格指数,20211210,1000.0,20221228
801274.SI,医药医疗,SW,申银万国指数,风格指数,20211210,1000.0,20221228
801275.SI,科技(TMT),SW,申银万国指数,风格指数,20211210,1000.0,20221228
801276.SI,金融地产,SW,申银万国指数,风格指数,20211210,1000.0,20221228
801280.SI,申万服务,SW,申银万国指数,主题指数,19991230,1000.0,20110822
801300.SI,申万300,SW,申银万国指数,规模指数,19991230,1000.0,19991230
801311.SI,300农林牧渔(申万)(退市),SW,申银万国指数,行业指数,19991230,1000.0,20031016
801321.SI,300采掘(申万)(退市),SW,申银万国指数,行业指数,19991230,1000.0,20031016
801322.SI,300化工(申万)(退市),SW,申银万国指数,行业指数,19991230,1000.0,20031016
801323.SI,300黑色金属(申万)(退市),SW,申银万国指数,行业指数,19991230,1000.0,20031016
801324.SI,300有色金属(申万)(退市),SW,申银万国指数,行业指数,19991230,1000.0,20031016
801325.SI,300建筑建材(申万)(退市),SW,申银万国指数,行业指数,19991230,1000.0,20031016
801326.SI,300机械设备(申万)(退市),SW,申银万国指数,行业指数,19991230,1000.0,20031016
801327.SI,300电子(申万)(退市),SW,申银万国指数,行业指数,19991230,1000.0,20031016
801331.SI,300交运设备(申万)(退市),SW,申银万国指数,行业指数,19991230,1000.0,20031016
801332.SI,300信息设备(申万)(退市),SW,申银万国指数,行业指数,19991230,1000.0,20031016
801333.SI,300家用电器(申万)(退市),SW,申银万国指数,行业指数,19991230,1000.0,20031016
801334.SI,300食品饮料(申万)(退市),SW,申银万国指数,行业指数,19991230,1000.0,20031016
801335.SI,300纺织服装(申万)(退市),SW,申银万国指数,行业指数,19991230,1000.0,20031016
801336.SI,300轻工制造(申万)(退市),SW,申银万国指数,行业指数,19991230,1000.0,20031016
801337.SI,300医药生物(申万)(退市),SW,申银万国指数,行业指数,19991230,1000.0,20031016
801341.SI,300公用事业(申万)(退市),SW,申银万国指数,行业指数,19991230,1000.0,20031016
801342.SI,300交通运输(申万)(退市),SW,申银万国指数,行业指数,19991230,1000.0,20031016
801343.SI,300房地产(申万)(退市),SW,申银万国指数,行业指数,19991230,1000.0,20031016
801344.SI,300金融服务(申万)(退市),SW,申银万国指数,行业指数,19991230,1000.0,20031016
801345.SI,300商业贸易(申万)(退市),SW,申银万国指数,行业指数,19991230,1000.0,20031016
801346.SI,300餐饮旅游(申万)(退市),SW,申银万国指数,行业指数,19991230,1000.0,20031016
801347.SI,300信息服务(申万)(退市),SW,申银万国指数,行业指数,19991230,1000.0,20031016
801351.SI,300综合(申万)(退市),SW,申银万国指数,行业指数,19991230,1000.0,20031016
801710.SI,建筑材料(申万),SW,申银万国指数,一级行业指数,19991230,1000.0,20140221
801711.SI,水泥(申万),SW,申银万国指数,二级行业指数,19991230,1000.0,20140221
801712.SI,玻璃玻纤(申万),SW,申银万国指数,二级行业指数,19991230,1000.0,20140221
801713.SI,装修建材(申万),SW,申银万国指数,二级行业指数,19991230,1000.0,20140221
801720.SI,建筑装饰(申万),SW,申银万国指数,一级行业指数,19991230,1000.0,20140221
801721.SI,房屋建设Ⅱ(申万),SW,申银万国指数,二级行业指数,19991230,1000.0,20140221
801722.SI,装修装饰Ⅱ(申万),SW,申银万国指数,二级行业指数,19991230,1000.0,20140221
801723.SI,基础建设(申万),SW,申银万国指数,二级行业指数,19991230,1000.0,20140221
801724.SI,专业工程(申万),SW,申银万国指数,二级行业指数,19991230,1000.0,20140221
801725.SI,园林工程Ⅱ(申万)(退市),SW,申银万国指数,二级行业指数,19991230,1000.0,20140221
801726.SI,工程咨询服务Ⅱ(申万),SW,申银万国指数,二级行业指数,19991230,1000.0,20211213
801730.SI,电力设备(申万),SW,申银万国指数,一级行业指数,19991230,1000.0,20140221
801731.SI,电机Ⅱ(申万),SW,申银万国指数,二级行业指数,19991230,1000.0,20140221
801732.SI,电气自动化设备(申万)(退市),SW,申银万国指数,二级行业指数,19991230,1000.0,20140221
801733.SI,其他电源设备Ⅱ(申万),SW,申银万国指数,二级行业指数,19991230,1000.0,20140221
801734.SI,高低压设备(申万)(退市),SW,申银万国指数,二级行业指数,19991230,1000.0,20140221
801735.SI,光伏设备(申万),SW,申银万国指数,二级行业指数,19991230,1000.0,20211213
801736.SI,风电设备(申万),SW,申银万国指数,二级行业指数,19991230,1000.0,20211213
801737.SI,电池(申万),SW,申银万国指数,二级行业指数,19991230,1000.0,20211213
801738.SI,电网设备(申万),SW,申银万国指数,二级行业指数,19991230,1000.0,20211213
801740.SI,国防军工(申万),SW,申银万国指数,一级行业指数,20140220,1000.0,20140221
801741.SI,航天装备Ⅱ(申万),SW,申银万国指数,二级行业指数,20070629,1000.0,20140221
801742.SI,航空装备Ⅱ(申万),SW,申银万国指数,二级行业指数,19991230,1000.0,20140221
801743.SI,地面兵装Ⅱ(申万),SW,申银万国指数,二级行业指数,19991230,1000.0,20140221
801744.SI,航海装备Ⅱ(申万),SW,申银万国指数,二级行业指数,19991230,1000.0,20140221
801745.SI,军工电子Ⅱ(申万),SW,申银万国指数,二级行业指数,19991230,1000.0,20211213
801750.SI,计算机(申万),SW,申银万国指数,一级行业指数,19991230,1000.0,20140221
801751.SI,营销传播(申万)(退市),SW,申银万国指数,二级行业指数,19991230,1000.0,20140221
801752.SI,互联网传媒(申万)(退市),SW,申银万国指数,二级行业指数,20140220,1000.0,20140221
801760.SI,传媒(申万),SW,申银万国指数,一级行业指数,20140220,1000.0,20140221
801761.SI,文化传媒(申万)(退市),SW,申银万国指数,二级行业指数,19991230,1000.0,20140221
801764.SI,游戏Ⅱ(申万),SW,申银万国指数,二级行业指数,19991230,1000.0,20211213
801765.SI,广告营销(申万),SW,申银万国指数,二级行业指数,19991230,1000.0,20211213
801766.SI,影视院线(申万),SW,申银万国指数,二级行业指数,19991230,1000.0,20211213
801767.SI,数字媒体(申万),SW,申银万国指数,二级行业指数,19991230,1000.0,20211213
801768.SI,社交Ⅱ(申万),SW,申银万国指数,二级行业指数,19991230,1000.0,20211213
801769.SI,出版(申万),SW,申银万国指数,二级行业指数,19991230,1000.0,20211213
801770.SI,通信(申万),SW,申银万国指数,一级行业指数,19991230,1000.0,20140221
801780.SI,银行(申万),SW,申银万国指数,一级行业指数,19991230,1000.0,20140221
801782.SI,国有大型银行Ⅱ(申万),SW,申银万国指数,二级行业指数,19991230,1000.0,20211213
801783.SI,股份制银行Ⅱ(申万),SW,申银万国指数,二级行业指数,19991230,1000.0,20211213
801784.SI,城商行Ⅱ(申万),SW,申银万国指数,二级行业指数,19991230,1000.0,20211213
801785.SI,农商行Ⅱ(申万),SW,申银万国指数,二级行业指数,19991230,1000.0,20211213
801786.SI,其他银行Ⅱ(申万),SW,申银万国指数,二级行业指数,19991230,1000.0,20211213
801790.SI,非银金融(申万),SW,申银万国指数,一级行业指数,20140220,1000.0,20140221
801811.SI,大盘指数(申万),SW,申银万国指数,风格指数,19991230,1000.0,19991230
801812.SI,中盘指数(申万),SW,申银万国指数,风格指数,19991230,1000.0,19991230
801813.SI,小盘指数(申万),SW,申银万国指数,风格指数,19991230,1000.0,19991230
801821.SI,高市盈率指数(申万),SW,申银万国指数,风格指数,19991230,1000.0,19991230
801822.SI,中市盈率指数(申万),SW,申银万国指数,风格指数,19991230,1000.0,19991230
801823.SI,低市盈率指数(申万),SW,申银万国指数,风格指数,19991230,1000.0,19991230
801831.SI,高市净率指数(申万),SW,申银万国指数,风格指数,19991230,1000.0,19991230
801832.SI,中市净率指数(申万),SW,申银万国指数,风格指数,19991230,1000.0,19991230
801833.SI,低市净率指数(申万),SW,申银万国指数,风格指数,19991230,1000.0,19991230
801841.SI,高价股指数(申万),SW,申银万国指数,风格指数,19991230,1000.0,19991230
801842.SI,中价股指数(申万),SW,申银万国指数,风格指数,19991230,1000.0,19991230
801843.SI,低价股指数(申万),SW,申银万国指数,风格指数,19991230,1000.0,19991230
801851.SI,亏损股指数(申万),SW,申银万国指数,风格指数,19991230,1000.0,19991230
801852.SI,微利股指数(申万),SW,申银万国指数,风格指数,19991230,1000.0,19991230
801853.SI,绩优股指数(申万),SW,申银万国指数,风格指数,19991230,1000.0,19991230
801861.SI,配股指数(申万)(退市),SW,申银万国指数,风格指数,19991230,1000.0,19991230
801862.SI,活跃指数(申万)(退市),SW,申银万国指数,风格指数,19991230,1000.0,19991230
801863.SI,新股指数(申万),SW,申银万国指数,风格指数,19991230,1000.0,19991230
801880.SI,汽车(申万),SW,申银万国指数,一级行业指数,19991230,1000.0,20140221
801881.SI,摩托车及其他(申万),SW,申银万国指数,二级行业指数,20140220,1000.0,20140221
801890.SI,机械设备(申万),SW,申银万国指数,一级行业指数,20140220,1000.0,20140221
801901.SI,申万基金重仓(退市),SW,申银万国指数,主题指数,20021231,1000.0,20030102
801903.SI,申万基金核心(退市),SW,申银万国指数,主题指数,20021231,1000.0,20030102
801905.SI,申万重点(退市),SW,申银万国指数,主题指数,20020430,1000.0,20020508
801950.SI,煤炭(申万),SW,申银万国指数,一级行业指数,19991230,1000.0,20211213
801951.SI,煤炭开采(申万),SW,申银万国指数,二级行业指数,19991230,1000.0,20211213
801952.SI,焦炭Ⅱ(申万),SW,申银万国指数,二级行业指数,19991230,1000.0,20211213
801960.SI,石油石化(申万),SW,申银万国指数,一级行业指数,19991230,1000.0,20211213
801961.SI,油气开采Ⅱ(申万),SW,申银万国指数,二级行业指数,19991230,1000.0,20211213
801962.SI,油服工程(申万),SW,申银万国指数,二级行业指数,19991230,1000.0,20211213
801963.SI,炼化及贸易(申万),SW,申银万国指数,二级行业指数,19991230,1000.0,20211213
801970.SI,环保(申万),SW,申银万国指数,一级行业指数,19991230,1000.0,20211213
801971.SI,环境治理(申万),SW,申银万国指数,二级行业指数,19991230,1000.0,20211213
801972.SI,环保设备Ⅱ(申万),SW,申银万国指数,二级行业指数,19991230,1000.0,20211213
801980.SI,美容护理(申万),SW,申银万国指数,一级行业指数,19991230,1000.0,20211213
801981.SI,个护用品(申万),SW,申银万国指数,二级行业指数,19991230,1000.0,20211213
801982.SI,化妆品(申万),SW,申银万国指数,二级行业指数,19991230,1000.0,20211213
801983.SI,医疗美容(申万),SW,申银万国指数,二级行业指数,19991230,1000.0,20211213
801991.SI,航空机场(申万),SW,申银万国指数,二级行业指数,19991230,1000.0,20211213
801992.SI,航运港口(申万),SW,申银万国指数,二级行业指数,19991230,1000.0,20211213
801993.SI,旅游及景区(申万),SW,申银万国指数,二级行业指数,19991230,1000.0,20211213
801994.SI,教育(申万),SW,申银万国指数,二级行业指数,19991230,1000.0,20211213
801995.SI,电视广播Ⅱ(申万),SW,申银万国指数,二级行业指数,19991230,1000.0,20211213
802600.SI,装备制造(退市),SW,申银万国指数,主题指数,20041231,1000.0,20050104
802601.SI,申万宏源碳中和指数,SW,申银万国指数,主题指数,20101231,1000.0,20211222
802602.SI,申万宏源航空科技(退市),SW,申银万国指数,主题指数,20101231,1000.0,20221025
802603.SI,SWHY绿色金融,SW,申银万国指数,主题指数,20181228,1000.0,20250930
802604.SI,SWHY养老金融,SW,申银万国指数,主题指数,20181228,1000.0,20250930
802605.SI,SWHY数字金融,SW,申银万国指数,主题指数,20181228,1000.0,20250930
802606.SI,SWHY反内卷,SW,申银万国指数,主题指数,20181228,1000.0,20250930
802607.SI,SWHY一带一路,SW,申银万国指数,主题指数,20181228,1000.0,20250930
802613.SI,平安银行养老新兴投资指数(退市),SW,申银万国指数,价值指数,20161230,1000.0,20170103
803611.SI,价值优势(申万)(退市),SW,申银万国指数,策略指数,20041231,1000.0,20100331
803612.SI,价值发现(申万)(退市),SW,申银万国指数,策略指数,20041231,1000.0,20100816
803613.SI,价值稳健(申万)(退市),SW,申银万国指数,策略指数,20041231,1000.0,20100816
803614.SI,SWHY红利增长,SW,申银万国指数,策略指数,20121231,1000.0,20240506
806001.SI,申万三板做市,SW,申银万国指数,其他,20140829,1000.0,20150331
806010.SI,申万新三板计算机,SW,申银万国指数,行业指数,20141231,1000.0,20151224
806020.SI,申万新三板机械,SW,申银万国指数,行业指数,20141231,1000.0,20151224
806030.SI,申万新三板化工,SW,申银万国指数,行业指数,20141231,1000.0,20151224
806040.SI,申万新三板传媒,SW,申银万国指数,行业指数,20141231,1000.0,20141231
806050.SI,申万新三板电气设备,SW,申银万国指数,行业指数,20141231,1000.0,20141231
806060.SI,申万新三板电子,SW,申银万国指数,行业指数,20141231,1000.0,20141231
806070.SI,申万新三板建筑装饰,SW,申银万国指数,行业指数,20141231,1000.0,20141231
806080.SI,申万新三板医药生物,SW,申银万国指数,行业指数,20141231,1000.0,20141231
806090.SI,申万新三板通信,SW,申银万国指数,行业指数,20150630,1000.0,20161027
806100.SI,申万新三板农林牧渔,SW,申银万国指数,行业指数,20150630,1000.0,20161027
806110.SI,申万新三板公用事业,SW,申银万国指数,行业指数,20150630,1000.0,20161027
806120.SI,申万新三板休闲服务,SW,申银万国指数,行业指数,20150630,1000.0,20161027
806130.SI,申万新三板有色金属,SW,申银万国指数,行业指数,20150630,1000.0,20161027
806140.SI,申万新三板汽车,SW,申银万国指数,行业指数,20150630,1000.0,20161027
806150.SI,申万新三板轻工制造,SW,申银万国指数,行业指数,20150630,1000.0,20161027
806160.SI,申万新三板建筑材料,SW,申银万国指数,行业指数,20150630,1000.0,20161027
806170.SI,申万新三板非银金融,SW,申银万国指数,行业指数,20150630,1000.0,20161027
806180.SI,申万新三板食品饮料,SW,申银万国指数,行业指数,20150630,1000.0,20161027
806190.SI,申万新三板商业贸易(退市),SW,申银万国指数,行业指数,20150630,1000.0,20161027
806200.SI,申万新三板交通运输,SW,申银万国指数,行业指数,20150630,1000.0,20161027
816000.CI,标普中国A股300指数,OTH,标准普尔公司,规模指数,20040802,873.45,20040301
816000G.CI,标普中国A股300成长指数,OTH,标准普尔公司,风格指数,20040227,1000.0,20070706
816000GTR.CI,标普中国A股300成长总收益指数,OTH,标准普尔公司,风格指数,20040227,1000.0,20070706
816000PG.CI,标普中国A股300纯成长指数,OTH,标准普尔公司,风格指数,20040227,1000.0,20070706
816000PGTR.CI,标普中国A股300纯成长总收益指数,OTH,标准普尔公司,风格指数,20040227,1000.0,20070706
816000PV.CI,标普中国A股300纯价值指数,OTH,标准普尔公司,风格指数,20040227,1000.0,20070706
816000PVTR.CI,标普中国A股300纯价值总收益指数,OTH,标准普尔公司,风格指数,20040227,1000.0,20070706
816000TR.CI,标普中国A股300总收益指数,OTH,标准普尔公司,规模指数,20040227,1000.0,20040301
816000V.CI,标普中国A股300价值指数,OTH,标准普尔公司,风格指数,20040227,1000.0,20070706
816000VTR.CI,标普中国A股300价值总收益指数,OTH,标准普尔公司,风格指数,20040227,1000.0,20070706
816004.CI,亏损指数(中信)(退市),OTH,标准普尔公司,主题指数,19991230,1000.0,19991230
816009.CI,中信科技(退市),OTH,标准普尔公司,主题指数,19991230,1000.0,19991230
816011.CI,新股指数(中信)(退市),OTH,标准普尔公司,主题指数,19991230,1000.0,19991230
816050.CI,标普中国A股50指数,OTH,标准普尔公司,规模指数,20040227,1000.0,20040301
816050TR.CI,标普中国A股50总收益指数,OTH,标准普尔公司,规模指数,20040227,1000.0,20040301
816055.CI,标普中国A股年金055指数(退市),OTH,标准普尔公司,其他,20051230,1000.0,20051230
816100.CI,大盘指数(中信)(退市),OTH,标准普尔公司,规模指数,19991230,1000.0,19991230
816110.CI,大盘价值(中信)(退市),OTH,标准普尔公司,规模指数,19991230,1000.0,19991230
816120.CI,大盘成长(中信)(退市),OTH,标准普尔公司,规模指数,19991230,1000.0,19991230
816154.CI,标普中国A股年金154指数(退市),OTH,标准普尔公司,其他,20051230,1000.0,20051230
816210.CI,中信价值(退市),OTH,标准普尔公司,风格指数,19991230,1000.0,19991230
816220.CI,中信成长(退市),OTH,标准普尔公司,风格指数,19991230,1000.0,19991230
816253.CI,标普中国A股年金253指数(退市),OTH,标准普尔公司,其他,20051230,1000.0,20051230
816300.CI,中盘指数(中信)(退市),OTH,标准普尔公司,规模指数,19991230,1000.0,19991230
816310.CI,中盘价值(中信)(退市),OTH,标准普尔公司,规模指数,19991230,1000.0,19991230
816320.CI,中盘成长(中信)(退市),OTH,标准普尔公司,规模指数,19991230,1000.0,19991230
816400.CI,小盘指数(中信)(退市),OTH,标准普尔公司,规模指数,19991230,1000.0,19991230
816410.CI,小盘价值(中信)(退市),OTH,标准普尔公司,规模指数,19991230,1000.0,19991230
816420.CI,小盘成长(中信)(退市),OTH,标准普尔公司,规模指数,19991230,1000.0,19991230
816999.CI,标普中国A股综合指数(退市),OTH,标准普尔公司,其他,20060616,1005.28,20070104
818100.CI,标普中国A股100指数,OTH,标准普尔公司,规模指数,20040227,1000.0,20070730
818100G.CI,标普中国A股100成长指数(退市),OTH,标准普尔公司,其他,20040227,1000.0,20070730
818100GTR.CI,标普中国A股100成长总收益指数(退市),OTH,标准普尔公司,其他,20040227,1000.0,20070730
818100PG.CI,标普中国A股100纯成长指数(退市),OTH,标准普尔公司,其他,20040227,1000.0,20070730
818100PGTR.CI,标普中国A股100纯成长总收益指数(退市),OTH,标准普尔公司,其他,20040227,1000.0,20070730
818100PV.CI,标普中国A股100纯价值指数(退市),OTH,标准普尔公司,其他,20040227,1000.0,20070730
818100PVTR.CI,标普中国A股100纯价值总收益指数(退市),OTH,标准普尔公司,其他,20040227,1000.0,20070730
818100TR.CI,标普中国A股100总收益指数,OTH,标准普尔公司,规模指数,20040227,1000.0,20070730
818100V.CI,标普中国A股100价值指数(退市),OTH,标准普尔公司,其他,20040227,1000.0,20070730
818100VTR.CI,标普中国A股100价值总收益指数(退市),OTH,标准普尔公司,其他,20040227,1000.0,20070730
818200.CI,标普中国A股200指数(退市),OTH,标准普尔公司,其他,20040227,1000.0,20070706
818200G.CI,标普中国A股200成长指数(退市),OTH,标准普尔公司,其他,20040227,1000.0,20070706
818200GTR.CI,标普中国A股200成长总收益指数(退市),OTH,标准普尔公司,其他,20040227,1000.0,20070706
818200PG.CI,标普中国A股200纯成长指数(退市),OTH,标准普尔公司,其他,20040227,1000.0,20070706
818200PGTR.CI,标普中国A股200纯成长总收益指数(退市),OTH,标准普尔公司,其他,20040227,1000.0,20070706
818200PV.CI,标普中国A股200纯价值指数(退市),OTH,标准普尔公司,其他,20040227,1000.0,20070706
818200PVTR.CI,标普中国A股200纯价值总收益指数(退市),OTH,标准普尔公司,其他,20040227,1000.0,20070706
818200TR.CI,标普中国A股200总收益指数(退市),OTH,标准普尔公司,其他,20040227,1000.0,20070706
818200V.CI,标普中国A股200价值指数(退市),OTH,标准普尔公司,其他,20040227,1000.0,20070706
818200VTR.CI,标普中国A股200价值总收益指数(退市),OTH,标准普尔公司,其他,20040227,1000.0,20070706
818300.CI,标普中国A股小盘指数(退市),OTH,标准普尔公司,其他,20040227,1000.0,20070730
818300G.CI,标普中国A股小盘成长指数(退市),OTH,标准普尔公司,其他,20040227,1000.0,20070730
818300GTR.CI,标普中国A股小盘成长总收益指数(退市),OTH,标准普尔公司,其他,20040227,1000.0,20070730
818300PG.CI,标普中国A股小盘纯成长指数(退市),OTH,标准普尔公司,其他,20040227,1000.0,20070730
818300PGTR.CI,标普中国A股小盘纯成长总收益指数(退市),OTH,标准普尔公司,其他,20040227,1000.0,20070730
818300PV.CI,标普中国A股小盘纯价值指数(退市),OTH,标准普尔公司,其他,20040227,1000.0,20070730
818300PVTR.CI,标普中国A股小盘纯价值总收益指数(退市),OTH,标准普尔公司,其他,20040227,1000.0,20070730
818300TR.CI,标普中国A股小盘总收益指数(退市),OTH,标准普尔公司,其他,20040227,1000.0,20070730
818300V.CI,标普中国A股小盘价值指数(退市),OTH,标准普尔公司,其他,20040227,1000.0,20070730
818300VTR.CI,标普中国A股小盘价值总收益指数(退市),OTH,标准普尔公司,其他,20040227,1000.0,20070730
821000.CI,能源(中信)(退市),OTH,标准普尔公司,行业指数,19991230,1000.0,19991230
821010.CI,煤炭(中信)(退市),OTH,标准普尔公司,行业指数,19991230,1000.0,19991230
821020.CI,石油天然(中信)(退市),OTH,标准普尔公司,行业指数,19991230,1000.0,19991230
821500.CI,原材料(中信)(退市),OTH,标准普尔公司,行业指数,19991230,1000.0,19991230
821510.CI,化学工业(中信)(退市),OTH,标准普尔公司,行业指数,19991230,1000.0,19991230
821520.CI,建筑材料(中信)(退市),OTH,标准普尔公司,行业指数,19991230,1000.0,19991230
821530.CI,纸业(中信)(退市),OTH,标准普尔公司,行业指数,19991230,1000.0,19991230
821535.CI,林业(中信)(退市),OTH,标准普尔公司,行业指数,19991230,1000.0,19991230
821540.CI,金属(中信)(退市),OTH,标准普尔公司,行业指数,19991230,1000.0,19991230
821541.CI,钢铁(中信)(退市),OTH,标准普尔公司,行业指数,19991230,1000.0,19991230
821542.CI,有色金属(中信)(退市),OTH,标准普尔公司,行业指数,19991230,1000.0,19991230
821550.CI,容器包装(中信)(退市),OTH,标准普尔公司,行业指数,19991230,1000.0,19991230
822000.CI,投资品(中信)(退市),OTH,标准普尔公司,行业指数,19991230,1000.0,19991230
822010.CI,航空国防(中信)(退市),OTH,标准普尔公司,行业指数,19991230,1000.0,19991230
822020.CI,电子电器(中信)(退市),OTH,标准普尔公司,行业指数,19991230,1000.0,19991230
822022.CI,电子(中信)(退市),OTH,标准普尔公司,行业指数,19991230,1000.0,19991230
822030.CI,机械制造(中信)(退市),OTH,标准普尔公司,行业指数,19991230,1000.0,19991230
822050.CI,建筑业(中信)(退市),OTH,标准普尔公司,行业指数,19991230,1000.0,19991230
822500.CI,耐用消费(中信)(退市),OTH,标准普尔公司,行业指数,19991230,1000.0,19991230
822510.CI,汽车业(中信)(退市),OTH,标准普尔公司,行业指数,19991230,1000.0,19991230
822511.CI,汽车整车(中信)(退市),OTH,标准普尔公司,行业指数,19991230,1000.0,19991230
822520.CI,纺织服装(中信)(退市),OTH,标准普尔公司,行业指数,19991230,1000.0,19991230
822540.CI,家庭耐用(中信)(退市),OTH,标准普尔公司,行业指数,19991230,1000.0,19991230
822541.CI,家用电器(中信)(退市),OTH,标准普尔公司,行业指数,19991230,1000.0,19991230
822550.CI,休闲设备(中信)(退市),OTH,标准普尔公司,行业指数,19991230,1000.0,19991230
823000.CI,经常消费(中信)(退市),OTH,标准普尔公司,行业指数,19991230,1000.0,19991230
823010.CI,饮料业(中信)(退市),OTH,标准普尔公司,行业指数,19991230,1000.0,19991230
823020.CI,农业(中信)(退市),OTH,标准普尔公司,行业指数,19991230,1000.0,19991230
823025.CI,食品(中信)(退市),OTH,标准普尔公司,行业指数,19991230,1000.0,19991230
823500.CI,医药卫生(中信)(退市),OTH,标准普尔公司,行业指数,19991230,1000.0,19991230
823510.CI,制药生物(中信)(退市),OTH,标准普尔公司,行业指数,19991230,1000.0,19991230
823520.CI,健康护理(中信)(退市),OTH,标准普尔公司,行业指数,19991230,1000.0,19991230
823530.CI,医药流通(中信)(退市),OTH,标准普尔公司,行业指数,19991230,1000.0,19991230
824000.CI,贸易零售(中信)(退市),OTH,标准普尔公司,行业指数,19991230,1000.0,19991230
824010.CI,贸易(中信)(退市),OTH,标准普尔公司,行业指数,19991230,1000.0,19991230
824020.CI,普通零售(中信)(退市),OTH,标准普尔公司,行业指数,19991230,1000.0,19991230
824500.CI,社会服务(中信)(退市),OTH,标准普尔公司,行业指数,19991230,1000.0,19991230
824520.CI,公共设施(中信)(退市),OTH,标准普尔公司,行业指数,19991230,1000.0,19991230
824530.CI,餐饮旅游(中信)(退市),OTH,标准普尔公司,行业指数,19991230,1000.0,19991230
824540.CI,媒体(中信)(退市),OTH,标准普尔公司,行业指数,19991230,1000.0,19991230
825000.CI,运输仓储(中信)(退市),OTH,标准普尔公司,行业指数,19991230,1000.0,19991230
825010.CI,航线机场(中信)(退市),OTH,标准普尔公司,行业指数,19991230,1000.0,19991230
825020.CI,铁路运输(中信)(退市),OTH,标准普尔公司,行业指数,19991230,1000.0,19991230
825030.CI,公路运输(中信)(退市),OTH,标准普尔公司,行业指数,19991230,1000.0,19991230
825040.CI,水运港口(中信)(退市),OTH,标准普尔公司,行业指数,19991230,1000.0,19991230
825060.CI,仓储(中信)(退市),OTH,标准普尔公司,行业指数,19991230,1000.0,19991230
825500.CI,金融业(中信)(退市),OTH,标准普尔公司,行业指数,19991230,1000.0,19991230
825510.CI,银行业(中信)(退市),OTH,标准普尔公司,行业指数,19991230,1000.0,19991230
826000.CI,房地产(中信)(退市),OTH,标准普尔公司,行业指数,19991230,1000.0,19991230
826500.CI,信息技术(中信)(退市),OTH,标准普尔公司,行业指数,19991230,1000.0,19991230
826510.CI,硬件设备(中信)(退市),OTH,标准普尔公司,行业指数,19991230,1000.0,19991230
826520.CI,软件服务(中信)(退市),OTH,标准普尔公司,行业指数,19991230,1000.0,19991230
827000.CI,公用事业(中信)(退市),OTH,标准普尔公司,行业指数,19991230,1000.0,19991230
827010.CI,电力(中信)(退市),OTH,标准普尔公司,行业指数,19991230,1000.0,19991230
827020.CI,气体公用(中信)(退市),OTH,标准普尔公司,行业指数,19991230,1000.0,19991230
827030.CI,供水公用(中信)(退市),OTH,标准普尔公司,行业指数,19991230,1000.0,19991230
827040.CI,综合公用(中信)(退市),OTH,标准普尔公司,行业指数,19991230,1000.0,19991230
827500.CI,综合类(中信)(退市),OTH,标准普尔公司,行业指数,19991230,1000.0,19991230
830001.XI,富时中国A200,OTH,FTSE,基金指数,20010618,5000.0,20010618
830002.XI,富时中国A全指,OTH,FTSE,基金指数,20010618,5000.0,20010618
830003.XI,富时中国A600,OTH,FTSE,基金指数,20010618,5000.0,20010618
830004.XI,富时中国A400,OTH,FTSE,基金指数,20010618,5000.0,20010618
830005.XI,富时中国A小盘股,OTH,FTSE,基金指数,20010618,5000.0,20010618
830006.XI,富时B35(退市),OTH,FTSE,基金指数,20010618,5000.0,20010618
830007.XI,富时B指(退市),OTH,FTSE,基金指数,20010618,5000.0,20010618
830008.XI,富时中国50,OTH,FTSE,基金指数,20010316,5000.0,20010316
830009.XI,富时中国A50,OTH,FTSE,规模指数,20030721,,20030721
830068.XI,富时投资(退市),OTH,FTSE,风格指数,,,
830070.XI,富时中国A200复合,OTH,FTSE,风格指数,20030103,5000.0,20021231
830201.XI,富时周期,OTH,FTSE,风格指数,,,20041108
830202.XI,富时稳定,OTH,FTSE,风格指数,,,20041108
830203.XI,富时成长,OTH,FTSE,成长指数,,,20041108
830211.XI,富时200成长,OTH,FTSE,成长指数,,,20031212
830212.XI,富时200价值,OTH,FTSE,价值指数,,,20031212
830213.XI,富时600成长,OTH,FTSE,成长指数,,,20031212
830214.XI,富时600价值,OTH,FTSE,价值指数,,,20031212
830221.XI,富时红利150,OTH,FTSE,风格指数,20050103,5000.0,20050103
830222.XI,富时保险投资,OTH,FTSE,风格指数,20050415,5000.0,20050415
830223.XI,富时中国A股蓝筹价值100,OTH,FTSE,价值指数,20060531,5000.0,20060802
830301.XI,富时HK(退市),OTH,FTSE,基金指数,,,20050131
830302.XI,富时HKxH,OTH,FTSE,基金指数,,,20060802
830310.XI,富时中国H股(退市),OTH,FTSE,基金指数,,,20060802
8310000000.CI,标普中国A股300能源指数,OTH,标准普尔公司,一级行业指数,20040227,1000.0,20040301
8310100000.CI,标普中国A股300能源Ⅱ指数,OTH,标准普尔公司,二级行业指数,20040227,1000.0,20040301
8315000000.CI,标普中国A股300原材料指数,OTH,标准普尔公司,一级行业指数,20040227,1000.0,20040301
8315100000.CI,标普中国A股300原材料Ⅱ指数,OTH,标准普尔公司,二级行业指数,20040227,1000.0,20040301
8320000000.CI,标普中国A股300工业品指数,OTH,标准普尔公司,一级行业指数,20040227,1000.0,20040301
8320100000.CI,标普中国A股300资本品指数,OTH,标准普尔公司,二级行业指数,20040227,1000.0,20040301
8320200000.CI,标普中国A股300商业服务指数,OTH,标准普尔公司,二级行业指数,20040227,1000.0,20040301
8320300000.CI,标普中国A股300运输业指数,OTH,标准普尔公司,二级行业指数,20040227,1000.0,20040301
8325000000.CI,标普中国A股300耐用消费指数,OTH,标准普尔公司,一级行业指数,20040227,1000.0,20040301
8325100000.CI,标普中国A股300汽车汽配指数,OTH,标准普尔公司,二级行业指数,20040227,1000.0,20040301
8325200000.CI,标普中国A股300耐用品指数,OTH,标准普尔公司,二级行业指数,20040227,1000.0,20040301
8325300000.CI,标普中国A股300餐饮休闲指数,OTH,标准普尔公司,二级行业指数,20040227,1000.0,20040301
8325400000.CI,标普中国A股300媒体指数,OTH,标准普尔公司,二级行业指数,20040227,1000.0,20040227
8325500000.CI,标普中国A股300零售业指数,OTH,标准普尔公司,二级行业指数,20040227,1000.0,20040301
8330000000.CI,标普中国A股300经常消费指数,OTH,标准普尔公司,一级行业指数,20040227,1000.0,20040301
8330100000.CI,标普中国A股300食品药品指数(退市),OTH,标准普尔公司,其他,20040227,1000.0,20040301
8330200000.CI,标普中国A股300食品饮料指数,OTH,标准普尔公司,二级行业指数,20040227,1000.0,20040301
8330300000.CI,标普中国A股300家庭用品指数(退市),OTH,标准普尔公司,其他,20040227,1000.0,20151231
8335000000.CI,标普中国A股300健康护理指数,OTH,标准普尔公司,一级行业指数,20040227,1000.0,20040301
8335100000.CI,标普中国A股300健康设备指数,OTH,标准普尔公司,二级行业指数,20040227,1000.0,20040301
8335200000.CI,标普中国A股300制药生物技术和科学,OTH,标准普尔公司,二级行业指数,20040227,1000.0,20040301
8340000000.CI,标普中国A股300金融业指数,OTH,标准普尔公司,一级行业指数,20040227,1000.0,20040301
834001.XI,富时石气,OTH,FTSE,四级行业指数,20010618,5000.0,20010615
8340100000.CI,标普中国A股300商业银行指数(退市),OTH,标准普尔公司,其他,20040227,1000.0,20040301
8340200000.CI,标普中国A股300多样金融指数,OTH,标准普尔公司,二级行业指数,20040227,1000.0,20040301
8340300000.CI,标普中国A股300保险指数(退市),OTH,标准普尔公司,其他,20040227,1000.0,20040301
834053.XI,富时产油,OTH,FTSE,三级行业指数,20010618,5000.0,20010615
834057.XI,富时油备(退市),OTH,FTSE,二级行业指数,,,20060104
834100.XI,富时基材,OTH,FTSE,一级行业指数,20010618,5000.0,20010615
834135.XI,富时化工,OTH,FTSE,三级行业指数,20010618,5000.0,20010615
834173.XI,富时林业,OTH,FTSE,三级行业指数,20010618,5000.0,20010615
834175.XI,富时钢材,OTH,FTSE,三级行业指数,20010618,5000.0,20010615
834177.XI,富时采矿,OTH,FTSE,三级行业指数,20010618,5000.0,20010615
834200.XI,富时工业,OTH,FTSE,一级行业指数,20010618,5000.0,20010615
834235.XI,富时建材,OTH,FTSE,三级行业指数,20010618,5000.0,20010615
834271.XI,富时航空,OTH,FTSE,三级行业指数,20010618,5000.0,20010615
834272.XI,富时轻工,OTH,FTSE,三级行业指数,20010618,5000.0,20010615
834273.XI,富时电子,OTH,FTSE,三级行业指数,20010618,5000.0,20010615
834275.XI,富时工程,OTH,FTSE,三级行业指数,20010618,5000.0,20010615
834277.XI,富时运输,OTH,FTSE,三级行业指数,20010618,5000.0,20010615
834279.XI,富时服务,OTH,FTSE,三级行业指数,20010618,5000.0,20010615
834300.XI,富时消品,OTH,FTSE,一级行业指数,20010618,5000.0,20010615
834335.XI,富时汽车,OTH,FTSE,三级行业指数,20010618,5000.0,20010615
834353.XI,富时饮料,OTH,FTSE,三级行业指数,20010618,5000.0,20010615
834357.XI,富时食品,OTH,FTSE,三级行业指数,20010618,5000.0,20010615
834372.XI,富时家用,OTH,FTSE,三级行业指数,,,20060104
834374.XI,富时休闲,OTH,FTSE,三级行业指数,20010618,5000.0,20010615
834376.XI,富时个人,OTH,FTSE,三级行业指数,20010618,5000.0,20010615
834378.XI,富时烟草,OTH,FTSE,二级行业指数,,,
834400.XI,富时卫生,OTH,FTSE,一级行业指数,20010618,5000.0,20010615
834453.XI,富时保健(退市),OTH,FTSE,二级行业指数,20010618,5000.0,20010615
834454.XI,富时中国A600医疗保健服务提供商指数,OTH,FTSE,三级行业指数,20010618,5000.0,20210319
834455.XI,富时中国A600医疗保健设备和服务指数,OTH,FTSE,三级行业指数,20010618,5000.0,20210319
834457.XI,富时制药,OTH,FTSE,三级行业指数,20010618,5000.0,20010615
834500.XI,富时消服,OTH,FTSE,一级行业指数,20010618,5000.0,20010615
8345000000.CI,标普中国A股300信息技术指数,OTH,标准普尔公司,一级行业指数,20040227,1000.0,20040301
8345100000.CI,标普中国A股300软件服务指数,OTH,标准普尔公司,二级行业指数,20040227,1000.0,20040301
8345200000.CI,标普中国A股300技术硬件指数,OTH,标准普尔公司,二级行业指数,20040227,1000.0,20040301
8345300000.CI,标普中国A股300半导体指数(退市),OTH,标准普尔公司,其他,20040227,1000.0,20080620
834533.XI,富时药物,OTH,FTSE,三级行业指数,20010618,5000.0,20030731
834537.XI,富时零售(退市),OTH,FTSE,二级行业指数,20010618,5000.0,20010615
834538.XI,富时中国A600消费者服务指数,OTH,FTSE,三级行业指数,20010618,5000.0,20210319
834539.XI,富时中国A600零售业指数,OTH,FTSE,三级行业指数,20010618,5000.0,20210319
834555.XI,富时媒体,OTH,FTSE,三级行业指数,20010618,5000.0,20010615
834575.XI,富时旅游,OTH,FTSE,三级行业指数,20010618,5000.0,20010615
834600.XI,富时电信,OTH,FTSE,一级行业指数,20010618,5000.0,20020719
834653.XI,富时固话(退市),OTH,FTSE,二级行业指数,20010618,5000.0,20030623
834655.XI,富时中国A600电信服务提供商IV指数,OTH,FTSE,四级行业指数,20010618,5000.0,20210319
834657.XI,富时移动,OTH,FTSE,三级行业指数,,,20060104
834700.XI,富时公用,OTH,FTSE,一级行业指数,20010618,5000.0,20010615
834753.XI,富时电力,OTH,FTSE,三级行业指数,20010618,5000.0,20010615
834757.XI,富时中国A600天然气水和多用途设施,OTH,FTSE,三级行业指数,20010618,5000.0,20030623
834800.XI,富时金融,OTH,FTSE,一级行业指数,20010618,5000.0,20010615
834835.XI,富时银行,OTH,FTSE,三级行业指数,20010618,5000.0,20010615
834853.XI,富时中国A600非人寿保险,OTH,FTSE,二级行业指数,,,
834857.XI,富时寿险,OTH,FTSE,三级行业指数,,,20070117
834873.XI,富时房产,OTH,FTSE,二级行业指数,20010618,5000.0,20010615
834877.XI,富时中国A600金融服务(退市),OTH,FTSE,二级行业指数,20010618,5000.0,20010615
834878.XI,富时中国A600金融和信贷指数,OTH,FTSE,三级行业指数,20010618,5000.0,20210319
834879.XI,富时中国A600投资银行业和经纪业指数,OTH,FTSE,三级行业指数,20010618,5000.0,20210319
834898.XI,富时产投,OTH,FTSE,二级行业指数,,,20010615
834899.XI,非产投资,OTH,FTSE,三级行业指数,,,
834900.XI,富时科技,OTH,FTSE,一级行业指数,20010618,5000.0,20010615
834953.XI,富时软件,OTH,FTSE,三级行业指数,20010618,5000.0,20010615
834957.XI,富时硬件,OTH,FTSE,三级行业指数,20010618,5000.0,20010615
8350000000.CI,标普中国A股300电信服务指数,OTH,标准普尔公司,一级行业指数,20040227,1000.0,20040301
8350100000.CI,标普中国A股300电信服务Ⅱ指数,OTH,标准普尔公司,二级行业指数,20040227,1000.0,20040301
8355000000.CI,标普中国A股300公用事业指数,OTH,标准普尔公司,一级行业指数,20040227,1000.0,20040301
8355100000.CI,标普中国A股300公用事业Ⅱ指数,OTH,标准普尔公司,二级行业指数,20040227,1000.0,20040301
8360000000.CI,标普中国A股300房地产指数,OTH,标准普尔公司,一级行业指数,20040227,1000.0,20040301
8410000000.CI,标普中国A股全市场能源指数(退市),OTH,标准普尔公司,其他,20040227,1000.0,20060616
8410100000.CI,标普中国A股全市场能源Ⅱ指数(退市),OTH,标准普尔公司,二级行业指数,20040227,1000.0,20060616
8415000000.CI,标普中国A股全市场原材料指数(退市),OTH,标准普尔公司,其他,20040227,1000.0,20060616
8415100000.CI,标普中国A股全市场原材料Ⅱ指数(退市),OTH,标准普尔公司,二级行业指数,20040227,1000.0,20060616
8420000000.CI,标普中国A股全市场工业品指数(退市),OTH,标准普尔公司,其他,20040227,1000.0,20060616
8420100000.CI,标普中国A股全市场资本品指数(退市),OTH,标准普尔公司,其他,20040227,1000.0,20060616
8420200000.CI,标普中国A股全市场商业服务指数(退市),OTH,标准普尔公司,其他,20040227,1000.0,20060616
8420300000.CI,标普中国A股全市场运输业指数(退市),OTH,标准普尔公司,其他,20040227,1000.0,20060616
8425000000.CI,标普中国A股全市场耐用消费指数(退市),OTH,标准普尔公司,二级行业指数,20040227,1000.0,20060616
8425100000.CI,标普中国A股全市场汽车汽配指数(退市),OTH,标准普尔公司,其他,20040227,1000.0,20060616
8425200000.CI,标普中国A股全市场耐用品指数(退市),OTH,标准普尔公司,其他,20040227,1000.0,20060616
8425300000.CI,标普中国A股全市场餐饮休闲指数(退市),OTH,标准普尔公司,其他,20040227,1000.0,20060616
8425400000.CI,标普中国A股全市场媒体指数(退市),OTH,标准普尔公司,其他,20040227,1000.0,20060620
8425500000.CI,标普中国A股全市场零售业指数(退市),OTH,标准普尔公司,其他,20040227,1000.0,20060616
8430000000.CI,标普中国A股全市场经常消费指数(退市),OTH,标准普尔公司,二级行业指数,20040227,1000.0,20060616
8430100000.CI,标普中国A股全市场食品药品指数(退市),OTH,标准普尔公司,其他,20040227,1000.0,20060616
8430200000.CI,标普中国A股全市场食品饮料指数(退市),OTH,标准普尔公司,其他,20040227,1000.0,20060616
8430300000.CI,标普中国A股全市场家庭和个人用品指数(退市),OTH,标准普尔公司,其他,20040227,1000.0,20060616
8435000000.CI,标普中国A股全市场健康护理指数(退市),OTH,标准普尔公司,其他,20040227,1000.0,20060616
8435100000.CI,标普中国A股全市场健康设备指数(退市),OTH,标准普尔公司,其他,20040227,1000.0,20060616
8435200000.CI,标普中国A股全市场制药生物技术和科学(退市),OTH,标准普尔公司,其他,20040227,1000.0,20060616
8440000000.CI,标普中国A股全市场金融业指数(退市),OTH,标准普尔公司,其他,20040227,1000.0,20060616
8440100000.CI,标普中国A股全市场商业银行指数(退市),OTH,标准普尔公司,其他,20040227,1000.0,20060616
8440200000.CI,标普中国A股全市场多样金融指数(退市),OTH,标准普尔公司,其他,20040227,1000.0,20060616
8440300000.CI,标普中国A股全市场保险指数(退市),OTH,标准普尔公司,其他,20040227,1000.0,20060616
8440400000.CI,标普中国A股全市场房地产指数(退市),OTH,标准普尔公司,其他,20040227,1000.0,20060616
8445000000.CI,标普中国A股全市场信息技术指数(退市),OTH,标准普尔公司,其他,20040227,1000.0,20060616
8445100000.CI,标普中国A股全市场软件服务指数(退市),OTH,标准普尔公司,其他,20040227,1000.0,20060616
8445200000.CI,标普中国A股全市场技术硬件指数(退市),OTH,标准普尔公司,其他,20040227,1000.0,20060616
8445300000.CI,标普中国A股全市场半导体指数(退市),OTH,标准普尔公司,其他,20040227,1000.0,20060616
8450000000.CI,标普中国A股全市场电信服务指数(退市),OTH,标准普尔公司,其他,20040227,1000.0,20060616
8450100000.CI,标普中国A股全市场电信服务Ⅱ指数(退市),OTH,标准普尔公司,二级行业指数,20040227,1000.0,20060616
8455000000.CI,标普中国A股全市场公用事业指数(退市),OTH,标准普尔公司,其他,20040227,1000.0,20060616
8455100000.CI,标普中国A股全市场公用事业Ⅱ指数(退市),OTH,标准普尔公司,二级行业指数,20040227,1000.0,20060616
848400.MI,MSCI墨西哥,MSCI,MSCI指数,规模指数,19871231,100.0,19871231
850111.SI,种子(申万),SW,申银万国指数,三级行业指数,19991230,1000.0,20031016
850112.SI,粮食种植(申万)(退市),SW,申银万国指数,三级行业指数,19991230,1000.0,20031016
850113.SI,其他种植业(申万),SW,申银万国指数,三级行业指数,19991230,1000.0,20031016
850114.SI,食用菌(申万),SW,申银万国指数,三级行业指数,19991230,1000.0,20211213
850121.SI,海洋捕捞(申万)(退市),SW,申银万国指数,三级行业指数,19991230,1000.0,20031016
850122.SI,水产养殖(申万),SW,申银万国指数,三级行业指数,19991230,1000.0,20031016
850131.SI,林业Ⅲ(申万)(退市),SW,申银万国指数,三级行业指数,19991230,1000.0,20031016
850135.SI,食品及饲料添加剂(申万),SW,申银万国指数,三级行业指数,19991230,1000.0,20211213
850136.SI,有机硅(申万),SW,申银万国指数,三级行业指数,19991230,1000.0,20211213
850137.SI,胶黏剂及胶带(申万),SW,申银万国指数,三级行业指数,19991230,1000.0,20211213
850141.SI,饲料Ⅲ(申万)(退市),SW,申银万国指数,三级行业指数,19991230,1000.0,20031016
850142.SI,畜禽饲料(申万),SW,申银万国指数,三级行业指数,19991230,1000.0,20211213
850143.SI,水产饲料(申万),SW,申银万国指数,三级行业指数,19991230,1000.0,20211213
850144.SI,宠物食品(申万),SW,申银万国指数,三级行业指数,19991230,1000.0,20211213
850151.SI,果蔬加工(申万),SW,申银万国指数,三级行业指数,19991230,1000.0,20031016
850152.SI,粮油加工(申万),SW,申银万国指数,三级行业指数,19991230,1000.0,20031016
850153.SI,畜禽加工(申万)(退市),SW,申银万国指数,行业指数,19991230,1000.0,20031016
850154.SI,其他农产品加工(申万),SW,申银万国指数,三级行业指数,19991230,1000.0,20031016
850161.SI,农业综合Ⅲ(申万)(退市),SW,申银万国指数,三级行业指数,19991230,1000.0,20031016
850171.SI,畜禽养殖Ⅲ(申万)(退市),SW,申银万国指数,三级行业指数,19991230,1000.0,20031016
850172.SI,生猪养殖(申万),SW,申银万国指数,三级行业指数,19991230,1000.0,20211213
850173.SI,肉鸡养殖(申万),SW,申银万国指数,三级行业指数,19991230,1000.0,20211213
850174.SI,其他养殖(申万),SW,申银万国指数,三级行业指数,19991230,1000.0,20211213
850181.SI,动物保健Ⅲ(申万),SW,申银万国指数,三级行业指数,19991230,1000.0,20031016
850191.SI,农业综合Ⅲ(申万),SW,申银万国指数,三级行业指数,19991230,1000.0,20211213
850211.SI,石油开采Ⅲ(申万)(退市),SW,申银万国指数,三级行业指数,19991230,1000.0,20031016
850221.SI,煤炭开采Ⅲ(申万)(退市),SW,申银万国指数,三级行业指数,19991230,1000.0,20031016
850222.SI,焦炭加工(申万)(退市),SW,申银万国指数,三级行业指数,19991230,1000.0,20031016
850231.SI,其他采掘Ⅲ(申万)(退市),SW,申银万国指数,三级行业指数,19991230,1000.0,20031016
850232.SI,汽车经销商(申万),SW,申银万国指数,三级行业指数,19991230,1000.0,20211213
850233.SI,汽车综合服务(申万),SW,申银万国指数,三级行业指数,19991230,1000.0,20211213
850241.SI,油气钻采服务(申万)(退市),SW,申银万国指数,三级行业指数,19991230,1000.0,20031016
850242.SI,其他采掘服务(申万)(退市),SW,申银万国指数,三级行业指数,19991230,1000.0,20031016
850311.SI,石油加工(申万)(退市),SW,申银万国指数,三级行业指数,19991230,1000.0,20031016
850312.SI,炼焦业(申万)(退市),SW,申银万国指数,行业指数,19991230,1000.0,20031016
850313.SI,石油贸易(申万)(退市),SW,申银万国指数,三级行业指数,19991230,1000.0,20031016
850321.SI,纯碱(申万)(退市),SW,申银万国指数,三级行业指数,19991230,1000.0,20031016
850322.SI,氯碱(申万),SW,申银万国指数,三级行业指数,19991230,1000.0,20031016
850323.SI,无机盐(申万),SW,申银万国指数,三级行业指数,19991230,1000.0,20031016
850324.SI,其他化学原料(申万),SW,申银万国指数,三级行业指数,19991230,1000.0,20031016
850325.SI,煤化工(申万),SW,申银万国指数,三级行业指数,19991230,1000.0,20211213
850326.SI,钛白粉(申万),SW,申银万国指数,三级行业指数,19991230,1000.0,20211213
850331.SI,氮肥(申万),SW,申银万国指数,三级行业指数,19991230,1000.0,20031016
850332.SI,磷肥及磷化工(申万),SW,申银万国指数,三级行业指数,19991230,1000.0,20031016
850333.SI,农药(申万),SW,申银万国指数,三级行业指数,19991230,1000.0,20031016
850334.SI,日用化学产品(申万)(退市),SW,申银万国指数,三级行业指数,19991230,1000.0,20031016
850335.SI,涂料油墨(申万),SW,申银万国指数,三级行业指数,19991230,1000.0,20031016
850336.SI,钾肥(申万)(退市),SW,申银万国指数,三级行业指数,19991230,1000.0,20031016
850337.SI,民爆制品(申万),SW,申银万国指数,三级行业指数,20080602,1000.0,20031016
850338.SI,纺织化学制品(申万),SW,申银万国指数,三级行业指数,20080602,1000.0,20031016
850339.SI,其他化学制品(申万),SW,申银万国指数,三级行业指数,20080602,1000.0,20031016
850341.SI,涤纶(申万),SW,申银万国指数,三级行业指数,19991230,1000.0,20031016
850342.SI,维纶(申万)(退市),SW,申银万国指数,三级行业指数,19991230,1000.0,20031016
850343.SI,粘胶(申万),SW,申银万国指数,三级行业指数,19991230,1000.0,20031016
850344.SI,其他化学纤维(申万)(退市),SW,申银万国指数,三级行业指数,19991230,1000.0,20031016
850345.SI,氨纶(申万)(退市),SW,申银万国指数,三级行业指数,20080605,1000.0,20031016
850346.SI,锦纶(申万),SW,申银万国指数,三级行业指数,19991230,1000.0,20211213
850351.SI,其他塑料制品(申万),SW,申银万国指数,三级行业指数,19991230,1000.0,20031016
850352.SI,合成革(申万)(退市),SW,申银万国指数,三级行业指数,19991230,1000.0,20031016
850353.SI,改性塑料(申万),SW,申银万国指数,三级行业指数,19991230,1000.0,20031016
850354.SI,合成树脂(申万),SW,申银万国指数,三级行业指数,19991230,1000.0,20211213
850355.SI,膜材料(申万),SW,申银万国指数,三级行业指数,19991230,1000.0,20211213
850361.SI,轮胎(申万)(退市),SW,申银万国指数,三级行业指数,19991230,1000.0,20031016
850362.SI,其他橡胶制品(申万),SW,申银万国指数,三级行业指数,20080602,1000.0,20031016
850363.SI,炭黑(申万),SW,申银万国指数,三级行业指数,19991230,1000.0,20031016
850364.SI,橡胶助剂(申万),SW,申银万国指数,三级行业指数,19991230,1000.0,20211213
850371.SI,其他化工新材料(申万)(退市),SW,申银万国指数,三级行业指数,19991230,1000.0,20031016
850372.SI,聚氨酯(申万),SW,申银万国指数,三级行业指数,19991230,1000.0,20031016
850373.SI,玻纤(申万)(退市),SW,申银万国指数,三级行业指数,19991230,1000.0,20031016
850381.SI,复合肥(申万),SW,申银万国指数,三级行业指数,19991230,1000.0,20031016
850382.SI,氟化工(申万),SW,申银万国指数,三级行业指数,19991230,1000.0,20031016
850383.SI,磷化工及磷酸盐(申万)(退市),SW,申银万国指数,三级行业指数,19991230,1000.0,20031016
850411.SI,普钢(申万)(退市),SW,申银万国指数,三级行业指数,19991230,1000.0,20031016
850412.SI,特钢Ⅲ(申万),SW,申银万国指数,三级行业指数,19991230,1000.0,20031016
850421.SI,金属制品Ⅲ(申万)(退市),SW,申银万国指数,行业指数,19991230,1000.0,20031016
850431.SI,铁矿石(申万),SW,申银万国指数,三级行业指数,19991230,1000.0,20211213
850432.SI,冶钢辅料(申万),SW,申银万国指数,三级行业指数,19991230,1000.0,20211213
850441.SI,长材(申万),SW,申银万国指数,三级行业指数,19991230,1000.0,20211213
850442.SI,板材(申万),SW,申银万国指数,三级行业指数,19991230,1000.0,20211213
850443.SI,钢铁管材(申万),SW,申银万国指数,三级行业指数,19991230,1000.0,20211213
850511.SI,有色金属冶炼Ⅲ(申万)(退市),SW,申银万国指数,行业指数,19991230,1000.0,20031016
850512.SI,铝(申万)(退市),SW,申银万国指数,三级行业指数,19991230,1000.0,20031016
850513.SI,铜(申万)(退市),SW,申银万国指数,三级行业指数,19991230,1000.0,20031016
850514.SI,铅锌(申万)(退市),SW,申银万国指数,三级行业指数,19991230,1000.0,20031016
850515.SI,黄金(申万)(退市),SW,申银万国指数,三级行业指数,19991230,1000.0,20031016
850516.SI,小金属(申万)(退市),SW,申银万国指数,三级行业指数,19991230,1000.0,20031016
850521.SI,其他金属新材料(申万),SW,申银万国指数,三级行业指数,19991230,1000.0,20031016
850522.SI,磁性材料(申万),SW,申银万国指数,三级行业指数,20080602,1000.0,20031016
850523.SI,非金属材料Ⅲ(申万),SW,申银万国指数,三级行业指数,19991230,,20140221
850531.SI,黄金(申万),SW,申银万国指数,三级行业指数,19991230,1000.0,20140221
850532.SI,白银(申万),SW,申银万国指数,三级行业指数,19991230,1000.0,20211213
850541.SI,稀土(申万)(退市),SW,申银万国指数,三级行业指数,19991230,1000.0,20140221
850542.SI,钨(申万)(退市),SW,申银万国指数,三级行业指数,19991230,1000.0,20140221
850543.SI,锂(申万)(退市),SW,申银万国指数,三级行业指数,19991230,1000.0,20140221
850544.SI,其他小金属(申万),SW,申银万国指数,三级行业指数,19991230,1000.0,20140221
850545.SI,钼(申万),SW,申银万国指数,三级行业指数,19991230,1000.0,20211213
850551.SI,铝(申万),SW,申银万国指数,三级行业指数,19991230,1000.0,20140221
850552.SI,铜(申万),SW,申银万国指数,三级行业指数,19991230,1000.0,20140221
850553.SI,铅锌(申万),SW,申银万国指数,三级行业指数,19991230,1000.0,20140221
850561.SI,钴(申万),SW,申银万国指数,三级行业指数,19991230,1000.0,20211213
850562.SI,镍(申万),SW,申银万国指数,三级行业指数,19991230,1000.0,20211213
850611.SI,玻璃制造Ⅲ(申万)(退市),SW,申银万国指数,三级行业指数,19991230,1000.0,20031016
850612.SI,水泥制造Ⅲ(申万)(退市),SW,申银万国指数,三级行业指数,19991230,1000.0,20031016
850613.SI,陶瓷制造(申万)(退市),SW,申银万国指数,三级行业指数,19991230,1000.0,20031016
850614.SI,其他建材(申万),SW,申银万国指数,三级行业指数,19991230,1000.0,20031016
850615.SI,耐火材料(申万),SW,申银万国指数,三级行业指数,19991230,1000.0,20031016
850616.SI,管材(申万),SW,申银万国指数,三级行业指数,19991230,1000.0,20031016
850617.SI,防水材料(申万),SW,申银万国指数,三级行业指数,19991230,1000.0,20211213
850618.SI,涂料(申万),SW,申银万国指数,三级行业指数,19991230,1000.0,20211213
850621.SI,建筑施工(申万)(退市),SW,申银万国指数,行业指数,19991230,1000.0,20031016
850622.SI,装饰园林(申万)(退市),SW,申银万国指数,三级行业指数,19991230,1000.0,20031016
850623.SI,房屋建设Ⅲ(申万),SW,申银万国指数,三级行业指数,19991230,1000.0,20031016
850624.SI,基础建设(申万)(退市),SW,申银万国指数,三级行业指数,19991230,1000.0,20031016
850625.SI,专业工程(申万)(退市),SW,申银万国指数,三级行业指数,19991230,1000.0,20031016
850702.SI,安防设备(申万),SW,申银万国指数,三级行业指数,19991230,1000.0,20211213
850703.SI,其他计算机设备(申万),SW,申银万国指数,三级行业指数,19991230,1000.0,20211213
850711.SI,机床工具(申万),SW,申银万国指数,三级行业指数,19991230,1000.0,20031016
850712.SI,机械基础件(申万)(退市),SW,申银万国指数,三级行业指数,19991230,1000.0,20031016
850713.SI,磨具磨料(申万),SW,申银万国指数,三级行业指数,19991230,1000.0,20031016
850714.SI,内燃机(申万)(退市),SW,申银万国指数,三级行业指数,19991230,1000.0,20031016
850715.SI,制冷空调设备(申万),SW,申银万国指数,三级行业指数,19991230,1000.0,20031016
850716.SI,其他通用设备(申万),SW,申银万国指数,三级行业指数,19991230,1000.0,20031016
850721.SI,纺织服装设备(申万),SW,申银万国指数,三级行业指数,19991230,1000.0,20031016
850722.SI,工程机械(申万)(退市),SW,申银万国指数,三级行业指数,19991230,1000.0,20031016
850723.SI,农用机械(申万)(退市),SW,申银万国指数,三级行业指数,19991230,1000.0,20031016
850724.SI,重型机械(申万)(退市),SW,申银万国指数,三级行业指数,19991230,1000.0,20031016
850725.SI,能源及重型设备(申万),SW,申银万国指数,三级行业指数,19991230,1000.0,20031016
850726.SI,印刷包装机械(申万),SW,申银万国指数,三级行业指数,19991230,1000.0,20031016
850727.SI,其他专用设备(申万),SW,申银万国指数,三级行业指数,19991230,1000.0,20031016
850728.SI,楼宇设备(申万),SW,申银万国指数,三级行业指数,19991230,1000.0,20031016
850729.SI,环保设备(申万)(退市),SW,申银万国指数,三级行业指数,19991230,1000.0,20031016
850731.SI,仪器仪表(申万),SW,申银万国指数,三级行业指数,19991230,1000.0,20031016
850741.SI,电机Ⅲ(申万),SW,申银万国指数,三级行业指数,19991230,1000.0,20031016
850742.SI,电气自控设备(申万)(退市),SW,申银万国指数,三级行业指数,19991230,1000.0,20031016
850743.SI,电源设备(申万)(退市),SW,申银万国指数,三级行业指数,19991230,1000.0,20031016
850744.SI,输变电设备(申万)(退市),SW,申银万国指数,三级行业指数,19991230,1000.0,20031016
850745.SI,其他电力设备(申万)(退市),SW,申银万国指数,三级行业指数,19991230,1000.0,20031016
850751.SI,金属制品(申万),SW,申银万国指数,三级行业指数,20080602,1000.0,20031016
850771.SI,工程机械整机(申万),SW,申银万国指数,三级行业指数,19991230,1000.0,20211213
850772.SI,工程机械器件(申万),SW,申银万国指数,三级行业指数,19991230,1000.0,20211213
850781.SI,机器人(申万),SW,申银万国指数,三级行业指数,19991230,1000.0,20211213
850782.SI,工控设备(申万),SW,申银万国指数,三级行业指数,19991230,1000.0,20211213
850783.SI,激光设备(申万),SW,申银万国指数,三级行业指数,19991230,1000.0,20211213
850784.SI,其他自动化设备(申万),SW,申银万国指数,三级行业指数,19991230,1000.0,20211213
850811.SI,集成电路(申万)(退市),SW,申银万国指数,三级行业指数,19991230,1000.0,20031016
850812.SI,分立器件(申万),SW,申银万国指数,三级行业指数,19991230,1000.0,20031016
850813.SI,半导体材料(申万),SW,申银万国指数,三级行业指数,19991230,1000.0,20031016
850814.SI,数字芯片设计(申万),SW,申银万国指数,三级行业指数,19991230,1000.0,20211213
850815.SI,模拟芯片设计(申万),SW,申银万国指数,三级行业指数,19991230,1000.0,20211213
850816.SI,集成电路制造(申万),SW,申银万国指数,三级行业指数,19991230,1000.0,20211213
850817.SI,集成电路封测(申万),SW,申银万国指数,三级行业指数,19991230,1000.0,20211213
850818.SI,半导体设备(申万),SW,申银万国指数,三级行业指数,19991230,1000.0,20211213
850821.SI,元件Ⅲ(申万)(退市),SW,申银万国指数,行业指数,19991230,1000.0,20031016
850822.SI,印制电路板(申万),SW,申银万国指数,三级行业指数,19991230,1000.0,20031016
850823.SI,被动元件(申万),SW,申银万国指数,三级行业指数,19991230,1000.0,20031016
850831.SI,面板(申万),SW,申银万国指数,三级行业指数,19991230,1000.0,20031016
850832.SI,LED(申万),SW,申银万国指数,三级行业指数,19991230,1000.0,20031016
850833.SI,光学元件(申万),SW,申银万国指数,三级行业指数,19991230,1000.0,20031016
850841.SI,其他电子Ⅲ(申万),SW,申银万国指数,三级行业指数,19991230,1000.0,20031016
850851.SI,电子系统组装(申万)(退市),SW,申银万国指数,三级行业指数,19991230,1000.0,20031016
850852.SI,电子零部件制造(申万)(退市),SW,申银万国指数,三级行业指数,19991230,1000.0,20031016
850853.SI,品牌消费电子(申万),SW,申银万国指数,三级行业指数,19991230,1000.0,20211213
850854.SI,消费电子零部件及组装(申万),SW,申银万国指数,三级行业指数,19991230,1000.0,20211213
850861.SI,电子化学品Ⅲ(申万),SW,申银万国指数,三级行业指数,19991230,1000.0,20211213
850911.SI,乘用车(申万)(退市),SW,申银万国指数,三级行业指数,19991230,1000.0,20031016
850912.SI,商用载货车(申万),SW,申银万国指数,三级行业指数,19991230,1000.0,20031016
850913.SI,商用载客车(申万),SW,申银万国指数,三级行业指数,19991230,1000.0,20031016
850914.SI,专用汽车(申万)(退市),SW,申银万国指数,三级行业指数,19991230,1000.0,20031016
850921.SI,汽车零部件Ⅲ(申万)(退市),SW,申银万国指数,三级行业指数,19991230,1000.0,20031016
850922.SI,车身附件及饰件(申万),SW,申银万国指数,三级行业指数,19991230,1000.0,20211213
850923.SI,底盘与发动机系统(申万),SW,申银万国指数,三级行业指数,19991230,1000.0,20211213
850924.SI,轮胎轮毂(申万),SW,申银万国指数,三级行业指数,19991230,1000.0,20211213
850925.SI,其他汽车零部件(申万),SW,申银万国指数,三级行业指数,19991230,1000.0,20211213
850926.SI,汽车电子电气系统(申万),SW,申银万国指数,三级行业指数,19991230,1000.0,20211213
850931.SI,摩托车(申万)(退市),SW,申银万国指数,三级行业指数,19991230,1000.0,20031016
850932.SI,农机设备(申万)(退市),SW,申银万国指数,行业指数,19991230,1000.0,20031016
850933.SI,其他交运设备(申万)(退市),SW,申银万国指数,行业指数,19991230,1000.0,20031016
850934.SI,航空航天设备(申万)(退市),SW,申银万国指数,三级行业指数,19991230,1000.0,20031016
850935.SI,航海装备Ⅲ(申万),SW,申银万国指数,三级行业指数,19991230,1000.0,20031016
850936.SI,轨交设备Ⅲ(申万),SW,申银万国指数,三级行业指数,19991230,1000.0,20031016
850937.SI,其他交运设备Ⅲ(申万)(退市),SW,申银万国指数,三级行业指数,19991230,1000.0,20031016
850941.SI,汽车服务Ⅲ(申万)(退市),SW,申银万国指数,三级行业指数,19991230,1000.0,20031016
850942.SI,其他交运设备服务(申万)(退市),SW,申银万国指数,三级行业指数,19991230,1000.0,20031016
850951.SI,电动乘用车(申万),SW,申银万国指数,三级行业指数,19991230,1000.0,20211213
850952.SI,综合乘用车(申万),SW,申银万国指数,三级行业指数,19991230,1000.0,20211213
851011.SI,交换设备(申万)(退市),SW,申银万国指数,行业指数,19991230,1000.0,20031016
851012.SI,终端设备(申万)(退市),SW,申银万国指数,三级行业指数,19991230,1000.0,20031016
851013.SI,通信传输设备(申万)(退市),SW,申银万国指数,三级行业指数,19991230,1000.0,20031016
851014.SI,通信配套服务(申万)(退市),SW,申银万国指数,三级行业指数,20080605,1000.0,20031016
851021.SI,计算机设备Ⅲ(申万)(退市),SW,申银万国指数,三级行业指数,19991230,1000.0,20031016
851024.SI,通信网络设备及器件(申万),SW,申银万国指数,三级行业指数,19991230,1000.0,20211213
851025.SI,通信线缆及配套(申万),SW,申银万国指数,三级行业指数,19991230,1000.0,20211213
851026.SI,通信终端及配件(申万),SW,申银万国指数,三级行业指数,19991230,1000.0,20211213
851027.SI,其他通信设备(申万),SW,申银万国指数,三级行业指数,19991230,1000.0,20211213
851041.SI,垂直应用软件(申万),SW,申银万国指数,三级行业指数,19991230,1000.0,20211213
851042.SI,横向通用软件(申万),SW,申银万国指数,三级行业指数,19991230,1000.0,20211213
851111.SI,冰箱(申万)(退市),SW,申银万国指数,三级行业指数,19991230,1000.0,20031016
851112.SI,空调(申万),SW,申银万国指数,三级行业指数,19991230,1000.0,20031016
851113.SI,洗衣机(申万)(退市),SW,申银万国指数,三级行业指数,19991230,1000.0,20031016
851114.SI,小家电(申万)(退市),SW,申银万国指数,三级行业指数,19991230,1000.0,20031016
851115.SI,家电零部件(申万)(退市),SW,申银万国指数,三级行业指数,19991230,1000.0,20031016
851116.SI,冰洗(申万),SW,申银万国指数,三级行业指数,19991230,1000.0,20211213
851121.SI,彩电(申万)(退市),SW,申银万国指数,三级行业指数,19991230,1000.0,20031016
851122.SI,其他黑色家电(申万),SW,申银万国指数,三级行业指数,19991230,1000.0,20031016
851131.SI,厨房小家电(申万),SW,申银万国指数,三级行业指数,19991230,1000.0,20211213
851132.SI,清洁小家电(申万),SW,申银万国指数,三级行业指数,19991230,1000.0,20211213
851133.SI,个护小家电(申万),SW,申银万国指数,三级行业指数,19991230,1000.0,20211213
851141.SI,厨房电器(申万),SW,申银万国指数,三级行业指数,19991230,1000.0,20211213
851142.SI,卫浴电器(申万),SW,申银万国指数,三级行业指数,19991230,1000.0,20211213
851151.SI,照明设备Ⅲ(申万),SW,申银万国指数,三级行业指数,19991230,1000.0,20211213
851161.SI,家电零部件Ⅲ(申万),SW,申银万国指数,三级行业指数,19991230,1000.0,20211213
851171.SI,其他家电Ⅲ(申万),SW,申银万国指数,三级行业指数,19991230,1000.0,20211213
851211.SI,肉制品(申万)(退市),SW,申银万国指数,行业指数,19991230,1000.0,20031016
851212.SI,制糖(申万)(退市),SW,申银万国指数,行业指数,19991230,1000.0,20031016
851213.SI,食品综合(申万)(退市),SW,申银万国指数,行业指数,19991230,1000.0,20031016
851221.SI,调味发酵品(申万)(退市),SW,申银万国指数,行业指数,19991230,1000.0,20031016
851222.SI,乳品(申万)(退市),SW,申银万国指数,行业指数,19991230,1000.0,20031016
851231.SI,白酒(申万)(退市),SW,申银万国指数,三级行业指数,19991230,1000.0,20031016
851232.SI,啤酒(申万),SW,申银万国指数,三级行业指数,19991230,1000.0,20031016
851233.SI,其他酒类(申万),SW,申银万国指数,三级行业指数,19991230,1000.0,20031016
851234.SI,软饮料(申万)(退市),SW,申银万国指数,三级行业指数,19991230,1000.0,20031016
851235.SI,葡萄酒(申万)(退市),SW,申银万国指数,三级行业指数,19991230,1000.0,20031016
851236.SI,黄酒(申万)(退市),SW,申银万国指数,三级行业指数,19991230,,20140221
851241.SI,肉制品(申万),SW,申银万国指数,三级行业指数,19991230,1000.0,20031016
851242.SI,调味发酵品Ⅲ(申万),SW,申银万国指数,三级行业指数,19991230,1000.0,20031016
851243.SI,乳品(申万),SW,申银万国指数,三级行业指数,19991230,1000.0,20031016
851244.SI,其他食品(申万)(退市),SW,申银万国指数,三级行业指数,19991230,1000.0,20031016
851246.SI,预加工食品(申万),SW,申银万国指数,三级行业指数,19991230,1000.0,20211213
851247.SI,保健品(申万),SW,申银万国指数,三级行业指数,19991230,1000.0,20211213
851251.SI,白酒Ⅲ(申万),SW,申银万国指数,三级行业指数,19991230,1000.0,20211213
851271.SI,软饮料(申万),SW,申银万国指数,三级行业指数,19991230,1000.0,20211213
851281.SI,零食(申万),SW,申银万国指数,三级行业指数,19991230,1000.0,20211213
851282.SI,烘焙食品(申万),SW,申银万国指数,三级行业指数,19991230,1000.0,20211213
851283.SI,熟食(申万),SW,申银万国指数,三级行业指数,19991230,1000.0,20211213
851311.SI,毛纺(申万)(退市),SW,申银万国指数,三级行业指数,19991230,1000.0,20031016
851312.SI,棉纺(申万),SW,申银万国指数,三级行业指数,19991230,1000.0,20031016
851313.SI,丝绸(申万)(退市),SW,申银万国指数,三级行业指数,19991230,1000.0,20031016
851314.SI,印染(申万),SW,申银万国指数,三级行业指数,19991230,1000.0,20031016
851315.SI,辅料(申万),SW,申银万国指数,三级行业指数,19991230,1000.0,20031016
851316.SI,其他纺织(申万),SW,申银万国指数,三级行业指数,19991230,1000.0,20031016
851317.SI,纺织鞋类制造(申万),SW,申银万国指数,三级行业指数,19991230,1000.0,20211213
851321.SI,服装Ⅲ(申万)(退市),SW,申银万国指数,行业指数,19991230,1000.0,20031016
851322.SI,男装(申万)(退市),SW,申银万国指数,三级行业指数,19991230,1000.0,20031016
851323.SI,女装(申万)(退市),SW,申银万国指数,三级行业指数,19991230,1000.0,20031016
851324.SI,休闲服装(申万)(退市),SW,申银万国指数,三级行业指数,19991230,1000.0,20031016
851325.SI,鞋帽及其他(申万),SW,申银万国指数,三级行业指数,19991230,1000.0,20031016
851326.SI,家纺(申万),SW,申银万国指数,三级行业指数,19991230,1000.0,20031016
851327.SI,其他服装(申万)(退市),SW,申银万国指数,三级行业指数,19991230,1000.0,20031016
851328.SI,运动服装(申万),SW,申银万国指数,三级行业指数,19991230,1000.0,20211213
851329.SI,非运动服装(申万),SW,申银万国指数,三级行业指数,19991230,1000.0,20211213
851331.SI,钟表珠宝(申万),SW,申银万国指数,三级行业指数,19991230,1000.0,20211213
851332.SI,多品类奢侈品(申万),SW,申银万国指数,三级行业指数,19991230,1000.0,20211213
851333.SI,其他饰品(申万),SW,申银万国指数,三级行业指数,19991230,1000.0,20211213
851411.SI,造纸Ⅲ(申万)(退市),SW,申银万国指数,三级行业指数,19991230,1000.0,20031016
851412.SI,大宗用纸(申万),SW,申银万国指数,三级行业指数,19991230,1000.0,20211213
851413.SI,特种纸(申万),SW,申银万国指数,三级行业指数,19991230,1000.0,20211213
851421.SI,包装印刷Ⅲ(申万)(退市),SW,申银万国指数,三级行业指数,19991230,1000.0,20031016
851422.SI,印刷(申万),SW,申银万国指数,三级行业指数,19991230,1000.0,20211213
851423.SI,金属包装(申万),SW,申银万国指数,三级行业指数,19991230,1000.0,20211213
851424.SI,塑料包装(申万),SW,申银万国指数,三级行业指数,19991230,1000.0,20211213
851425.SI,纸包装(申万),SW,申银万国指数,三级行业指数,19991230,1000.0,20211213
851426.SI,综合包装(申万),SW,申银万国指数,三级行业指数,19991230,1000.0,20211213
851431.SI,其他轻工制造Ⅲ(申万)(退市),SW,申银万国指数,行业指数,19991230,1000.0,20031016
851432.SI,家具(申万)(退市),SW,申银万国指数,三级行业指数,19991230,1000.0,20031016
851433.SI,其他家用轻工(申万)(退市),SW,申银万国指数,三级行业指数,19991230,1000.0,20031016
851434.SI,珠宝首饰(申万)(退市),SW,申银万国指数,三级行业指数,19991230,1000.0,20031016
851435.SI,文娱用品(申万)(退市),SW,申银万国指数,三级行业指数,19991230,1000.0,20031016
851436.SI,瓷砖地板(申万),SW,申银万国指数,三级行业指数,19991230,1000.0,20211213
851437.SI,成品家居(申万),SW,申银万国指数,三级行业指数,19991230,1000.0,20211213
851438.SI,定制家居(申万),SW,申银万国指数,三级行业指数,19991230,1000.0,20211213
851439.SI,卫浴制品(申万),SW,申银万国指数,三级行业指数,19991230,1000.0,20211213
851441.SI,其他轻工制造Ⅲ(申万)(退市),SW,申银万国指数,三级行业指数,19991230,1000.0,20031016
851451.SI,文化用品(申万),SW,申银万国指数,三级行业指数,19991230,1000.0,20211213
851452.SI,娱乐用品(申万),SW,申银万国指数,三级行业指数,19991230,1000.0,20211213
851491.SI,其他家居用品(申万),SW,申银万国指数,三级行业指数,19991230,1000.0,20211213
851511.SI,原料药(申万),SW,申银万国指数,三级行业指数,19991230,1000.0,20031016
851512.SI,化学制剂(申万),SW,申银万国指数,三级行业指数,19991230,1000.0,20031016
851513.SI,化学药(申万)(退市),SW,申银万国指数,行业指数,19991230,1000.0,20031016
851521.SI,中药Ⅲ(申万),SW,申银万国指数,三级行业指数,19991230,1000.0,20031016
851522.SI,血液制品(申万),SW,申银万国指数,三级行业指数,19991230,1000.0,20211213
851523.SI,疫苗(申万),SW,申银万国指数,三级行业指数,19991230,1000.0,20211213
851524.SI,其他生物制品(申万),SW,申银万国指数,三级行业指数,19991230,1000.0,20211213
851531.SI,生物制品Ⅲ(申万)(退市),SW,申银万国指数,三级行业指数,19991230,1000.0,20031016
851532.SI,医疗设备(申万),SW,申银万国指数,三级行业指数,19991230,1000.0,20211213
851533.SI,医疗耗材(申万),SW,申银万国指数,三级行业指数,19991230,1000.0,20211213
851534.SI,体外诊断(申万),SW,申银万国指数,三级行业指数,19991230,1000.0,20211213
851541.SI,医药商业Ⅲ(申万)(退市),SW,申银万国指数,三级行业指数,19991230,1000.0,20031016
851542.SI,医药流通(申万),SW,申银万国指数,三级行业指数,19991230,1000.0,20211213
851543.SI,线下药店(申万),SW,申银万国指数,三级行业指数,19991230,1000.0,20211213
851544.SI,互联网药店(申万),SW,申银万国指数,三级行业指数,19991230,1000.0,20211213
851551.SI,医疗器械Ⅲ(申万)(退市),SW,申银万国指数,三级行业指数,19991230,1000.0,20031016
851561.SI,医疗服务Ⅲ(申万)(退市),SW,申银万国指数,三级行业指数,19991230,1000.0,20031016
851562.SI,诊断服务(申万),SW,申银万国指数,三级行业指数,19991230,1000.0,20211213
851563.SI,医疗研发外包(申万),SW,申银万国指数,三级行业指数,19991230,1000.0,20211213
851564.SI,医院(申万),SW,申银万国指数,三级行业指数,19991230,1000.0,20211213
851565.SI,其他医疗服务(申万),SW,申银万国指数,三级行业指数,19991230,1000.0,20211213
851610.SI,电能综合服务(申万),SW,申银万国指数,三级行业指数,19991230,1000.0,20211213
851611.SI,火力发电(申万),SW,申银万国指数,三级行业指数,19991230,1000.0,20031016
851612.SI,水力发电(申万),SW,申银万国指数,三级行业指数,19991230,1000.0,20031016
851613.SI,燃机发电(申万)(退市),SW,申银万国指数,三级行业指数,19991230,1000.0,20031016
851614.SI,热力服务(申万),SW,申银万国指数,三级行业指数,19991230,1000.0,20031016
851615.SI,新能源发电(申万)(退市),SW,申银万国指数,三级行业指数,19991230,1000.0,20140221
851616.SI,光伏发电(申万),SW,申银万国指数,三级行业指数,19991230,1000.0,20211213
851617.SI,风力发电(申万),SW,申银万国指数,三级行业指数,19991230,1000.0,20211213
851618.SI,核力发电(申万),SW,申银万国指数,三级行业指数,19991230,1000.0,20211213
851619.SI,其他能源发电(申万),SW,申银万国指数,三级行业指数,19991230,1000.0,20211213
851621.SI,水务Ⅲ(申万)(退市),SW,申银万国指数,三级行业指数,19991230,1000.0,20031016
851631.SI,燃气Ⅲ(申万),SW,申银万国指数,三级行业指数,19991230,1000.0,20031016
851641.SI,环保工程及服务Ⅲ(申万)(退市),SW,申银万国指数,三级行业指数,19991230,1000.0,20031016
851711.SI,港口(申万),SW,申银万国指数,三级行业指数,19991230,1000.0,20031016
851721.SI,公交(申万),SW,申银万国指数,三级行业指数,19991230,1000.0,20031016
851731.SI,高速公路(申万),SW,申银万国指数,三级行业指数,19991230,1000.0,20031016
851741.SI,航空运输(申万),SW,申银万国指数,三级行业指数,19991230,1000.0,20031016
851751.SI,机场(申万)(退市),SW,申银万国指数,三级行业指数,19991230,1000.0,20031016
851761.SI,航运(申万),SW,申银万国指数,三级行业指数,19991230,1000.0,20031016
851771.SI,铁路运输(申万),SW,申银万国指数,三级行业指数,19991230,1000.0,20031016
851781.SI,物流Ⅲ(申万)(退市),SW,申银万国指数,三级行业指数,19991230,1000.0,20031016
851782.SI,原材料供应链服务(申万),SW,申银万国指数,三级行业指数,19991230,1000.0,20211213
851783.SI,中间产品及消费品供应链服务(申万),SW,申银万国指数,三级行业指数,19991230,1000.0,20211213
851784.SI,快递(申万),SW,申银万国指数,三级行业指数,19991230,1000.0,20211213
851785.SI,跨境物流(申万),SW,申银万国指数,三级行业指数,19991230,1000.0,20211213
851786.SI,仓储物流(申万),SW,申银万国指数,三级行业指数,19991230,1000.0,20211213
851787.SI,公路货运(申万),SW,申银万国指数,三级行业指数,19991230,1000.0,20211213
851811.SI,住宅开发(申万),SW,申银万国指数,三级行业指数,19991230,1000.0,20031016
851812.SI,商业地产(申万),SW,申银万国指数,三级行业指数,19991230,1000.0,20211213
851813.SI,产业地产(申万),SW,申银万国指数,三级行业指数,19991230,1000.0,20211213
851821.SI,园区开发Ⅲ(申万)(退市),SW,申银万国指数,三级行业指数,19991230,1000.0,20031016
851831.SI,物业管理(申万),SW,申银万国指数,三级行业指数,19991230,1000.0,20211213
851832.SI,房产租赁经纪(申万),SW,申银万国指数,三级行业指数,19991230,1000.0,20211213
851833.SI,房地产综合服务(申万),SW,申银万国指数,三级行业指数,19991230,1000.0,20211213
851911.SI,银行Ⅲ(申万)(退市),SW,申银万国指数,三级行业指数,19991230,1000.0,20031016
851921.SI,多元金融Ⅲ(申万)(退市),SW,申银万国指数,三级行业指数,19991230,1000.0,20031016
851922.SI,金融控股(申万),SW,申银万国指数,三级行业指数,19991230,1000.0,20211213
851923.SI,期货(申万),SW,申银万国指数,三级行业指数,19991230,1000.0,20211213
851924.SI,信托(申万),SW,申银万国指数,三级行业指数,19991230,1000.0,20211213
851925.SI,租赁(申万),SW,申银万国指数,三级行业指数,19991230,1000.0,20211213
851926.SI,金融信息服务(申万),SW,申银万国指数,三级行业指数,19991230,1000.0,20211213
851927.SI,资产管理(申万),SW,申银万国指数,三级行业指数,19991230,1000.0,20211213
851928.SI,其他多元金融(申万),SW,申银万国指数,三级行业指数,19991230,1000.0,20211213
851931.SI,证券Ⅲ(申万),SW,申银万国指数,三级行业指数,19991230,1000.0,20031016
851941.SI,保险Ⅲ(申万),SW,申银万国指数,三级行业指数,19991230,1000.0,20031016
852011.SI,百货零售(申万)(退市),SW,申银万国指数,三级行业指数,19991230,1000.0,20031016
852012.SI,专业连锁(申万)(退市),SW,申银万国指数,三级行业指数,19991230,1000.0,20031016
852013.SI,商业物业经营(申万)(退市),SW,申银万国指数,三级行业指数,19991230,1000.0,20031016
852021.SI,贸易Ⅲ(申万),SW,申银万国指数,三级行业指数,19991230,1000.0,20031016
852031.SI,百货(申万),SW,申银万国指数,三级行业指数,19991230,1000.0,20140221
852032.SI,超市(申万),SW,申银万国指数,三级行业指数,19991230,1000.0,20140221
852033.SI,多业态零售(申万),SW,申银万国指数,三级行业指数,19991230,1000.0,20140221
852034.SI,商业物业经营(申万),SW,申银万国指数,三级行业指数,19991230,1000.0,20211213
852041.SI,专业连锁Ⅲ(申万),SW,申银万国指数,三级行业指数,19991230,1000.0,20140221
852051.SI,一般物业经营(申万)(退市),SW,申银万国指数,三级行业指数,19991230,1000.0,20140221
852052.SI,专业市场(申万)(退市),SW,申银万国指数,三级行业指数,19991230,1000.0,20140221
852061.SI,综合电商(申万),SW,申银万国指数,三级行业指数,19991230,1000.0,20211213
852062.SI,跨境电商(申万),SW,申银万国指数,三级行业指数,19991230,1000.0,20211213
852063.SI,电商服务(申万),SW,申银万国指数,三级行业指数,19991230,1000.0,20211213
852071.SI,旅游零售Ⅲ(申万),SW,申银万国指数,三级行业指数,19991230,1000.0,20211213
852111.SI,人工景区(申万),SW,申银万国指数,三级行业指数,19991230,1000.0,20031016
852112.SI,自然景区(申万),SW,申银万国指数,三级行业指数,19991230,1000.0,20031016
852121.SI,酒店(申万),SW,申银万国指数,三级行业指数,19991230,1000.0,20031016
852131.SI,旅游综合(申万),SW,申银万国指数,三级行业指数,19991230,1000.0,20031016
852141.SI,餐饮(申万)(退市),SW,申银万国指数,三级行业指数,19991230,1000.0,20031016
852151.SI,其他休闲服务Ⅲ(申万)(退市),SW,申银万国指数,三级行业指数,19991230,1000.0,20140221
852161.SI,体育Ⅲ(申万),SW,申银万国指数,三级行业指数,19991230,1000.0,20211213
852171.SI,本地生活服务Ⅲ(申万),SW,申银万国指数,三级行业指数,19991230,1000.0,20211213
852181.SI,人力资源服务(申万),SW,申银万国指数,三级行业指数,19991230,1000.0,20211213
852182.SI,检测服务(申万),SW,申银万国指数,三级行业指数,19991230,1000.0,20211213
852183.SI,会展服务(申万),SW,申银万国指数,三级行业指数,19991230,1000.0,20211213
852184.SI,其他专业服务(申万),SW,申银万国指数,三级行业指数,19991230,1000.0,20211213
852211.SI,通信运营Ⅲ(申万)(退市),SW,申银万国指数,三级行业指数,19991230,1000.0,20031016
852212.SI,电信运营商(申万),SW,申银万国指数,三级行业指数,19991230,1000.0,20211213
852213.SI,通信工程及服务(申万),SW,申银万国指数,三级行业指数,19991230,1000.0,20211213
852214.SI,通信应用增值服务(申万),SW,申银万国指数,三级行业指数,19991230,1000.0,20211213
852221.SI,互联网信息服务(申万)(退市),SW,申银万国指数,三级行业指数,19991230,1000.0,20031016
852222.SI,移动互联网服务(申万)(退市),SW,申银万国指数,三级行业指数,19991230,1000.0,20031016
852223.SI,其他互联网服务(申万)(退市),SW,申银万国指数,三级行业指数,19991230,1000.0,20031016
852224.SI,有线电视网络(申万)(退市),SW,申银万国指数,三级行业指数,19991230,1000.0,20031016
852225.SI,软件开发(申万)(退市),SW,申银万国指数,三级行业指数,19991230,1000.0,20140221
852226.SI,IT服务Ⅲ(申万),SW,申银万国指数,三级行业指数,19991230,1000.0,20140221
852231.SI,计算机应用Ⅲ(申万)(退市),SW,申银万国指数,行业指数,19991230,1000.0,20031016
852232.SI,软件开发及服务(申万)(退市),SW,申银万国指数,三级行业指数,20080602,1000.0,20031016
852233.SI,系统集成(申万)(退市),SW,申银万国指数,三级行业指数,20080605,1000.0,20031016
852241.SI,平面媒体(申万)(退市),SW,申银万国指数,三级行业指数,19991230,1000.0,20031016
852242.SI,影视动漫(申万)(退市),SW,申银万国指数,三级行业指数,19991230,1000.0,20031016
852243.SI,营销服务(申万)(退市),SW,申银万国指数,三级行业指数,19991230,1000.0,20031016
852244.SI,其他文化传媒(申万)(退市),SW,申银万国指数,三级行业指数,19991230,1000.0,20031016
852311.SI,综合Ⅲ(申万),SW,申银万国指数,三级行业指数,19991230,1000.0,20031016
857111.SI,水泥制造(申万),SW,申银万国指数,三级行业指数,19991230,1000.0,20211213
857112.SI,水泥制品(申万),SW,申银万国指数,三级行业指数,19991230,1000.0,20211213
857121.SI,玻璃制造(申万),SW,申银万国指数,三级行业指数,19991230,1000.0,20211213
857122.SI,玻纤制造(申万),SW,申银万国指数,三级行业指数,19991230,1000.0,20211213
857221.SI,装修装饰Ⅲ(申万),SW,申银万国指数,三级行业指数,19991230,1000.0,20140221
857231.SI,城轨建设(申万)(退市),SW,申银万国指数,三级行业指数,19991230,1000.0,20140221
857232.SI,路桥施工(申万)(退市),SW,申银万国指数,三级行业指数,19991230,1000.0,20140221
857233.SI,水利工程(申万)(退市),SW,申银万国指数,三级行业指数,19991230,1000.0,20140221
857234.SI,铁路建设(申万)(退市),SW,申银万国指数,三级行业指数,19991230,1000.0,20140221
857235.SI,其他基础建设(申万)(退市),SW,申银万国指数,三级行业指数,19991230,1000.0,20140221
857236.SI,基建市政工程(申万),SW,申银万国指数,三级行业指数,19991230,1000.0,20211213
857241.SI,钢结构(申万),SW,申银万国指数,三级行业指数,19991230,1000.0,20140221
857242.SI,化学工程(申万),SW,申银万国指数,三级行业指数,19991230,1000.0,20140221
857243.SI,国际工程(申万),SW,申银万国指数,三级行业指数,19991230,1000.0,20140221
857244.SI,其他专业工程(申万),SW,申银万国指数,三级行业指数,19991230,1000.0,20140221
857251.SI,园林工程(申万),SW,申银万国指数,三级行业指数,19991230,1000.0,20140221
857261.SI,工程咨询服务Ⅲ(申万),SW,申银万国指数,三级行业指数,19991230,1000.0,20211213
857321.SI,电网自动化设备(申万),SW,申银万国指数,三级行业指数,19991230,1000.0,20140221
857322.SI,工控自动化(申万)(退市),SW,申银万国指数,三级行业指数,19991230,1000.0,20140221
857323.SI,电工仪器仪表(申万),SW,申银万国指数,三级行业指数,19991230,1000.0,20140221
857331.SI,综合电力设备商(申万)(退市),SW,申银万国指数,三级行业指数,19991230,1000.0,20140221
857332.SI,风电设备(申万)(退市),SW,申银万国指数,三级行业指数,19991230,1000.0,20140221
857333.SI,光伏设备(申万)(退市),SW,申银万国指数,三级行业指数,19991230,1000.0,20140221
857334.SI,火电设备(申万),SW,申银万国指数,三级行业指数,19991230,1000.0,20140221
857335.SI,储能设备(申万)(退市),SW,申银万国指数,三级行业指数,19991230,1000.0,20140221
857336.SI,其他电源设备Ⅲ(申万),SW,申银万国指数,三级行业指数,19991230,1000.0,20140221
857341.SI,高压设备(申万)(退市),SW,申银万国指数,三级行业指数,19991230,1000.0,20140221
857342.SI,中压设备(申万)(退市),SW,申银万国指数,三级行业指数,19991230,1000.0,20140221
857343.SI,低压设备(申万)(退市),SW,申银万国指数,三级行业指数,19991230,1000.0,20140221
857344.SI,线缆部件及其他(申万),SW,申银万国指数,三级行业指数,19991230,1000.0,20140221
857351.SI,硅料硅片(申万),SW,申银万国指数,三级行业指数,19991230,1000.0,20211213
857352.SI,光伏电池组件(申万),SW,申银万国指数,三级行业指数,19991230,1000.0,20211213
857353.SI,逆变器(申万),SW,申银万国指数,三级行业指数,19991230,1000.0,20211213
857354.SI,光伏辅材(申万),SW,申银万国指数,三级行业指数,19991230,1000.0,20211213
857355.SI,光伏加工设备(申万),SW,申银万国指数,三级行业指数,19991230,1000.0,20211213
857361.SI,风电整机(申万),SW,申银万国指数,三级行业指数,19991230,1000.0,20211213
857362.SI,风电零部件(申万),SW,申银万国指数,三级行业指数,19991230,1000.0,20211213
857371.SI,锂电池(申万),SW,申银万国指数,三级行业指数,19991230,1000.0,20211213
857372.SI,电池化学品(申万),SW,申银万国指数,三级行业指数,19991230,1000.0,20211213
857373.SI,锂电专用设备(申万),SW,申银万国指数,三级行业指数,19991230,1000.0,20211213
857374.SI,燃料电池(申万),SW,申银万国指数,三级行业指数,19991230,1000.0,20211213
857375.SI,蓄电池及其他电池(申万),SW,申银万国指数,三级行业指数,19991230,1000.0,20211213
857381.SI,输变电设备(申万),SW,申银万国指数,三级行业指数,19991230,1000.0,20211213
857382.SI,配电设备(申万),SW,申银万国指数,三级行业指数,19991230,1000.0,20211213
857411.SI,航天装备Ⅲ(申万),SW,申银万国指数,三级行业指数,19991230,1000.0,20140221
857421.SI,航空装备Ⅲ(申万),SW,申银万国指数,三级行业指数,19991230,1000.0,20140221
857431.SI,地面兵装Ⅲ(申万),SW,申银万国指数,三级行业指数,19991230,1000.0,20140221
857451.SI,军工电子Ⅲ(申万),SW,申银万国指数,三级行业指数,19991230,1000.0,20211213
857641.SI,游戏Ⅲ(申万),SW,申银万国指数,三级行业指数,19991230,1000.0,20211213
857651.SI,营销代理(申万),SW,申银万国指数,三级行业指数,19991230,1000.0,20211213
857652.SI,广告媒体(申万),SW,申银万国指数,三级行业指数,19991230,1000.0,20211213
857661.SI,影视动漫制作(申万),SW,申银万国指数,三级行业指数,19991230,1000.0,20211213
857662.SI,院线(申万),SW,申银万国指数,三级行业指数,19991230,1000.0,20211213
857671.SI,视频媒体(申万),SW,申银万国指数,三级行业指数,19991230,1000.0,20211213
857672.SI,音频媒体(申万),SW,申银万国指数,三级行业指数,19991230,1000.0,20211213
857673.SI,图片媒体(申万),SW,申银万国指数,三级行业指数,19991230,1000.0,20211213
857674.SI,门户网站(申万),SW,申银万国指数,三级行业指数,19991230,1000.0,20211213
857675.SI,文字媒体(申万),SW,申银万国指数,三级行业指数,19991230,1000.0,20211213
857676.SI,其他数字媒体(申万),SW,申银万国指数,三级行业指数,19991230,1000.0,20211213
857681.SI,社交Ⅲ(申万),SW,申银万国指数,三级行业指数,19991230,1000.0,20211213
857691.SI,教育出版(申万),SW,申银万国指数,三级行业指数,19991230,1000.0,20211213
857692.SI,大众出版(申万),SW,申银万国指数,三级行业指数,19991230,1000.0,20211213
857693.SI,其他出版(申万),SW,申银万国指数,三级行业指数,19991230,1000.0,20211213
857821.SI,国有大型银行Ⅲ(申万),SW,申银万国指数,三级行业指数,19991230,1000.0,20211213
857831.SI,股份制银行Ⅲ(申万),SW,申银万国指数,三级行业指数,19991230,1000.0,20211213
857841.SI,城商行Ⅲ(申万),SW,申银万国指数,三级行业指数,19991230,1000.0,20211213
857851.SI,农商行Ⅲ(申万),SW,申银万国指数,三级行业指数,19991230,1000.0,20211213
857861.SI,其他银行Ⅲ(申万),SW,申银万国指数,三级行业指数,19991230,1000.0,20211213
858811.SI,其他运输设备(申万),SW,申银万国指数,三级行业指数,20140220,1000.0,20140221
858812.SI,摩托车(申万),SW,申银万国指数,三级行业指数,19991230,1000.0,20211213
859511.SI,动力煤(申万),SW,申银万国指数,三级行业指数,19991230,1000.0,20211213
859512.SI,焦煤(申万),SW,申银万国指数,三级行业指数,19991230,1000.0,20211213
859521.SI,焦炭Ⅲ(申万),SW,申银万国指数,三级行业指数,19991230,1000.0,20211213
859611.SI,油气开采Ⅲ(申万),SW,申银万国指数,三级行业指数,19991230,1000.0,20211213
859621.SI,油田服务(申万),SW,申银万国指数,三级行业指数,19991230,1000.0,20211213
859622.SI,油气及炼化工程(申万),SW,申银万国指数,三级行业指数,19991230,1000.0,20211213
859631.SI,炼油化工(申万),SW,申银万国指数,三级行业指数,19991230,1000.0,20211213
859632.SI,油品石化贸易(申万),SW,申银万国指数,三级行业指数,19991230,1000.0,20211213
859633.SI,其他石化(申万),SW,申银万国指数,三级行业指数,19991230,1000.0,20211213
859711.SI,大气治理(申万),SW,申银万国指数,三级行业指数,19991230,1000.0,20211213
859712.SI,水务及水治理(申万),SW,申银万国指数,三级行业指数,19991230,1000.0,20211213
859713.SI,固废治理(申万),SW,申银万国指数,三级行业指数,19991230,1000.0,20211213
859714.SI,综合环境治理(申万),SW,申银万国指数,三级行业指数,19991230,1000.0,20211213
859721.SI,环保设备Ⅲ(申万),SW,申银万国指数,三级行业指数,19991230,1000.0,20211213
859811.SI,生活用纸(申万),SW,申银万国指数,三级行业指数,19991230,1000.0,20211213
859812.SI,洗护用品(申万),SW,申银万国指数,三级行业指数,19991230,1000.0,20211213
859821.SI,化妆品制造及其他(申万),SW,申银万国指数,三级行业指数,19991230,1000.0,20211213
859822.SI,品牌化妆品(申万),SW,申银万国指数,三级行业指数,19991230,1000.0,20211213
859831.SI,医美耗材(申万),SW,申银万国指数,三级行业指数,19991230,1000.0,20211213
859832.SI,医美服务(申万),SW,申银万国指数,三级行业指数,19991230,1000.0,20211213
859851.SI,学历教育(申万),SW,申银万国指数,三级行业指数,19991230,1000.0,20211213
859852.SI,培训教育(申万),SW,申银万国指数,三级行业指数,19991230,1000.0,20211213
859853.SI,教育运营及其他(申万),SW,申银万国指数,三级行业指数,19991230,1000.0,20211213
859931.SI,博彩(申万),SW,申银万国指数,三级行业指数,19991230,1000.0,20211213
859951.SI,电视广播Ⅲ(申万),SW,申银万国指数,三级行业指数,19991230,1000.0,20211213
860001.CJ,长江全A,OTH,长江证券股份有限公司,规模指数,20021231,1000.0,20211201
860800.MI,MSCI菲律宾,MSCI,MSCI指数,规模指数,19871231,100.0,19880429
861001.CJ,超大盘指数(长江),OTH,长江证券股份有限公司,规模指数,19991231,1000.0,20211201
861002.CJ,大盘指数(长江),OTH,长江证券股份有限公司,规模指数,19991231,1000.0,20211201
861003.CJ,中盘指数(长江),OTH,长江证券股份有限公司,规模指数,19991231,1000.0,20211201
861004.CJ,小盘指数(长江),OTH,长江证券股份有限公司,规模指数,19991231,1000.0,20211201
861005.CJ,超小盘指数(长江),OTH,长江证券股份有限公司,规模指数,20141231,1000.0,20211201
861012.CJ,行业中性大盘(长江),OTH,长江证券股份有限公司,风格指数,20051231,1000.0,20211201
861013.CJ,行业中性中盘(长江),OTH,长江证券股份有限公司,风格指数,20051231,1000.0,20211201
861014.CJ,行业中性小盘(长江),OTH,长江证券股份有限公司,风格指数,20051231,1000.0,20211201
861101.CJ,低估值指数(长江),OTH,长江证券股份有限公司,风格指数,19991231,1000.0,20211201
861102.CJ,高估值指数(长江),OTH,长江证券股份有限公司,风格指数,19991231,1000.0,20211201
861111.CJ,行业中性低估值(长江),OTH,长江证券股份有限公司,风格指数,20051231,1000.0,20211201
861121.CJ,大盘低估值(长江),OTH,长江证券股份有限公司,风格指数,19991231,1000.0,20211201
861122.CJ,大盘高估值(长江),OTH,长江证券股份有限公司,风格指数,19991231,1000.0,20211201
861131.CJ,中盘低估值(长江),OTH,长江证券股份有限公司,风格指数,19991231,1000.0,20211201
861132.CJ,中盘高估值(长江),OTH,长江证券股份有限公司,风格指数,19991231,1000.0,20211201
861141.CJ,小盘低估值(长江),OTH,长江证券股份有限公司,风格指数,19991231,1000.0,20211201
861142.CJ,小盘高估值(长江),OTH,长江证券股份有限公司,风格指数,19991231,1000.0,20211201
861201.CJ,成长指数(长江),OTH,长江证券股份有限公司,风格指数,19991231,1000.0,20211201
861202.CJ,低估值成长指数(长江),OTH,长江证券股份有限公司,风格指数,19991231,1000.0,20211201
861203.CJ,盈利质量成长(长江),OTH,长江证券股份有限公司,风格指数,19991231,1000.0,20211201
861204.CJ,双创成长(长江),OTH,长江证券股份有限公司,风格指数,20191231,1000.0,20220627
861205.CJ,双创成长动量(长江),OTH,长江证券股份有限公司,风格指数,20191231,1000.0,20220627
861206.CJ,双创成长反转(长江),OTH,长江证券股份有限公司,风格指数,20191231,1000.0,20220627
861207.CJ,沪深300成长（长江）,OTH,长江证券股份有限公司,风格指数,20051231,1000.0,20220910
861208.CJ,沪深300成长动量（长江）,OTH,长江证券股份有限公司,风格指数,20051231,1000.0,20220910
861209.CJ,沪深300成长反转（长江）,OTH,长江证券股份有限公司,风格指数,20051231,1000.0,20220910
861211.CJ,行业中性成长(长江),OTH,长江证券股份有限公司,风格指数,20051231,1000.0,20211201
861221.CJ,大盘成长指数(长江),OTH,长江证券股份有限公司,风格指数,19991231,1000.0,20211201
861231.CJ,中盘成长指数(长江),OTH,长江证券股份有限公司,风格指数,19991231,1000.0,20211201
861241.CJ,小盘成长指数(长江),OTH,长江证券股份有限公司,风格指数,19991231,1000.0,20211201
861301.CJ,高盈利质量指数(长江),OTH,长江证券股份有限公司,风格指数,19991231,1000.0,20211201
861302.CJ,PB-ROE指数(长江),OTH,长江证券股份有限公司,风格指数,20061231,1000.0,20211201
861303.CJ,价值稳健(长江),OTH,长江证券股份有限公司,风格指数,20061231,1000.0,20230327
861304.CJ,价值潜力(长江),OTH,长江证券股份有限公司,风格指数,20061231,1000.0,20230327
861305.CJ,盈利质量景气(长江),OTH,长江证券股份有限公司,风格指数,20061231,1000.0,20230327
861306.CJ,价值景气(长江),OTH,长江证券股份有限公司,风格指数,20061231,1000.0,20230327
861307.CJ,现金流质量50指数(长江),OTH,长江证券股份有限公司,风格指数,20061231,1000.0,20240904
861308.CJ,现金流价值除金融(长江),OTH,长江证券股份有限公司,风格指数,20061231,1000.0,20250218
861309.CJ,现金流价值(长江),OTH,长江证券股份有限公司,风格指数,20061231,1000.0,20250218
861310.CJ,现金流成长(长江),OTH,长江证券股份有限公司,风格指数,20061231,1000.0,20250218
861311.CJ,行业中性高盈利质量(长江),OTH,长江证券股份有限公司,风格指数,20051231,1000.0,20211201
861312.CJ,行业中性PB-ROE(长江),OTH,长江证券股份有限公司,风格指数,20061231,1000.0,20211201
861321.CJ,大盘高盈利质量(长江),OTH,长江证券股份有限公司,风格指数,19991231,1000.0,20211201
861331.CJ,中盘高盈利质量(长江),OTH,长江证券股份有限公司,风格指数,19991231,1000.0,20211201
861341.CJ,小盘高盈利质量(长江),OTH,长江证券股份有限公司,风格指数,19991231,1000.0,20211201
861401.CJ,红利指数(长江),OTH,长江证券股份有限公司,风格指数,20031231,1000.0,20211201
861402.CJ,潜在分红(长江),OTH,长江证券股份有限公司,风格指数,20061231,1000.0,20211201
861403.CJ,能源红利（长江）,OTH,长江证券股份有限公司,风格指数,20051231,1000.0,20220124
861404.CJ,原材料红利（长江）,OTH,长江证券股份有限公司,风格指数,20051231,1000.0,20220124
861405.CJ,工业红利（长江）,OTH,长江证券股份有限公司,风格指数,20051231,1000.0,20220124
861406.CJ,可选消费红利（长江）,OTH,长江证券股份有限公司,风格指数,20051231,1000.0,20220124
861407.CJ,必选消费红利（长江）,OTH,长江证券股份有限公司,风格指数,20051231,1000.0,20220124
861408.CJ,医疗红利（长江）,OTH,长江证券股份有限公司,风格指数,20051231,1000.0,20220124
861409.CJ,金融红利（长江）,OTH,长江证券股份有限公司,风格指数,20051231,1000.0,20220124
861410.CJ,信息技术与硬件红利（长江）,OTH,长江证券股份有限公司,风格指数,20051231,1000.0,20220124
861411.CJ,行业中性红利(长江),OTH,长江证券股份有限公司,风格指数,20051231,1000.0,20211201
861412.CJ,通讯业务红利（长江）,OTH,长江证券股份有限公司,风格指数,20051231,1000.0,20220124
861413.CJ,公用事业及服务红利（长江）,OTH,长江证券股份有限公司,风格指数,20051231,1000.0,20220124
861414.CJ,房地产及服务红利（长江）,OTH,长江证券股份有限公司,风格指数,20051231,1000.0,20220124
861415.CJ,国企红利质量(长江),OTH,长江证券股份有限公司,风格指数,20081231,1000.0,20230325
861416.CJ,红利低波(长江),OTH,长江证券股份有限公司,风格指数,20041231,1000.0,20230703
861417.CJ,红利质量(长江),OTH,长江证券股份有限公司,风格指数,20041231,1000.0,20230703
861421.CJ,大盘红利(长江),OTH,长江证券股份有限公司,风格指数,20031231,1000.0,20211201
861501.CJ,低波指数（长江）,OTH,长江证券股份有限公司,风格指数,19991231,1000.0,20220124
861502.CJ,高波指数（长江）,OTH,长江证券股份有限公司,风格指数,19991231,1000.0,20220124
861511.CJ,行业中性低波（长江）,OTH,长江证券股份有限公司,风格指数,20051231,1000.0,20220124
861512.CJ,行业中性高波（长江）,OTH,长江证券股份有限公司,风格指数,20051231,1000.0,20220124
861521.CJ,大盘低波（长江）,OTH,长江证券股份有限公司,风格指数,19991231,1000.0,20220124
861522.CJ,大盘高波（长江）,OTH,长江证券股份有限公司,风格指数,19991231,1000.0,20220124
861531.CJ,中盘低波（长江）,OTH,长江证券股份有限公司,风格指数,19991231,1000.0,20220124
861532.CJ,中盘高波（长江）,OTH,长江证券股份有限公司,风格指数,19991231,1000.0,20220124
861541.CJ,小盘低波（长江）,OTH,长江证券股份有限公司,风格指数,19991231,1000.0,20220124
861542.CJ,小盘高波（长江）,OTH,长江证券股份有限公司,风格指数,19991231,1000.0,20220124
861601.CJ,动量指数（长江）,OTH,长江证券股份有限公司,风格指数,19991231,1000.0,20220124
861611.CJ,行业中性动量（长江）,OTH,长江证券股份有限公司,风格指数,20051231,1000.0,20220124
861621.CJ,大盘动量（长江）,OTH,长江证券股份有限公司,风格指数,19991231,1000.0,20220124
861631.CJ,中盘动量（长江）,OTH,长江证券股份有限公司,风格指数,19991231,1000.0,20220124
861641.CJ,小盘动量（长江）,OTH,长江证券股份有限公司,风格指数,19991231,1000.0,20220124
861701.CJ,反转指数(长江),OTH,长江证券股份有限公司,风格指数,19991231,1000.0,20220221
861711.CJ,行业中性反转(长江),OTH,长江证券股份有限公司,风格指数,19991231,1000.0,20220221
861721.CJ,大盘反转(长江),OTH,长江证券股份有限公司,风格指数,19991231,1000.0,20220221
861731.CJ,中盘反转(长江),OTH,长江证券股份有限公司,风格指数,19991231,1000.0,20220221
861741.CJ,小盘反转(长江),OTH,长江证券股份有限公司,风格指数,19991231,1000.0,20220221
861801.CJ,低贝塔指数(长江),OTH,长江证券股份有限公司,风格指数,20031231,1000.0,20220328
861802.CJ,高贝塔指数(长江),OTH,长江证券股份有限公司,风格指数,20031231,1000.0,20220328
861821.CJ,大盘低贝塔(长江),OTH,长江证券股份有限公司,风格指数,20001231,1000.0,20220328
861822.CJ,大盘高贝塔(长江),OTH,长江证券股份有限公司,风格指数,20001231,1000.0,20220328
861831.CJ,中盘低贝塔(长江),OTH,长江证券股份有限公司,风格指数,20001231,1000.0,20220328
861832.CJ,中盘高贝塔(长江),OTH,长江证券股份有限公司,风格指数,20001231,1000.0,20220328
861841.CJ,小盘低贝塔(长江),OTH,长江证券股份有限公司,风格指数,20001231,1000.0,20220328
861842.CJ,小盘高贝塔(长江),OTH,长江证券股份有限公司,风格指数,20001231,1000.0,20220328
862001.CJ,长江能源龙头,OTH,长江证券股份有限公司,主题指数,20031230,1000.0,20220104
862002.CJ,长江原材料龙头,OTH,长江证券股份有限公司,主题指数,20031230,1000.0,20220104
862003.CJ,长江工业龙头,OTH,长江证券股份有限公司,主题指数,20031230,1000.0,20220104
862004.CJ,长江可选消费龙头,OTH,长江证券股份有限公司,主题指数,20031230,1000.0,20220104
862005.CJ,长江必选消费龙头,OTH,长江证券股份有限公司,主题指数,20031230,1000.0,20220104
862006.CJ,长江医疗龙头,OTH,长江证券股份有限公司,主题指数,20031230,1000.0,20220104
862007.CJ,长江金融龙头,OTH,长江证券股份有限公司,主题指数,20031230,1000.0,20220104
862008.CJ,长江信息技术与硬件龙头,OTH,长江证券股份有限公司,主题指数,20031230,1000.0,20220104
862009.CJ,长江通讯业务龙头,OTH,长江证券股份有限公司,主题指数,20031230,1000.0,20220104
862010.CJ,长江公用事业及服务龙头,OTH,长江证券股份有限公司,主题指数,20031230,1000.0,20220104
862011.CJ,长江房地产及服务龙头,OTH,长江证券股份有限公司,主题指数,20031230,1000.0,20220104
862100.CJ,医美（长江）,OTH,长江证券股份有限公司,主题指数,20191231,1000.0,20220104
862200.CJ,数字货币（长江）,OTH,长江证券股份有限公司,主题指数,20190701,1000.0,20220104
862201.CJ,东数西算（长江）,OTH,长江证券股份有限公司,主题指数,20210531,1000.0,20220815
862300.CJ,专精特新（长江）,OTH,长江证券股份有限公司,主题指数,20190531,1000.0,20220104
862301.CJ,专精特新精选（长江）,OTH,长江证券股份有限公司,主题指数,20190531,1000.0,20220104
862302.CJ,新型烟草（长江）,OTH,长江证券股份有限公司,主题指数,20180131,1000.0,20220104
862303.CJ,单项冠军(长江),OTH,长江证券股份有限公司,主题指数,20161230,1000.0,20220404
862304.CJ,单项冠军精选(长江),OTH,长江证券股份有限公司,主题指数,20161230,1000.0,20220404
862305.CJ,能效之星(长江),OTH,长江证券股份有限公司,主题指数,20121231,1000.0,20220417
862311.CJ,专精特新50(长江),OTH,长江证券股份有限公司,主题指数,20190531,1000.0,20230617
862321.CJ,专精特新100(长江),OTH,长江证券股份有限公司,主题指数,20190531,1000.0,20230617
862331.CJ,专精特新150(长江),OTH,长江证券股份有限公司,主题指数,20190531,1000.0,20230617
862400.CJ,碳中和(长江),OTH,长江证券股份有限公司,主题指数,20181130,1000.0,20220125
862401.CJ,低碳领袖30(长江),OTH,长江证券股份有限公司,主题指数,20181130,1000.0,20220125
862402.CJ,低碳领袖60(长江),OTH,长江证券股份有限公司,主题指数,20181130,1000.0,20220125
862403.CJ,减排先锋(长江),OTH,长江证券股份有限公司,主题指数,20181130,1000.0,20220125
862404.CJ,碳中性(长江),OTH,长江证券股份有限公司,主题指数,20181130,1000.0,20220125
862500.CJ,300ESG领先(长江),OTH,长江证券股份有限公司,主题指数,20180531,1000.0,20220830
862501.CJ,300环境领先(长江),OTH,长江证券股份有限公司,主题指数,20180531,1000.0,20220830
862502.CJ,300社会领先(长江),OTH,长江证券股份有限公司,主题指数,20180531,1000.0,20220830
862503.CJ,300治理领先(长江),OTH,长江证券股份有限公司,主题指数,20180531,1000.0,20220830
862600.CJ,长三角（长江）,OTH,长江证券股份有限公司,主题指数,20151231,1000.0,20221114
862601.CJ,珠三角（长江）,OTH,长江证券股份有限公司,主题指数,20151231,1000.0,20221114
862602.CJ,京津冀（长江）,OTH,长江证券股份有限公司,主题指数,20151231,1000.0,20221114
862603.CJ,川渝（长江）,OTH,长江证券股份有限公司,主题指数,20151231,1000.0,20221114
862604.CJ,中部崛起（长江）,OTH,长江证券股份有限公司,主题指数,20151231,1000.0,20221114
862605.CJ,乡村振兴全指（长江）,OTH,长江证券股份有限公司,主题指数,20171229,1000.0,20230512
862606.CJ,央国企(长江),OTH,长江证券股份有限公司,主题指数,20101231,1000.0,20230520
862610.CJ,长三角区域发展（长江）,OTH,长江证券股份有限公司,主题指数,20151231,1000.0,20221114
862611.CJ,珠三角区域发展（长江）,OTH,长江证券股份有限公司,主题指数,20151231,1000.0,20221114
862612.CJ,京津冀区域发展（长江）,OTH,长江证券股份有限公司,主题指数,20151231,1000.0,20221114
862613.CJ,川渝区域发展（长江）,OTH,长江证券股份有限公司,主题指数,20151231,1000.0,20221114
862614.CJ,中部崛起区域发展（长江）,OTH,长江证券股份有限公司,主题指数,20151231,1000.0,20221114
862615.CJ,乡村振兴100（长江）,OTH,长江证券股份有限公司,主题指数,20171229,1000.0,20230512
862616.CJ,央国企高质量发展(长江),OTH,长江证券股份有限公司,主题指数,20101231,1000.0,20230520
862620.CJ,长三角区域发展领先（长江）,OTH,长江证券股份有限公司,主题指数,20151231,1000.0,20221114
862621.CJ,珠三角区域发展领先（长江）,OTH,长江证券股份有限公司,主题指数,20151231,1000.0,20221114
862622.CJ,京津冀区域发展领先（长江）,OTH,长江证券股份有限公司,主题指数,20151231,1000.0,20221114
862623.CJ,川渝区域发展领先（长江）,OTH,长江证券股份有限公司,主题指数,20151231,1000.0,20221114
862624.CJ,中部崛起区域发展领先（长江）,OTH,长江证券股份有限公司,主题指数,20151231,1000.0,20221114
862626.CJ,央国企均衡发展(长江),OTH,长江证券股份有限公司,主题指数,20101231,1000.0,20230520
862900.CJ,基金重仓(长江),OTH,长江证券股份有限公司,主题指数,20061231,1000.0,20230715
862901.CJ,基金重仓50(长江),OTH,长江证券股份有限公司,主题指数,20061231,1000.0,20230715
862902.CJ,基金重仓100(长江),OTH,长江证券股份有限公司,主题指数,20061231,1000.0,20230715
862903.CJ,基金重仓200(长江),OTH,长江证券股份有限公司,主题指数,20061231,1000.0,20230715
862904.CJ,基金(除量化)重仓(长江),OTH,长江证券股份有限公司,主题指数,20061231,1000.0,20230715
862905.CJ,量化基金重仓(长江),OTH,长江证券股份有限公司,主题指数,20061231,1000.0,20230715
862906.CJ,非基金重仓(长江),OTH,长江证券股份有限公司,主题指数,20061231,1000.0,20230715
862907.CJ,北向重仓(长江),OTH,长江证券股份有限公司,主题指数,20170331,1000.0,20230819
862908.CJ,沪股通重仓(长江),OTH,长江证券股份有限公司,主题指数,20170331,1000.0,20230819
862909.CJ,深股通重仓(长江),OTH,长江证券股份有限公司,主题指数,20161231,1000.0,20230819
862910.CJ,北向重仓50(长江),OTH,长江证券股份有限公司,主题指数,20170331,1000.0,20230819
870200.MI,MSCI新加坡自由,MSCI,MSCI指数,规模指数,19871231,100.0,19930430
888888.FI,富时中国A股自由现金流聚焦指数,OTH,FTSE,策略指数,20131231,1000.0,20240729
888888R.FI,富时中国A股自由现金流聚焦全收益指数,OTH,FTSE,策略指数,20131231,1000.0,20240729
890100.MI,MSCI发达市场自由,MSCI,MSCI指数,规模指数,19871231,100.0,19890531
890300.MI,MSCI欧澳远东自由,MSCI,MSCI指数,规模指数,19871231,100.0,19871231
890800.MI,MSCI太平洋地区自由,MSCI,MSCI指数,规模指数,19871231,100.0,19930503
890900.MI,MSCI远东自由,MSCI,MSCI指数,规模指数,19871231,100.0,19940531
891400.MI,MSCI太平洋地区(除日本)自由,MSCI,MSCI指数,规模指数,19871231,100.0,19940531
891800.MI,MSCI新兴市场,MSCI,MSCI指数,规模指数,19871231,100.0,19880630
891900.MI,MSCI远东新兴市场,MSCI,MSCI指数,规模指数,19871231,100.0,19900531
892000.MI,MSCI拉美新兴市场,MSCI,MSCI指数,规模指数,19871231,100.0,19900531
892100.MI,MSCI远东全市场,MSCI,MSCI指数,规模指数,19871231,100.0,19900531
892200.MI,MSCI远东全市场(除日本),MSCI,MSCI指数,规模指数,19871231,100.0,19900531
892400.MI,MSCI全球,MSCI,MSCI指数,规模指数,19871231,100.0,19900531
898300.MI,MSCI太平洋全市场(除日本),MSCI,MSCI指数,规模指数,19871231,100.0,19940531
899001.CSI,三板成指,CSI,中证指数有限公司,规模指数,20141231,1000.0,20150318
899002.CSI,三板做市,CSI,中证指数有限公司,规模指数,20141231,1000.0,20150318
899003.CSI,创新成指,CSI,中证指数有限公司,规模指数,20181220,1000.0,20190114
899050.BJ,北证50,OTH,北京证券交易所,规模指数,20220429,1000.0,20221121
899050CNY01.CSI,北证50全收益,CSI,中证指数有限公司,规模指数,20220429,1000.0,20221121
899050CNY02.CSI,北证50净收益,CSI,中证指数有限公司,规模指数,20220429,1000.0,20221121
899301.CSI,三板龙头,CSI,中证指数有限公司,主题指数,20181220,1000.0,20190114
899302.CSI,三板制造,CSI,中证指数有限公司,主题指数,20181220,1000.0,20190114
899303.CSI,三板服务,CSI,中证指数有限公司,主题指数,20181220,1000.0,20190114
899304.CSI,三板医药,CSI,中证指数有限公司,主题指数,20181220,1000.0,20190114
899305.CSI,三板消费,CSI,中证指数有限公司,主题指数,20181220,1000.0,20190422
899306.CSI,三板研发,CSI,中证指数有限公司,主题指数,20181220,1000.0,20190422
899307.CSI,三板活跃,CSI,中证指数有限公司,主题指数,20181220,1000.0,20190422
899600.MI,MSCI欧澳和远东+新兴市场,MSCI,MSCI指数,规模指数,19871231,100.0,19930930
899601.BJ,北证专精特新,OTH,北京证券交易所,主题指数,20240628,1000.0,20250630
899601CNY010.BJ,北证专精特新全收益,OTH,北京证券交易所,主题指数,20240628,1000.0,20250630
899601CNY020.BJ,北证专精特新净收益,OTH,北京证券交易所,主题指数,20240628,1000.0,20250630
899700.MI,MSCI亚洲新兴市场,MSCI,MSCI指数,规模指数,19871231,100.0,19930930
899800.MI,MSCI亚洲(除日本),MSCI,MSCI指数,规模指数,19871231,100.0,19930930
899901.MI,MSCI全球(除美国),MSCI,MSCI指数,规模指数,19871231,100.0,19950331
899902.MI,MSCI美洲,MSCI,MSCI指数,规模指数,19871231,100.0,19871231
899903.MI,MSCI亚太地区(除日本),MSCI,MSCI指数,规模指数,19871231,100.0,19871231
899904.MI,MSCI全球(除日本),MSCI,MSCI指数,规模指数,19871231,100.0,19940531
903200.MI,MSCI阿根廷,MSCI,MSCI指数,规模指数,19871231,100.0,19880630
903600.MI,MSCI澳大利亚,MSCI,MSCI指数,规模指数,19691231,100.0,19691231
904000.MI,MSCI奥地利,MSCI,MSCI指数,规模指数,19691231,100.0,19691231
905600.MI,MSCI比利时,MSCI,MSCI指数,规模指数,19691231,100.0,19860331
907600.MI,MSCI巴西,MSCI,MSCI指数,规模指数,19871231,100.0,19880930
912400.MI,MSCI加拿大,MSCI,MSCI指数,规模指数,19691231,100.0,19860331
914400.MI,MSCI斯里兰卡,MSCI,MSCI指数,规模指数,19921231,100.0,19930930
915200.MI,MSCI智利,MSCI,MSCI指数,规模指数,19871231,100.0,19880331
915800.MI,MSCI台湾,MSCI,MSCI指数,规模指数,19871231,100.0,19890731
917000.MI,MSCI哥伦比亚,MSCI,MSCI指数,规模指数,19921231,100.0,19930430
920000.MI,MSCI捷克共和国,MSCI,MSCI指数,规模指数,19941230,100.0,19960629
920800.MI,MSCI丹麦,MSCI,MSCI指数,规模指数,19691231,100.0,19691231
921188.CSI,300欧元对冲全收益,CSI,中证指数有限公司,策略指数,20101231,1000.0,20191115
921260.CSI,互联互通A股投资全收益,CSI,中证指数有限公司,主题指数,20170331,1000.0,20191118
921261.CSI,全球电子竞技(全),CSI,中证指数有限公司,主题指数,20121231,1000.0,20191125
921262.CSI,全球电子竞技(全)HKD,CSI,中证指数有限公司,主题指数,20121231,1000.0,20191125
921263.CSI,全球电子竞技(全)USD,CSI,中证指数有限公司,主题指数,20121231,1000.0,20191125
921265.CSI,民企300全收益,CSI,中证指数有限公司,主题指数,20090630,1000.0,20191115
921266.CSI,民企贡献全收益,CSI,中证指数有限公司,主题指数,20131231,1000.0,20191115
921267.CSI,民企领先全收益,CSI,中证指数有限公司,主题指数,20121231,1000.0,20191115
921268.CSI,持续发展全收益,CSI,中证指数有限公司,主题指数,20140630,1000.0,20191115
921273.CSI,海南指数(全),CSI,中证指数有限公司,主题指数,20121231,1000.0,20191018
921341.CSI,大湾区高质发展(全),CSI,中证指数有限公司,主题指数,20141231,1000.0,20191018
921342.CSI,大湾区高质发展(全)HKD,CSI,中证指数有限公司,主题指数,20141231,1000.0,20191018
921343.CSI,大湾区价值蓝筹(全),CSI,中证指数有限公司,主题指数,20141231,1000.0,20191018
921344.CSI,大湾区价值蓝筹(全)HKD,CSI,中证指数有限公司,主题指数,20141231,1000.0,20191018
921345.CSI,大湾区红利低波(全),CSI,中证指数有限公司,主题指数,20141231,1000.0,20191018
921346.CSI,大湾区红利低波(全)HKD,CSI,中证指数有限公司,主题指数,20141231,1000.0,20191018
921347.CSI,大湾区科技领先(全),CSI,中证指数有限公司,主题指数,20141231,1000.0,20191018
921348.CSI,大湾区科技领先(全)HKD,CSI,中证指数有限公司,主题指数,20141231,1000.0,20191018
921349.CSI,大湾区先进制造(全),CSI,中证指数有限公司,主题指数,20141231,1000.0,20191018
921350.CSI,大湾区先进制造(全)HKD,CSI,中证指数有限公司,主题指数,20141231,1000.0,20191018
921351.CSI,大湾区消费升级(全),CSI,中证指数有限公司,主题指数,20141231,1000.0,20191018
921352.CSI,大湾区消费升级(全)HKD,CSI,中证指数有限公司,主题指数,20141231,1000.0,20191018
921353.CSI,CS科技全收益,CSI,中证指数有限公司,主题指数,20081231,1000.0,20191115
921354.CSI,CS消费全收益,CSI,中证指数有限公司,主题指数,20081231,1000.0,20191115
921355.CSI,CS周期全收益,CSI,中证指数有限公司,主题指数,20081231,1000.0,20191115
921356.CSI,民企创新全收益,CSI,中证指数有限公司,主题指数,20091231,1000.0,20191115
921357.CSI,优选消费50(全),CSI,中证指数有限公司,主题指数,20091231,1000.0,20191115
921358.CSI,优选消费50(全)HKD,CSI,中证指数有限公司,主题指数,20091231,1000.0,20191115
921371.CSI,品牌消费100全收益,CSI,中证指数有限公司,策略指数,20081231,1000.0,20191125
921372.CSI,浙江国资全收益,CSI,中证指数有限公司,主题指数,20121231,1000.0,20191209
921373.CSI,股息龙头全收益,CSI,中证指数有限公司,主题指数,20131231,1000.0,20191115
921374.CSI,交银理财长三角全收益(退市),CSI,中证指数有限公司,主题指数,20121231,1000.0,20191022
921375.CSI,300质量低波全收益,CSI,中证指数有限公司,策略指数,20041231,1000.0,20191125
921376.CSI,泰康红利LV全收益,CSI,中证指数有限公司,主题指数,20071231,1000.0,20191128
921377.CSI,经济成长全收益,CSI,中证指数有限公司,策略指数,20041231,1000.0,20191226
921378.CSI,AH经济成长(全),CSI,中证指数有限公司,策略指数,20041231,1000.0,20191226
921379.CSI,AH经济成长(全)HKD,CSI,中证指数有限公司,策略指数,20041231,1000.0,20191226
921380.CSI,科技50全收益,CSI,中证指数有限公司,主题指数,20140630,1000.0,20191125
921381.CSI,中证长三角全收益,CSI,中证指数有限公司,主题指数,20121231,1000.0,20191125
921382.CSI,智选300ESG领先全收益,CSI,中证指数有限公司,主题指数,20151231,1000.0,20191125
921383.CSI,CS医药50全收益,CSI,中证指数有限公司,主题指数,20141231,1000.0,20191226
921384.CSI,300美元对冲2全收益,CSI,中证指数有限公司,策略指数,20101231,1000.0,20191115
921385.CSI,500美元对冲2全收益,CSI,中证指数有限公司,策略指数,20101231,1000.0,20191115
921386.CSI,1000美元对冲2全收益,CSI,中证指数有限公司,策略指数,20101231,1000.0,20191115
921387.CSI,300瑞郎对冲全收益,CSI,中证指数有限公司,策略指数,20101231,1000.0,20191115
921393.CSI,湖北指数全收益,CSI,中证指数有限公司,主题指数,20121231,1000.0,20200204
921394.CSI,信息科技50全收益,CSI,中证指数有限公司,策略指数,20141231,1000.0,20200123
921395.CSI,沪港深300(全),CSI,中证指数有限公司,规模指数,20141114,1000.0,20200114
921396.CSI,沪港深300(全)HKD,CSI,中证指数有限公司,规模指数,20141114,1000.0,20200114
921397.CSI,A股通50全收益,CSI,中证指数有限公司,主题指数,20170331,1000.0,20200220
921398.CSI,A股通100全收益,CSI,中证指数有限公司,主题指数,20170331,1000.0,20200220
921402.CSI,证券先锋全收益,CSI,中证指数有限公司,策略指数,20131231,1000.0,20200114
921403.CSI,品牌工程全收益,CSI,中证指数有限公司,主题指数,20170825,1000.0,20200114
921404.CSI,SHS品牌消费50(全),CSI,中证指数有限公司,主题指数,20091231,1000.0,20200220
921405.CSI,SHS品牌消费50(全)HKD,CSI,中证指数有限公司,主题指数,20091231,1000.0,20200220
921406.CSI,5G50全收益,CSI,中证指数有限公司,主题指数,20151231,1000.0,20200220
921407.CSI,全球金矿(全),CSI,中证指数有限公司,主题指数,20141114,1000.0,20200220
921408.CSI,全球金矿(全)USD,CSI,中证指数有限公司,主题指数,20141114,1000.0,20200220
921409.CSI,SHS创新药(全),CSI,中证指数有限公司,主题指数,20141231,1000.0,20200220
921410.CSI,SHS创新药(全)HKD,CSI,中证指数有限公司,主题指数,20141231,1000.0,20200220
921412.CSI,证券公司30全收益,CSI,中证指数有限公司,主题指数,20131231,1000.0,20200220
921440.CSI,创新药30全收益,CSI,中证指数有限公司,主题指数,20141231,1000.0,20200421
921441.CSI,AI 50全收益,CSI,中证指数有限公司,主题指数,20121231,1000.0,20200506
921442.CSI,SHS科技100(全),CSI,中证指数有限公司,主题指数,20141114,3000.0,20200421
921443.CSI,SHS科技100(全)HKD,CSI,中证指数有限公司,主题指数,20141114,3000.0,20200421
921444.CSI,SHS高股息100(全)(退市),CSI,中证指数有限公司,主题指数,20141114,3000.0,20200421
921445.CSI,SHS高股息100(全)HKD(退市),CSI,中证指数有限公司,主题指数,20141114,3000.0,20200421
921446.CSI,东证红利低波全收益,CSI,中证指数有限公司,策略指数,20091231,1000.0,20200421
921447.CSI,科技先锋全收益,CSI,中证指数有限公司,主题指数,20140630,1000.0,20200421
921452.CSI,大湾区质量成长均衡(全),CSI,中证指数有限公司,主题指数,20161230,1000.0,20200313
921453.CSI,大湾区质量成长均衡(全)HKD,CSI,中证指数有限公司,主题指数,20161230,1000.0,20200313
921454.CSI,港股通消费(全),CSI,中证指数有限公司,主题指数,20141114,1000.0,20200306
921455.CSI,港股通消费(全)CNY,CSI,中证指数有限公司,主题指数,20141114,1000.0,20200306
921456.CSI,中国教育(全),CSI,中证指数有限公司,主题指数,20141231,1000.0,20200421
921457.CSI,中国教育(全)HKD,CSI,中证指数有限公司,主题指数,20141231,1000.0,20200421
921458.CSI,中国教育(全)USD,CSI,中证指数有限公司,主题指数,20141231,1000.0,20200421
921459.SH,中证800(全)USD,SSE,中证指数有限公司,规模指数,20041231,1000.0,20200311
921460.SH,中证1000(全)USD,SSE,中证指数有限公司,规模指数,20041231,1000.0,20200311
921461.CSI,电子50全收益,CSI,中证指数有限公司,主题指数,20081231,1000.0,20090722
921462.CSI,SHS中国教育(全)HKD,CSI,中证指数有限公司,主题指数,20141231,1000.0,20150731
921463.CSI,300ESG全收益,CSI,中证指数有限公司,主题指数,20170630,1000.0,20200430
921465.CSI,300ESG领先全收益,CSI,中证指数有限公司,主题指数,20170630,1000.0,20200430
921466.CSI,300ESG价值全收益,CSI,中证指数有限公司,策略指数,20170630,1000.0,20200430
921467.CSI,医药龙头全收益,CSI,中证指数有限公司,主题指数,20121231,1000.0,20200521
921468.CSI,红利质量全收益,CSI,中证指数有限公司,策略指数,20041231,1000.0,20200521
921469.CSI,云计算50全收益,CSI,中证指数有限公司,主题指数,20141231,1000.0,20200612
921470.CSI,SHS云计算(全),CSI,中证指数有限公司,主题指数,20141231,1000.0,20200421
921471.CSI,SHS云计算(全)HKD,CSI,中证指数有限公司,主题指数,20141231,1000.0,20200421
921474.CSI,SHS地产龙头(全),CSI,中证指数有限公司,主题指数,20141114,1000.0,20150313
921475.CSI,SHS地产龙头(全)HKD,CSI,中证指数有限公司,主题指数,20141114,1000.0,20150313
921476.CSI,ESG120策略全收益,CSI,中证指数有限公司,策略指数,20170630,1000.0,20200430
921477.CSI,华夏银行ESG全收益,CSI,中证指数有限公司,策略指数,20170630,1000.0,20200430
921478.CSI,苏州绿色发展全收益(退市),CSI,中证指数有限公司,主题指数,20170630,1000.0,20200925
921479.CSI,证券保险全收益,CSI,中证指数有限公司,二级行业指数,20151231,1000.0,20200506
921480.CSI,线上消费全收益,CSI,中证指数有限公司,主题指数,20141231,1000.0,20200506
921481.CSI,SHS线上消费(全),CSI,中证指数有限公司,主题指数,20141231,1000.0,20200506
921482.CSI,SHS线上消费(全)HKD,CSI,中证指数有限公司,主题指数,20141231,1000.0,20200506
921483.CSI,电子科技50全收益,CSI,中证指数有限公司,主题指数,20141231,1000.0,20200612
921484.CSI,CS医药创新全收益,CSI,中证指数有限公司,主题指数,20141231,1000.0,20200506
921485.CSI,MG沪港深120(全)(退市),CSI,中证指数有限公司,策略指数,20141114,1000.0,20200506
921486.CSI,MG沪港深120(全)HKD(退市),CSI,中证指数有限公司,策略指数,20141114,1000.0,20200506
921487.CSI,SHS人工智能50(全),CSI,中证指数有限公司,主题指数,20141231,1000.0,20200506
921488.CSI,SHS人工智能50(全)HKD,CSI,中证指数有限公司,主题指数,20141231,1000.0,20200506
921489.CSI,A股通策略全收益,CSI,中证指数有限公司,策略指数,20170331,1000.0,20200521
921491.CSI,5G 100全收益,CSI,中证指数有限公司,主题指数,20151231,1000.0,20200612
921492.CSI,SHS 5G 100(全),CSI,中证指数有限公司,主题指数,20151231,1000.0,20200612
921492HKD.CSI,SHS 5G 100(全)HKD,CSI,中证指数有限公司,主题指数,20151231,1000.0,20200612
921494.CSI,消费电子全收益,CSI,中证指数有限公司,主题指数,20121231,1000.0,20200612
921495.CSI,工业互联全收益,CSI,中证指数有限公司,主题指数,20141231,1000.0,20200708
921496.CSI,交银理财大湾区(全)(退市),CSI,中证指数有限公司,策略指数,20141231,1000.0,20200610
921496HKD.CSI,交银理财大湾区(全)HKD(退市),CSI,中证指数有限公司,策略指数,20141231,1000.0,20200610
921497.CSI,沪港深新基建(全),CSI,中证指数有限公司,主题指数,20141231,1000.0,20200707
921497HKD.CSI,沪港深新基建(全)HKD,CSI,中证指数有限公司,主题指数,20141231,1000.0,20200707
921512.CSI,周期50全收益,CSI,中证指数有限公司,主题指数,20041231,1000.0,20200717
921513.CSI,公共卫生全收益,CSI,中证指数有限公司,主题指数,20121231,1000.0,20200707
921520.CSI,科技50领先全收益(退市),CSI,中证指数有限公司,策略指数,20141231,1000.0,20200717
921521.CSI,高装细分50全收益,CSI,中证指数有限公司,主题指数,20121231,1000.0,20200708
921522.CSI,央企新动能全收益,CSI,中证指数有限公司,主题指数,20141231,1000.0,20200701
921523.CSI,SHS动漫游戏(全),CSI,中证指数有限公司,主题指数,20141114,1000.0,20200708
921523HKD.CSI,SHS动漫游戏(全)HKD,CSI,中证指数有限公司,主题指数,20141114,1000.0,20200708
921524.CSI,SHS科技龙头(全),CSI,中证指数有限公司,主题指数,20141114,1000.0,20200716
921524HKD.CSI,SHS科技龙头(全)HKD,CSI,中证指数有限公司,主题指数,20141114,1000.0,20200716
921525.CSI,兴业证券ESG盈利100全收益,CSI,中证指数有限公司,主题指数,20170630,1000.0,20200806
921526.CSI,企业核心竞争力50全收益,CSI,中证指数有限公司,主题指数,20170630,1000.0,20200824
924600.MI,MSCI芬兰,MSCI,MSCI指数,规模指数,19871231,100.0,19871231
925000.MI,MSCI法国,MSCI,MSCI指数,规模指数,19691231,100.0,19860331
928000.MI,MSCI德国,MSCI,MSCI指数,规模指数,19691231,100.0,19860331
930000.MI,MSCI希腊,MSCI,MSCI指数,规模指数,19871231,100.0,19891130
930050.CSI,中证A50,CSI,中证指数有限公司,规模指数,20141231,1000.0,20240102
930050CNY010.CSI,中证A50全收益,CSI,中证指数有限公司,规模指数,20141231,1000.0,20240102
930050CNY020.CSI,中证A50净收益,CSI,中证指数有限公司,规模指数,20141231,1000.0,20240102
930598.CSI,稀土产业,CSI,中证指数有限公司,主题指数,20111231,1000.0,20150302
930599.CSI,中证高装,CSI,中证指数有限公司,主题指数,20041231,1000.0,20150302
930601.CSI,中证软件,CSI,中证指数有限公司,主题指数,20041231,1000.0,20150310
930604.CSI,中国互联网30,CSI,中证指数有限公司,主题指数,20070629,1000.0,20150323
930605.CSI,中国互联网30(USD),CSI,中证指数有限公司,主题指数,20070629,1000.0,20150323
930606.CSI,中证钢铁,CSI,中证指数有限公司,主题指数,20081231,1000.0,20150331
930607.CSI,中证汽车,CSI,中证指数有限公司,主题指数,20041231,1000.0,20150331
930608.CSI,中证基建,CSI,中证指数有限公司,主题指数,20041231,1000.0,20150331
930611.CSI,中小国改,CSI,中证指数有限公司,主题指数,20131231,1000.0,20150407
930612.CSI,混合改革,CSI,中证指数有限公司,主题指数,20131231,1000.0,20150407
930613.CSI,非周民企,CSI,中证指数有限公司,主题指数,20091231,1000.0,20150407
930614.CSI,环保50,CSI,中证指数有限公司,主题指数,20111230,1000.0,20150407
930616.CSI,中证文体,CSI,中证指数有限公司,主题指数,20120629,1000.0,20150519
930617.CSI,军工信息,CSI,中证指数有限公司,主题指数,20091231,1000.0,20150416
930618.CSI,中证保险,CSI,中证指数有限公司,主题指数,20121231,1000.0,20150416
930619.CSI,黄金采掘,CSI,中证指数有限公司,主题指数,20111231,1000.0,20150416
930620.CSI,CSSW丝路,CSI,中证指数有限公司,主题指数,20081231,1000.0,20150423
930621.CSI,CSSW高铁,CSI,中证指数有限公司,主题指数,20081231,1000.0,20150423
930622.CSI,CSSW白酒,CSI,中证指数有限公司,行业指数,20041231,1000.0,20150423
930623.CSI,CS娱乐(退市),CSI,中证指数有限公司,主题指数,20110131,1000.0,20150428
930624.CSI,CS医药(退市),CSI,中证指数有限公司,主题指数,20081231,1000.0,20150428
930625.CSI,SHS互联网,CSI,中证指数有限公司,主题指数,20120629,1000.0,20150421
930626.CSI,沪港深内地保险,CSI,中证指数有限公司,主题指数,20070629,1000.0,20150421
930627.CSI,SHS互联网(HKD),CSI,中证指数有限公司,主题指数,20120629,1000.0,20150421
930628.CSI,沪港深内地保险HKD,CSI,中证指数有限公司,主题指数,20070629,1000.0,20150421
930629.CSI,CSSW健康,CSI,中证指数有限公司,主题指数,20081231,1000.0,20150508
930632.CSI,CS稀金属,CSI,中证指数有限公司,主题指数,20111231,1000.0,20150512
930633.CSI,中证旅游,CSI,中证指数有限公司,主题指数,20081231,1000.0,20150508
930634.CSI,CS土改农,CSI,中证指数有限公司,主题指数,20101231,1000.0,20150508
930635.CSI,CS智慧农,CSI,中证指数有限公司,主题指数,20101231,1000.0,20150508
930640.CSI,CSWD重组,CSI,中证指数有限公司,主题指数,20111230,1000.0,20150508
930641.CSI,中证中药,CSI,中证指数有限公司,主题指数,20041231,1000.0,20150519
930642.CSI,中证核电,CSI,中证指数有限公司,主题指数,20041231,1000.0,20150519
930643.CSI,CS轻资产,CSI,中证指数有限公司,主题指数,20041231,1000.0,20150519
930644.CSI,港股通中国内地(HKD),CSI,中证指数有限公司,主题指数,20141114,3000.0,20180814
930645.CSI,港股通中国内地(CNY),CSI,中证指数有限公司,主题指数,20141114,3000.0,20180814
930646.CSI,美股中国内地(USD),CSI,中证指数有限公司,规模指数,20070629,1000.0,20180814
930647.CSI,美股中国内地(CNY),CSI,中证指数有限公司,规模指数,20070629,1000.0,20180814
930648.CSI,CS智消费,CSI,中证指数有限公司,主题指数,20120629,1000.0,20150605
930649.CSI,中证安防,CSI,中证指数有限公司,主题指数,20120629,1000.0,20150624
930650.CSI,中证海洋,CSI,中证指数有限公司,主题指数,20091231,1000.0,20150529
930651.CSI,CS计算机,CSI,中证指数有限公司,主题指数,20041231,1000.0,20150605
930652.CSI,CS电子,CSI,中证指数有限公司,主题指数,20041231,1000.0,20150605
930653.CSI,CS食品饮,CSI,中证指数有限公司,主题指数,20041231,1000.0,20150605
930654.CSI,CS休闲娱,CSI,中证指数有限公司,主题指数,20041231,1000.0,20150605
930655.CSI,500两倍,CSI,中证指数有限公司,策略指数,20090630,3500.0,20150616
930656.CSI,500反向,CSI,中证指数有限公司,策略指数,20090630,3500.0,20150616
930657.CSI,500反两,CSI,中证指数有限公司,策略指数,20090630,3500.0,20150616
930660.CSI,CSSW体育,CSI,中证指数有限公司,主题指数,20081231,1000.0,20150624
930661.CSI,CSSW互金,CSI,中证指数有限公司,主题指数,20111230,1000.0,20150624
930662.CSI,CS现代农,CSI,中证指数有限公司,主题指数,20101231,1000.0,20150713
930663.CSI,中证创投(退市),CSI,中证指数有限公司,主题指数,20121231,1000.0,20150713
930667.CSI,300精明,CSI,中证指数有限公司,策略指数,20041231,1000.0,20150716
930668.CSI,300精明(HKD),CSI,中证指数有限公司,策略指数,20041231,1000.0,20150716
930669.CSI,300精明(USD),CSI,中证指数有限公司,策略指数,20041231,1000.0,20150716
930670.CSI,500商业,CSI,中证指数有限公司,二级行业指数,20041231,1000.0,20150707
930671.CSI,500运输,CSI,中证指数有限公司,二级行业指数,20041231,1000.0,20150707
930672.CSI,500资本品,CSI,中证指数有限公司,主题指数,20041231,1000.0,20150707
930673.CSI,500房地产,CSI,中证指数有限公司,一级行业指数,20041231,1000.0,20150707
930674.CSI,500零售,CSI,中证指数有限公司,二级行业指数,20041231,1000.0,20150707
930675.CSI,500媒体,CSI,中证指数有限公司,二级行业指数,20041231,1000.0,20150707
930676.CSI,500耐用,CSI,中证指数有限公司,二级行业指数,20041231,1000.0,20150707
930677.CSI,500汽车汽配,CSI,中证指数有限公司,二级行业指数,20041231,1000.0,20150707
930679.CSI,中证500电子,CSI,中证指数有限公司,二级行业指数,20041231,1000.0,20150707
930680.CSI,中证500计算机,CSI,中证指数有限公司,二级行业指数,20041231,1000.0,20150707
930681.CSI,中证500医药,CSI,中证指数有限公司,二级行业指数,20041231,1000.0,20150707
930682.CSI,500食品饮料,CSI,中证指数有限公司,二级行业指数,20041231,1000.0,20150707
930683.CSI,中证500电力设备,CSI,中证指数有限公司,二级行业指数,20041231,1000.0,20150707
930684.CSI,500机械,CSI,中证指数有限公司,二级行业指数,20041231,1000.0,20150707
930685.CSI,中证500建筑装饰,CSI,中证指数有限公司,二级行业指数,20041231,1000.0,20150707
930686.CSI,中证500一般零售,CSI,中证指数有限公司,三级行业指数,20041231,1000.0,20150707
930687.CSI,500纺织服装,CSI,中证指数有限公司,三级行业指数,20041231,1000.0,20150707
930688.CSI,中证500家用电器,CSI,中证指数有限公司,三级行业指数,20041231,1000.0,20150707
930689.CSI,500煤炭,CSI,中证指数有限公司,三级行业指数,20041231,1000.0,20150707
930690.CSI,中证500硬件,CSI,中证指数有限公司,三级行业指数,20041231,1000.0,20150707
930691.CSI,中证500化学药,CSI,中证指数有限公司,三级行业指数,20041231,1000.0,20150707
930692.CSI,500化学制品,CSI,中证指数有限公司,三级行业指数,20041231,1000.0,20150707
930693.CSI,500建筑材料,CSI,中证指数有限公司,三级行业指数,20041231,1000.0,20150707
930694.CSI,500有色,CSI,中证指数有限公司,二级行业指数,20041231,1000.0,20150707
930695.CSI,500农牧渔,CSI,中证指数有限公司,二级行业指数,20041231,1000.0,20150707
930696.CSI,500饮料,CSI,中证指数有限公司,主题指数,20041231,1000.0,20150707
930697.CSI,家用电器,CSI,中证指数有限公司,三级行业指数,20041231,1000.0,20150707
930698.CSI,CS水利,CSI,中证指数有限公司,主题指数,20120629,1000.0,20150731
930699.CSI,萧何重组(退市),CSI,中证指数有限公司,主题指数,20111230,1000.0,20150716
930700.CSI,CS上海,CSI,中证指数有限公司,主题指数,20121231,1000.0,20150709
930701.CSI,CS京津冀,CSI,中证指数有限公司,主题指数,20121231,1000.0,20150709
930702.CSI,CS西部,CSI,中证指数有限公司,主题指数,20121231,1000.0,20150709
930703.CSI,福建50,CSI,中证指数有限公司,主题指数,20121231,1000.0,20150709
930704.CSI,CS广东,CSI,中证指数有限公司,主题指数,20121231,1000.0,20150709
930705.CSI,电商数据(退市),CSI,中证指数有限公司,主题指数,20101231,1000.0,20150722
930706.CSI,中证水泥,CSI,中证指数有限公司,主题指数,20041231,1000.0,20150713
930707.CSI,中证畜牧,CSI,中证指数有限公司,主题指数,20111231,1000.0,20150713
930708.CSI,中证有色,CSI,中证指数有限公司,主题指数,20131231,1000.0,20150713
930709.CSI,香港证券,CSI,中证指数有限公司,主题指数,20121231,1000.0,20150713
930710.CSI,香港证券(CNY),CSI,中证指数有限公司,主题指数,20121231,1000.0,20150713
930711.CSI,CS智穿戴,CSI,中证指数有限公司,主题指数,20120629,1000.0,20150731
930712.CSI,CS物联网,CSI,中证指数有限公司,主题指数,20120629,1000.0,20150731
930713.CSI,CS人工智,CSI,中证指数有限公司,主题指数,20120629,1000.0,20150731
930715.CSI,CS朝阳88,CSI,中证指数有限公司,主题指数,20120131,1000.0,20150805
930716.CSI,CS物流,CSI,中证指数有限公司,主题指数,20111230,1000.0,20150731
930717.CSI,SHS中国教育,CSI,中证指数有限公司,主题指数,20141231,1000.0,20150731
930718.CSI,CS航运,CSI,中证指数有限公司,主题指数,20041231,1000.0,20150731
930719.CSI,CS精准医,CSI,中证指数有限公司,主题指数,20120629,1000.0,20150805
930720.CSI,CS互医疗,CSI,中证指数有限公司,主题指数,20120629,1000.0,20150805
930721.CSI,CS智汽车,CSI,中证指数有限公司,主题指数,20120629,1000.0,20150805
930722.CSI,CS互平台,CSI,中证指数有限公司,主题指数,20120629,1000.0,20150805
930723.CSI,沪港深F100,CSI,中证指数有限公司,策略指数,20141114,3000.0,20150805
930724.CSI,沪港深F100(HKD),CSI,中证指数有限公司,策略指数,20141114,3000.0,20150805
930725.CSI,CS车联网,CSI,中证指数有限公司,主题指数,20101231,1000.0,20150805
930726.CSI,CS生医,CSI,中证指数有限公司,主题指数,20120629,1000.0,20150805
930727.CSI,CS自贸区,CSI,中证指数有限公司,主题指数,20131231,1000.0,20150805
930728.CSI,CS乐园,CSI,中证指数有限公司,主题指数,20091231,1000.0,20150805
930730.CSI,银策消费(退市),CSI,中证指数有限公司,主题指数,20111231,1000.0,20150824
930732.CSI,CS中国造,CSI,中证指数有限公司,主题指数,20120629,1000.0,20150810
930733.CSI,CS互联+,CSI,中证指数有限公司,主题指数,20120629,1000.0,20150810
930734.CSI,360互联+,CSI,中证指数有限公司,主题指数,20121231,1000.0,20150810
930735.CSI,海外中国内地(CNY),CSI,中证指数有限公司,主题指数,20141114,1000.0,20180814
930736.CSI,海外中国内地(HKD),CSI,中证指数有限公司,主题指数,20141114,1000.0,20180814
930737.CSI,海外中国内地(USD),CSI,中证指数有限公司,主题指数,20141114,1000.0,20180814
930738.CSI,四川国改,CSI,中证指数有限公司,主题指数,20111231,1000.0,20180710
930739.CSI,银策100(退市),CSI,中证指数有限公司,主题指数,20101231,1000.0,20150824
930740.CSI,300红利低波,CSI,中证指数有限公司,策略指数,20041231,1000.0,20181204
930741.CSI,CS航空,CSI,中证指数有限公司,主题指数,20111231,1000.0,20150826
930742.CSI,中证电商,CSI,中证指数有限公司,主题指数,20121231,1000.0,20150826
930743.CSI,中证生科,CSI,中证指数有限公司,主题指数,20111231,1000.0,20150826
930744.CSI,中证信托(退市),CSI,中证指数有限公司,主题指数,20121231,1000.0,20150826
930745.CSI,CSWD数据,CSI,中证指数有限公司,主题指数,20121231,1000.0,20150826
930746.CSI,港中小企,CSI,中证指数有限公司,主题指数,20141114,3000.0,20150826
930747.CSI,港中小企(CNY),CSI,中证指数有限公司,主题指数,20141114,3000.0,20150826
930748.CSI,沪深300USD,CSI,中证指数有限公司,规模指数,20041231,1000.0,20151106
930749.CSI,沪深300USD(CNH),CSI,中证指数有限公司,规模指数,20041231,1000.0,20151106
930750.CSI,中证500USD,CSI,中证指数有限公司,规模指数,20041231,1000.0,20151106
930751.CSI,中证500USD(CNH),CSI,中证指数有限公司,规模指数,20041231,1000.0,20151106
930752.CSI,中证500HKD,CSI,中证指数有限公司,规模指数,20041231,1000.0,20151106
930753.CSI,中证500HKD(CNH),CSI,中证指数有限公司,规模指数,20041231,1000.0,20151106
930754.CSI,民企成长USD,CSI,中证指数有限公司,主题指数,20131213,1000.0,20151106
930755.CSI,民企成长USD(CNH),CSI,中证指数有限公司,主题指数,20131213,1000.0,20151106
930756.CSI,环保USD,CSI,中证指数有限公司,主题指数,20111230,1000.0,20151106
930757.CSI,环保USD(CNH),CSI,中证指数有限公司,主题指数,20111230,1000.0,20151106
930758.CSI,凤凰50,CSI,中证指数有限公司,策略指数,20121231,1000.0,20181121
930759.CSI,雪球100(退市),CSI,中证指数有限公司,主题指数,20121231,1000.0,20150915
930760.CSI,雪球智选(退市),CSI,中证指数有限公司,主题指数,20121231,1000.0,20150916
930762.CSI,雪球精选(退市),CSI,中证指数有限公司,主题指数,20121231,1000.0,20150915
930763.CSI,CS房天下(退市),CSI,中证指数有限公司,主题指数,20081231,1000.0,20150923
930764.CSI,艾瑞中国互联网(退市),CSI,中证指数有限公司,主题指数,20111230,1000.0,20151207
930765.CSI,艾瑞中国互联网(USD)(退市),CSI,中证指数有限公司,主题指数,20111230,1000.0,20151207
930766.CSI,民企高装主题,CSI,中证指数有限公司,主题指数,20120629,1000.0,20151029
930767.CSI,沪深300优选,CSI,中证指数有限公司,策略指数,20041231,1000.0,20151210
930768.CSI,沪深300优选(HKD),CSI,中证指数有限公司,策略指数,20041231,1000.0,20151210
930769.CSI,财富100(退市),CSI,中证指数有限公司,主题指数,20140131,1000.0,20151207
930770.CSI,财富188(退市),CSI,中证指数有限公司,主题指数,20131231,1000.0,20151207
930771.CSI,CS新能源,CSI,中证指数有限公司,主题指数,20111231,1000.0,20151216
930772.CSI,100两倍,CSI,中证指数有限公司,策略指数,20090630,3000.0,20151225
930773.CSI,100反向,CSI,中证指数有限公司,策略指数,20090630,3000.0,20151225
930774.CSI,100反两,CSI,中证指数有限公司,策略指数,20090630,3000.0,20151225
930776.CSI,CS增持,CSI,中证指数有限公司,策略指数,20111231,1000.0,20160114
930777.CSI,CS定增,CSI,中证指数有限公司,策略指数,20111231,1000.0,20160114
930778.CSI,CS高端造(退市),CSI,中证指数有限公司,主题指数,20111231,1000.0,20160120
930779.CSI,银商领先(退市),CSI,中证指数有限公司,主题指数,20111231,1000.0,20160120
930781.CSI,中证影视,CSI,中证指数有限公司,主题指数,20120629,1000.0,20160204
930782.CSI,500SNLV,CSI,中证指数有限公司,策略指数,20041231,1000.0,20160204
930783.CSI,CS英大EI,CSI,中证指数有限公司,主题指数,20131231,1000.0,20160204
930789.CSI,CSMA预期,CSI,中证指数有限公司,策略指数,20111231,1000.0,20160329
930790.CSI,CS娱乐TI,CSI,中证指数有限公司,主题指数,20121231,1000.0,20160322
930791.CSI,CS医药TI,CSI,中证指数有限公司,主题指数,20041231,1000.0,20160322
930792.CSI,HK银行(HKD),CSI,中证指数有限公司,主题指数,20141114,3000.0,20160422
930793.CSI,HK银行(CNY),CSI,中证指数有限公司,主题指数,20141114,3000.0,20160422
930794.CSI,中美互联网(CNY),CSI,中证指数有限公司,主题指数,20131231,1000.0,20160422
930795.CSI,中美互联网(USD),CSI,中证指数有限公司,主题指数,20131231,1000.0,20160422
930796.CSI,全球中国互联网(CNY),CSI,中证指数有限公司,主题指数,20131231,1000.0,20160422
930797.CSI,全球中国互联网(USD),CSI,中证指数有限公司,主题指数,20131231,1000.0,20160422
930820.CSI,CS高端制,CSI,中证指数有限公司,主题指数,20041231,1000.0,20160511
930821.CSI,中证VR,CSI,中证指数有限公司,主题指数,20120629,1000.0,20160511
930822.CSI,CS院校企(退市),CSI,中证指数有限公司,主题指数,20101231,1000.0,20160511
930835.CSI,环保专利(退市),CSI,中证指数有限公司,主题指数,20131231,1000.0,20160518
930836.CSI,沪港深高股息(CNY),CSI,中证指数有限公司,策略指数,20141114,3000.0,20160608
930837.CSI,沪港深高股息(HKD),CSI,中证指数有限公司,策略指数,20141114,3000.0,20160608
930838.CSI,CS高股息,CSI,中证指数有限公司,策略指数,20041231,1000.0,20160608
930839.CSI,港股通高息精选,CSI,中证指数有限公司,策略指数,20141114,3000.0,20160608
930840.CSI,港股通高息精选CNY,CSI,中证指数有限公司,策略指数,20141114,3000.0,20160608
930841.CSI,2025 退休,CSI,中证指数有限公司,策略指数,20051231,1000.0,20160715
930842.CSI,2035 退休,CSI,中证指数有限公司,策略指数,20051231,1000.0,20160715
930843.CSI,2045 退休,CSI,中证指数有限公司,策略指数,20051231,1000.0,20160715
930844.CSI,企业年金,CSI,中证指数有限公司,策略指数,20051231,1000.0,20160912
930845.CSI,CS供给侧,CSI,中证指数有限公司,主题指数,20131231,1000.0,20160624
930846.CSI,300SNLV,CSI,中证指数有限公司,策略指数,20041231,1000.0,20160624
930847.CSI,800SNLV,CSI,中证指数有限公司,策略指数,20041231,1000.0,20160624
930848.CSI,1000SNLV,CSI,中证指数有限公司,策略指数,20041231,1000.0,20160624
930850.CSI,智能制造,CSI,中证指数有限公司,主题指数,20120629,1000.0,20160720
930851.CSI,云计算,CSI,中证指数有限公司,主题指数,20120629,1000.0,20160720
930852.CSI,量子通信,CSI,中证指数有限公司,主题指数,20120629,1000.0,20160720
930853.CSI,海绵城市,CSI,中证指数有限公司,主题指数,20120629,1000.0,20160720
930854.CSI,水环境,CSI,中证指数有限公司,主题指数,20120629,1000.0,20160720
930855.CSI,CS质量成长,CSI,中证指数有限公司,策略指数,20050630,1000.0,20160712
930856.CSI,HK质量(HKD),CSI,中证指数有限公司,策略指数,20141114,3000.0,20160712
930857.CSI,HK质量(CNY),CSI,中证指数有限公司,策略指数,20141114,3000.0,20160712
930858.CSI,沪港深质量(CNY),CSI,中证指数有限公司,策略指数,20141114,3000.0,20160712
930859.CSI,沪港深质量(HKD),CSI,中证指数有限公司,策略指数,20141114,3000.0,20160712
930860.CSI,盈利质量,CSI,中证指数有限公司,策略指数,20050630,1000.0,20160712
930861.CSI,香港EQ(HKD),CSI,中证指数有限公司,策略指数,20141114,3000.0,20160712
930862.CSI,香港EQ(CNY),CSI,中证指数有限公司,策略指数,20141114,3000.0,20160712
930863.CSI,沪港深EQ(CNY),CSI,中证指数有限公司,策略指数,20141114,3000.0,20160712
930864.CSI,沪港深EQ(HKD),CSI,中证指数有限公司,策略指数,20141114,3000.0,20160712
930867.CSI,目标2055,CSI,中证指数有限公司,策略指数,20051231,1000.0,20160802
930868.CSI,目标2035,CSI,中证指数有限公司,策略指数,20051231,1000.0,20160802
930869.CSI,目标2045,CSI,中证指数有限公司,策略指数,20051231,1000.0,20160802
930875.CSI,空天军工,CSI,中证指数有限公司,主题指数,20110630,1000.0,20160817
930876.CSI,香港彩娱(HKD),CSI,中证指数有限公司,主题指数,20141114,3000.0,20160817
930877.CSI,香港彩娱(CNY),CSI,中证指数有限公司,主题指数,20141114,3000.0,20160817
930878.CSI,中国质量成长(CNY),CSI,中证指数有限公司,策略指数,20070630,1000.0,20160818
930879.CSI,中国质量成长(USD),CSI,中证指数有限公司,策略指数,20070630,1000.0,20160818
930880.CSI,中国盈利质量(CNY),CSI,中证指数有限公司,策略指数,20070630,1000.0,20160818
930881.CSI,中国盈利质量(USD),CSI,中证指数有限公司,策略指数,20070630,1000.0,20160818
930882.CSI,CS珠三角,CSI,中证指数有限公司,主题指数,20121231,1000.0,20160817
930883.CSI,创新驱动,CSI,中证指数有限公司,主题指数,20121231,1000.0,20161019
930884.CSI,300创新,CSI,中证指数有限公司,主题指数,20121231,1000.0,20161019
930885.CSI,500创新,CSI,中证指数有限公司,主题指数,20121231,1000.0,20161019
930887.CSI,300DRC,CSI,中证指数有限公司,策略指数,20041231,1000.0,20160818
930888.CSI,500DRC,CSI,中证指数有限公司,策略指数,20050331,1000.0,20160818
930899.CSI,全球消费50(CNY),CSI,中证指数有限公司,主题指数,20111230,1000.0,20161013
930899CNY10.CSI,全球消费50人民币中间价,CSI,中证指数有限公司,主题指数,20111230,1000.0,20161013
930899CNY11.CSI,全球消费50人民币中间价(全),CSI,中证指数有限公司,主题指数,20111230,1000.0,20161013
930900.CSI,全球消费50(USD),CSI,中证指数有限公司,主题指数,20111230,1000.0,20161013
930901.CSI,动漫游戏,CSI,中证指数有限公司,主题指数,20121231,1000.0,20161018
930902.CSI,中证数据,CSI,中证指数有限公司,主题指数,20121231,1000.0,20161018
930903.CSI,中证A股,CSI,中证指数有限公司,综合指数,19991231,1000.0,20161018
930904.CSI,中证PPP(退市),CSI,中证指数有限公司,主题指数,20131231,1000.0,20161107
930907.CSI,香港海外高股息(HKD),CSI,中证指数有限公司,策略指数,20141114,3000.0,20161107
930908.CSI,香港海外高股息(CNY),CSI,中证指数有限公司,策略指数,20141114,3000.0,20161107
930910.CSI,农牧渔,CSI,中证指数有限公司,二级行业指数,20041231,1000.0,20161212
930911.CSI,化学原料,CSI,中证指数有限公司,三级行业指数,20041231,1000.0,20161212
930912.CSI,GTJA Intl中国影视(CNY)(退市),CSI,中证指数有限公司,主题指数,20111230,1000.0,20161129
930913.CSI,GTJA Intl中国影视(HKD)(退市),CSI,中证指数有限公司,主题指数,20111230,1000.0,20161129
930914.CSI,港股通高股息(HKD),CSI,中证指数有限公司,主题指数,20141114,3000.0,20161125
930914CNY220.CSI,港股通高股息(净)CNY,CSI,中证指数有限公司,主题指数,20141114,3000.0,20231207
930915.CSI,港股通高股息(CNY),CSI,中证指数有限公司,主题指数,20141114,3000.0,20161125
930917.CSI,SHS高股息(CNY),CSI,中证指数有限公司,主题指数,20141114,3000.0,20161228
930918.CSI,SHS高股息(HKD),CSI,中证指数有限公司,主题指数,20141114,3000.0,20161228
930923.CSI,港中国中小(HKD),CSI,中证指数有限公司,主题指数,20091231,1000.0,20180928
930924.CSI,港中国中小(CNY),CSI,中证指数有限公司,主题指数,20091231,1000.0,20180928
930925.CSI,沪港深保险,CSI,中证指数有限公司,行业指数,20141231,1000.0,20181121
930926.CSI,沪港深保险HKD,CSI,中证指数有限公司,行业指数,20141231,1000.0,20181121
930927.CSI,CR基石,CSI,中证指数有限公司,主题指数,20050630,1000.0,20161223
930928.CSI,CR新动能,CSI,中证指数有限公司,主题指数,20130628,1000.0,20161223
930929.CSI,中证MARP,CSI,中证指数有限公司,策略指数,20071231,1000.0,20170109
930930.CSI,港股综合(HKD),CSI,中证指数有限公司,综合指数,20141114,3000.0,20170116
930931.CSI,港股通50(HKD),CSI,中证指数有限公司,规模指数,20141114,3000.0,20170116
930932.CSI,港股通内地证券,CSI,中证指数有限公司,主题指数,20151231,1000.0,20170116
930933.CSI,港股综合(CNY),CSI,中证指数有限公司,综合指数,20141114,3000.0,20170116
930934.CSI,港股通50(CNY),CSI,中证指数有限公司,规模指数,20141114,3000.0,20170116
930935.CSI,港股通内地证券CNY,CSI,中证指数有限公司,主题指数,20151231,1000.0,20170116
930936.CSI,国开成长(退市),CSI,中证指数有限公司,成长指数,20140630,1000.0,20170119
930937.CSI,稳健成长,CSI,中证指数有限公司,策略指数,20061229,1000.0,20170118
930938.CSI,500成长估值,CSI,中证指数有限公司,策略指数,20091231,1000.0,20181204
930939.CSI,500质量成长,CSI,中证指数有限公司,策略指数,20041231,1000.0,20181121
930942.CSI,300动态对冲,CSI,中证指数有限公司,策略指数,20101231,3128.261,20170428
930943.CSI,500动态对冲,CSI,中证指数有限公司,策略指数,20101231,4936.716,20170428
930944.CSI,1000动态对冲,CSI,中证指数有限公司,策略指数,20101231,5155.555,20170428
930945.CSI,香港新股(HKD),CSI,中证指数有限公司,主题指数,20041231,1000.0,20170317
930946.CSI,香港新股(CNY),CSI,中证指数有限公司,主题指数,20041231,1000.0,20170317
930947.CSI,中金300等权波控(退市),CSI,中证指数有限公司,策略指数,20071231,1000.0,20170223
930948.CSI,300 EWMR(退市),CSI,中证指数有限公司,策略指数,20041231,1000.0,20170223
930949.CSI,价值回报,CSI,中证指数有限公司,策略指数,20051230,1000.0,20170224
930953.CSI,中信大类资产(退市),CSI,中证指数有限公司,策略指数,20061229,1000.0,20170526
930955.CSI,红利低波100,CSI,中证指数有限公司,策略指数,20051230,1000.0,20170526
930956.CSI,绿色投资,CSI,中证指数有限公司,主题指数,20120629,1000.0,20170526
930957.CSI,港股通中国100,CSI,中证指数有限公司,主题指数,20141114,3000.0,20170623
930958.CSI,港股通中国100CNY,CSI,中证指数有限公司,主题指数,20141114,3000.0,20170623
930959.CSI,港股通海外50,CSI,中证指数有限公司,主题指数,20141114,3000.0,20170623
930960.CSI,港股通能源C,CSI,中证指数有限公司,一级行业指数,20141114,3000.0,20170623
930961.CSI,港股通材料C,CSI,中证指数有限公司,一级行业指数,20141114,3000.0,20170623
930962.CSI,港股通工业C,CSI,中证指数有限公司,行业指数,20141114,3000.0,20170623
930964.CSI,港股通消费C,CSI,中证指数有限公司,一级行业指数,20141114,3000.0,20170623
930965.CSI,港股通医药C,CSI,中证指数有限公司,一级行业指数,20141114,3000.0,20170623
930966.CSI,港股通金融C,CSI,中证指数有限公司,行业指数,20141114,3000.0,20170623
930967.CSI,港股通信息C,CSI,中证指数有限公司,一级行业指数,20141114,3000.0,20170623
930968.CSI,港股通通信C,CSI,中证指数有限公司,一级行业指数,20141114,3000.0,20170623
930969.CSI,港股通公用C,CSI,中证指数有限公司,行业指数,20141114,3000.0,20170623
930970.CSI,港股通能源CCNY,CSI,中证指数有限公司,一级行业指数,20141114,3000.0,20170623
930971.CSI,港股通材料CCNY,CSI,中证指数有限公司,一级行业指数,20141114,3000.0,20170623
930972.CSI,港股通工业CCNY,CSI,中证指数有限公司,行业指数,20141114,3000.0,20170623
930974.CSI,港股通消费CCNY,CSI,中证指数有限公司,一级行业指数,20141114,3000.0,20170623
930975.CSI,港股通医药CCNY,CSI,中证指数有限公司,一级行业指数,20141114,3000.0,20170623
930976.CSI,港股通金融CCNY,CSI,中证指数有限公司,行业指数,20141114,3000.0,20170623
930977.CSI,港股通信息CCNY,CSI,中证指数有限公司,一级行业指数,20141114,3000.0,20170623
930978.CSI,港股通通信CCNY,CSI,中证指数有限公司,二级行业指数,20141114,3000.0,20170623
930979.CSI,港股通公用CCNY,CSI,中证指数有限公司,行业指数,20141114,3000.0,20170623
930980.CSI,港股通海外50CNY,CSI,中证指数有限公司,主题指数,20141114,3000.0,20170623
930981.CSI,东北指数,CSI,中证指数有限公司,主题指数,20131231,1000.0,20170614
930983.CSI,MG200(退市),CSI,中证指数有限公司,主题指数,20071231,1000.0,20170615
930984.CSI,MG新经济(退市),CSI,中证指数有限公司,主题指数,20071228,1000.0,20170615
930985.CSI,500LBLV,CSI,中证指数有限公司,策略指数,20041231,1000.0,20170622
930986.CSI,金融科技,CSI,中证指数有限公司,主题指数,20140630,1000.0,20170622
930987.CSI,安徽发展,CSI,中证指数有限公司,主题指数,20131231,1000.0,20190320
930992.CSI,沪港深红利低波(CNY),CSI,中证指数有限公司,策略指数,20141114,3000.0,20170628
930993.CSI,沪港深红利低波(HKD),CSI,中证指数有限公司,策略指数,20141114,3000.0,20170628
930997.CSI,新能源车,CSI,中证指数有限公司,主题指数,20141231,1000.0,20170719
930998.CSI,港股通大湾区,CSI,中证指数有限公司,主题指数,20161230,1000.0,20170719
930999.CSI,SHS大湾区(CNY),CSI,中证指数有限公司,主题指数,20161230,1000.0,20170719
931000.CSI,大湾区,CSI,中证指数有限公司,主题指数,20161230,1000.0,20170719
931001.CSI,港股通大湾区CNY,CSI,中证指数有限公司,主题指数,20161230,1000.0,20170719
931002.CSI,SHS大湾区(HKD),CSI,中证指数有限公司,主题指数,20161230,1000.0,20170719
931004.CSI,女性消费,CSI,中证指数有限公司,主题指数,20091231,1000.0,20170721
931005.CSI,母婴消费,CSI,中证指数有限公司,主题指数,20091231,1000.0,20170721
931006.CSI,老年消费,CSI,中证指数有限公司,主题指数,20091231,1000.0,20170721
931008.CSI,汽车指数,CSI,中证指数有限公司,主题指数,20041231,1000.0,20130715
931009.CSI,建筑材料,CSI,中证指数有限公司,主题指数,20041231,1000.0,20130715
931011.CSI,CS医药创新(退市),CSI,中证指数有限公司,主题指数,20121231,1000.0,20170831
931013.CSI,消费低波,CSI,中证指数有限公司,策略指数,20041231,1000.0,20171018
931014.CSI,成长低波,CSI,中证指数有限公司,策略指数,20041231,1000.0,20171018
931019.CSI,香港汽车,CSI,中证指数有限公司,主题指数,20161230,1000.0,20220721
931019CNY100.CSI,香港汽车人民币中间价,CSI,中证指数有限公司,主题指数,20161230,1000.0,20220721
931019CNY110.CSI,香港汽车人民币中间价(全),CSI,中证指数有限公司,主题指数,20161230,1000.0,20220721
931019CNY200.CSI,香港汽车CNY,CSI,中证指数有限公司,主题指数,20161230,1000.0,20220721
931019CNY210.CSI,香港汽车(全)CNY,CSI,中证指数有限公司,主题指数,20161230,1000.0,20220721
931019HKD210.CSI,香港汽车(全),CSI,中证指数有限公司,主题指数,20161230,1000.0,20220721
931020.CSI,装配建筑,CSI,中证指数有限公司,主题指数,20151231,1000.0,20171017
931021.CSI,家电龙头,CSI,中证指数有限公司,主题指数,20041231,1000.0,20171017
931022.CSI,大气治理,CSI,中证指数有限公司,主题指数,20111231,1000.0,20171017
931023.CSI,北京50,CSI,中证指数有限公司,主题指数,20121231,1000.0,20171030
931024.CSI,港股通非银,CSI,中证指数有限公司,主题指数,20141114,3000.0,20171106
931025.CSI,港股通地产,CSI,中证指数有限公司,主题指数,20141114,3000.0,20171106
931026.CSI,港股通TMT,CSI,中证指数有限公司,主题指数,20141114,3000.0,20171106
931027.CSI,港股通大消费,CSI,中证指数有限公司,主题指数,20141114,3000.0,20171106
931028.CSI,港股通非银CNY,CSI,中证指数有限公司,主题指数,20141114,3000.0,20171106
931029.CSI,港股通地产CNY,CSI,中证指数有限公司,主题指数,20141114,3000.0,20171106
931030.CSI,港股通 TMTCNY,CSI,中证指数有限公司,主题指数,20141114,3000.0,20171106
931031.CSI,港股通大消费CNY,CSI,中证指数有限公司,主题指数,20141114,3000.0,20171106
931032.CSI,复兴100,CSI,中证指数有限公司,主题指数,20121231,1000.0,20171106
931033.CSI,杭州湾区,CSI,中证指数有限公司,主题指数,20091231,1000.0,20171108
931034.CSI,南方2025,CSI,中证指数有限公司,策略指数,20051230,1000.0,20180118
931035.CSI,南方2035,CSI,中证指数有限公司,策略指数,20051230,1000.0,20180118
931036.CSI,南方2045,CSI,中证指数有限公司,策略指数,20051230,1000.0,20180118
931037.CSI,绿色领先,CSI,中证指数有限公司,主题指数,20150630,1000.0,20180104
931038.CSI,A100AH,CSI,中证指数有限公司,策略指数,20051230,1000.0,20171206
931039.CSI,银行AH,CSI,中证指数有限公司,策略指数,20041231,1000.0,20171206
931040.CSI,证券AH,CSI,中证指数有限公司,策略指数,20070630,1000.0,20171206
931041.CSI,证保AH,CSI,中证指数有限公司,策略指数,20041231,1000.0,20171206
931042.CSI,能源AH,CSI,中证指数有限公司,策略指数,20041231,1000.0,20171206
931043.CSI,央企AH,CSI,中证指数有限公司,策略指数,20081231,1000.0,20171206
931044.CSI,国企AH,CSI,中证指数有限公司,策略指数,20090630,1000.0,20171206
931045.CSI,A100AH(HKD),CSI,中证指数有限公司,策略指数,20051230,1000.0,20171206
931046.CSI,银行AH(HKD),CSI,中证指数有限公司,策略指数,20041231,1000.0,20171206
931047.CSI,证券AH(HKD),CSI,中证指数有限公司,策略指数,20070630,1000.0,20171206
931048.CSI,证保AH(HKD),CSI,中证指数有限公司,策略指数,20041231,1000.0,20171206
931049.CSI,能源AH(HKD),CSI,中证指数有限公司,策略指数,20041231,1000.0,20171206
931050.CSI,央企AH(HKD),CSI,中证指数有限公司,策略指数,20081231,1000.0,20171206
931051.CSI,国企AH(HKD),CSI,中证指数有限公司,策略指数,20090630,1000.0,20171206
931052.CSI,国信价值,CSI,中证指数有限公司,策略指数,20070629,1000.0,20171208
931053.CSI,高股息策略,CSI,中证指数有限公司,策略指数,20081231,1000.0,20171211
931054.CSI,财务稳健,CSI,中证指数有限公司,策略指数,20041231,1000.0,20171211
931055.CSI,稳健低波,CSI,中证指数有限公司,策略指数,20041231,1000.0,20171211
931057.CSI,股权激励,CSI,中证指数有限公司,主题指数,20111231,1000.0,20180104
931058.CSI,竞争优势,CSI,中证指数有限公司,主题指数,20121231,1000.0,20180104
931061.CSI,时钟配置,CSI,中证指数有限公司,策略指数,20051230,1000.0,20180122
931062.CSI,质量低波,CSI,中证指数有限公司,策略指数,20050630,1000.0,20180122
931063.CSI,创始经营,CSI,中证指数有限公司,主题指数,20161231,1000.0,20180122
931065.CSI,财通浙30(退市),CSI,中证指数有限公司,主题指数,20141231,1000.0,20181204
931066.CSI,军工龙头,CSI,中证指数有限公司,主题指数,20121231,1000.0,20180205
931067.CSI,绩优策略,CSI,中证指数有限公司,策略指数,20050630,1000.0,20180214
931068.CSI,消费龙头,CSI,中证指数有限公司,主题指数,20041231,1000.0,20181121
931069.CSI,中金300,CSI,中证指数有限公司,策略指数,20081231,1000.0,20180214
931070.CSI,中金100(退市),CSI,中证指数有限公司,策略指数,20081231,1000.0,20180214
931071.CSI,人工智能,CSI,中证指数有限公司,主题指数,20141231,1000.0,20181121
931072.CSI,全球中国互联网(HKD),CSI,中证指数有限公司,主题指数,20131231,1000.0,20180326
931073.CSI,CSIHK1,CSI,中证指数有限公司,策略指数,20041231,1000.0,20180427
931074.CSI,CSIHK2,CSI,中证指数有限公司,策略指数,20041231,1000.0,20180427
931075.CSI,CSIHK3,CSI,中证指数有限公司,策略指数,20041231,1000.0,20180427
931076.CSI,CSIHK4,CSI,中证指数有限公司,策略指数,20041231,1000.0,20180427
931077.CSI,CSIHK5,CSI,中证指数有限公司,策略指数,20041231,1000.0,20180427
931079.CSI,5G通信,CSI,中证指数有限公司,主题指数,20151231,1000.0,20190425
931079CNY020.CSI,5G通信净收益,CSI,中证指数有限公司,主题指数,20151231,1000.0,20231207
931082.CSI,A500现金流,CSI,中证指数有限公司,策略指数,20131231,1000.0,20250716
931082CNY010.CSI,A500现金流全收益,CSI,中证指数有限公司,策略指数,20131231,1000.0,20250716
931082CNY020.CSI,A500现金流净收益,CSI,中证指数有限公司,策略指数,20131231,1000.0,20250716
931083.CSI,全球电子游戏(CNY),CSI,中证指数有限公司,主题指数,20121231,1000.0,20180507
931084.CSI,全球电子游戏(HKD),CSI,中证指数有限公司,主题指数,20121231,1000.0,20180507
931085.CSI,全球电子游戏(USD),CSI,中证指数有限公司,主题指数,20121231,1000.0,20180507
931086.CSI,MG新经济AUD(退市),CSI,中证指数有限公司,主题指数,20071228,1000.0,20170615
931087.CSI,科技龙头,CSI,中证指数有限公司,主题指数,20120629,1000.0,20190320
931088.CSI,180ESG,CSI,中证指数有限公司,主题指数,20151231,1000.0,20181210
931088CNY01.CSI,180ESG全收益,CSI,中证指数有限公司,主题指数,20151231,1000.0,20181210
931090.CSI,海外中国能源(CNY),CSI,中证指数有限公司,一级行业指数,20141114,1000.0,20180814
931091.CSI,海外中国材料(CNY),CSI,中证指数有限公司,一级行业指数,20141114,1000.0,20180814
931092.CSI,海外中国工业(CNY),CSI,中证指数有限公司,一级行业指数,20141114,1000.0,20180814
931093.CSI,海外中国可选(CNY),CSI,中证指数有限公司,一级行业指数,20141114,1000.0,20180814
931094.CSI,海外中国消费(CNY),CSI,中证指数有限公司,一级行业指数,20141114,1000.0,20180814
931096.CSI,海外中国金融(CNY),CSI,中证指数有限公司,一级行业指数,20141114,1000.0,20180814
931097.CSI,海外中国信息(CNY),CSI,中证指数有限公司,一级行业指数,20141114,1000.0,20180814
931098.CSI,海外中国通信,CSI,中证指数有限公司,一级行业指数,20141114,1000.0,20180814
931099.CSI,海外中国公用(CNY),CSI,中证指数有限公司,一级行业指数,20141114,1000.0,20180814
931100.CSI,海外中国能源(HKD),CSI,中证指数有限公司,行业指数,20141114,1000.0,20180814
931101.CSI,海外中国材料(HKD),CSI,中证指数有限公司,行业指数,20141114,1000.0,20180814
931102.CSI,海外中国工业(HKD),CSI,中证指数有限公司,行业指数,20141114,1000.0,20180814
931103.CSI,海外中国可选(HKD),CSI,中证指数有限公司,行业指数,20141114,1000.0,20180814
931104.CSI,海外中国消费(HKD),CSI,中证指数有限公司,行业指数,20141114,1000.0,20180814
931106.CSI,海外中国金融(HKD),CSI,中证指数有限公司,行业指数,20141114,1000.0,20180814
931107.CSI,海外中国信息(HKD),CSI,中证指数有限公司,行业指数,20141114,1000.0,20180814
931108.CSI,海外中国电信(HKD),CSI,中证指数有限公司,行业指数,20141114,1000.0,20180814
931109.CSI,海外中国公用(HKD),CSI,中证指数有限公司,行业指数,20141114,1000.0,20180814
931110.CSI,海外中国能源(USD),CSI,中证指数有限公司,行业指数,20141114,1000.0,20180814
931111.CSI,海外中国材料(USD),CSI,中证指数有限公司,行业指数,20141114,1000.0,20180814
931112.CSI,海外中国工业(USD),CSI,中证指数有限公司,行业指数,20141114,1000.0,20180814
931113.CSI,海外中国可选(USD),CSI,中证指数有限公司,行业指数,20141114,1000.0,20180814
931114.CSI,海外中国消费(USD),CSI,中证指数有限公司,行业指数,20141114,1000.0,20180814
931115.CSI,海外中国医药(USD)(退市),CSI,中证指数有限公司,主题指数,20141114,1000.0,20180814
931116.CSI,海外中国金融(USD),CSI,中证指数有限公司,行业指数,20141114,1000.0,20180814
931117.CSI,海外中国信息(USD),CSI,中证指数有限公司,行业指数,20141114,1000.0,20180814
931118.CSI,海外中国电信(USD),CSI,中证指数有限公司,行业指数,20141114,1000.0,20180814
931119.CSI,海外中国公用(USD),CSI,中证指数有限公司,行业指数,20141114,1000.0,20180814
931120.CSI,中国互联网1040(CNY),CSI,中证指数有限公司,主题指数,20070629,1000.0,20180928
931121.CSI,中国互联网1040(USD),CSI,中证指数有限公司,主题指数,20070629,1000.0,20180928
931122.CSI,中国互联网1040(EUR),CSI,中证指数有限公司,主题指数,20070629,1000.0,20180928
931123.CSI,蓝天环境改善(CNY)(退市),CSI,中证指数有限公司,主题指数,20161231,1000.0,20181121
931124.CSI,蓝天环境改善(HKD)(退市),CSI,中证指数有限公司,主题指数,20161231,1000.0,20181121
931125.CSI,蓝天环境改善(USD)(退市),CSI,中证指数有限公司,主题指数,20161231,1000.0,20181121
931126.CSI,蓝天环境改善(EUR)(退市),CSI,中证指数有限公司,主题指数,20161231,1000.0,20181121
931127.CSI,浙江新动能,CSI,中证指数有限公司,主题指数,20081231,1000.0,20190122
931128.CSI,浙江新动能USD,CSI,中证指数有限公司,主题指数,20081231,1000.0,20190122
931129.CSI,盈利估值,CSI,中证指数有限公司,策略指数,20090630,1000.0,20181204
931130.CSI,红利成长低波,CSI,中证指数有限公司,策略指数,20051230,1000.0,20181204
931131.CSI,乡村振兴,CSI,中证指数有限公司,主题指数,20161230,1000.0,20170614
931131CNY01.CSI,乡村振兴全收益,CSI,中证指数有限公司,主题指数,20161230,1000.0,20170614
931132.CSI,诚通央企红利,CSI,中证指数有限公司,策略指数,20161230,1000.0,20230504
931132CNY01.CSI,诚通央企红利全收益,CSI,中证指数有限公司,策略指数,20161230,1000.0,20230504
931132CNY02.CSI,诚通央企红利净收益,CSI,中证指数有限公司,策略指数,20161230,1000.0,20230504
931133.CSI,经济蓝筹,CSI,中证指数有限公司,策略指数,20041231,1000.0,20190320
931134.CSI,AH经济蓝筹,CSI,中证指数有限公司,策略指数,20041231,1000.0,20190320
931135.CSI,AH经济蓝筹HKD,CSI,中证指数有限公司,策略指数,20041231,1000.0,20190320
931136.CSI,深圳科技,CSI,中证指数有限公司,主题指数,20141114,3000.0,20190122
931137.CSI,深圳科技HKD,CSI,中证指数有限公司,主题指数,20141114,3000.0,20190122
931138.CSI,高息低波,CSI,中证指数有限公司,策略指数,20041231,1000.0,20181204
931139.CSI,CS消费50,CSI,中证指数有限公司,主题指数,20041231,1000.0,20190320
931140.CSI,医药50,CSI,中证指数有限公司,主题指数,20041231,1000.0,20190320
931141.CSI,CS长三角,CSI,中证指数有限公司,主题指数,20121231,1000.0,20190320
931142.CSI,东证竞争,CSI,中证指数有限公司,策略指数,20091231,1000.0,20190320
931143.CSI,CS红利配置,CSI,中证指数有限公司,策略指数,20131231,1000.0,20190422
931144.CSI,通信技术,CSI,中证指数有限公司,主题指数,20151231,1000.0,20190530
931148.CSI,ESG80全收益,CSI,中证指数有限公司,主题指数,20110630,1000.0,20190227
931149.CSI,环境质量,CSI,中证指数有限公司,策略指数,20120629,1000.0,20190131
931150.CSI,绿色质量,CSI,中证指数有限公司,策略指数,20120629,1000.0,20190131
931151.CSI,光伏产业,CSI,中证指数有限公司,主题指数,20121231,1000.0,20190422
931152.CSI,CS创新药,CSI,中证指数有限公司,主题指数,20141231,1000.0,20190422
931152USD200.CSI,CS创新药USD,CSI,中证指数有限公司,主题指数,20141231,1000.0,20250620
931152USD210.CSI,CS创新药(全)USD,CSI,中证指数有限公司,主题指数,20141231,1000.0,20250620
931152USD220.CSI,CS创新药(净)USD,CSI,中证指数有限公司,主题指数,20141231,1000.0,20250620
931155.CSI,300质量成长,CSI,中证指数有限公司,策略指数,20041231,1000.0,20190422
931156.CSI,800质量成长,CSI,中证指数有限公司,策略指数,20041231,1000.0,20190422
931157.CSI,SHS红利成长LV,CSI,中证指数有限公司,策略指数,20141114,3000.0,20190425
931158.CSI,SHS红利成长LVHKD,CSI,中证指数有限公司,策略指数,20141114,3000.0,20190425
931159.CSI,创新100,CSI,中证指数有限公司,主题指数,20140630,1000.0,20190516
931160.CSI,通信设备,CSI,中证指数有限公司,主题指数,20041231,1000.0,20130715
931163.CSI,浙江100,CSI,中证指数有限公司,主题指数,20121231,1000.0,20190425
931165.CSI,新兴科技100,CSI,中证指数有限公司,策略指数,20081231,1000.0,20190425
931166.CSI,医药健康100,CSI,中证指数有限公司,策略指数,20081231,1000.0,20190425
931167.CSI,先进制造100,CSI,中证指数有限公司,策略指数,20081231,1000.0,20190425
931168.CSI,绿色价值100,CSI,中证指数有限公司,主题指数,20160630,1000.0,20190627
931169.CSI,证券30,CSI,中证指数有限公司,主题指数,20131231,1000.0,20190530
931170.CSI,民企龙头,CSI,中证指数有限公司,主题指数,20120629,1000.0,20190425
931171.CSI,长三角指(退市),CSI,中证指数有限公司,主题指数,20121231,1000.0,20190610
931176.CSI,台州综指,CSI,中证指数有限公司,主题指数,20101231,1000.0,20190530
931177.CSI,全球台州综指(人民币),CSI,中证指数有限公司,主题指数,20101231,1000.0,20190530
931178.CSI,全球台州综指(美元),CSI,中证指数有限公司,主题指数,20101231,1000.0,20190530
931179.CSI,台州制造30,CSI,中证指数有限公司,主题指数,20101231,1000.0,20190530
931180.CSI,易方达2030,CSI,中证指数有限公司,策略指数,20111230,1000.0,20190524
931181.CSI,易方达2040,CSI,中证指数有限公司,策略指数,20111230,1000.0,20190524
931182.CSI,易方达2050,CSI,中证指数有限公司,策略指数,20111230,1000.0,20190524
931183.CSI,易方达2060,CSI,中证指数有限公司,策略指数,20111230,1000.0,20190524
931185.CSI,易方达中等,CSI,中证指数有限公司,策略指数,20111230,1000.0,20190524
931186.CSI,中证科技,CSI,中证指数有限公司,主题指数,20121231,1000.0,20190530
931187.CSI,科技100,CSI,中证指数有限公司,主题指数,20140613,1000.0,20190530
931188.CSI,300欧元对冲,CSI,中证指数有限公司,策略指数,20101231,1000.0,20191115
931224.CSI,港股通休闲消费,CSI,中证指数有限公司,主题指数,20161230,1000.0,20170623
931224CNY100.CSI,港股通休闲消费人民币中间价,CSI,中证指数有限公司,主题指数,20161230,1000.0,20170623
931224CNY110.CSI,港股通休闲消费人民币中间价(全),CSI,中证指数有限公司,主题指数,20161230,1000.0,20170623
931224CNY200.CSI,港股通休闲消费CNY,CSI,中证指数有限公司,主题指数,20161230,1000.0,20170623
931224CNY210.CSI,港股通休闲消费(全)CNY,CSI,中证指数有限公司,主题指数,20161230,1000.0,20170623
931224HKD210.CSI,港股通休闲消费(全),CSI,中证指数有限公司,主题指数,20161230,1000.0,20170623
931225.CSI,农银乡村振兴,CSI,中证指数有限公司,主题指数,20161230,1000.0,20230619
931225CNY01.CSI,农银乡村振兴全收益,CSI,中证指数有限公司,主题指数,20161230,1000.0,20230619
931226.CSI,1000质量成长,CSI,中证指数有限公司,策略指数,20111230,1000.0,20230719
931226CNY010.CSI,1000质量成长全收益,CSI,中证指数有限公司,策略指数,20111230,1000.0,20230719
931226CNY020.CSI,1000质量成长净收益,CSI,中证指数有限公司,策略指数,20111230,1000.0,20230719
931227.CSI,国泰海通ESG股债联动,CSI,中证指数有限公司,策略指数,20171229,1000.0,20230322
931228.CSI,亚洲新兴市场科技,CSI,中证指数有限公司,主题指数,20121231,1000.0,20240102
931229.CSI,中证氢能,CSI,中证指数有限公司,主题指数,20190628,1000.0,20230403
931229CNY01.CSI,中证氢能全收益,CSI,中证指数有限公司,主题指数,20190628,1000.0,20230403
931230.CSI,汽车零部件,CSI,中证指数有限公司,主题指数,20161230,1000.0,20130715
931230CNY010.CSI,汽车零部件全收益,CSI,中证指数有限公司,主题指数,20161230,1000.0,20130715
931231.CSI,央企红利50,CSI,中证指数有限公司,策略指数,20161230,1000.0,20230504
931231CNY01.CSI,央企红利50全收益,CSI,中证指数有限公司,策略指数,20161230,1000.0,20230504
931231CNY02.CSI,央企红利50净收益,CSI,中证指数有限公司,策略指数,20161230,1000.0,20230504
931232.CSI,朝阳100,CSI,中证指数有限公司,策略指数,20120131,1000.0,20230808
931232CNY010.CSI,朝阳100全收益,CSI,中证指数有限公司,策略指数,20120131,1000.0,20230808
931232CNY020.CSI,朝阳100净收益,CSI,中证指数有限公司,策略指数,20120131,1000.0,20230808
931233.CSI,港股通央企红利,CSI,中证指数有限公司,策略指数,20141114,1000.0,20170628
931233CNY100.CSI,港股通央企红利人民币中间价,CSI,中证指数有限公司,策略指数,20141114,1000.0,20170628
931233CNY110.CSI,港股通央企红利人民币中间价(全),CSI,中证指数有限公司,策略指数,20141114,1000.0,20170628
931233HKD210.CSI,港股通央企红利(全),CSI,中证指数有限公司,策略指数,20141114,1000.0,20170628
931234.CSI,长三角示范区50,CSI,中证指数有限公司,主题指数,20191231,1000.0,20230413
931234CNY01.CSI,长三角示范区50全收益,CSI,中证指数有限公司,主题指数,20191231,1000.0,20230413
931235.CSI,中证电信,CSI,中证指数有限公司,主题指数,20181228,1000.0,20220721
931235CNY01.CSI,中证电信全收益,CSI,中证指数有限公司,主题指数,20181228,1000.0,20220721
931237.CSI,CS贵金属,CSI,中证指数有限公司,主题指数,20141231,1000.0,20240112
931237CNY010.CSI,CS贵金属全收益,CSI,中证指数有限公司,主题指数,20141231,1000.0,20240112
931237CNY020.CSI,CS贵金属净收益,CSI,中证指数有限公司,主题指数,20141231,1000.0,20240112
931238.CSI,SSH黄金股票,CSI,中证指数有限公司,主题指数,20141231,1000.0,20171017
931238CNY210.CSI,SSH黄金股票(全),CSI,中证指数有限公司,主题指数,20141231,1000.0,20171017
931238HKD200.CSI,SSH黄金股票HKD,CSI,中证指数有限公司,主题指数,20141231,1000.0,20171017
931238HKD210.CSI,SSH黄金股票(全)HKD,CSI,中证指数有限公司,主题指数,20141231,1000.0,20171017
931238USD200.CSI,SSH黄金股票USD,CSI,中证指数有限公司,主题指数,20141231,1000.0,20171017
931238USD210.CSI,SSH黄金股票(全)USD,CSI,中证指数有限公司,主题指数,20141231,1000.0,20171017
931239.CSI,港股通汽车,CSI,中证指数有限公司,主题指数,20161230,1000.0,20220721
931239CNY100.CSI,港股通汽车人民币中间价,CSI,中证指数有限公司,主题指数,20161230,1000.0,20220721
931239CNY110.CSI,港股通汽车人民币中间价(全),CSI,中证指数有限公司,主题指数,20161230,1000.0,20220721
931239CNY200.CSI,港股通汽车CNY,CSI,中证指数有限公司,主题指数,20161230,1000.0,20220721
931239CNY210.CSI,港股通汽车(全)CNY,CSI,中证指数有限公司,主题指数,20161230,1000.0,20220721
931239HKD210.CSI,港股通汽车(全),CSI,中证指数有限公司,主题指数,20161230,1000.0,20220721
931241.CSI,家居家电,CSI,中证指数有限公司,主题指数,20141231,1000.0,20230323
931241CNY01.CSI,家居家电全收益,CSI,中证指数有限公司,主题指数,20141231,1000.0,20230323
931242.CSI,央企ESG50,CSI,中证指数有限公司,主题指数,20170630,1000.0,20230504
931242CNY01.CSI,央企ESG50全收益,CSI,中证指数有限公司,主题指数,20170630,1000.0,20230504
931243.CSI,诚通央企ESG,CSI,中证指数有限公司,主题指数,20161230,1000.0,20230504
931243CNY01.CSI,诚通央企ESG全收益,CSI,中证指数有限公司,主题指数,20161230,1000.0,20230504
931244.CSI,信达央企质量50,CSI,中证指数有限公司,策略指数,20161230,1000.0,20230801
931244CNY010.CSI,信达央企质量50全收益,CSI,中证指数有限公司,策略指数,20161230,1000.0,20230801
931245.CSI,央企基建,CSI,中证指数有限公司,主题指数,20161230,1000.0,20230504
931245CNY01.CSI,央企基建全收益,CSI,中证指数有限公司,主题指数,20161230,1000.0,20230504
931246.CSI,商用飞机,CSI,中证指数有限公司,主题指数,20171229,1000.0,20220721
931246CNY01.CSI,商用飞机全收益,CSI,中证指数有限公司,主题指数,20171229,1000.0,20220721
931247.CSI,中证信创,CSI,中证指数有限公司,主题指数,20171229,1000.0,20121221
931247CNY01.CSI,中证信创全收益,CSI,中证指数有限公司,主题指数,20171229,1000.0,20121221
931248.CSI,油气资源,CSI,中证指数有限公司,主题指数,20141231,1000.0,20230612
931248CNY010.CSI,油气资源全收益,CSI,中证指数有限公司,主题指数,20141231,1000.0,20230612
931248CNY020.CSI,油气资源净收益,CSI,中证指数有限公司,主题指数,20141231,1000.0,20230612
931249.CSI,沪深港内地100,CSI,中证指数有限公司,主题指数,20161230,1000.0,20231120
931249CNY210.CSI,沪深港内地100(全),CSI,中证指数有限公司,主题指数,20161230,1000.0,20231120
931249HKD200.CSI,沪深港内地100HKD,CSI,中证指数有限公司,主题指数,20161230,1000.0,20231120
931249HKD210.CSI,沪深港内地100(全)HKD,CSI,中证指数有限公司,主题指数,20161230,1000.0,20231120
931249USD200.CSI,沪深港内地100USD,CSI,中证指数有限公司,主题指数,20161230,1000.0,20231120
931249USD210.CSI,沪深港内地100(全)USD,CSI,中证指数有限公司,主题指数,20161230,1000.0,20231120
931250.CSI,港股通创新药,CSI,中证指数有限公司,主题指数,20171229,1000.0,20120720
931250CNY100.CSI,港股通创新药人民币中间价,CSI,中证指数有限公司,主题指数,20171229,1000.0,20120720
931250CNY110.CSI,港股通创新药人民币中间价(全),CSI,中证指数有限公司,主题指数,20171229,1000.0,20120720
931250HKD210.CSI,港股通创新药(全),CSI,中证指数有限公司,主题指数,20171229,1000.0,20120720
931251.CSI,国新央企ESG成长100,CSI,中证指数有限公司,策略指数,20180629,1000.0,20230508
931251CNY01.CSI,国新央企ESG成长100全收益,CSI,中证指数有限公司,策略指数,20180629,1000.0,20230508
931252.CSI,汽车电子产业,CSI,中证指数有限公司,主题指数,20181228,1000.0,20220107
931252CNY010.CSI,汽车电子产业全收益,CSI,中证指数有限公司,主题指数,20181228,1000.0,20220107
931253.CSI,证券时报ESG百强,CSI,中证指数有限公司,主题指数,20191231,1000.0,20230921
931253CNY010.CSI,证券时报ESG百强全收益,CSI,中证指数有限公司,主题指数,20191231,1000.0,20230921
931254.CSI,央企高装,CSI,中证指数有限公司,主题指数,20161230,1000.0,20230504
931254CNY01.CSI,央企高装全收益,CSI,中证指数有限公司,主题指数,20161230,1000.0,20230504
931257.CSI,SSH贵金属,CSI,中证指数有限公司,主题指数,20141231,1000.0,20161107
931257CNY210.CSI,SSH贵金属(全),CSI,中证指数有限公司,主题指数,20141231,1000.0,20161107
931257HKD200.CSI,SSH贵金属HKD,CSI,中证指数有限公司,主题指数,20141231,1000.0,20161107
931257HKD210.CSI,SSH贵金属(全)HKD,CSI,中证指数有限公司,主题指数,20141231,1000.0,20161107
931257USD200.CSI,SSH贵金属USD,CSI,中证指数有限公司,主题指数,20141231,1000.0,20161107
931257USD210.CSI,SSH贵金属(全)USD,CSI,中证指数有限公司,主题指数,20141231,1000.0,20161107
931258.CSI,东证价值,CSI,中证指数有限公司,策略指数,20091231,1000.0,20240930
931258CNY010.CSI,东证价值全收益,CSI,中证指数有限公司,策略指数,20091231,1000.0,20240930
931258CNY020.CSI,东证价值净收益,CSI,中证指数有限公司,策略指数,20091231,1000.0,20240930
931260.CSI,互联互通A股投资,CSI,中证指数有限公司,主题指数,20170331,1000.0,20191118
931261.CSI,全球电子竞技,CSI,中证指数有限公司,主题指数,20121231,1000.0,20191125
931262.CSI,全球电子竞技HKD,CSI,中证指数有限公司,主题指数,20121231,1000.0,20191125
931263.CSI,全球电子竞技USD,CSI,中证指数有限公司,主题指数,20121231,1000.0,20191125
931265.CSI,民企300,CSI,中证指数有限公司,主题指数,20090630,1000.0,20191115
931266.CSI,民企贡献,CSI,中证指数有限公司,主题指数,20131231,1000.0,20191115
931267.CSI,民企领先,CSI,中证指数有限公司,主题指数,20121231,1000.0,20191115
931268.CSI,持续发展,CSI,中证指数有限公司,主题指数,20140630,1000.0,20191115
931269.CSI,港股通30,CSI,中证指数有限公司,规模指数,20141114,3000.0,20231121
931269CNY200.CSI,港股通30CNY,CSI,中证指数有限公司,规模指数,20141114,3000.0,20231121
931269CNY210.CSI,港股通30(全)CNY,CSI,中证指数有限公司,规模指数,20141114,3000.0,20231121
931269HKD210.CSI,港股通30(全),CSI,中证指数有限公司,规模指数,20141114,3000.0,20231121
931271.CSI,通信设备主题,CSI,中证指数有限公司,主题指数,20181228,1000.0,20121221
931271CNY010.CSI,通信设备主题全收益,CSI,中证指数有限公司,主题指数,20181228,1000.0,20121221
931272.CSI,华夏银行绿色经济,CSI,中证指数有限公司,策略指数,20171229,1000.0,20231120
931273.CSI,海南指数,CSI,中证指数有限公司,主题指数,20121231,1000.0,20191018
931341.CSI,大湾区高质发展,CSI,中证指数有限公司,主题指数,20141231,1000.0,20191018
931342.CSI,大湾区高质发展HKD,CSI,中证指数有限公司,主题指数,20141231,1000.0,20191018
931343.CSI,大湾区价值蓝筹,CSI,中证指数有限公司,主题指数,20141231,1000.0,20191018
931344.CSI,大湾区价值蓝筹HKD,CSI,中证指数有限公司,主题指数,20141231,1000.0,20191018
931345.CSI,大湾区红利低波,CSI,中证指数有限公司,主题指数,20141231,1000.0,20191018
931346.CSI,大湾区红利低波HKD,CSI,中证指数有限公司,主题指数,20141231,1000.0,20191018
931347.CSI,大湾区科技领先,CSI,中证指数有限公司,主题指数,20141231,1000.0,20191018
931348.CSI,大湾区科技领先HKD,CSI,中证指数有限公司,主题指数,20141231,1000.0,20191018
931349.CSI,大湾区先进制造,CSI,中证指数有限公司,主题指数,20141231,1000.0,20191018
931350.CSI,大湾区先进制造HKD,CSI,中证指数有限公司,主题指数,20141231,1000.0,20191018
931351.CSI,大湾区消费升级,CSI,中证指数有限公司,主题指数,20141231,1000.0,20191018
931352.CSI,大湾区消费升级HKD,CSI,中证指数有限公司,主题指数,20141231,1000.0,20191018
931353.CSI,CS科技,CSI,中证指数有限公司,主题指数,20081231,1000.0,20191115
931354.CSI,CS消费,CSI,中证指数有限公司,主题指数,20081231,1000.0,20191115
931355.CSI,CS周期,CSI,中证指数有限公司,主题指数,20081231,1000.0,20191115
931356.CSI,民企创新,CSI,中证指数有限公司,主题指数,20091231,1000.0,20191115
931357.CSI,优选消费50,CSI,中证指数有限公司,主题指数,20091231,1000.0,20191115
931358.CSI,优选消费50HKD,CSI,中证指数有限公司,主题指数,20091231,1000.0,20191115
931359.CSI,沪深300AUD(CNH),CSI,中证指数有限公司,规模指数,20041231,1000.0,20050408
931371.CSI,品牌消费100,CSI,中证指数有限公司,策略指数,20081231,1000.0,20191125
931372.CSI,浙江国资,CSI,中证指数有限公司,主题指数,20121231,1000.0,20191209
931373.CSI,股息龙头,CSI,中证指数有限公司,主题指数,20131231,1000.0,20191115
931374.CSI,交银理财长三角(退市),CSI,中证指数有限公司,主题指数,20121231,1000.0,20191022
931375.CSI,300质量低波,CSI,中证指数有限公司,策略指数,20041231,1000.0,20191125
931376.CSI,泰康红利LV,CSI,中证指数有限公司,主题指数,20071231,1000.0,20191128
931377.CSI,经济成长,CSI,中证指数有限公司,策略指数,20041231,1000.0,20191226
931378.CSI,AH经济成长,CSI,中证指数有限公司,策略指数,20041231,1000.0,20191226
931379.CSI,AH经济成长HKD,CSI,中证指数有限公司,策略指数,20041231,1000.0,20191226
931380.CSI,科技50,CSI,中证指数有限公司,主题指数,20140630,1000.0,20191125
931381.CSI,中证长三角,CSI,中证指数有限公司,主题指数,20121231,1000.0,20191125
931382.CSI,智选300ESG领先,CSI,中证指数有限公司,主题指数,20151231,1000.0,20191125
931383.CSI,CS医药50,CSI,中证指数有限公司,主题指数,20141231,1000.0,20191226
931384.CSI,300美元对冲2,CSI,中证指数有限公司,策略指数,20101231,1000.0,20191115
931385.CSI,500美元对冲2,CSI,中证指数有限公司,策略指数,20101231,1000.0,20191115
931386.CSI,1000美元对冲2,CSI,中证指数有限公司,策略指数,20101231,1000.0,20191115
931387.CSI,300瑞郎对冲,CSI,中证指数有限公司,策略指数,20101231,1000.0,20191115
931389.CSI,300波控3,CSI,中证指数有限公司,策略指数,20041231,1000.0,20191115
931390.CSI,500波控3,CSI,中证指数有限公司,策略指数,20041231,1000.0,20191115
931391.CSI,红利波控3,CSI,中证指数有限公司,策略指数,20051230,1000.0,20191115
931393.CSI,湖北指数,CSI,中证指数有限公司,主题指数,20121231,1000.0,20200204
931394.CSI,信息科技50,CSI,中证指数有限公司,策略指数,20141231,1000.0,20200123
931395.CSI,沪港深300,CSI,中证指数有限公司,规模指数,20141114,1000.0,20200114
931396.CSI,沪港深300HKD,CSI,中证指数有限公司,规模指数,20141114,1000.0,20200114
931397.CSI,A股通50,CSI,中证指数有限公司,主题指数,20170331,1000.0,20200220
931398.CSI,A股通100,CSI,中证指数有限公司,主题指数,20170331,1000.0,20200220
931399.CSI,中信债股稳健,CSI,中证指数有限公司,策略指数,20081231,1000.0,20191125
931400.CSI,中信债股进取,CSI,中证指数有限公司,策略指数,20081231,1000.0,20191125
931401.CSI,香港30,CSI,中证指数有限公司,规模指数,20041231,1000.0,20231121
931401CNY200.CSI,香港30CNY,CSI,中证指数有限公司,规模指数,20041231,1000.0,20231121
931401CNY210.CSI,香港30(全)CNY,CSI,中证指数有限公司,规模指数,20041231,1000.0,20231121
931401HKD210.CSI,香港30(全),CSI,中证指数有限公司,规模指数,20041231,1000.0,20231121
931402.CSI,证券先锋,CSI,中证指数有限公司,策略指数,20131231,1000.0,20200114
931403.CSI,品牌工程,CSI,中证指数有限公司,主题指数,20170825,1000.0,20200114
931404.CSI,SHS品牌消费50,CSI,中证指数有限公司,主题指数,20091231,1000.0,20200220
931405.CSI,SHS品牌消费50HKD,CSI,中证指数有限公司,主题指数,20091231,1000.0,20200220
931406.CSI,5G 50,CSI,中证指数有限公司,主题指数,20151231,1000.0,20200220
931407.CSI,全球金矿,CSI,中证指数有限公司,主题指数,20141114,1000.0,20200220
931408.CSI,全球金矿USD,CSI,中证指数有限公司,主题指数,20141114,1000.0,20200220
931409.CSI,SHS创新药,CSI,中证指数有限公司,主题指数,20141231,1000.0,20200220
931410.CSI,SHS创新药HKD,CSI,中证指数有限公司,主题指数,20141231,1000.0,20200220
931412.CSI,证券公司30,CSI,中证指数有限公司,主题指数,20131231,1000.0,20200220
931413.CSI,全球金矿主题,CSI,中证指数有限公司,主题指数,20141231,1000.0,20231101
931413CNY210.CSI,全球金矿主题(全),CSI,中证指数有限公司,主题指数,20141231,1000.0,20231101
931413HKD200.CSI,全球金矿主题HKD,CSI,中证指数有限公司,主题指数,20141231,1000.0,20231101
931413HKD210.CSI,全球金矿主题(全)HKD,CSI,中证指数有限公司,主题指数,20141231,1000.0,20231101
931413USD200.CSI,全球金矿主题USD,CSI,中证指数有限公司,主题指数,20141231,1000.0,20231101
931413USD210.CSI,全球金矿主题(全)USD,CSI,中证指数有限公司,主题指数,20141231,1000.0,20231101
931440.CSI,创新药30,CSI,中证指数有限公司,主题指数,20141231,1000.0,20200421
931441.CSI,AI50,CSI,中证指数有限公司,主题指数,20121231,1000.0,20200506
931442.CSI,SHS科技100,CSI,中证指数有限公司,主题指数,20141114,3000.0,20200421
931443.CSI,SHS科技100HKD,CSI,中证指数有限公司,主题指数,20141114,3000.0,20200421
931444.CSI,SHS高股息100(退市),CSI,中证指数有限公司,主题指数,20141114,3000.0,20200421
931445.CSI,SHS高股息100HKD(退市),CSI,中证指数有限公司,主题指数,20141114,3000.0,20200421
931446.CSI,东证红利低波,CSI,中证指数有限公司,策略指数,20091231,1000.0,20200421
931447.CSI,科技先锋,CSI,中证指数有限公司,主题指数,20140630,1000.0,20200421
931448.CSI,平安恒定风险,CSI,中证指数有限公司,策略指数,20141231,1000.0,20200123
931449CNY120.CSI,港股通AI人民币中间价(净)(退市),CSI,中证指数有限公司,主题指数,20211231,1000.0,20240313
931449CNY220.CSI,港股通AI(净)CNY(退市),CSI,中证指数有限公司,主题指数,20211231,1000.0,20240313
931449HKD220.CSI,港股通AI(净)(退市),CSI,中证指数有限公司,主题指数,20211231,1000.0,20240313
931450.CSI,新能车主题,CSI,中证指数有限公司,主题指数,20141231,1000.0,20240826
931450CNY010.CSI,新能车主题全收益,CSI,中证指数有限公司,主题指数,20141231,1000.0,20240826
931450CNY020.CSI,新能车主题净收益,CSI,中证指数有限公司,主题指数,20141231,1000.0,20240826
931451.CSI,五矿金属矿业,CSI,中证指数有限公司,主题指数,20201231,1000.0,20240628
931451CNY010.CSI,五矿金属矿业全收益,CSI,中证指数有限公司,主题指数,20201231,1000.0,20240628
931451CNY020.CSI,五矿金属矿业净收益,CSI,中证指数有限公司,主题指数,20201231,1000.0,20240628
931452.CSI,大湾区质量成长均衡,CSI,中证指数有限公司,主题指数,20161230,1000.0,20200313
931453.CSI,大湾区质量成长均衡HKD,CSI,中证指数有限公司,主题指数,20161230,1000.0,20200313
931454.CSI,港股通消费,CSI,中证指数有限公司,主题指数,20141114,1000.0,20200306
931454CNY100.CSI,港股通消费人民币中间价,CSI,中证指数有限公司,主题指数,20141114,1000.0,20250801
931454CNY110.CSI,港股通消费人民币中间价(全),CSI,中证指数有限公司,主题指数,20141114,1000.0,20250801
931454CNY120.CSI,港股通消费人民币中间价(净),CSI,中证指数有限公司,主题指数,20141114,1000.0,20250801
931455.CSI,港股通消费CNY,CSI,中证指数有限公司,主题指数,20141114,1000.0,20200306
931456.CSI,中国教育,CSI,中证指数有限公司,主题指数,20141231,1000.0,20200421
931457.CSI,中国教育HKD,CSI,中证指数有限公司,主题指数,20141231,1000.0,20200421
931458.CSI,中国教育USD,CSI,中证指数有限公司,主题指数,20141231,1000.0,20200421
931459.CSI,中证800USD,CSI,中证指数有限公司,规模指数,20041231,1000.0,20200311
931460.CSI,中证1000USD,CSI,中证指数有限公司,规模指数,20041231,1000.0,20200311
931461.CSI,电子50,CSI,中证指数有限公司,主题指数,20081231,1000.0,20090722
931462.CSI,SHS中国教育HKD,CSI,中证指数有限公司,主题指数,20141231,1000.0,20150731
931463.CSI,300 ESG,CSI,中证指数有限公司,主题指数,20170630,1000.0,20200430
931465.CSI,300 ESG领先,CSI,中证指数有限公司,主题指数,20170630,1000.0,20200430
931466.CSI,300 ESG价值,CSI,中证指数有限公司,策略指数,20170630,1000.0,20200430
931467.CSI,医药龙头,CSI,中证指数有限公司,主题指数,20121231,1000.0,20200521
931468.CSI,红利质量,CSI,中证指数有限公司,策略指数,20041231,1000.0,20200521
931469.CSI,云计算50,CSI,中证指数有限公司,主题指数,20141231,1000.0,20200612
931470.CSI,SHS云计算,CSI,中证指数有限公司,主题指数,20141231,1000.0,20200421
931471.CSI,SHS云计算HKD,CSI,中证指数有限公司,主题指数,20141231,1000.0,20200421
931473.CSI,民企50,CSI,中证指数有限公司,主题指数,20101231,1000.0,20231109
931473CNY010.CSI,民企50全收益,CSI,中证指数有限公司,主题指数,20101231,1000.0,20231109
931474.CSI,SHS地产龙头,CSI,中证指数有限公司,主题指数,20141114,1000.0,20150313
931475.CSI,SHS地产龙头(HKD),CSI,中证指数有限公司,主题指数,20141114,1000.0,20150313
931476.CSI,ESG120策略,CSI,中证指数有限公司,策略指数,20170630,1000.0,20200430
931477.CSI,华夏银行ESG,CSI,中证指数有限公司,策略指数,20170630,1000.0,20200430
931478.CSI,苏州绿色发展(退市),CSI,中证指数有限公司,主题指数,20170630,1000.0,20200925
931479.CSI,证券保险,CSI,中证指数有限公司,二级行业指数,20151231,1000.0,20200506
931480.CSI,线上消费,CSI,中证指数有限公司,主题指数,20141231,1000.0,20200506
931481.CSI,SHS线上消费,CSI,中证指数有限公司,主题指数,20141231,1000.0,20200506
931482.CSI,SHS线上消费HKD,CSI,中证指数有限公司,主题指数,20141231,1000.0,20200506
931483.CSI,电子科技50,CSI,中证指数有限公司,主题指数,20141231,1000.0,20200612
931484.CSI,CS医药创新,CSI,中证指数有限公司,主题指数,20141231,1000.0,20200506
931485.CSI,MG沪港深120(退市),CSI,中证指数有限公司,策略指数,20141114,1000.0,20200506
931486.CSI,MG沪港深120HKD(退市),CSI,中证指数有限公司,策略指数,20141114,1000.0,20200506
931487.CSI,SHS人工智能50,CSI,中证指数有限公司,主题指数,20141231,1000.0,20200506
931488.CSI,SHS人工智能50HKD,CSI,中证指数有限公司,主题指数,20141231,1000.0,20200506
931489.CSI,A股通策略,CSI,中证指数有限公司,策略指数,20170331,1000.0,20200521
931491.CSI,5G 100,CSI,中证指数有限公司,主题指数,20151231,1000.0,20200612
931492.CSI,SHS 5G 100,CSI,中证指数有限公司,主题指数,20151231,1000.0,20200612
931492HKD.CSI,SHS5G100HKD,CSI,中证指数有限公司,主题指数,20151231,1000.0,20200612
931493.CSI,精选市场金矿,CSI,中证指数有限公司,主题指数,20141231,1000.0,20231101
931493CNY210.CSI,精选市场金矿(全),CSI,中证指数有限公司,主题指数,20141231,1000.0,20231101
931493HKD200.CSI,精选市场金矿HKD,CSI,中证指数有限公司,主题指数,20141231,1000.0,20231101
931493HKD210.CSI,精选市场金矿(全)HKD,CSI,中证指数有限公司,主题指数,20141231,1000.0,20231101
931493USD200.CSI,精选市场金矿USD,CSI,中证指数有限公司,主题指数,20141231,1000.0,20231101
931493USD210.CSI,精选市场金矿(全)USD,CSI,中证指数有限公司,主题指数,20141231,1000.0,20231101
931494.CSI,消费电子,CSI,中证指数有限公司,主题指数,20121231,1000.0,20200612
931495.CSI,工业互联,CSI,中证指数有限公司,主题指数,20141231,1000.0,20200708
931496.CSI,交银理财大湾区(退市),CSI,中证指数有限公司,策略指数,20141231,1000.0,20200610
931496HKD.CSI,交银理财大湾区HKD(退市),CSI,中证指数有限公司,策略指数,20141231,1000.0,20200610
931497.CSI,沪港深新基建,CSI,中证指数有限公司,主题指数,20141231,1000.0,20200707
931497HKD.CSI,沪港深新基建HKD,CSI,中证指数有限公司,主题指数,20141231,1000.0,20200707
931498.CSI,行业潜力,CSI,中证指数有限公司,策略指数,20081231,1000.0,20141113
931498CNY01.CSI,行业潜力全收益,CSI,中证指数有限公司,策略指数,20081231,1000.0,20141113
931512.CSI,周期50,CSI,中证指数有限公司,主题指数,20041231,1000.0,20200717
931513.CSI,公共卫生,CSI,中证指数有限公司,主题指数,20121231,1000.0,20200707
931520.CSI,科技50领先(退市),CSI,中证指数有限公司,策略指数,20141231,1000.0,20200717
931521.CSI,高装细分50,CSI,中证指数有限公司,主题指数,20121231,1000.0,20200708
931522.CSI,央企新动能,CSI,中证指数有限公司,主题指数,20141231,1000.0,20200701
931523.CSI,SHS动漫游戏,CSI,中证指数有限公司,主题指数,20141114,1000.0,20200708
931523HKD.CSI,SHS动漫游戏HKD,CSI,中证指数有限公司,主题指数,20141114,1000.0,20200708
931524.CSI,SHS科技龙头,CSI,中证指数有限公司,主题指数,20141114,1000.0,20200716
931524HKD.CSI,SHS科技龙头HKD,CSI,中证指数有限公司,主题指数,20141114,1000.0,20200716
931525.CSI,兴业证券ESG盈利100,CSI,中证指数有限公司,主题指数,20170630,1000.0,20200806
931526.CSI,企业核心竞争力50,CSI,中证指数有限公司,主题指数,20170630,1000.0,20200824
931527.CSI,招银理财期限结构(退市),CSI,中证指数有限公司,主题指数,20090331,100.0,20200708
931528.CSI,光伏设备行业,CSI,中证指数有限公司,行业指数,20211231,1000.0,20210824
931528CNY010.CSI,光伏设备行业全收益,CSI,中证指数有限公司,行业指数,20211231,1000.0,20210824
931529.CSI,国企数字经济,CSI,中证指数有限公司,主题指数,20161230,1000.0,20230804
931529CNY010.CSI,国企数字经济全收益,CSI,中证指数有限公司,主题指数,20161230,1000.0,20230804
931530.CSI,内地企业能源,CSI,中证指数有限公司,一级行业指数,20041231,1000.0,20141017
931530CNY01.CSI,内地企业能源(全),CSI,中证指数有限公司,一级行业指数,20041231,1000.0,20141017
931530HKD00.CSI,内地企业能源HKD,CSI,中证指数有限公司,一级行业指数,20041231,1000.0,20141017
931530HKD01.CSI,内地企业能源(全)HKD,CSI,中证指数有限公司,一级行业指数,20041231,1000.0,20141017
931530USD00.CSI,内地企业能源USD,CSI,中证指数有限公司,一级行业指数,20041231,1000.0,20141017
931530USD01.CSI,内地企业能源(全)USD,CSI,中证指数有限公司,一级行业指数,20041231,1000.0,20141017
931531.CSI,内地企业材料,CSI,中证指数有限公司,一级行业指数,20041231,1000.0,20141017
931531CNY01.CSI,内地企业材料(全),CSI,中证指数有限公司,一级行业指数,20041231,1000.0,20141017
931531HKD00.CSI,内地企业材料HKD,CSI,中证指数有限公司,一级行业指数,20041231,1000.0,20141017
931531HKD01.CSI,内地企业材料(全)HKD,CSI,中证指数有限公司,一级行业指数,20041231,1000.0,20141017
931531USD00.CSI,内地企业材料USD,CSI,中证指数有限公司,一级行业指数,20041231,1000.0,20141017
931531USD01.CSI,内地企业材料(全)USD,CSI,中证指数有限公司,一级行业指数,20041231,1000.0,20141017
931532.CSI,内地企业工业,CSI,中证指数有限公司,一级行业指数,20041231,1000.0,20141017
931532CNY01.CSI,内地企业工业(全),CSI,中证指数有限公司,一级行业指数,20041231,1000.0,20141017
931532HKD00.CSI,内地企业工业HKD,CSI,中证指数有限公司,一级行业指数,20041231,1000.0,20141017
931532HKD01.CSI,内地企业工业(全)HKD,CSI,中证指数有限公司,一级行业指数,20041231,1000.0,20141017
931532USD00.CSI,内地企业工业USD,CSI,中证指数有限公司,一级行业指数,20041231,1000.0,20141017
931532USD01.CSI,内地企业工业(全)USD,CSI,中证指数有限公司,一级行业指数,20041231,1000.0,20141017
931533.CSI,内地企业可选,CSI,中证指数有限公司,一级行业指数,20041231,1000.0,20141017
931533CNY01.CSI,内地企业可选(全),CSI,中证指数有限公司,一级行业指数,20041231,1000.0,20141017
931533HKD00.CSI,内地企业可选HKD,CSI,中证指数有限公司,一级行业指数,20041231,1000.0,20141017
931533HKD01.CSI,内地企业可选(全)HKD,CSI,中证指数有限公司,一级行业指数,20041231,1000.0,20141017
931533USD00.CSI,内地企业可选(USD),CSI,中证指数有限公司,一级行业指数,20041231,1000.0,20141017
931533USD01.CSI,内地企业可选(全)USD,CSI,中证指数有限公司,主题指数,20041231,1000.0,20141017
931534.CSI,内地企业消费,CSI,中证指数有限公司,一级行业指数,20041231,1000.0,20141017
931534CNY01.CSI,内地企业消费(全),CSI,中证指数有限公司,一级行业指数,20041231,1000.0,20141017
931534HKD00.CSI,内地企业消费HKD,CSI,中证指数有限公司,一级行业指数,20041231,1000.0,20141017
931534HKD01.CSI,内地企业消费(全)HKD,CSI,中证指数有限公司,一级行业指数,20041231,1000.0,20141017
931534USD00.CSI,内地企业消费(USD),CSI,中证指数有限公司,一级行业指数,20041231,1000.0,20141017
931534USD01.CSI,内地企业消费(全)USD,CSI,中证指数有限公司,主题指数,20041231,1000.0,20141017
931535.CSI,内地企业医药,CSI,中证指数有限公司,一级行业指数,20041231,1000.0,20141017
931535CNY01.CSI,内地企业医药(全),CSI,中证指数有限公司,一级行业指数,20041231,1000.0,20141017
931535HKD00.CSI,内地企业医药HKD,CSI,中证指数有限公司,一级行业指数,20041231,1000.0,20141017
931535HKD01.CSI,内地企业医药(全)HKD,CSI,中证指数有限公司,一级行业指数,20041231,1000.0,20141017
931535USD00.CSI,内地企业医药(USD),CSI,中证指数有限公司,一级行业指数,20041231,1000.0,20141017
931535USD01.CSI,内地企业医药(全)USD,CSI,中证指数有限公司,主题指数,20041231,1000.0,20141017
931536.CSI,内地企业金融,CSI,中证指数有限公司,一级行业指数,20041231,1000.0,20141017
931536CNY01.CSI,内地企业金融(全),CSI,中证指数有限公司,一级行业指数,20041231,1000.0,20141017
931536HKD00.CSI,内地企业金融HKD,CSI,中证指数有限公司,一级行业指数,20041231,1000.0,20141017
931536HKD01.CSI,内地企业金融(全)HKD,CSI,中证指数有限公司,一级行业指数,20041231,1000.0,20141017
931536USD00.CSI,内地企业金融USD,CSI,中证指数有限公司,一级行业指数,20041231,1000.0,20141017
931536USD01.CSI,内地企业金融(全)USD,CSI,中证指数有限公司,一级行业指数,20041231,1000.0,20141017
931537.CSI,内地企业信息,CSI,中证指数有限公司,一级行业指数,20041231,1000.0,20141017
931537CNY01.CSI,内地企业信息(全),CSI,中证指数有限公司,一级行业指数,20041231,1000.0,20141017
931537HKD00.CSI,内地企业信息HKD,CSI,中证指数有限公司,一级行业指数,20041231,1000.0,20141017
931537HKD01.CSI,内地企业信息(全)HKD,CSI,中证指数有限公司,一级行业指数,20041231,1000.0,20141017
931537USD00.CSI,内地企业信息USD,CSI,中证指数有限公司,一级行业指数,20041231,1000.0,20141017
931537USD01.CSI,内地企业信息(全)USD,CSI,中证指数有限公司,一级行业指数,20041231,1000.0,20141017
931538.CSI,内地企业通信,CSI,中证指数有限公司,一级行业指数,20041231,1000.0,20141017
931538CNY01.CSI,内地企业电信(全),CSI,中证指数有限公司,一级行业指数,20041231,1000.0,20141017
931538HKD00.CSI,内地企业电信HKD,CSI,中证指数有限公司,一级行业指数,20041231,1000.0,20141017
931538HKD01.CSI,内地企业电信(全)HKD,CSI,中证指数有限公司,一级行业指数,20041231,1000.0,20141017
931538USD00.CSI,内地企业电信USD,CSI,中证指数有限公司,一级行业指数,20041231,1000.0,20141017
931538USD01.CSI,内地企业电信(全)USD,CSI,中证指数有限公司,一级行业指数,20041231,1000.0,20141017
931539.CSI,内地企业公用,CSI,中证指数有限公司,一级行业指数,20041231,1000.0,20141017
931539CNY01.CSI,内地企业公用(全),CSI,中证指数有限公司,一级行业指数,20041231,1000.0,20141017
931539HKD00.CSI,内地企业公用HKD,CSI,中证指数有限公司,一级行业指数,20041231,1000.0,20141017
931539HKD01.CSI,内地企业公用(全)HKD,CSI,中证指数有限公司,一级行业指数,20041231,1000.0,20141017
931539USD00.CSI,内地企业公用USD,CSI,中证指数有限公司,一级行业指数,20041231,1000.0,20141017
931539USD01.CSI,内地企业公用(全)USD,CSI,中证指数有限公司,一级行业指数,20041231,1000.0,20141017
931540.CSI,中国1000能源(CNY),CSI,中证指数有限公司,一级行业指数,20041231,1000.0,20160510
931540CNY01.CSI,中国1000能源(全)CNY,CSI,中证指数有限公司,一级行业指数,20041231,1000.0,20160510
931540HKD00.CSI,中国1000能源HKD,CSI,中证指数有限公司,一级行业指数,20041231,1000.0,20160510
931540HKD01.CSI,中国1000能源(全)HKD,CSI,中证指数有限公司,一级行业指数,20041231,1000.0,20160510
931540USD00.CSI,中国1000能源(USD),CSI,中证指数有限公司,一级行业指数,20041231,1000.0,20160510
931540USD01.CSI,中国1000能源(全)USD,CSI,中证指数有限公司,一级行业指数,20041231,1000.0,20160510
931541.CSI,中国1000材料(CNY),CSI,中证指数有限公司,一级行业指数,20041231,1000.0,20160510
931541CNY01.CSI,中国1000材料(全)CNY,CSI,中证指数有限公司,一级行业指数,20041231,1000.0,20160510
931541HKD00.CSI,中国1000材料HKD,CSI,中证指数有限公司,一级行业指数,20041231,1000.0,20160510
931541HKD01.CSI,中国1000材料(全)HKD,CSI,中证指数有限公司,一级行业指数,20041231,1000.0,20160510
931541USD00.CSI,中国1000材料(USD),CSI,中证指数有限公司,一级行业指数,20041231,1000.0,20160510
931541USD01.CSI,中国1000材料(全)USD,CSI,中证指数有限公司,一级行业指数,20041231,1000.0,20160510
931542.CSI,中国1000工业(CNY),CSI,中证指数有限公司,一级行业指数,20041231,1000.0,20160510
931542CNY01.CSI,中国1000工业(全)CNY,CSI,中证指数有限公司,一级行业指数,20041231,1000.0,20160510
931542HKD00.CSI,中国1000工业HKD,CSI,中证指数有限公司,一级行业指数,20041231,1000.0,20160510
931542HKD01.CSI,中国1000工业(全)HKD,CSI,中证指数有限公司,一级行业指数,20041231,1000.0,20160510
931542USD00.CSI,中国1000工业(USD),CSI,中证指数有限公司,一级行业指数,20041231,1000.0,20160510
931542USD01.CSI,中国1000工业(全)USD,CSI,中证指数有限公司,一级行业指数,20041231,1000.0,20160510
931543.CSI,中国1000可选(CNY),CSI,中证指数有限公司,一级行业指数,20041231,1000.0,20160510
931543CNY01.CSI,中国1000可选(全)CNY,CSI,中证指数有限公司,一级行业指数,20041231,1000.0,20160510
931543HKD00.CSI,中国1000可选HKD,CSI,中证指数有限公司,一级行业指数,20041231,1000.0,20160510
931543HKD01.CSI,中国1000可选(全)HKD,CSI,中证指数有限公司,一级行业指数,20041231,1000.0,20160510
931543USD00.CSI,中国1000可选(USD),CSI,中证指数有限公司,一级行业指数,20041231,1000.0,20160510
931543USD01.CSI,中国1000可选(全)USD,CSI,中证指数有限公司,一级行业指数,20041231,1000.0,20160510
931544.CSI,中国1000消费(CNY),CSI,中证指数有限公司,一级行业指数,20041231,1000.0,20160510
931544CNY01.CSI,中国1000消费(全)CNY,CSI,中证指数有限公司,一级行业指数,20041231,1000.0,20160510
931544HKD00.CSI,中国1000消费HKD,CSI,中证指数有限公司,一级行业指数,20041231,1000.0,20160510
931544HKD01.CSI,中国1000消费(全)HKD,CSI,中证指数有限公司,一级行业指数,20041231,1000.0,20160510
931544USD00.CSI,中国1000消费(USD),CSI,中证指数有限公司,一级行业指数,20041231,1000.0,20160510
931544USD01.CSI,中国1000消费(全)USD,CSI,中证指数有限公司,一级行业指数,20041231,1000.0,20160510
931545.CSI,中国1000医药(CNY),CSI,中证指数有限公司,一级行业指数,20041231,1000.0,20160510
931545CNY01.CSI,中国1000医药(全)CNY,CSI,中证指数有限公司,一级行业指数,20041231,1000.0,20160510
931545HKD00.CSI,中国1000医药HKD,CSI,中证指数有限公司,一级行业指数,20041231,1000.0,20160510
931545HKD01.CSI,中国1000医药(全)HKD,CSI,中证指数有限公司,一级行业指数,20041231,1000.0,20160510
931545USD00.CSI,中国1000医药(USD),CSI,中证指数有限公司,一级行业指数,20041231,1000.0,20160510
931545USD01.CSI,中国1000医药(全)USD,CSI,中证指数有限公司,一级行业指数,20041231,1000.0,20160510
931546.CSI,中国1000金融(CNY),CSI,中证指数有限公司,一级行业指数,20041231,1000.0,20160510
931546CNY01.CSI,中国1000金融(全)CNY,CSI,中证指数有限公司,一级行业指数,20041231,1000.0,20160510
931546HKD00.CSI,中国1000金融HKD,CSI,中证指数有限公司,一级行业指数,20041231,1000.0,20160510
931546HKD01.CSI,中国1000金融(全)HKD,CSI,中证指数有限公司,一级行业指数,20041231,1000.0,20160510
931546USD00.CSI,中国1000金融(USD),CSI,中证指数有限公司,一级行业指数,20041231,1000.0,20160510
931546USD01.CSI,中国1000金融(全)USD,CSI,中证指数有限公司,一级行业指数,20041231,1000.0,20160510
931547.CSI,中国1000信息(CNY),CSI,中证指数有限公司,一级行业指数,20041231,1000.0,20160510
931547CNY01.CSI,中国1000信息(全)CNY,CSI,中证指数有限公司,一级行业指数,20041231,1000.0,20160510
931547HKD00.CSI,中国1000信息HKD,CSI,中证指数有限公司,一级行业指数,20041231,1000.0,20160510
931547HKD01.CSI,中国1000信息(全)HKD,CSI,中证指数有限公司,一级行业指数,20041231,1000.0,20160510
931547USD00.CSI,中国1000信息(USD),CSI,中证指数有限公司,一级行业指数,20041231,1000.0,20160510
931547USD01.CSI,中国1000信息(全)USD,CSI,中证指数有限公司,一级行业指数,20041231,1000.0,20160510
931548.CSI,中国1000通信,CSI,中证指数有限公司,一级行业指数,20041231,1000.0,20160510
931548CNY01.CSI,中国1000电信(全)CNY,CSI,中证指数有限公司,一级行业指数,20041231,1000.0,20160510
931548HKD00.CSI,中国1000电信HKD,CSI,中证指数有限公司,一级行业指数,20041231,1000.0,20160510
931548HKD01.CSI,中国1000电信(全)HKD,CSI,中证指数有限公司,一级行业指数,20041231,1000.0,20160510
931548USD00.CSI,中国1000电信(USD),CSI,中证指数有限公司,一级行业指数,20041231,1000.0,20160510
931548USD01.CSI,中国1000电信(全)USD,CSI,中证指数有限公司,一级行业指数,20041231,1000.0,20160510
931549.CSI,中国1000公用(CNY),CSI,中证指数有限公司,一级行业指数,20041231,1000.0,20160510
931549CNY01.CSI,中国1000公用(全)CNY,CSI,中证指数有限公司,一级行业指数,20041231,1000.0,20160510
931549HKD00.CSI,中国1000公用HKD,CSI,中证指数有限公司,一级行业指数,20041231,1000.0,20160510
931549HKD01.CSI,中国1000公用(全)HKD,CSI,中证指数有限公司,一级行业指数,20041231,1000.0,20160510
931549USD00.CSI,中国1000公用(USD),CSI,中证指数有限公司,一级行业指数,20041231,1000.0,20160510
931549USD01.CSI,中国1000公用(全)USD,CSI,中证指数有限公司,一级行业指数,20041231,1000.0,20160510
931550.CSI,内地企业动量,CSI,中证指数有限公司,主题指数,20061229,1000.0,20161228
931550CNY01.CSI,内地企业动量(全),CSI,中证指数有限公司,主题指数,20061229,1000.0,20161228
931550HKD00.CSI,内地企业动量HKD,CSI,中证指数有限公司,主题指数,20061229,1000.0,20161228
931550HKD01.CSI,内地企业动量(全)HKD,CSI,中证指数有限公司,主题指数,20061229,1000.0,20161228
931550USD00.CSI,内地企业动量USD,CSI,中证指数有限公司,主题指数,20061229,1000.0,20161228
931550USD01.CSI,内地企业动量(全)USD,CSI,中证指数有限公司,主题指数,20061229,1000.0,20161228
931551.CSI,内地企业ERC,CSI,中证指数有限公司,主题指数,20061229,1000.0,20161228
931551CNY01.CSI,内地企业ERC(全),CSI,中证指数有限公司,主题指数,20061229,1000.0,20161228
931551HKD00.CSI,内地企业ERCHKD,CSI,中证指数有限公司,主题指数,20061229,1000.0,20161228
931551HKD01.CSI,内地企业ERC(全)HKD,CSI,中证指数有限公司,主题指数,20061229,1000.0,20161228
931551USD00.CSI,内地企业ERCUSD,CSI,中证指数有限公司,主题指数,20061229,1000.0,20161228
931551USD01.CSI,内地企业ERC(全)USD,CSI,中证指数有限公司,主题指数,20061229,1000.0,20161228
931554.CSI,长江保护,CSI,中证指数有限公司,主题指数,20140630,1000.0,20200819
931554CNY01.CSI,长江保护(全),CSI,中证指数有限公司,主题指数,20140630,1000.0,20200819
931554HKD00.CSI,长江保护HKD,CSI,中证指数有限公司,主题指数,20140630,1000.0,20200819
931554HKD01.CSI,长江保护(全)HKD,CSI,中证指数有限公司,主题指数,20140630,1000.0,20200819
931555.CSI,新能电池,CSI,中证指数有限公司,主题指数,20141231,1000.0,20150611
931555CNY01.CSI,新能电池全收益,CSI,中证指数有限公司,主题指数,20141231,1000.0,20150611
931557.CSI,苏锡常指,CSI,中证指数有限公司,主题指数,20141231,1000.0,20200827
931557CNY01.CSI,苏锡常指全收益,CSI,中证指数有限公司,主题指数,20141231,1000.0,20200827
931558.CSI,无锡指数,CSI,中证指数有限公司,主题指数,20141231,1000.0,20200827
931558CNY01.CSI,无锡指数全收益,CSI,中证指数有限公司,主题指数,20141231,1000.0,20200827
931559.CSI,苏银理财长三角,CSI,中证指数有限公司,主题指数,20141231,1000.0,20200827
931559CNY01.CSI,苏银理财长三角全收益,CSI,中证指数有限公司,主题指数,20141231,1000.0,20200827
931565.CSI,招银理财夜光ESG(退市),CSI,中证指数有限公司,主题指数,20131231,1000.0,20200827
931565CNY01.CSI,招银理财夜光ESG全收益(退市),CSI,中证指数有限公司,主题指数,20131231,1000.0,20200827
931573.CSI,港股通科技,CSI,中证指数有限公司,主题指数,20141231,1000.0,20140521
931573CNY00.CSI,港股通科技CNY,CSI,中证指数有限公司,主题指数,20141231,1000.0,20140521
931573CNY01.CSI,港股通科技(全)CNY,CSI,中证指数有限公司,主题指数,20141231,1000.0,20140521
931573CNY100.CSI,港股通科技人民币中间价,CSI,中证指数有限公司,主题指数,20141231,1000.0,20250516
931573CNY110.CSI,港股通科技人民币中间价(全),CSI,中证指数有限公司,主题指数,20141231,1000.0,20250620
931573CNY120.CSI,港股通科技人民币中间价(净),CSI,中证指数有限公司,主题指数,20141231,1000.0,20250620
931573HKD01.CSI,港股通科技(全),CSI,中证指数有限公司,主题指数,20141231,1000.0,20140521
931574.CSI,港股科技(HKD),CSI,中证指数有限公司,主题指数,20141231,1000.0,20130521
931574CNY00.CSI,港股科技(CNY),CSI,中证指数有限公司,主题指数,20141231,1000.0,20130521
931574CNY01.CSI,港股科技全收益(CNY),CSI,中证指数有限公司,主题指数,20141231,1000.0,20130521
931574HKD01.CSI,港股科技全收益(HKD),CSI,中证指数有限公司,主题指数,20141231,1000.0,20130521
931575.CSI,SHS物联网,CSI,中证指数有限公司,主题指数,20121231,1000.0,20150731
931575CNY01.CSI,SHS物联网全收益,CSI,中证指数有限公司,主题指数,20121231,1000.0,20150731
931575HKD00.CSI,SHS物联网HKD,CSI,中证指数有限公司,主题指数,20121231,1000.0,20150731
931575HKD01.CSI,SHS物联网(全)HKD,CSI,中证指数有限公司,主题指数,20121231,1000.0,20150731
931579.CSI,东证优势成长,CSI,中证指数有限公司,策略指数,20091231,1000.0,20201109
931579CNY01.CSI,东证优势成长全收益,CSI,中证指数有限公司,策略指数,20091231,1000.0,20201109
931580.CSI,SHS游戏传媒,CSI,中证指数有限公司,主题指数,20141231,1000.0,20150513
931580CNY01.CSI,SHS游戏传媒(全),CSI,中证指数有限公司,主题指数,20141231,1000.0,20150513
931580HKD00.CSI,SHS游戏传媒(HKD),CSI,中证指数有限公司,主题指数,20141231,1000.0,20150513
931580HKD01.CSI,SHS游戏传媒(全)HKD,CSI,中证指数有限公司,主题指数,20141231,1000.0,20150513
931581.CSI,周期稳健成长50,CSI,中证指数有限公司,策略指数,20131231,1000.0,20171018
931581CNY01.CSI,周期稳健成长50全收益,CSI,中证指数有限公司,策略指数,20131231,1000.0,20171018
931582.CSI,数字经济,CSI,中证指数有限公司,主题指数,20161230,1000.0,20201109
931582CNY01.CSI,数字经济全收益,CSI,中证指数有限公司,主题指数,20161230,1000.0,20201109
931583.CSI,SHS数字经济,CSI,中证指数有限公司,主题指数,20161230,1000.0,20201109
931583CNY01.CSI,SHS数字经济(全),CSI,中证指数有限公司,主题指数,20161230,1000.0,20201109
931583HKD00.CSI,SHS数字经济HKD,CSI,中证指数有限公司,主题指数,20161230,1000.0,20201109
931583HKD01.CSI,SHS数字经济(全)HKD,CSI,中证指数有限公司,主题指数,20161230,1000.0,20201109
931585.CSI,卫星导航,CSI,中证指数有限公司,主题指数,20151231,1000.0,20201109
931585CNY01.CSI,卫星导航全收益,CSI,中证指数有限公司,主题指数,20151231,1000.0,20201109
931586.CSI,300价值稳健,CSI,中证指数有限公司,策略指数,20041231,1000.0,20201109
931586CNY01.CSI,300价值稳健全收益,CSI,中证指数有限公司,策略指数,20041231,1000.0,20201109
931587.CSI,500价值稳健,CSI,中证指数有限公司,策略指数,20041231,1000.0,20201109
931587CNY01.CSI,500价值稳健全收益,CSI,中证指数有限公司,策略指数,20041231,1000.0,20201109
931588.CSI,1000价值稳健,CSI,中证指数有限公司,策略指数,20041231,1000.0,20201109
931588CNY01.CSI,1000价值稳健全收益,CSI,中证指数有限公司,策略指数,20041231,1000.0,20201109
931589.CSI,300成长创新,CSI,中证指数有限公司,策略指数,20041231,1000.0,20201109
931589CNY01.CSI,300成长创新全收益,CSI,中证指数有限公司,策略指数,20041231,1000.0,20201109
931590.CSI,500成长创新,CSI,中证指数有限公司,策略指数,20041231,1000.0,20201109
931590CNY01.CSI,500成长创新全收益,CSI,中证指数有限公司,策略指数,20041231,1000.0,20201109
931591.CSI,1000成长创新,CSI,中证指数有限公司,策略指数,20041231,1000.0,20201109
931591CNY01.CSI,1000成长创新全收益,CSI,中证指数有限公司,策略指数,20041231,1000.0,20201109
931592.CSI,医疗科技,CSI,中证指数有限公司,主题指数,20141231,1000.0,20201109
931592CNY01.CSI,医疗科技全收益,CSI,中证指数有限公司,主题指数,20141231,1000.0,20201109
931593.CSI,科技领先,CSI,中证指数有限公司,策略指数,20140630,1000.0,20201222
931593CNY01.CSI,科技领先全收益,CSI,中证指数有限公司,策略指数,20140630,1000.0,20201222
931594.CSI,卫星产业,CSI,中证指数有限公司,主题指数,20151231,1000.0,20201222
931594CNY01.CSI,卫星产业全收益,CSI,中证指数有限公司,主题指数,20151231,1000.0,20201222
931595.CSI,CSSW通胀防御,CSI,中证指数有限公司,策略指数,20121231,1000.0,20201222
931595CNY01.CSI,CSSW通胀防御全收益,CSI,中证指数有限公司,策略指数,20121231,1000.0,20201222
931596.CSI,SHS张江50,CSI,中证指数有限公司,主题指数,20141231,1000.0,20201218
931596CNY01.CSI,SHS张江50(全),CSI,中证指数有限公司,主题指数,20141231,1000.0,20201218
931596HKD00.CSI,SHS张江50HKD,CSI,中证指数有限公司,主题指数,20141231,1000.0,20201218
931596HKD01.CSI,SHS张江50(全)HKD,CSI,中证指数有限公司,主题指数,20141231,1000.0,20201218
931597.CSI,全球张江综指,CSI,中证指数有限公司,主题指数,20141231,1000.0,20201218
931597CNY01.CSI,全球张江综指(全),CSI,中证指数有限公司,主题指数,20141231,1000.0,20201218
931597HKD00.CSI,全球张江综指HKD,CSI,中证指数有限公司,主题指数,20141231,1000.0,20201218
931597HKD01.CSI,全球张江综指(全)HKD,CSI,中证指数有限公司,主题指数,20141231,1000.0,20201218
931597USD00.CSI,全球张江综指USD,CSI,中证指数有限公司,主题指数,20141231,1000.0,20201218
931597USD01.CSI,全球张江综指(全)USD,CSI,中证指数有限公司,主题指数,20141231,1000.0,20201218
931598.CSI,中银证券300ESG,CSI,中证指数有限公司,主题指数,20160630,1000.0,20210305
931598CNY01.CSI,中银证券300ESG(全),CSI,中证指数有限公司,主题指数,20160630,1000.0,20210305
931599.CSI,湖南50,CSI,中证指数有限公司,主题指数,20181228,1000.0,20241030
931599CNY010.CSI,湖南50全收益,CSI,中证指数有限公司,主题指数,20181228,1000.0,20241030
931599CNY020.CSI,湖南50净收益,CSI,中证指数有限公司,主题指数,20181228,1000.0,20241030
931637.CSI,港股通互联网,CSI,中证指数有限公司,主题指数,20161230,1000.0,20210111
931637CNY00.CSI,港股通互联网CNY,CSI,中证指数有限公司,主题指数,20161230,1000.0,20210111
931637CNY01.CSI,港股通互联网(全)CNY,CSI,中证指数有限公司,主题指数,20161230,1000.0,20210111
931637CNY100.CSI,港股通互联网人民币中间价,CSI,中证指数有限公司,主题指数,20161230,1000.0,20210111
931637CNY110.CSI,港股通互联网人民币中间价(全),CSI,中证指数有限公司,主题指数,20161230,1000.0,20210111
931637HKD01.CSI,港股通互联网(全),CSI,中证指数有限公司,主题指数,20161230,1000.0,20210111
931638.CSI,港股互联网,CSI,中证指数有限公司,主题指数,20161230,1000.0,20210111
931638CNY00.CSI,港股互联网CNY,CSI,中证指数有限公司,主题指数,20161230,1000.0,20210111
931638CNY01.CSI,港股互联网(全)CNY,CSI,中证指数有限公司,主题指数,20161230,1000.0,20210111
931638HKD01.CSI,港股互联网(全),CSI,中证指数有限公司,主题指数,20161230,1000.0,20210111
931639.CSI,创新药优势成长50,CSI,中证指数有限公司,主题指数,20141231,1000.0,20210219
931639CNY01.CSI,创新药优势成长50全收益,CSI,中证指数有限公司,主题指数,20141231,1000.0,20210219
931643.CSI,科创创业50,CSI,中证指数有限公司,规模指数,20191231,1000.0,20210601
931643CNY01.CSI,科创创业50全收益,CSI,中证指数有限公司,规模指数,20191231,1000.0,20210601
931644.CSI,800红利,CSI,中证指数有限公司,策略指数,20131231,1000.0,20240315
931644CNY010.CSI,800红利全收益,CSI,中证指数有限公司,策略指数,20131231,1000.0,20240315
931644CNY020.CSI,800红利净收益,CSI,中证指数有限公司,策略指数,20131231,1000.0,20240315
931645.CSI,1000红利,CSI,中证指数有限公司,策略指数,20131231,1000.0,20240315
931645CNY010.CSI,1000红利全收益,CSI,中证指数有限公司,策略指数,20131231,1000.0,20240315
931645CNY020.CSI,1000红利净收益,CSI,中证指数有限公司,策略指数,20131231,1000.0,20240315
931646.CSI,SHS新消费,CSI,中证指数有限公司,主题指数,20141231,1000.0,20210407
931646CNY01.CSI,SHS新消费(全),CSI,中证指数有限公司,主题指数,20141231,1000.0,20210407
931646HKD00.CSI,SHS新消费HKD,CSI,中证指数有限公司,主题指数,20141231,1000.0,20210407
931646HKD01.CSI,SHS新消费(全)HKD,CSI,中证指数有限公司,主题指数,20141231,1000.0,20210407
931647.CSI,兴银理财均衡300,CSI,中证指数有限公司,策略指数,20041231,1000.0,20210305
931647CNY01.CSI,兴银理财均衡300全收益,CSI,中证指数有限公司,策略指数,20041231,1000.0,20210305
931648.CSI,500ESG,CSI,中证指数有限公司,主题指数,20170630,1000.0,20210412
931648CNY01.CSI,500ESG全收益,CSI,中证指数有限公司,主题指数,20170630,1000.0,20210412
931648CNY02.CSI,500ESG净收益,CSI,中证指数有限公司,主题指数,20170630,1000.0,20210412
931649.CSI,500ESG领先,CSI,中证指数有限公司,主题指数,20170630,1000.0,20210412
931649CNY01.CSI,500ESG领先全收益,CSI,中证指数有限公司,主题指数,20170630,1000.0,20210412
931649CNY02.CSI,500ESG领先净收益,CSI,中证指数有限公司,主题指数,20170630,1000.0,20210412
931650.CSI,800ESG,CSI,中证指数有限公司,主题指数,20170630,1000.0,20220708
931650CNY01.CSI,800ESG全收益,CSI,中证指数有限公司,主题指数,20170630,1000.0,20220708
931650CNY02.CSI,800ESG净收益,CSI,中证指数有限公司,主题指数,20170630,1000.0,20220708
931651.CSI,800ESG领先,CSI,中证指数有限公司,主题指数,20170630,1000.0,20210412
931651CNY01.CSI,800ESG领先全收益,CSI,中证指数有限公司,主题指数,20170630,1000.0,20210412
931651CNY02.CSI,800ESG领先净收益,CSI,中证指数有限公司,主题指数,20170630,1000.0,20210412
931652.CSI,厦门指数,CSI,中证指数有限公司,主题指数,20121231,1000.0,20210407
931652CNY01.CSI,厦门指数全收益,CSI,中证指数有限公司,主题指数,20121231,1000.0,20210407
931654.CSI,广银理财沪港深健康龙头(退市),CSI,中证指数有限公司,主题指数,20141231,1000.0,20220111
931654CNY01.CSI,广银理财沪港深健康龙头(全)(退市),CSI,中证指数有限公司,主题指数,20141231,1000.0,20220111
931654HKD00.CSI,广银理财沪港深健康龙头HKD(退市),CSI,中证指数有限公司,主题指数,20141231,1000.0,20220111
931654HKD01.CSI,广银理财沪港深健康龙头(全)HKD(退市),CSI,中证指数有限公司,主题指数,20141231,1000.0,20220111
931655.CSI,广银理财沪港深科技龙头(退市),CSI,中证指数有限公司,主题指数,20141231,1000.0,20220111
931655CNY01.CSI,广银理财沪港深科技龙头(全)(退市),CSI,中证指数有限公司,主题指数,20141231,1000.0,20220111
931655HKD00.CSI,广银理财沪港深科技龙头HKD(退市),CSI,中证指数有限公司,主题指数,20141231,1000.0,20220111
931655HKD01.CSI,广银理财沪港深科技龙头(全)HKD(退市),CSI,中证指数有限公司,主题指数,20141231,1000.0,20220111
931656.CSI,全球算力,CSI,中证指数有限公司,主题指数,20181228,1000.0,20250924
931656CNY210.CSI,全球算力(全),CSI,中证指数有限公司,主题指数,20181228,1000.0,20250924
931656HKD200.CSI,全球算力HKD,CSI,中证指数有限公司,主题指数,20181228,1000.0,20250924
931656HKD210.CSI,全球算力(全)HKD,CSI,中证指数有限公司,主题指数,20181228,1000.0,20250924
931656USD200.CSI,全球算力USD,CSI,中证指数有限公司,主题指数,20181228,1000.0,20250924
931656USD210.CSI,全球算力(全)USD,CSI,中证指数有限公司,主题指数,20181228,1000.0,20250924
931657.CSI,精选市场算力,CSI,中证指数有限公司,主题指数,20181228,1000.0,20250227
931657CNY200.CSI,精选市场算力CNY,CSI,中证指数有限公司,主题指数,20181228,1000.0,20250227
931657CNY210.CSI,精选市场算力(全)CNY,CSI,中证指数有限公司,主题指数,20181228,1000.0,20250227
931657HKD200.CSI,精选市场算力HKD,CSI,中证指数有限公司,主题指数,20181228,1000.0,20250227
931657HKD210.CSI,精选市场算力(全)HKD,CSI,中证指数有限公司,主题指数,20181228,1000.0,20250227
931657USD210.CSI,精选市场算力(全),CSI,中证指数有限公司,主题指数,20181228,1000.0,20250227
931660.CSI,中证东盟80,CSI,中证指数有限公司,规模指数,20041231,1000.0,20110812
931660CNY01.CSI,中证东盟80全收益,CSI,中证指数有限公司,规模指数,20041231,1000.0,20110812
931660USD00.CSI,中证东盟80美元指数,CSI,中证指数有限公司,规模指数,20041231,1000.0,20110812
931660USD01.CSI,中证东盟80美元全收益,CSI,中证指数有限公司,规模指数,20041231,1000.0,20110812
931661.CSI,500ESG价值,CSI,中证指数有限公司,主题指数,20170630,1000.0,20210412
931661CNY01.CSI,500ESG价值全收益,CSI,中证指数有限公司,主题指数,20170630,1000.0,20210412
931662.CSI,800ESG价值,CSI,中证指数有限公司,主题指数,20170630,1000.0,20210412
931662CNY01.CSI,800ESG价值全收益,CSI,中证指数有限公司,主题指数,20170630,1000.0,20210412
931663.CSI,SHS消费龙头,CSI,中证指数有限公司,主题指数,20141231,1000.0,20150313
931663CNY01.CSI,SHS消费龙头(全),CSI,中证指数有限公司,主题指数,20141231,1000.0,20150313
931663HKD00.CSI,SHS消费龙头HKD,CSI,中证指数有限公司,主题指数,20141231,1000.0,20150313
931663HKD01.CSI,SHS消费龙头(全)HKD,CSI,中证指数有限公司,主题指数,20141231,1000.0,20150313
931664.CSI,动力电池,CSI,中证指数有限公司,主题指数,20141231,1000.0,20210407
931664CNY01.CSI,动力电池全收益,CSI,中证指数有限公司,主题指数,20141231,1000.0,20210407
931665.CSI,CS常州,CSI,中证指数有限公司,主题指数,20141231,1000.0,20210409
931665CNY01.CSI,CS常州全收益,CSI,中证指数有限公司,主题指数,20141231,1000.0,20210409
931666.CSI,宁波综指,CSI,中证指数有限公司,主题指数,20101231,1000.0,20211125
931666CNY01.CSI,宁波综指全收益,CSI,中证指数有限公司,主题指数,20101231,1000.0,20211125
931669.CSI,精选市场生物科技,CSI,中证指数有限公司,主题指数,20181228,1000.0,20250227
931669CNY200.CSI,精选市场生物科技CNY,CSI,中证指数有限公司,主题指数,20181228,1000.0,20250227
931669CNY210.CSI,精选市场生物科技(全)CNY,CSI,中证指数有限公司,主题指数,20181228,1000.0,20250227
931669HKD200.CSI,精选市场生物科技HKD,CSI,中证指数有限公司,主题指数,20181228,1000.0,20250227
931669HKD210.CSI,精选市场生物科技(全)HKD,CSI,中证指数有限公司,主题指数,20181228,1000.0,20250227
931669USD210.CSI,精选市场生物科技(全),CSI,中证指数有限公司,主题指数,20181228,1000.0,20250227
931670.CSI,医疗50,CSI,中证指数有限公司,主题指数,20151231,1000.0,20150408
931670CNY01.CSI,医疗50全收益,CSI,中证指数有限公司,主题指数,20151231,1000.0,20150408
931671.CSI,新能源车优势30,CSI,中证指数有限公司,主题指数,20141231,1000.0,20210429
931671CNY01.CSI,新能源车优势30全收益,CSI,中证指数有限公司,主题指数,20141231,1000.0,20210429
931672.CSI,风电产业,CSI,中证指数有限公司,主题指数,20141231,1000.0,20210429
931672CNY01.CSI,风电产业全收益,CSI,中证指数有限公司,主题指数,20141231,1000.0,20210429
931673.CSI,SHS风电产业,CSI,中证指数有限公司,主题指数,20141231,1000.0,20210429
931673CNY01.CSI,SHS风电产业(全),CSI,中证指数有限公司,主题指数,20141231,1000.0,20210429
931673HKD00.CSI,SHS风电产业HKD,CSI,中证指数有限公司,主题指数,20141231,1000.0,20210429
931673HKD01.CSI,SHS风电产业(全)HKD,CSI,中证指数有限公司,主题指数,20141231,1000.0,20210429
931678.CSI,目标保守,CSI,中证指数有限公司,策略指数,20051230,1000.0,20210409
931679.CSI,目标稳健,CSI,中证指数有限公司,策略指数,20051230,1000.0,20210409
931680.CSI,目标平衡,CSI,中证指数有限公司,策略指数,20051230,1000.0,20210409
931681.CSI,目标积极,CSI,中证指数有限公司,策略指数,20051230,1000.0,20210409
931682.CSI,酒主题,CSI,中证指数有限公司,主题指数,20041231,1000.0,20090616
931682CNY01.CSI,酒主题全收益,CSI,中证指数有限公司,主题指数,20041231,1000.0,20090616
931683.CSI,SHS酒主题,CSI,中证指数有限公司,主题指数,20141231,1000.0,20121221
931683CNY01.CSI,SHS酒主题全收益,CSI,中证指数有限公司,主题指数,20141231,1000.0,20121221
931683HKD00.CSI,SHS酒主题HKD,CSI,中证指数有限公司,主题指数,20141231,1000.0,20121221
931683HKD01.CSI,SHS酒主题(全)HKD,CSI,中证指数有限公司,主题指数,20141231,1000.0,20121221
931684.CSI,300价值策略,CSI,中证指数有限公司,策略指数,20101231,1000.0,20240517
931684CNY010.CSI,300价值策略全收益,CSI,中证指数有限公司,策略指数,20101231,1000.0,20240517
931684CNY020.CSI,300价值策略净收益,CSI,中证指数有限公司,策略指数,20101231,1000.0,20240517
931685.CSI,300成长策略,CSI,中证指数有限公司,策略指数,20101231,1000.0,20240517
931685CNY010.CSI,300成长策略全收益,CSI,中证指数有限公司,策略指数,20101231,1000.0,20240517
931685CNY020.CSI,300成长策略净收益,CSI,中证指数有限公司,策略指数,20101231,1000.0,20240517
931686.CSI,1000 ESG领先,CSI,中证指数有限公司,主题指数,20170630,1000.0,20240328
931686CNY010.CSI,1000 ESG领先全收益,CSI,中证指数有限公司,主题指数,20170630,1000.0,20240328
931687.CSI,证券时报价值100,CSI,中证指数有限公司,主题指数,20070629,1000.0,20210514
931687CNY01.CSI,证券时报价值100全收益,CSI,中证指数有限公司,主题指数,20070629,1000.0,20210514
931688.CSI,中证算力,CSI,中证指数有限公司,主题指数,20191231,1000.0,20220721
931688CNY010.CSI,中证算力全收益,CSI,中证指数有限公司,主题指数,20191231,1000.0,20220721
931695.CSI,成渝经济圈,CSI,中证指数有限公司,主题指数,20111230,1000.0,20210429
931695CNY01.CSI,成渝经济圈全收益,CSI,中证指数有限公司,主题指数,20111230,1000.0,20210429
931696.CSI,科技50策略,CSI,中证指数有限公司,策略指数,20081231,1000.0,20210712
931696CNY01.CSI,科技50策略全收益,CSI,中证指数有限公司,策略指数,20081231,1000.0,20210712
931697.CSI,消费50策略,CSI,中证指数有限公司,策略指数,20081231,1000.0,20210712
931697CNY01.CSI,消费50策略全收益,CSI,中证指数有限公司,策略指数,20081231,1000.0,20210712
931698.CSI,医药50策略,CSI,中证指数有限公司,策略指数,20081231,1000.0,20210712
931698CNY01.CSI,医药50策略全收益,CSI,中证指数有限公司,策略指数,20081231,1000.0,20210712
931717.CSI,宁波制造,CSI,中证指数有限公司,主题指数,20101231,1000.0,20211125
931717CNY01.CSI,宁波制造全收益,CSI,中证指数有限公司,主题指数,20101231,1000.0,20211125
931718.CSI,高端造质量成长50,CSI,中证指数有限公司,策略指数,20141231,1000.0,20210825
931718CNY01.CSI,高端造质量成长50(全),CSI,中证指数有限公司,策略指数,20141231,1000.0,20210825
931719.CSI,CS电池,CSI,中证指数有限公司,主题指数,20141231,1000.0,20130715
931719CNY01.CSI,CS电池全收益,CSI,中证指数有限公司,主题指数,20141231,1000.0,20130715
931720.CSI,CS武进,CSI,中证指数有限公司,主题指数,20151231,1000.0,20210819
931720CNY01.CSI,CS武进(全),CSI,中证指数有限公司,主题指数,20151231,1000.0,20210819
931720HKD00.CSI,CS武进HKD,CSI,中证指数有限公司,主题指数,20151231,1000.0,20210819
931720HKD01.CSI,CS武进(全)HKD,CSI,中证指数有限公司,主题指数,20151231,1000.0,20210819
931720USD00.CSI,CS武进USD,CSI,中证指数有限公司,主题指数,20151231,1000.0,20210819
931720USD01.CSI,CS武进(全)USD,CSI,中证指数有限公司,主题指数,20151231,1000.0,20210819
931721.CSI,中美互联网人民币中间价,CSI,中证指数有限公司,主题指数,20131231,1000.0,20160422
931721CNY01.CSI,中美互联网人民币中间价(全),CSI,中证指数有限公司,主题指数,20131231,1000.0,20160422
931722.CSI,国新港股通央企红利,CSI,中证指数有限公司,策略指数,20161230,1000.0,20230913
931722CNY100.CSI,国新港股通央企红利CPR,CSI,中证指数有限公司,策略指数,20161230,1000.0,20230913
931722CNY110.CSI,国新港股通央企红利(全)CPR,CSI,中证指数有限公司,策略指数,20161230,1000.0,20230913
931722HKD210.CSI,国新港股通央企红利(全),CSI,中证指数有限公司,策略指数,20161230,1000.0,20230913
931722HKD220.CSI,国新港股通央企红利(净),CSI,中证指数有限公司,策略指数,20161230,1000.0,20231228
931722USD200.CSI,国新港股通央企红利USD,CSI,中证指数有限公司,策略指数,20161230,1000.0,20230913
931722USD210.CSI,国新港股通央企红利(全)USD,CSI,中证指数有限公司,策略指数,20161230,1000.0,20230913
931723.CSI,光通信,CSI,中证指数有限公司,主题指数,20161230,1000.0,20231031
931723CNY010.CSI,光通信全收益,CSI,中证指数有限公司,主题指数,20161230,1000.0,20231031
931725.CSI,中华联合优质成长,CSI,中证指数有限公司,策略指数,20041231,1000.0,20210809
931725CNY01.CSI,中华联合优质成长全收益,CSI,中证指数有限公司,策略指数,20041231,1000.0,20210809
931726.CSI,网络安全,CSI,中证指数有限公司,主题指数,20141231,1000.0,20210809
931726CNY01.CSI,网络安全全收益,CSI,中证指数有限公司,主题指数,20141231,1000.0,20210809
931727.CSI,SHS食品,CSI,中证指数有限公司,主题指数,20161230,1000.0,20210819
931727CNY01.CSI,SHS食品(全),CSI,中证指数有限公司,主题指数,20161230,1000.0,20210819
931727HKD00.CSI,SHS食品HKD,CSI,中证指数有限公司,主题指数,20161230,1000.0,20210819
931727HKD01.CSI,SHS食品(全)HKD,CSI,中证指数有限公司,主题指数,20161230,1000.0,20210819
931728.CSI,食品主题,CSI,中证指数有限公司,主题指数,20161230,1000.0,20210812
931728CNY01.CSI,食品主题全收益,CSI,中证指数有限公司,主题指数,20161230,1000.0,20210812
931729HKD00.CSI,SHS芯片产业HKD(退市),CSI,中证指数有限公司,主题指数,20151231,1000.0,20210825
931729HKD01.CSI,SHS芯片产业(全)HKD(退市),CSI,中证指数有限公司,主题指数,20151231,1000.0,20210825
931730.CSI,SHS光伏30,CSI,中证指数有限公司,主题指数,20161230,1000.0,20210927
931730CNY01.CSI,SHS光伏30(全),CSI,中证指数有限公司,主题指数,20161230,1000.0,20210927
931731.CSI,SHS太阳能50,CSI,中证指数有限公司,主题指数,20161230,1000.0,20210927
931731CNY01.CSI,SHS太阳能50(全),CSI,中证指数有限公司,主题指数,20161230,1000.0,20210927
931733.CSI,绿色能源,CSI,中证指数有限公司,主题指数,20131231,1000.0,20210819
931733CNY01.CSI,绿色能源全收益,CSI,中证指数有限公司,主题指数,20131231,1000.0,20210819
931734.CSI,港美上市中美科技,CSI,中证指数有限公司,主题指数,20101231,1000.0,20140718
931734CNY00.CSI,港美上市中美科技CNY,CSI,中证指数有限公司,主题指数,20101231,1000.0,20140718
931734CNY01.CSI,港美上市中美科技(全)CNY,CSI,中证指数有限公司,主题指数,20101231,1000.0,20140718
931734CNY10.CSI,港美上市中美科技人民币中间价,CSI,中证指数有限公司,主题指数,20101231,1000.0,20140718
931734CNY11.CSI,港美上市中美科技人民币中间价(全),CSI,中证指数有限公司,主题指数,20101231,1000.0,20140718
931734USD01.CSI,港美上市中美科技(全),CSI,中证指数有限公司,主题指数,20101231,1000.0,20140718
931735.CSI,信银ESG优选,CSI,中证指数有限公司,主题指数,20170630,1000.0,20210819
931735CNY01.CSI,信银ESG优选全收益,CSI,中证指数有限公司,主题指数,20170630,1000.0,20210819
931735CNY02.CSI,信银ESG优选净收益,CSI,中证指数有限公司,主题指数,20170630,1000.0,20210819
931736.CSI,债股利差稳健,CSI,中证指数有限公司,策略指数,20131231,100.0,20210824
931737.CSI,债股利差平衡,CSI,中证指数有限公司,策略指数,20131231,100.0,20210824
931738.CSI,债股利差平衡(含转债),CSI,中证指数有限公司,策略指数,20131231,100.0,20210824
931739.CSI,债券利差稳健(含转债),CSI,中证指数有限公司,策略指数,20131231,100.0,20210824
931742.CSI,工银理财碳中和配置,CSI,中证指数有限公司,策略指数,20171229,1000.0,20210712
931743.CSI,半导体材料设备,CSI,中证指数有限公司,主题指数,20181228,1000.0,20121221
931743CNY010.CSI,半导体材料设备全收益,CSI,中证指数有限公司,主题指数,20181228,1000.0,20121221
931744.CSI,港股物业,CSI,中证指数有限公司,主题指数,20191231,1000.0,20210812
931744HKD01.CSI,港股物业全收益,CSI,中证指数有限公司,主题指数,20191231,1000.0,20210812
931745.CSI,SHS物业,CSI,中证指数有限公司,主题指数,20191231,1000.0,20211015
931745CNY01.CSI,SHS物业(全),CSI,中证指数有限公司,主题指数,20191231,1000.0,20211015
931745HKD00.CSI,SHS物业HKD,CSI,中证指数有限公司,主题指数,20191231,1000.0,20211015
931745HKD01.CSI,SHS物业(全)HKD,CSI,中证指数有限公司,主题指数,20191231,1000.0,20211015
931746.CSI,储能产业,CSI,中证指数有限公司,主题指数,20131231,1000.0,20150611
931746CNY01.CSI,储能产业全收益,CSI,中证指数有限公司,主题指数,20131231,1000.0,20150611
931747.CSI,中证储能,CSI,中证指数有限公司,主题指数,20131231,1000.0,20211015
931747CNY01.CSI,中证储能全收益,CSI,中证指数有限公司,主题指数,20131231,1000.0,20211015
931750.CSI,CXO,CSI,中证指数有限公司,主题指数,20171229,1000.0,20210927
931750CNY01.CSI,CXO全收益,CSI,中证指数有限公司,主题指数,20171229,1000.0,20210927
931751.CSI,SHS CXO,CSI,中证指数有限公司,主题指数,20171229,1000.0,20210927
931751CNY01.CSI,SHS CXO(全),CSI,中证指数有限公司,主题指数,20171229,1000.0,20210927
931751HKD00.CSI,SHS CXO HKD,CSI,中证指数有限公司,主题指数,20171229,1000.0,20210927
931751HKD01.CSI,SHS CXO(全)HKD,CSI,中证指数有限公司,主题指数,20171229,1000.0,20210927
931752.CSI,工程机械主题,CSI,中证指数有限公司,主题指数,20160630,1000.0,20210927
931752CNY01.CSI,工程机械主题全收益,CSI,中证指数有限公司,主题指数,20160630,1000.0,20210927
931753.CSI,机械优势30,CSI,中证指数有限公司,主题指数,20160630,1000.0,20121221
931753CNY01.CSI,机械优势30全收益,CSI,中证指数有限公司,主题指数,20160630,1000.0,20121221
931755.CSI,SEEE碳中和,CSI,中证指数有限公司,主题指数,20170630,1000.0,20211021
931755CNY01.CSI,SEEE碳中和全收益,CSI,中证指数有限公司,主题指数,20170630,1000.0,20211021
931761.CSI,新生消费,CSI,中证指数有限公司,主题指数,20181228,1000.0,20170721
931761CNY01.CSI,新生消费全收益,CSI,中证指数有限公司,主题指数,20091231,1000.0,20170721
931762.CSI,龙头优势50,CSI,中证指数有限公司,策略指数,20161230,1000.0,20220111
931762CNY01.CSI,龙头优势50全收益,CSI,中证指数有限公司,策略指数,20161230,1000.0,20220111
931763.CSI,SHS龙头优势50,CSI,中证指数有限公司,策略指数,20161230,1000.0,20220111
931763CNY01.CSI,SHS龙头优势50(全),CSI,中证指数有限公司,策略指数,20161230,1000.0,20220111
931763HKD00.CSI,SHS龙头优势50HKD,CSI,中证指数有限公司,策略指数,20161230,1000.0,20220111
931763HKD01.CSI,SHS龙头优势50(全)HKD,CSI,中证指数有限公司,策略指数,20161230,1000.0,20220111
931765.CSI,SHS新生代消费,CSI,中证指数有限公司,主题指数,20181231,1000.0,20211029
931765CNY01.CSI,SHS新生代消费(全),CSI,中证指数有限公司,主题指数,20181231,1000.0,20211029
931765HKD00.CSI,SHS新生代消费HKD,CSI,中证指数有限公司,主题指数,20181231,1000.0,20211029
931765HKD01.CSI,SHS新生代消费(全)HKD,CSI,中证指数有限公司,主题指数,20181231,1000.0,20211029
931771.CSI,华夏银行新经济,CSI,中证指数有限公司,主题指数,20171229,1000.0,20211015
931772.CSI,碳中和60,CSI,中证指数有限公司,主题指数,20170630,1000.0,20211109
931772CNY01.CSI,碳中和60全收益,CSI,中证指数有限公司,主题指数,20170630,1000.0,20211109
931773.CSI,北银理财央企能源,CSI,中证指数有限公司,策略指数,20181228,1000.0,20250326
931773CNY010.CSI,北银理财央企能源全收益,CSI,中证指数有限公司,策略指数,20181228,1000.0,20250326
931773CNY020.CSI,北银理财央企能源净收益,CSI,中证指数有限公司,策略指数,20181228,1000.0,20250326
931774.CSI,沪港深AR/VR,CSI,中证指数有限公司,主题指数,20141231,1000.0,20121221
931774CNY01.CSI,沪港深AR/VR(全),CSI,中证指数有限公司,主题指数,20141231,1000.0,20121221
931775.CSI,中证全指房地产,CSI,中证指数有限公司,一级行业指数,20041231,1000.0,20130715
931775CNY01.CSI,中证全指房地产全收益,CSI,中证指数有限公司,一级行业指数,20041231,1000.0,20130715
931776.CSI,生物育种,CSI,中证指数有限公司,主题指数,20141231,1000.0,20211109
931776CNY01.CSI,生物育种全收益,CSI,中证指数有限公司,主题指数,20141231,1000.0,20211109
931777.CSI,江苏高质量发展,CSI,中证指数有限公司,主题指数,20141231,1000.0,20211202
931777CNY01.CSI,江苏高质量发展全收益,CSI,中证指数有限公司,主题指数,20141231,1000.0,20211202
931778.CSI,农牧主题,CSI,中证指数有限公司,主题指数,20120629,1000.0,20170721
931778CNY01.CSI,农牧主题全收益,CSI,中证指数有限公司,主题指数,20120629,1000.0,20170721
931780.CSI,SHS医药龙头,CSI,中证指数有限公司,主题指数,20141231,1000.0,20211202
931780CNY01.CSI,SHS医药龙头(全),CSI,中证指数有限公司,主题指数,20141231,1000.0,20211202
931780HKD00.CSI,SHS医药龙头HKD,CSI,中证指数有限公司,主题指数,20141231,1000.0,20211202
931780HKD01.CSI,SHS医药龙头(全)HKD,CSI,中证指数有限公司,主题指数,20141231,1000.0,20211202
931781HKD00.CSI,SSH智能汽车(HKD)(退市),CSI,中证指数有限公司,主题指数,20161230,1000.0,20220107
931781HKD01.CSI,SSH智能汽车(全)HKD(退市),CSI,中证指数有限公司,主题指数,20161230,1000.0,20220107
931782.CSI,1000 ESG,CSI,中证指数有限公司,主题指数,20170630,1000.0,20240328
931782CNY010.CSI,1000 ESG全收益,CSI,中证指数有限公司,主题指数,20170630,1000.0,20240328
931783.CSI,智能驾驶,CSI,中证指数有限公司,主题指数,20161230,1000.0,20220221
931783CNY01.CSI,智能驾驶全收益,CSI,中证指数有限公司,主题指数,20161230,1000.0,20220221
931784.CSI,SSH智能驾驶,CSI,中证指数有限公司,主题指数,20161230,1000.0,20220221
931784CNY01.CSI,SSH智能驾驶(全),CSI,中证指数有限公司,主题指数,20161230,1000.0,20220221
931784HKD00.CSI,SSH智能驾驶(HKD),CSI,中证指数有限公司,主题指数,20161230,1000.0,20220221
931784HKD01.CSI,SSH智能驾驶(全)HKD,CSI,中证指数有限公司,主题指数,20161230,1000.0,20220221
931785.CSI,智选沪深港科技50,CSI,中证指数有限公司,主题指数,20161230,1000.0,20250627
931785CNY100.CSI,智选沪深港科技50人民币中间价,CSI,中证指数有限公司,主题指数,20250619,1724.78,20250820
931785CNY110.CSI,智选沪深港科技50人民币中间价全,CSI,中证指数有限公司,主题指数,20250619,1724.78,20250820
931785CNY120.CSI,智选沪深港科技50人民币中间价净,CSI,中证指数有限公司,主题指数,20250619,1724.78,20250820
931785CNY210.CSI,智选沪深港科技50(全),CSI,中证指数有限公司,主题指数,20161230,1000.0,20250627
931785HKD200.CSI,智选沪深港科技50HKD,CSI,中证指数有限公司,主题指数,20161230,1000.0,20250627
931785HKD210.CSI,智选沪深港科技50(全)HKD,CSI,中证指数有限公司,主题指数,20161230,1000.0,20250627
931786.CSI,中信债股优选稳健,CSI,中证指数有限公司,策略指数,20171229,1000.0,20211029
931787.CSI,港股创新药(HKD),CSI,中证指数有限公司,主题指数,20171229,1000.0,20180814
931787CNY00.CSI,港股创新药(CNY),CSI,中证指数有限公司,主题指数,20171229,1000.0,20180814
931787CNY01.CSI,港股创新药(全)CNY,CSI,中证指数有限公司,主题指数,20171229,1000.0,20180814
931787HKD01.CSI,港股创新药(全)HKD,CSI,中证指数有限公司,主题指数,20171229,1000.0,20180814
931788.CSI,中韩50,CSI,中证指数有限公司,规模指数,20141231,1000.0,20211220
931789.CSI,中韩新能车,CSI,中证指数有限公司,主题指数,20141231,1000.0,20211220
931790.CSI,中韩半导体,CSI,中证指数有限公司,主题指数,20141231,1000.0,20211220
931791.CSI,大盘蓝筹25,CSI,中证指数有限公司,规模指数,20141231,1000.0,20211213
931791CNY01.CSI,大盘蓝筹25(全),CSI,中证指数有限公司,规模指数,20141231,1000.0,20211213
931792.CSI,新能车15,CSI,中证指数有限公司,主题指数,20141231,1000.0,20211213
931792CNY01.CSI,新能车15(全),CSI,中证指数有限公司,主题指数,20141231,1000.0,20211213
931793.CSI,半导体15,CSI,中证指数有限公司,主题指数,20141231,1000.0,20211213
931793CNY01.CSI,半导体15(全),CSI,中证指数有限公司,主题指数,20141231,1000.0,20211213
931794.CSI,消费领先50,CSI,中证指数有限公司,策略指数,20101231,1000.0,20150824
931794CNY01.CSI,消费领先50全收益,CSI,中证指数有限公司,策略指数,20101231,1000.0,20150824
931798.CSI,光伏龙头30,CSI,中证指数有限公司,主题指数,20161230,1000.0,20090616
931798CNY01.CSI,光伏龙头30全收益,CSI,中证指数有限公司,主题指数,20161230,1000.0,20090616
931799.CSI,国寿资产ESG绿色低碳100,CSI,中证指数有限公司,策略指数,20170630,1000.0,20211213
931799CNY01.CSI,国寿资产ESG绿色低碳100全收益,CSI,中证指数有限公司,策略指数,20170630,1000.0,20211213
931800.CSI,绿色生态(CSI),CSI,中证指数有限公司,主题指数,20151231,1000.0,20151021
931800.SZ,绿色生态,SZSE,中证指数有限公司,主题指数,20151231,1000.0,20151021
931800CNY01.CSI,绿色生态全收益,CSI,中证指数有限公司,主题指数,20151231,1000.0,20151021
931801.CSI,SSH体育,CSI,中证指数有限公司,主题指数,20141231,1000.0,20150513
931801CNY01.CSI,SSH体育(全),CSI,中证指数有限公司,主题指数,20141231,1000.0,20150513
931801HKD00.CSI,SSH体育(HKD),CSI,中证指数有限公司,主题指数,20141231,1000.0,20150513
931801HKD01.CSI,SSH体育(全)HKD,CSI,中证指数有限公司,主题指数,20141231,1000.0,20150513
931802.CSI,中证龙头,CSI,中证指数有限公司,主题指数,20161230,1000.0,20100209
931802.SH,中证龙头(SH),SSE,中证指数有限公司,主题指数,20161230,1000.0,20100209
931802CNY01.CSI,中证龙头全收益,CSI,中证指数有限公司,主题指数,20161230,1000.0,20100209
931803.CSI,龙头核心竞争力50,CSI,中证指数有限公司,主题指数,20121231,1000.0,20120927
931803CNY01.CSI,龙头核心竞争力50全收益,CSI,中证指数有限公司,主题指数,20121231,1000.0,20120927
931809.CSI,高股息ESG,CSI,中证指数有限公司,策略指数,20170630,1000.0,20220120
931809CNY01.CSI,高股息ESG全收益,CSI,中证指数有限公司,策略指数,20170630,1000.0,20220120
931810.CSI,汇丰大盘多因子,CSI,中证指数有限公司,策略指数,20101231,1000.0,20220411
931810CNY01.CSI,汇丰大盘多因子全收益,CSI,中证指数有限公司,策略指数,20101231,1000.0,20220411
931810CNY020.CSI,汇丰大盘多因子净收益,CSI,中证指数有限公司,策略指数,20101231,1000.0,20220411
931811.CSI,小家电主题,CSI,中证指数有限公司,主题指数,20181228,1000.0,20220120
931811CNY01.CSI,小家电主题全收益,CSI,中证指数有限公司,主题指数,20181228,1000.0,20220120
931821.CSI,300金融,CSI,中证指数有限公司,一级行业指数,20071228,1000.0,20230612
931821CNY010.CSI,300金融行业全收益,CSI,中证指数有限公司,一级行业指数,20071228,1000.0,20230612
931822.CSI,中证500金融,CSI,中证指数有限公司,一级行业指数,20171228,1000.0,20230612
931822CNY010.CSI,500金融全收益,CSI,中证指数有限公司,一级行业指数,20171228,1000.0,20230612
931823.CSI,国资央企50,CSI,中证指数有限公司,主题指数,20161230,1000.0,20231109
931823CNY010.CSI,国资央企50全收益,CSI,中证指数有限公司,主题指数,20161230,1000.0,20231109
931824.CSI,国企50,CSI,中证指数有限公司,主题指数,20161230,1000.0,20231109
931824CNY010.CSI,国企50全收益,CSI,中证指数有限公司,主题指数,20161230,1000.0,20231109
931825.CSI,央企50,CSI,中证指数有限公司,主题指数,20161230,1000.0,20231109
931825CNY010.CSI,央企50全收益,CSI,中证指数有限公司,主题指数,20161230,1000.0,20231109
931826.CSI,自主创新,CSI,中证指数有限公司,主题指数,20121231,1000.0,20150707
931826CNY01.CSI,自主创新全收益,CSI,中证指数有限公司,主题指数,20121231,1000.0,20150707
931827.CSI,港股通地产C,CSI,中证指数有限公司,一级行业指数,20141114,3000.0,20220721
931827CNY00.CSI,港股通地产CCNY,CSI,中证指数有限公司,一级行业指数,20141114,3000.0,20220721
931827CNY01.CSI,港股通地产C(全)CNY,CSI,中证指数有限公司,一级行业指数,20141114,3000.0,20220721
931827HKD01.CSI,港股通地产C(全),CSI,中证指数有限公司,一级行业指数,20141114,3000.0,20220721
931828.CSI,海外中国地产,CSI,中证指数有限公司,一级行业指数,20141114,1000.0,20220721
931828CNY01.CSI,海外中国地产(全),CSI,中证指数有限公司,一级行业指数,20141114,1000.0,20220721
931828HKD00.CSI,海外中国地产HKD,CSI,中证指数有限公司,一级行业指数,20141114,1000.0,20220721
931828HKD01.CSI,海外中国地产(全)HKD,CSI,中证指数有限公司,一级行业指数,20141114,1000.0,20220721
931828USD00.CSI,海外中国地产USD,CSI,中证指数有限公司,一级行业指数,20141114,1000.0,20220721
931828USD01.CSI,海外中国地产(全)USD,CSI,中证指数有限公司,一级行业指数,20141114,1000.0,20220721
931829.CSI,中证回购,CSI,中证指数有限公司,策略指数,20181228,1000.0,20231017
931829CNY010.CSI,中证回购全收益,CSI,中证指数有限公司,策略指数,20181228,1000.0,20231017
931829CNY020.CSI,中证回购净收益,CSI,中证指数有限公司,策略指数,20181228,1000.0,20231017
931830.CSI,回购价值策略,CSI,中证指数有限公司,策略指数,20181228,1000.0,20231017
931830CNY010.CSI,回购价值策略全收益,CSI,中证指数有限公司,策略指数,20181228,1000.0,20231017
931830CNY020.CSI,回购价值策略净收益,CSI,中证指数有限公司,策略指数,20181228,1000.0,20231017
931831.CSI,回购质量策略,CSI,中证指数有限公司,策略指数,20181228,1000.0,20231017
931831CNY010.CSI,回购质量策略全收益,CSI,中证指数有限公司,策略指数,20181228,1000.0,20231017
931831CNY020.CSI,回购质量策略净收益,CSI,中证指数有限公司,策略指数,20181228,1000.0,20231017
931832.CSI,CN80地产,CSI,中证指数有限公司,一级行业指数,20121231,1000.0,20220721
931832CNY01.CSI,CN80地产(全),CSI,中证指数有限公司,一级行业指数,20121231,1000.0,20220721
931832USD00.CSI,CN80地产USD,CSI,中证指数有限公司,一级行业指数,20121231,1000.0,20220721
931832USD01.CSI,CN80地产(全)USD,CSI,中证指数有限公司,一级行业指数,20121231,1000.0,20220721
931833.CSI,沪深港旅游休闲,CSI,中证指数有限公司,主题指数,20141231,1000.0,20240307
931833CNY100.CSI,沪深港旅游休闲人民币中间价,CSI,中证指数有限公司,主题指数,20141231,1000.0,20240307
931833CNY110.CSI,沪深港旅游休闲人民币中间价(全),CSI,中证指数有限公司,主题指数,20141231,1000.0,20240307
931833CNY120.CSI,沪深港旅游休闲人民币中间价(净),CSI,中证指数有限公司,主题指数,20141231,1000.0,20240307
931833HKD210.CSI,沪深港旅游休闲(全),CSI,中证指数有限公司,主题指数,20141231,1000.0,20240307
931833HKD220.CSI,沪深港旅游休闲(净),CSI,中证指数有限公司,主题指数,20141231,1000.0,20240307
931834.CSI,华福福建100,CSI,中证指数有限公司,主题指数,20171229,1000.0,20240119
931834CNY010.CSI,华福福建100全收益,CSI,中证指数有限公司,主题指数,20171229,1000.0,20240119
931834CNY020.CSI,华福福建100净收益,CSI,中证指数有限公司,主题指数,20171229,1000.0,20240119
931835.CSI,H100地产,CSI,中证指数有限公司,一级行业指数,20121231,1000.0,20220721
931835CNY00.CSI,H100地产CNY,CSI,中证指数有限公司,一级行业指数,20121231,1000.0,20220721
931835CNY01.CSI,H100地产(全)CNY,CSI,中证指数有限公司,一级行业指数,20121231,1000.0,20220721
931835HKD01.CSI,H100地产(全),CSI,中证指数有限公司,一级行业指数,20121231,1000.0,20220721
931837.CSI,央企现代产业,CSI,中证指数有限公司,主题指数,20161230,1000.0,20231018
931837CNY010.CSI,央企现代产业全收益,CSI,中证指数有限公司,主题指数,20161230,1000.0,20231018
931838.CSI,煤炭产业,CSI,中证指数有限公司,主题指数,20101231,1000.0,20120411
931838.SH,煤炭产业(SH),SSE,中证指数有限公司,主题指数,20101231,1000.0,20120411
931838CNY010.CSI,煤炭产业全收益,CSI,中证指数有限公司,主题指数,20101231,1000.0,20120411
931838CNY020.CSI,煤炭产业净收益,CSI,中证指数有限公司,主题指数,20101231,1000.0,20120411
931839.CSI,海外中国医药,CSI,中证指数有限公司,一级行业指数,20141114,1000.0,20220721
931839CNY01.CSI,海外中国医药(全),CSI,中证指数有限公司,一级行业指数,20141114,1000.0,20220721
931839HKD00.CSI,海外中国医药HKD,CSI,中证指数有限公司,一级行业指数,20141114,1000.0,20220721
931839HKD01.CSI,海外中国医药(全)HKD,CSI,中证指数有限公司,一级行业指数,20141114,1000.0,20220721
931839USD00.CSI,海外中国医药USD,CSI,中证指数有限公司,一级行业指数,20141114,1000.0,20220721
931839USD01.CSI,海外中国医药(全)USD,CSI,中证指数有限公司,一级行业指数,20141114,1000.0,20220721
931840.CSI,大盘蓝筹25USD,CSI,中证指数有限公司,规模指数,20141231,1000.0,20211213
931840USD01.CSI,大盘蓝筹25(全)USD,CSI,中证指数有限公司,规模指数,20141231,1000.0,20211213
931841.CSI,新能车15USD,CSI,中证指数有限公司,主题指数,20141231,1000.0,20211213
931841USD01.CSI,新能车15(全)USD,CSI,中证指数有限公司,主题指数,20141231,1000.0,20211213
931842.CSI,半导体15USD,CSI,中证指数有限公司,主题指数,20141231,1000.0,20211213
931842USD01.CSI,半导体15(全)USD,CSI,中证指数有限公司,主题指数,20141231,1000.0,20211213
931845.CSI,生猪产业,CSI,中证指数有限公司,主题指数,20151231,1000.0,20120411
931845.SH,生猪产业(SH),SSE,中证指数有限公司,主题指数,20151231,1000.0,20120411
931845CNY01.CSI,生猪产业全收益,CSI,中证指数有限公司,主题指数,20151231,1000.0,20120411
931846.CSI,500ESG优选,CSI,中证指数有限公司,策略指数,20170630,1000.0,20220321
931846CNY01.CSI,500ESG优选全收益,CSI,中证指数有限公司,策略指数,20170630,1000.0,20220321
931847.CSI,500红利低波,CSI,中证指数有限公司,策略指数,20131231,1000.0,20240521
931847CNY010.CSI,500红利低波全收益,CSI,中证指数有限公司,策略指数,20131231,1000.0,20240521
931847CNY020.CSI,500红利低波净收益,CSI,中证指数有限公司,策略指数,20131231,1000.0,20240521
931848.CSI,800红利低波,CSI,中证指数有限公司,策略指数,20131231,1000.0,20240521
931848CNY010.CSI,800红利低波全收益,CSI,中证指数有限公司,策略指数,20131231,1000.0,20240521
931848CNY020.CSI,800红利低波净收益,CSI,中证指数有限公司,策略指数,20131231,1000.0,20240521
931849.CSI,1000红利低波,CSI,中证指数有限公司,策略指数,20131231,1000.0,20240521
931849CNY010.CSI,1000红利低波全收益,CSI,中证指数有限公司,策略指数,20131231,1000.0,20240521
931849CNY020.CSI,1000红利低波净收益,CSI,中证指数有限公司,策略指数,20131231,1000.0,20240521
931851.CSI,绿色电力50,CSI,中证指数有限公司,主题指数,20131231,1000.0,20220509
931851CNY01.CSI,绿色电力50全收益,CSI,中证指数有限公司,主题指数,20131231,1000.0,20220509
931852.CSI,每经品牌100,CSI,中证指数有限公司,策略指数,20180510,1000.0,20220510
931852CNY01.CSI,每经品牌100(全),CSI,中证指数有限公司,策略指数,20180510,1000.0,20220510
931852HKD00.CSI,每经品牌100HKD,CSI,中证指数有限公司,策略指数,20180510,1000.0,20220510
931852HKD01.CSI,每经品牌100(全)HKD,CSI,中证指数有限公司,策略指数,20180510,1000.0,20220510
931852USD00.CSI,每经品牌100USD,CSI,中证指数有限公司,策略指数,20180510,1000.0,20220510
931852USD01.CSI,每经品牌100(全)USD,CSI,中证指数有限公司,策略指数,20180510,1000.0,20220510
931853.CSI,全球中国电动车,CSI,中证指数有限公司,主题指数,20181228,1000.0,20250417
931853CNY210.CSI,全球中国电动车(全),CSI,中证指数有限公司,主题指数,20181228,1000.0,20250417
931853HKD200.CSI,全球中国电动车HKD,CSI,中证指数有限公司,主题指数,20181228,1000.0,20250417
931853HKD210.CSI,全球中国电动车(全)HKD,CSI,中证指数有限公司,主题指数,20181228,1000.0,20250417
931853USD200.CSI,全球中国电动车USD,CSI,中证指数有限公司,主题指数,20181228,1000.0,20250417
931853USD210.CSI,全球中国电动车(全)USD,CSI,中证指数有限公司,主题指数,20181228,1000.0,20250417
931854.CSI,低碳盈利100,CSI,中证指数有限公司,策略指数,20170630,1000.0,20220708
931854CNY01.CSI,低碳盈利100全收益,CSI,中证指数有限公司,策略指数,20170630,1000.0,20220708
931855.CSI,通用航空,CSI,中证指数有限公司,主题指数,20201231,1000.0,20250402
931855CNY010.CSI,通用航空全收益,CSI,中证指数有限公司,主题指数,20201231,1000.0,20250402
931857.CSI,苏州制造100,CSI,中证指数有限公司,主题指数,20141231,1000.0,20220704
931857CNY01.CSI,苏州制造100全收益,CSI,中证指数有限公司,主题指数,20141231,1000.0,20220704
931858.CSI,苏州综指,CSI,中证指数有限公司,主题指数,20141231,1000.0,20220704
931858CNY01.CSI,苏州综指(全),CSI,中证指数有限公司,主题指数,20141231,1000.0,20220704
931859.CSI,300碳中和,CSI,中证指数有限公司,主题指数,20170630,1000.0,20220307
931859CNY01.CSI,300碳中和全收益,CSI,中证指数有限公司,主题指数,20170630,1000.0,20220307
931865.CSI,中证半导,CSI,中证指数有限公司,主题指数,20161230,1000.0,20190320
931865CNY01.CSI,中证半导全收益,CSI,中证指数有限公司,主题指数,20161230,1000.0,20190320
931866.CSI,中证机床,CSI,中证指数有限公司,主题指数,20161230,1000.0,20220509
931866CNY01.CSI,中证机床全收益,CSI,中证指数有限公司,主题指数,20161230,1000.0,20220509
931867.CSI,SSH高装,CSI,中证指数有限公司,主题指数,20161230,1000.0,20220718
931867CNY01.CSI,SSH高装(全),CSI,中证指数有限公司,主题指数,20161230,1000.0,20220718
931867HKD00.CSI,SSH高装(HKD),CSI,中证指数有限公司,主题指数,20161230,1000.0,20220718
931867HKD01.CSI,SSH高装(全)HKD,CSI,中证指数有限公司,主题指数,20161230,1000.0,20220718
931877.CSI,科创创业50净收益,CSI,中证指数有限公司,规模指数,20191231,1000.0,20210601
931891.CSI,ESG300成长优选,CSI,中证指数有限公司,策略指数,20171229,1000.0,20220718
931891CNY01.CSI,ESG300成长优选全收益,CSI,中证指数有限公司,策略指数,20171229,1000.0,20220718
931892.CSI,有色矿业,CSI,中证指数有限公司,主题指数,20131231,1000.0,20130715
931892CNY01.CSI,有色矿业全收益,CSI,中证指数有限公司,主题指数,20131231,1000.0,20130715
931893.CSI,银发经济,CSI,中证指数有限公司,主题指数,20140630,1000.0,20221031
931894.CSI,北银理财央企能源股债,CSI,中证指数有限公司,策略指数,20181228,1000.0,20250326
931895.CSI,中证银保,CSI,中证指数有限公司,主题指数,20131231,1000.0,20220901
931895CNY01.CSI,中证银保全收益,CSI,中证指数有限公司,主题指数,20131231,1000.0,20220901
931896.CSI,300银保,CSI,中证指数有限公司,主题指数,20131231,1000.0,20220706
931896CNY01.CSI,300银保全收益,CSI,中证指数有限公司,主题指数,20131231,1000.0,20220706
931897.CSI,绿色电力,CSI,中证指数有限公司,主题指数,20170630,1000.0,20121221
931897CNY01.CSI,绿色电力全收益,CSI,中证指数有限公司,主题指数,20170630,1000.0,20121221
931898.CSI,全球智能汽车,CSI,中证指数有限公司,主题指数,20161230,1000.0,20220706
931898CNY01.CSI,全球智能汽车(全),CSI,中证指数有限公司,主题指数,20161230,1000.0,20220706
931898HKD00.CSI,全球智能汽车HKD,CSI,中证指数有限公司,主题指数,20161230,1000.0,20220706
931898HKD01.CSI,全球智能汽车(全)HKD,CSI,中证指数有限公司,主题指数,20161230,1000.0,20220706
931898USD00.CSI,全球智能汽车USD,CSI,中证指数有限公司,主题指数,20161230,1000.0,20220706
931898USD01.CSI,全球智能汽车(全)USD,CSI,中证指数有限公司,主题指数,20161230,1000.0,20220706
931899.CSI,全球智能驾驶,CSI,中证指数有限公司,主题指数,20161230,1000.0,20220712
931899CNY01.CSI,全球智能驾驶(全),CSI,中证指数有限公司,主题指数,20161230,1000.0,20220712
931899HKD00.CSI,全球智能驾驶(HKD),CSI,中证指数有限公司,主题指数,20161230,1000.0,20220712
931899HKD01.CSI,全球智能驾驶(全)HKD,CSI,中证指数有限公司,主题指数,20161230,1000.0,20220712
931899USD00.CSI,全球智能驾驶(USD),CSI,中证指数有限公司,主题指数,20161230,1000.0,20220712
931899USD01.CSI,全球智能驾驶(全)USD,CSI,中证指数有限公司,主题指数,20161230,1000.0,20220712
931900.CSI,港美智能汽车,CSI,中证指数有限公司,主题指数,20161230,1000.0,20220706
931900CNY01.CSI,港美智能汽车(全),CSI,中证指数有限公司,主题指数,20161230,1000.0,20220706
931900HKD00.CSI,港美智能汽车HKD,CSI,中证指数有限公司,主题指数,20161230,1000.0,20220706
931900HKD01.CSI,港美智能汽车(全)HKD,CSI,中证指数有限公司,主题指数,20161230,1000.0,20220706
931900USD00.CSI,港美智能汽车USD,CSI,中证指数有限公司,主题指数,20161230,1000.0,20220706
931900USD01.CSI,港美智能汽车(全)USD,CSI,中证指数有限公司,主题指数,20161230,1000.0,20220706
931901.CSI,港美智能驾驶,CSI,中证指数有限公司,主题指数,20161230,1000.0,20220712
931901CNY01.CSI,港美智能驾驶(全),CSI,中证指数有限公司,主题指数,20161230,1000.0,20220712
931901HKD00.CSI,港美智能驾驶(HKD),CSI,中证指数有限公司,主题指数,20161230,1000.0,20220712
931901HKD01.CSI,港美智能驾驶(全)HKD,CSI,中证指数有限公司,主题指数,20161230,1000.0,20220712
931901USD00.CSI,港美智能驾驶(USD),CSI,中证指数有限公司,主题指数,20161230,1000.0,20220712
931901USD01.CSI,港美智能驾驶(全)USD,CSI,中证指数有限公司,主题指数,20161230,1000.0,20220712
931919.CSI,800银保,CSI,中证指数有限公司,主题指数,20131231,1000.0,20220706
931919CNY01.CSI,800银保全收益,CSI,中证指数有限公司,主题指数,20131231,1000.0,20220706
931920.CSI,沪深港银保,CSI,中证指数有限公司,主题指数,20141231,1000.0,20220901
931920CNY01.CSI,沪深港银保(全),CSI,中证指数有限公司,主题指数,20141231,1000.0,20220901
931920HKD00.CSI,沪深港银保(HKD),CSI,中证指数有限公司,主题指数,20141231,1000.0,20220901
931920HKD01.CSI,沪深港银保(全)HKD,CSI,中证指数有限公司,主题指数,20141231,1000.0,20220901
931921.CSI,精选市场电动车,CSI,中证指数有限公司,主题指数,20181228,1000.0,20250227
931921CNY200.CSI,精选市场电动车CNY,CSI,中证指数有限公司,主题指数,20181228,1000.0,20250227
931921CNY210.CSI,精选市场电动车(全)CNY,CSI,中证指数有限公司,主题指数,20181228,1000.0,20250227
931921HKD200.CSI,精选市场电动车HKD,CSI,中证指数有限公司,主题指数,20181228,1000.0,20250227
931921HKD210.CSI,精选市场电动车(全)HKD,CSI,中证指数有限公司,主题指数,20181228,1000.0,20250227
931921USD210.CSI,精选市场电动车(全),CSI,中证指数有限公司,主题指数,20181228,1000.0,20250227
931922.CSI,新能源金属50,CSI,中证指数有限公司,主题指数,20111230,1000.0,20220901
931922CNY01.CSI,新能源金属50全收益,CSI,中证指数有限公司,主题指数,20111230,1000.0,20220901
931931.CSI,建筑装饰,CSI,中证指数有限公司,二级行业指数,20211231,1000.0,20220721
931931CNY01.CSI,建筑装饰(全),CSI,中证指数有限公司,二级行业指数,20211231,1000.0,20220721
931932.CSI,电力设备,CSI,中证指数有限公司,二级行业指数,20211231,1000.0,20220721
931932CNY01.CSI,电力设备(全),CSI,中证指数有限公司,二级行业指数,20211231,1000.0,20220721
931933.CSI,全指环保,CSI,中证指数有限公司,二级行业指数,20211231,1000.0,20220721
931933CNY01.CSI,全指环保(全),CSI,中证指数有限公司,二级行业指数,20211231,1000.0,20220721
931934.CSI,非金属材料,CSI,中证指数有限公司,二级行业指数,20211231,1000.0,20220721
931934CNY01.CSI,非金属材料(全),CSI,中证指数有限公司,二级行业指数,20211231,1000.0,20220721
931935.CSI,全指钢铁,CSI,中证指数有限公司,二级行业指数,20211231,1000.0,20220721
931935CNY01.CSI,全指钢铁(全),CSI,中证指数有限公司,二级行业指数,20211231,1000.0,20220721
931936.CSI,全指有色,CSI,中证指数有限公司,二级行业指数,20211231,1000.0,20220721
931936CNY01.CSI,全指有色(全),CSI,中证指数有限公司,二级行业指数,20211231,1000.0,20220721
931937.CSI,造纸与包装,CSI,中证指数有限公司,二级行业指数,20211231,1000.0,20220721
931937CNY01.CSI,造纸与包装(全),CSI,中证指数有限公司,二级行业指数,20211231,1000.0,20220721
931938.CSI,服装珠宝,CSI,中证指数有限公司,二级行业指数,20211231,1000.0,20220721
931938CNY01.CSI,服装珠宝(全),CSI,中证指数有限公司,二级行业指数,20211231,1000.0,20220721
931939.CSI,家庭用品,CSI,中证指数有限公司,二级行业指数,20211231,1000.0,20220721
931939CNY01.CSI,家庭用品(全),CSI,中证指数有限公司,二级行业指数,20211231,1000.0,20220721
931940.CSI,全指医疗,CSI,中证指数有限公司,二级行业指数,20211231,1000.0,20220721
931940CNY01.CSI,全指医疗(全),CSI,中证指数有限公司,二级行业指数,20211231,1000.0,20220721
931941.CSI,其他金融,CSI,中证指数有限公司,二级行业指数,20211231,1000.0,20220721
931941CNY01.CSI,其他金融(全),CSI,中证指数有限公司,二级行业指数,20211231,1000.0,20220721
931944.CSI,银保主题,CSI,中证指数有限公司,主题指数,20131231,1000.0,20091028
931944.SH,银保主题(SH),SSE,中证指数有限公司,主题指数,20131231,1000.0,20091028
931944CNY01.CSI,银保主题全收益,CSI,中证指数有限公司,主题指数,20041231,1000.0,20091028
931945.CSI,汽车半导,CSI,中证指数有限公司,主题指数,20161230,1000.0,20220901
931945CNY01.CSI,汽车半导全收益,CSI,中证指数有限公司,主题指数,20161230,1000.0,20220901
931946.CSI,畜牧养殖,CSI,中证指数有限公司,主题指数,20211231,1000.0,20230728
931946CNY010.CSI,畜牧养殖全收益,CSI,中证指数有限公司,主题指数,20211231,1000.0,20230728
931946CNY020.CSI,畜牧养殖净收益,CSI,中证指数有限公司,主题指数,20211231,1000.0,20230728
931947.CSI,港股通有色,CSI,中证指数有限公司,二级行业指数,20121231,3000.0,20220721
931947CNY00.CSI,港股通有色CNY,CSI,中证指数有限公司,二级行业指数,20121231,3000.0,20220721
931947CNY01.CSI,港股通有色(全)CNY,CSI,中证指数有限公司,二级行业指数,20121231,3000.0,20220721
931947HKD01.CSI,港股通有色(全),CSI,中证指数有限公司,二级行业指数,20121231,3000.0,20220721
931948.CSI,港股通机械,CSI,中证指数有限公司,二级行业指数,20121231,3000.0,20220721
931948CNY00.CSI,港股通机械CNY,CSI,中证指数有限公司,二级行业指数,20121231,3000.0,20220721
931948CNY01.CSI,港股通机械(全)CNY,CSI,中证指数有限公司,二级行业指数,20121231,3000.0,20220721
931948HKD01.CSI,港股通机械(全),CSI,中证指数有限公司,二级行业指数,20121231,3000.0,20220721
931949.CSI,港股通运输,CSI,中证指数有限公司,二级行业指数,20121231,3000.0,20220721
931949CNY00.CSI,港股通运输CNY,CSI,中证指数有限公司,二级行业指数,20121231,3000.0,20220721
931949CNY01.CSI,港股通运输(全)CNY,CSI,中证指数有限公司,二级行业指数,20121231,3000.0,20220721
931949HKD01.CSI,港股通运输(全),CSI,中证指数有限公司,二级行业指数,20121231,3000.0,20220721
931951.CSI,港股通纺织服装,CSI,中证指数有限公司,二级行业指数,20121231,3000.0,20220721
931951CNY00.CSI,港股通纺织服装 CNY,CSI,中证指数有限公司,二级行业指数,20121231,3000.0,20220721
931951CNY01.CSI,港股通纺织服装 (全)CNY,CSI,中证指数有限公司,二级行业指数,20121231,3000.0,20220721
931951HKD01.CSI,港股通纺织服装 (全),CSI,中证指数有限公司,二级行业指数,20121231,3000.0,20220721
931952.CSI,港股通服务,CSI,中证指数有限公司,二级行业指数,20121231,3000.0,20220721
931952CNY00.CSI,港股通服务CNY,CSI,中证指数有限公司,二级行业指数,20121231,3000.0,20220721
931952CNY01.CSI,港股通服务(全)CNY,CSI,中证指数有限公司,二级行业指数,20121231,3000.0,20220721
931952HKD01.CSI,港股通服务(全),CSI,中证指数有限公司,二级行业指数,20121231,3000.0,20220721
931953.CSI,港股通食品饮料,CSI,中证指数有限公司,二级行业指数,20121231,3000.0,20220721
931953CNY00.CSI,港股通食品饮料CNY,CSI,中证指数有限公司,二级行业指数,20121231,3000.0,20220721
931953CNY01.CSI,港股通食品饮料(全)CNY,CSI,中证指数有限公司,二级行业指数,20121231,3000.0,20220721
931953HKD01.CSI,港股通食品饮料(全),CSI,中证指数有限公司,二级行业指数,20121231,3000.0,20220721
931955.CSI,港股通制药,CSI,中证指数有限公司,二级行业指数,20121231,3000.0,20220721
931955CNY00.CSI,港股通制药CNY,CSI,中证指数有限公司,二级行业指数,20121231,3000.0,20220721
931955CNY01.CSI,港股通制药(全)CNY,CSI,中证指数有限公司,二级行业指数,20121231,3000.0,20220721
931955HKD01.CSI,港股通制药(全),CSI,中证指数有限公司,二级行业指数,20121231,3000.0,20220721
931956.CSI,港股通银行,CSI,中证指数有限公司,二级行业指数,20121231,3000.0,20220721
931956CNY00.CSI,港股通银行CNY,CSI,中证指数有限公司,二级行业指数,20121231,3000.0,20220721
931956CNY01.CSI,港股通银行(全)CNY,CSI,中证指数有限公司,二级行业指数,20121231,3000.0,20220721
931956HKD01.CSI,港股通银行(全),CSI,中证指数有限公司,二级行业指数,20121231,3000.0,20220721
931957.CSI,港股通资本市场,CSI,中证指数有限公司,二级行业指数,20121231,3000.0,20220721
931957CNY00.CSI,港股通资本市场CNY,CSI,中证指数有限公司,二级行业指数,20121231,3000.0,20220721
931957CNY01.CSI,港股通资本市场(全)CNY,CSI,中证指数有限公司,二级行业指数,20121231,3000.0,20220721
931957HKD01.CSI,港股通资本市场(全),CSI,中证指数有限公司,二级行业指数,20121231,3000.0,20220721
931958.CSI,港股通电子,CSI,中证指数有限公司,二级行业指数,20121231,3000.0,20220721
931958CNY00.CSI,港股通电子CNY,CSI,中证指数有限公司,二级行业指数,20121231,3000.0,20220721
931958CNY01.CSI,港股通电子(全)CNY,CSI,中证指数有限公司,二级行业指数,20121231,3000.0,20220721
931958HKD01.CSI,港股通电子(全),CSI,中证指数有限公司,二级行业指数,20121231,3000.0,20220721
931959.CSI,港股通传媒,CSI,中证指数有限公司,二级行业指数,20121231,3000.0,20220721
931959CNY00.CSI,港股通传媒CNY,CSI,中证指数有限公司,二级行业指数,20121231,3000.0,20220721
931959CNY01.CSI,港股通传媒(全)CNY,CSI,中证指数有限公司,二级行业指数,20121231,3000.0,20220721
931959HKD01.CSI,港股通传媒(全),CSI,中证指数有限公司,二级行业指数,20121231,3000.0,20220721
931960.CSI,港股通运输业,CSI,中证指数有限公司,三级行业指数,20121231,3000.0,20220721
931960CNY00.CSI,港股通运输业CNY,CSI,中证指数有限公司,三级行业指数,20121231,3000.0,20220721
931960CNY01.CSI,港股通运输业(全)CNY,CSI,中证指数有限公司,三级行业指数,20121231,3000.0,20220721
931960HKD01.CSI,港股通运输业(全),CSI,中证指数有限公司,三级行业指数,20121231,3000.0,20220721
931961.CSI,港股通交通设施,CSI,中证指数有限公司,三级行业指数,20121231,3000.0,20220721
931961CNY00.CSI,港股通交通设施CNY,CSI,中证指数有限公司,三级行业指数,20121231,3000.0,20220721
931961CNY01.CSI,港股通交通设施(全)CNY,CSI,中证指数有限公司,三级行业指数,20121231,3000.0,20220721
931961HKD01.CSI,港股通交通设施(全),CSI,中证指数有限公司,三级行业指数,20121231,3000.0,20220721
931962.CSI,港股通休闲,CSI,中证指数有限公司,三级行业指数,20121231,3000.0,20220721
931962CNY00.CSI,港股通休闲CNY,CSI,中证指数有限公司,三级行业指数,20121231,3000.0,20220721
931962CNY01.CSI,港股通休闲(全)CNY,CSI,中证指数有限公司,三级行业指数,20121231,3000.0,20220721
931962HKD01.CSI,港股通休闲(全),CSI,中证指数有限公司,三级行业指数,20121231,3000.0,20220721
931963.CSI,港股通教育,CSI,中证指数有限公司,三级行业指数,20121231,3000.0,20220721
931963CNY00.CSI,港股通教育CNY,CSI,中证指数有限公司,三级行业指数,20121231,3000.0,20220721
931963CNY01.CSI,港股通教育(全)CNY,CSI,中证指数有限公司,三级行业指数,20121231,3000.0,20220721
931963HKD01.CSI,港股通教育(全),CSI,中证指数有限公司,三级行业指数,20121231,3000.0,20220721
931965.CSI,港股通食品,CSI,中证指数有限公司,三级行业指数,20121231,3000.0,20220721
931965CNY00.CSI,港股通食品CNY,CSI,中证指数有限公司,三级行业指数,20121231,3000.0,20220721
931965CNY01.CSI,港股通食品(全)CNY,CSI,中证指数有限公司,三级行业指数,20121231,3000.0,20220721
931965HKD01.CSI,港股通食品(全),CSI,中证指数有限公司,三级行业指数,20121231,3000.0,20220721
931966.CSI,港股通医疗商业,CSI,中证指数有限公司,三级行业指数,20121231,3000.0,20220721
931966CNY00.CSI,港股通医疗商业CNY,CSI,中证指数有限公司,三级行业指数,20121231,3000.0,20220721
931966CNY01.CSI,港股通医疗商业(全)CNY,CSI,中证指数有限公司,三级行业指数,20121231,3000.0,20220721
931966HKD01.CSI,港股通医疗商业(全),CSI,中证指数有限公司,三级行业指数,20121231,3000.0,20220721
931967.CSI,港股通化学药,CSI,中证指数有限公司,三级行业指数,20121231,3000.0,20220721
931967CNY00.CSI,港股通化学药CNY,CSI,中证指数有限公司,三级行业指数,20121231,3000.0,20220721
931967CNY01.CSI,港股通化学药(全)CNY,CSI,中证指数有限公司,三级行业指数,20121231,3000.0,20220721
931967HKD01.CSI,港股通化学药(全),CSI,中证指数有限公司,三级行业指数,20121231,3000.0,20220721
931968.CSI,港股通制药生物,CSI,中证指数有限公司,三级行业指数,20121231,3000.0,20220721
931968CNY00.CSI,港股通制药生物CNY,CSI,中证指数有限公司,三级行业指数,20121231,3000.0,20220721
931968CNY01.CSI,港股通制药生物(全)CNY,CSI,中证指数有限公司,三级行业指数,20121231,3000.0,20220721
931968HKD01.CSI,港股通制药生物(全),CSI,中证指数有限公司,三级行业指数,20121231,3000.0,20220721
931969.CSI,港股通商业银行,CSI,中证指数有限公司,三级行业指数,20121231,3000.0,20220721
931969CNY00.CSI,港股通商业银行CNY,CSI,中证指数有限公司,三级行业指数,20121231,3000.0,20220721
931969CNY01.CSI,港股通商业银行(全)CNY,CSI,中证指数有限公司,三级行业指数,20121231,3000.0,20220721
931969HKD01.CSI,港股通商业银行(全),CSI,中证指数有限公司,三级行业指数,20121231,3000.0,20220721
931970.CSI,港股通文化娱乐,CSI,中证指数有限公司,三级行业指数,20121231,3000.0,20220721
931970CNY00.CSI,港股通文化娱乐CNY,CSI,中证指数有限公司,三级行业指数,20121231,3000.0,20220721
931970CNY01.CSI,港股通文化娱乐(全)CNY,CSI,中证指数有限公司,三级行业指数,20121231,3000.0,20220721
931970HKD01.CSI,港股通文化娱乐(全),CSI,中证指数有限公司,三级行业指数,20121231,3000.0,20220721
931971.CSI,港股通电力电网,CSI,中证指数有限公司,三级行业指数,20121231,3000.0,20220721
931971CNY00.CSI,港股通电力电网CNY,CSI,中证指数有限公司,三级行业指数,20121231,3000.0,20220721
931971CNY01.CSI,港股通电力电网(全)CNY,CSI,中证指数有限公司,三级行业指数,20121231,3000.0,20220721
931971HKD01.CSI,港股通电力电网(全),CSI,中证指数有限公司,三级行业指数,20121231,3000.0,20220721
931972.CSI,港股通地产开发,CSI,中证指数有限公司,三级行业指数,20121231,3000.0,20220721
931972CNY00.CSI,港股通地产开发CNY,CSI,中证指数有限公司,三级行业指数,20121231,3000.0,20220721
931972CNY01.CSI,港股通地产开发(全)CNY,CSI,中证指数有限公司,三级行业指数,20121231,3000.0,20220721
931972HKD01.CSI,港股通地产开发(全),CSI,中证指数有限公司,三级行业指数,20121231,3000.0,20220721
931973.CSI,港股通地产管理,CSI,中证指数有限公司,三级行业指数,20121231,3000.0,20220721
931973CNY00.CSI,港股通地产管理CNY,CSI,中证指数有限公司,三级行业指数,20121231,3000.0,20220721
931973CNY01.CSI,港股通地产管理(全)CNY,CSI,中证指数有限公司,三级行业指数,20121231,3000.0,20220721
931973HKD01.CSI,港股通地产管理(全),CSI,中证指数有限公司,三级行业指数,20121231,3000.0,20220721
931975.CSI,H300服务,CSI,中证指数有限公司,二级行业指数,20211231,1000.0,20220721
931975CNY00.CSI,H300服务CNY,CSI,中证指数有限公司,二级行业指数,20211231,1000.0,20220721
931975CNY01.CSI,H300服务(全)CNY,CSI,中证指数有限公司,二级行业指数,20211231,1000.0,20220721
931975HKD01.CSI,H300服务(全),CSI,中证指数有限公司,二级行业指数,20211231,1000.0,20220721
931976.CSI,H300食品饮料,CSI,中证指数有限公司,二级行业指数,20211231,1000.0,20220721
931976CNY00.CSI,H300食品饮料CNY,CSI,中证指数有限公司,二级行业指数,20211231,1000.0,20220721
931976CNY01.CSI,H300食品饮料(全)CNY,CSI,中证指数有限公司,二级行业指数,20211231,1000.0,20220721
931976HKD01.CSI,H300食品饮料(全),CSI,中证指数有限公司,二级行业指数,20211231,1000.0,20220721
931977.CSI,H300医疗,CSI,中证指数有限公司,二级行业指数,20211231,1000.0,20220721
931977CNY00.CSI,H300医疗CNY,CSI,中证指数有限公司,二级行业指数,20211231,1000.0,20220721
931977CNY01.CSI,H300医疗(全)CNY,CSI,中证指数有限公司,二级行业指数,20211231,1000.0,20220721
931977HKD01.CSI,H300医疗(全),CSI,中证指数有限公司,二级行业指数,20211231,1000.0,20220721
931978.CSI,H300制药,CSI,中证指数有限公司,二级行业指数,20211231,1000.0,20220721
931978CNY00.CSI,H300制药CNY,CSI,中证指数有限公司,二级行业指数,20211231,1000.0,20220721
931978CNY01.CSI,H300制药(全)CNY,CSI,中证指数有限公司,二级行业指数,20211231,1000.0,20220721
931978HKD01.CSI,H300制药(全),CSI,中证指数有限公司,二级行业指数,20211231,1000.0,20220721
931979.CSI,H300资本市场,CSI,中证指数有限公司,二级行业指数,20211231,1000.0,20220721
931979CNY00.CSI,H300资本市场CNY,CSI,中证指数有限公司,二级行业指数,20211231,1000.0,20220721
931979CNY01.CSI,H300资本市场(全)CNY,CSI,中证指数有限公司,二级行业指数,20211231,1000.0,20220721
931979HKD01.CSI,H300资本市场(全),CSI,中证指数有限公司,二级行业指数,20211231,1000.0,20220721
931980.CSI,H300传媒,CSI,中证指数有限公司,二级行业指数,20211231,1000.0,20220721
931980CNY00.CSI,H300传媒CNY,CSI,中证指数有限公司,二级行业指数,20211231,1000.0,20220721
931980CNY01.CSI,H300传媒(全)CNY,CSI,中证指数有限公司,二级行业指数,20211231,1000.0,20220721
931980HKD01.CSI,H300传媒(全),CSI,中证指数有限公司,二级行业指数,20211231,1000.0,20220721
931981.CSI,H300休闲服务,CSI,中证指数有限公司,三级行业指数,20211231,1000.0,20220721
931981CNY00.CSI,H300休闲服务CNY,CSI,中证指数有限公司,三级行业指数,20211231,1000.0,20220721
931981CNY01.CSI,H300休闲服务(全)CNY,CSI,中证指数有限公司,三级行业指数,20211231,1000.0,20220721
931981HKD01.CSI,H300休闲服务(全),CSI,中证指数有限公司,三级行业指数,20211231,1000.0,20220721
931982.CSI,H300医疗器械,CSI,中证指数有限公司,三级行业指数,20211231,1000.0,20220721
931982CNY00.CSI,H300医疗器械CNY,CSI,中证指数有限公司,三级行业指数,20211231,1000.0,20220721
931982CNY01.CSI,H300医疗器械(全)CNY,CSI,中证指数有限公司,三级行业指数,20211231,1000.0,20220721
931982HKD01.CSI,H300医疗器械(全),CSI,中证指数有限公司,三级行业指数,20211231,1000.0,20220721
931983.CSI,H300化学药,CSI,中证指数有限公司,三级行业指数,20211231,1000.0,20220721
931983CNY00.CSI,H300化学药CNY,CSI,中证指数有限公司,三级行业指数,20211231,1000.0,20220721
931983CNY01.CSI,H300化学药(全)CNY,CSI,中证指数有限公司,三级行业指数,20211231,1000.0,20220721
931983HKD01.CSI,H300化学药(全),CSI,中证指数有限公司,三级行业指数,20211231,1000.0,20220721
931984.CSI,H300商业银行,CSI,中证指数有限公司,三级行业指数,20211231,1000.0,20220721
931984CNY00.CSI,H300商业银行CNY,CSI,中证指数有限公司,三级行业指数,20211231,1000.0,20220721
931984CNY01.CSI,H300商业银行(全)CNY,CSI,中证指数有限公司,三级行业指数,20211231,1000.0,20220721
931984HKD01.CSI,H300商业银行(全),CSI,中证指数有限公司,三级行业指数,20211231,1000.0,20220721
931985.CSI,H300地产开发,CSI,中证指数有限公司,三级行业指数,20211231,1000.0,20220721
931985CNY00.CSI,H300地产开发CNY,CSI,中证指数有限公司,三级行业指数,20211231,1000.0,20220721
931985CNY01.CSI,H300地产开发(全)CNY,CSI,中证指数有限公司,三级行业指数,20211231,1000.0,20220721
931985HKD01.CSI,H300地产开发(全),CSI,中证指数有限公司,三级行业指数,20211231,1000.0,20220721
931986.CSI,H300地产管理,CSI,中证指数有限公司,三级行业指数,20211231,1000.0,20220721
931986CNY00.CSI,H300地产管理CNY,CSI,中证指数有限公司,三级行业指数,20211231,1000.0,20220721
931986CNY01.CSI,H300地产管理(全)CNY,CSI,中证指数有限公司,三级行业指数,20211231,1000.0,20220721
931986HKD01.CSI,H300地产管理(全),CSI,中证指数有限公司,三级行业指数,20211231,1000.0,20220721
931987.CSI,国企ESG50,CSI,中证指数有限公司,主题指数,20170630,1000.0,20250402
931987CNY010.CSI,国企ESG50全收益,CSI,中证指数有限公司,主题指数,20170630,1000.0,20250402
931989.CSI,渝农商理财成渝经济圈发展,CSI,中证指数有限公司,主题指数,20151231,1000.0,20220712
931989CNY01.CSI,渝农商成渝经济圈发展全收益,CSI,中证指数有限公司,主题指数,20151231,1000.0,20220712
931990.CSI,渝农商理财成渝经济圈消费,CSI,中证指数有限公司,主题指数,20151231,1000.0,20220712
931990CNY01.CSI,渝农商成渝经济圈消费全收益,CSI,中证指数有限公司,主题指数,20151231,1000.0,20220712
931991.CSI,渝农商理财成渝经济圈先进制造,CSI,中证指数有限公司,主题指数,20151231,1000.0,20220712
931991CNY01.CSI,渝农商成渝经济圈先进制造全收益,CSI,中证指数有限公司,主题指数,20151231,1000.0,20220712
931992.CSI,疫苗生物,CSI,中证指数有限公司,主题指数,20171229,1000.0,20130715
931992CNY01.CSI,疫苗生物全收益,CSI,中证指数有限公司,主题指数,20171229,1000.0,20130715
931994.CSI,电网设备主题,CSI,中证指数有限公司,主题指数,20140630,1000.0,20221011
931995.CSI,国泰海通大类资产配置,CSI,中证指数有限公司,策略指数,20171229,1000.0,20220715
931996.CSI,新能源金属,CSI,中证指数有限公司,主题指数,20131231,1000.0,20221114
931996CNY01.CSI,新能源金属全收益,CSI,中证指数有限公司,主题指数,20131231,1000.0,20221114
931997.CSI,1000股息点,CSI,中证指数有限公司,策略指数,20041231,0.0,20250319
931998.CSI,全球半导体,CSI,中证指数有限公司,主题指数,20161230,1000.0,20221104
931998CNY01.CSI,全球半导体(全),CSI,中证指数有限公司,主题指数,20161230,1000.0,20221104
931998HKD00.CSI,全球半导体HKD,CSI,中证指数有限公司,主题指数,20161230,1000.0,20221104
931998HKD01.CSI,全球半导体(全)HKD,CSI,中证指数有限公司,主题指数,20161230,1000.0,20221104
931998USD00.CSI,全球半导体USD,CSI,中证指数有限公司,主题指数,20161230,1000.0,20221104
931998USD01.CSI,全球半导体(全)USD,CSI,中证指数有限公司,主题指数,20161230,1000.0,20221104
931999.CSI,全球半导体材料设备,CSI,中证指数有限公司,主题指数,20161230,1000.0,20221104
931999CNY01.CSI,全球半导体材料设备(全),CSI,中证指数有限公司,主题指数,20161230,1000.0,20221104
931999HKD00.CSI,全球半导体材料设备HKD,CSI,中证指数有限公司,主题指数,20161230,1000.0,20221104
931999HKD01.CSI,全球半导体材料设备(全)HKD,CSI,中证指数有限公司,主题指数,20161230,1000.0,20221104
931999USD00.CSI,全球半导体材料设备USD,CSI,中证指数有限公司,主题指数,20161230,1000.0,20221104
931999USD01.CSI,全球半导体材料设备(全)USD,CSI,中证指数有限公司,主题指数,20161230,1000.0,20221104
932000.CSI,中证2000,CSI,中证指数有限公司,规模指数,20131231,1000.0,20230811
932000CNY010.CSI,中证2000全收益,CSI,中证指数有限公司,规模指数,20131231,1000.0,20230811
932000EUR200.CSI,中证2000EUR,CSI,中证指数有限公司,规模指数,20131231,1000.0,20230901
932000EUR210.CSI,中证2000(全)EUR,CSI,中证指数有限公司,规模指数,20131231,1000.0,20230901
932000GBP200.CSI,中证2000GBP,CSI,中证指数有限公司,规模指数,20131231,1000.0,20230901
932000GBP210.CSI,中证2000(全)GBP,CSI,中证指数有限公司,规模指数,20131231,1000.0,20230901
932000HKD200.CSI,中证2000HKD,CSI,中证指数有限公司,规模指数,20131231,1000.0,20230901
932000HKD210.CSI,中证2000(全)HKD,CSI,中证指数有限公司,规模指数,20131231,1000.0,20230901
932000USD200.CSI,中证2000USD,CSI,中证指数有限公司,规模指数,20131231,1000.0,20230901
932000USD210.CSI,中证2000(全)USD,CSI,中证指数有限公司,规模指数,20131231,1000.0,20230901
932000USD220.CSI,中证2000(净)USD,CSI,中证指数有限公司,规模指数,20131231,1000.0,20240105
932000USD300.CSI,中证2000USD(CNH),CSI,中证指数有限公司,规模指数,20131231,1000.0,20230901
932000USD310.CSI,中证2000(全)USD(CNH),CSI,中证指数有限公司,规模指数,20131231,1000.0,20230901
932000USD320.CSI,中证2000(净)USD(CNH),CSI,中证指数有限公司,规模指数,20131231,1000.0,20240105
932004.CSI,国新央企综指,CSI,中证指数有限公司,主题指数,20111230,1000.0,20221011
932004CNY01.CSI,国新央企综指全收益,CSI,中证指数有限公司,主题指数,20111230,1000.0,20221011
932017.CSI,800红利增长,CSI,中证指数有限公司,策略指数,20131231,1000.0,20221125
932017CNY01.CSI,800红利增长全收益,CSI,中证指数有限公司,策略指数,20131231,1000.0,20221125
932018.CSI,300红利增长,CSI,中证指数有限公司,策略指数,20131231,1000.0,20221125
932018CNY01.CSI,300红利增长全收益,CSI,中证指数有限公司,策略指数,20131231,1000.0,20221125
932019.CSI,500红利增长,CSI,中证指数有限公司,策略指数,20131231,1000.0,20221125
932019CNY01.CSI,500红利增长全收益,CSI,中证指数有限公司,策略指数,20131231,1000.0,20221125
932020.CSI,1000红利增长,CSI,中证指数有限公司,策略指数,20131231,1000.0,20221125
932020CNY01.CSI,1000红利增长全收益,CSI,中证指数有限公司,策略指数,20131231,1000.0,20221125
932021.CSI,中证红利SGD,CSI,中证指数有限公司,策略指数,20241231,5581.5,20250214
932022.CSI,中证红利(全)SGD,CSI,中证指数有限公司,策略指数,20241231,5581.5,20250214
932023.CSI,中证红利(净)SGD,CSI,中证指数有限公司,策略指数,20241231,5581.5,20250214
932024.CSI,高端造50策略,CSI,中证指数有限公司,主题指数,20161230,1000.0,20201221
932024CNY01.CSI,高端造50策略全收益,CSI,中证指数有限公司,主题指数,20161230,1000.0,20201221
932025.CSI,高端造50,CSI,中证指数有限公司,主题指数,20161230,1000.0,20201211
932025CNY01.CSI,高端造50全收益,CSI,中证指数有限公司,主题指数,20161230,1000.0,20201211
932026.CSI,SSH高端造,CSI,中证指数有限公司,主题指数,20161230,1000.0,20230313
932026CNY01.CSI,SSH高端造(全),CSI,中证指数有限公司,主题指数,20161230,1000.0,20230313
932026HKD00.CSI,SSH高端造(HKD),CSI,中证指数有限公司,主题指数,20161230,1000.0,20230313
932026HKD01.CSI,SSH高端造(全)HKD,CSI,中证指数有限公司,主题指数,20161230,1000.0,20230313
932027.CSI,500趋势成长,CSI,中证指数有限公司,策略指数,20161230,1000.0,20230630
932027CNY01.CSI,500趋势成长全收益,CSI,中证指数有限公司,策略指数,20161230,1000.0,20230630
932027CNY02.CSI,500趋势成长净收益,CSI,中证指数有限公司,策略指数,20161230,1000.0,20230630
932028.CSI,数据要素,CSI,中证指数有限公司,主题指数,20211231,1000.0,20230830
932028CNY010.CSI,数据要素全收益,CSI,中证指数有限公司,主题指数,20211231,1000.0,20230830
932028CNY020.CSI,数据要素净收益,CSI,中证指数有限公司,主题指数,20211231,1000.0,20240424
932037.CSI,央企现代能源,CSI,中证指数有限公司,主题指数,20161230,1000.0,20221116
932037CNY01.CSI,央企现代能源全收益,CSI,中证指数有限公司,主题指数,20161230,1000.0,20221116
932038.CSI,央企科技引领,CSI,中证指数有限公司,主题指数,20161230,1000.0,20221116
932038CNY01.CSI,央企科技引领全收益,CSI,中证指数有限公司,主题指数,20161230,1000.0,20221116
932039.CSI,央企股东回报,CSI,中证指数有限公司,策略指数,20161230,1000.0,20221116
932039CNY01.CSI,央企股东回报全收益,CSI,中证指数有限公司,策略指数,20161230,1000.0,20221116
932040.CSI,芯片设计,CSI,中证指数有限公司,主题指数,20181228,1000.0,20210825
932040CNY010.CSI,芯片设计全收益,CSI,中证指数有限公司,主题指数,20181228,1000.0,20210825
932041CNY120.CSI,香港AI人民币中间价(净)(退市),CSI,中证指数有限公司,主题指数,20211231,1000.0,20240313
932041CNY220.CSI,香港AI(净)CNY(退市),CSI,中证指数有限公司,主题指数,20211231,1000.0,20240313
932041HKD220.CSI,香港AI(净)(退市),CSI,中证指数有限公司,主题指数,20211231,1000.0,20240313
932042.CSI,智选航空科技,CSI,中证指数有限公司,主题指数,20141231,1000.0,20231018
932042CNY210.CSI,智选航空科技(全),CSI,中证指数有限公司,主题指数,20141231,1000.0,20231018
932042HKD200.CSI,智选航空科技HKD,CSI,中证指数有限公司,主题指数,20141231,1000.0,20231018
932042HKD210.CSI,智选航空科技(全)HKD,CSI,中证指数有限公司,主题指数,20141231,1000.0,20231018
932044.CSI,高端装备科技,CSI,中证指数有限公司,主题指数,20161230,1000.0,20240320
932044CNY010.CSI,高端装备科技全收益,CSI,中证指数有限公司,主题指数,20161230,1000.0,20240320
932044CNY020.CSI,高端装备科技净收益,CSI,中证指数有限公司,主题指数,20161230,1000.0,20240320
932046.CSI,建行科技(长三角),CSI,中证指数有限公司,主题指数,20191231,1000.0,20240508
932046CNY010.CSI,建行科技(长三角)全收益,CSI,中证指数有限公司,主题指数,20191231,1000.0,20240508
932048.CSI,民企高端装备,CSI,中证指数有限公司,主题指数,20161230,1000.0,20240320
932048CNY010.CSI,民企高端装备全收益,CSI,中证指数有限公司,主题指数,20161230,1000.0,20240320
932048CNY020.CSI,民企高端装备净收益,CSI,中证指数有限公司,主题指数,20161230,1000.0,20240320
932049.CSI,国新港股通央企综指,CSI,中证指数有限公司,主题指数,20161230,1000.0,20240508
932049CNY100.CSI,国新港股通央企综指CNYCPR,CSI,中证指数有限公司,主题指数,20161230,1000.0,20240508
932049CNY110.CSI,国新港股通央企综指CNYCPR(全),CSI,中证指数有限公司,主题指数,20161230,1000.0,20240508
932049CNY200.CSI,国新港股通央企综指CNY,CSI,中证指数有限公司,主题指数,20161230,1000.0,20240508
932049CNY210.CSI,国新港股通央企综指(全)CNY,CSI,中证指数有限公司,主题指数,20161230,1000.0,20240508
932049HKD210.CSI,国新港股通央企综指(全),CSI,中证指数有限公司,主题指数,20161230,1000.0,20240508
932050.CSI,浦东绿色50ESG,CSI,中证指数有限公司,主题指数,20181228,1000.0,20230508
932050CNY01.CSI,浦东绿色50ESG全收益,CSI,中证指数有限公司,主题指数,20181228,1000.0,20230508
932052.CSI,央企科技创新,CSI,中证指数有限公司,主题指数,20191231,1000.0,20231010
932052CNY010.CSI,央企科技创新全收益,CSI,中证指数有限公司,主题指数,20191231,1000.0,20231010
932052CNY020.CSI,央企科技创新净收益,CSI,中证指数有限公司,主题指数,20191231,1000.0,20231010
932053.CSI,1000价值策略,CSI,中证指数有限公司,策略指数,20161230,1000.0,20230313
932053CNY01.CSI,1000价值策略全收益,CSI,中证指数有限公司,策略指数,20161230,1000.0,20230313
932056.CSI,海洋经济,CSI,中证指数有限公司,主题指数,20121231,1000.0,20240723
932056CNY210.CSI,海洋经济(全),CSI,中证指数有限公司,主题指数,20121231,1000.0,20240723
932056CNY220.CSI,海洋经济(净),CSI,中证指数有限公司,主题指数,20121231,1000.0,20240723
932056HKD200.CSI,海洋经济HKD,CSI,中证指数有限公司,主题指数,20121231,1000.0,20240723
932056HKD210.CSI,海洋经济(全)HKD,CSI,中证指数有限公司,主题指数,20121231,1000.0,20240723
932056HKD220.CSI,海洋经济(净)HKD,CSI,中证指数有限公司,主题指数,20121231,1000.0,20240723
932057.CSI,苏州创新50,CSI,中证指数有限公司,主题指数,20141231,1000.0,20230109
932057CNY01.CSI,苏州创新50全收益,CSI,中证指数有限公司,主题指数,20141231,1000.0,20230109
932058.CSI,300价值领先,CSI,中证指数有限公司,策略指数,20121228,1000.0,20231122
932058CNY010.CSI,300价值领先全收益,CSI,中证指数有限公司,策略指数,20121228,1000.0,20231122
932058CNY020.CSI,300价值领先净收益,CSI,中证指数有限公司,策略指数,20121228,1000.0,20231122
932059.CSI,500价值领先,CSI,中证指数有限公司,策略指数,20121228,1000.0,20231122
932059CNY010.CSI,500价值领先全收益,CSI,中证指数有限公司,策略指数,20121228,1000.0,20231122
932059CNY020.CSI,500价值领先净收益,CSI,中证指数有限公司,策略指数,20121228,1000.0,20231122
932060.CSI,1000价值领先,CSI,中证指数有限公司,策略指数,20121228,1000.0,20231122
932060CNY010.CSI,1000价值领先全收益,CSI,中证指数有限公司,策略指数,20121228,1000.0,20231122
932060CNY020.CSI,1000价值领先净收益,CSI,中证指数有限公司,策略指数,20121228,1000.0,20231122
932061.CSI,均衡配置,CSI,中证指数有限公司,策略指数,20121228,1000.0,20231122
932061CNY010.CSI,均衡配置全收益,CSI,中证指数有限公司,策略指数,20121228,1000.0,20231122
932061CNY020.CSI,均衡配置净收益,CSI,中证指数有限公司,策略指数,20121228,1000.0,20231122
932062.CSI,市场龙头50,CSI,中证指数有限公司,主题指数,20170630,1000.0,20240116
932062CNY010.CSI,市场龙头50全收益,CSI,中证指数有限公司,主题指数,20170630,1000.0,20240116
932063.CSI,1000成长策略,CSI,中证指数有限公司,策略指数,20161230,1000.0,20230313
932063CNY01.CSI,1000成长策略全收益,CSI,中证指数有限公司,策略指数,20161230,1000.0,20230313
932065.CSI,通信设备及电信运营服务行业精选,CSI,中证指数有限公司,主题指数,20141231,1000.0,20231110
932065CNY010.CSI,通信设备电信运营服务精选全收益,CSI,中证指数有限公司,主题指数,20141231,1000.0,20231110
932066.CSI,半导体行业精选,CSI,中证指数有限公司,主题指数,20141231,1000.0,20231110
932066CNY010.CSI,半导体行业精选全收益,CSI,中证指数有限公司,主题指数,20141231,1000.0,20231110
932067.CSI,计算机行业精选,CSI,中证指数有限公司,主题指数,20141231,1000.0,20231110
932067CNY010.CSI,计算机行业精选全收益,CSI,中证指数有限公司,主题指数,20141231,1000.0,20231110
932068.CSI,长寿经济,CSI,中证指数有限公司,主题指数,20161230,1000.0,20230403
932068CNY01.CSI,长寿经济全收益,CSI,中证指数有限公司,主题指数,20161230,1000.0,20230403
932069.CSI,港股通医疗主题,CSI,中证指数有限公司,主题指数,20181231,1000.0,20220721
932069CNY100.CSI,港股通医疗主题人民币中间价,CSI,中证指数有限公司,主题指数,20181231,1000.0,20220721
932069CNY110.CSI,港股通医疗主题人民币中间价(全),CSI,中证指数有限公司,主题指数,20181231,1000.0,20220721
932069CNY200.CSI,港股通医疗主题CNY,CSI,中证指数有限公司,主题指数,20181231,1000.0,20220721
932069CNY210.CSI,港股通医疗主题(全)CNY,CSI,中证指数有限公司,主题指数,20181231,1000.0,20220721
932069HKD210.CSI,港股通医疗主题(全),CSI,中证指数有限公司,主题指数,20181231,1000.0,20220721
932070.CSI,北银理财北京科技领先,CSI,中证指数有限公司,策略指数,20181228,1000.0,20230203
932070CNY01.CSI,北银理财北京科技领先全收益,CSI,中证指数有限公司,策略指数,20181228,1000.0,20230203
932071.CSI,SSH煤炭,CSI,中证指数有限公司,主题指数,20141231,1000.0,20121221
932071CNY100.CSI,SSH煤炭人民币中间价,CSI,中证指数有限公司,主题指数,20141231,1000.0,20121221
932071CNY110.CSI,SSH煤炭人民币中间价(全),CSI,中证指数有限公司,主题指数,20141231,1000.0,20121221
932071CNY200.CSI,SSH煤炭CNY,CSI,中证指数有限公司,主题指数,20141231,1000.0,20121221
932071CNY210.CSI,SSH煤炭(全)CNY,CSI,中证指数有限公司,主题指数,20141231,1000.0,20121221
932071HKD210.CSI,SSH煤炭(全),CSI,中证指数有限公司,主题指数,20141231,1000.0,20121221
932072.CSI,红利增长50,CSI,中证指数有限公司,策略指数,20131231,1000.0,20230203
932072CNY01.CSI,红利增长50全收益,CSI,中证指数有限公司,策略指数,20131231,1000.0,20230203
932073.CSI,佛山制造,CSI,中证指数有限公司,主题指数,20141231,1000.0,20231211
932073CNY010.CSI,佛山制造全收益,CSI,中证指数有限公司,主题指数,20141231,1000.0,20231211
932074.CSI,金司南气候友好,CSI,中证指数有限公司,主题指数,20170630,1000.0,20230109
932074CNY01.CSI,金司南气候友好全收益,CSI,中证指数有限公司,主题指数,20170630,1000.0,20230109
932075.CSI,全指金融,CSI,中证指数有限公司,一级行业指数,20041231,1000.0,20230313
932075CNY01.CSI,全指金融全收益,CSI,中证指数有限公司,一级行业指数,20041231,1000.0,20230313
932076.CSI,全指地产,CSI,中证指数有限公司,一级行业指数,20041231,1000.0,20230313
932076CNY01.CSI,全指地产全收益,CSI,中证指数有限公司,一级行业指数,20041231,1000.0,20230313
932077.CSI,全指能源行业,CSI,中证指数有限公司,一级行业指数,20041231,1000.0,20230313
932077CNY01.CSI,全指能源行业全收益,CSI,中证指数有限公司,一级行业指数,20041231,1000.0,20230313
932078.CSI,全指材料行业,CSI,中证指数有限公司,一级行业指数,20041231,1000.0,20230313
932078CNY01.CSI,全指材料行业全收益,CSI,中证指数有限公司,一级行业指数,20041231,1000.0,20230313
932079.CSI,全指工业行业,CSI,中证指数有限公司,一级行业指数,20041231,1000.0,20230313
932079CNY01.CSI,全指工业行业全收益,CSI,中证指数有限公司,一级行业指数,20041231,1000.0,20230313
932080.CSI,全指可选行业,CSI,中证指数有限公司,一级行业指数,20041231,1000.0,20230313
932080CNY01.CSI,全指可选行业全收益,CSI,中证指数有限公司,一级行业指数,20041231,1000.0,20230313
932081.CSI,全指消费行业,CSI,中证指数有限公司,一级行业指数,20041231,1000.0,20230313
932081CNY01.CSI,全指消费行业全收益,CSI,中证指数有限公司,一级行业指数,20041231,1000.0,20230313
932082.CSI,全指医药行业,CSI,中证指数有限公司,一级行业指数,20041231,1000.0,20230313
932082CNY01.CSI,全指医药行业全收益,CSI,中证指数有限公司,一级行业指数,20041231,1000.0,20230313
932083.CSI,全指金融行业,CSI,中证指数有限公司,一级行业指数,20041231,1000.0,20230313
932083CNY01.CSI,全指金融行业全收益,CSI,中证指数有限公司,一级行业指数,20041231,1000.0,20230313
932084.CSI,全指信息行业,CSI,中证指数有限公司,一级行业指数,20041231,1000.0,20230313
932084CNY01.CSI,全指信息行业全收益,CSI,中证指数有限公司,一级行业指数,20041231,1000.0,20230313
932085.CSI,全指通信行业,CSI,中证指数有限公司,一级行业指数,20041231,1000.0,20230313
932085CNY01.CSI,全指通信行业全收益,CSI,中证指数有限公司,一级行业指数,20041231,1000.0,20230313
932086.CSI,全指公用行业,CSI,中证指数有限公司,一级行业指数,20041231,1000.0,20230313
932086CNY01.CSI,全指公用行业全收益,CSI,中证指数有限公司,一级行业指数,20041231,1000.0,20230313
932087.CSI,集成电路,CSI,中证指数有限公司,三级行业指数,20211231,1000.0,20230329
932087CNY01.CSI,集成电路全收益,CSI,中证指数有限公司,三级行业指数,20211231,1000.0,20230329
932088.CSI,全指航空,CSI,中证指数有限公司,三级行业指数,20211231,1000.0,20230323
932088CNY01.CSI,全指航空全收益,CSI,中证指数有限公司,三级行业指数,20211231,1000.0,20230323
932089.CSI,全指节能,CSI,中证指数有限公司,三级行业指数,20211231,1000.0,20230323
932089CNY01.CSI,全指节能全收益,CSI,中证指数有限公司,三级行业指数,20211231,1000.0,20230323
932090.CSI,储能设备,CSI,中证指数有限公司,三级行业指数,20211231,1000.0,20230323
932090CNY01.CSI,储能设备全收益,CSI,中证指数有限公司,三级行业指数,20211231,1000.0,20230323
932091.CSI,全指种植,CSI,中证指数有限公司,三级行业指数,20211231,1000.0,20230323
932091CNY01.CSI,全指种植全收益,CSI,中证指数有限公司,三级行业指数,20211231,1000.0,20230323
932092.CSI,数据中心,CSI,中证指数有限公司,三级行业指数,20211231,1000.0,20230329
932092CNY01.CSI,数据中心全收益,CSI,中证指数有限公司,三级行业指数,20211231,1000.0,20230329
932093.CSI,通用机械,CSI,中证指数有限公司,三级行业指数,20211231,1000.0,20230329
932093CNY01.CSI,通用机械全收益,CSI,中证指数有限公司,三级行业指数,20211231,1000.0,20230329
932094.CSI,软件开发,CSI,中证指数有限公司,三级行业指数,20211231,1000.0,20230329
932094CNY01.CSI,软件开发全收益,CSI,中证指数有限公司,三级行业指数,20211231,1000.0,20230329
932111.CSI,化工行业,CSI,中证指数有限公司,二级行业指数,20211231,1000.0,20230714
932111CNY010.CSI,化工行业全收益,CSI,中证指数有限公司,二级行业指数,20211231,1000.0,20230714
932112.CSI,有色金属行业,CSI,中证指数有限公司,二级行业指数,20211231,1000.0,20230714
932112CNY010.CSI,有色金属行业全收益,CSI,中证指数有限公司,二级行业指数,20211231,1000.0,20230714
932113.CSI,钢铁行业,CSI,中证指数有限公司,二级行业指数,20211231,1000.0,20230721
932113CNY010.CSI,钢铁行业全收益,CSI,中证指数有限公司,二级行业指数,20211231,1000.0,20230721
932114.CSI,非金属材料行业,CSI,中证指数有限公司,二级行业指数,20211231,1000.0,20230721
932114CNY010.CSI,非金属材料行业全收益,CSI,中证指数有限公司,二级行业指数,20211231,1000.0,20230721
932115.CSI,造纸与包装行业,CSI,中证指数有限公司,二级行业指数,20211231,1000.0,20230721
932115CNY010.CSI,造纸与包装行业全收益,CSI,中证指数有限公司,二级行业指数,20211231,1000.0,20230721
932116.CSI,航空航天与国防行业,CSI,中证指数有限公司,二级行业指数,20211231,1000.0,20230714
932116CNY010.CSI,航空航天与国防行业全收益,CSI,中证指数有限公司,二级行业指数,20211231,1000.0,20230714
932117.CSI,建筑装饰行业,CSI,中证指数有限公司,二级行业指数,20211231,1000.0,20230721
932117CNY010.CSI,建筑装饰行业全收益,CSI,中证指数有限公司,二级行业指数,20211231,1000.0,20230721
932118.CSI,电力设备行业,CSI,中证指数有限公司,二级行业指数,20211231,1000.0,20230721
932118CNY010.CSI,电力设备行业全收益,CSI,中证指数有限公司,二级行业指数,20211231,1000.0,20230721
932119.CSI,机械制造行业,CSI,中证指数有限公司,二级行业指数,20211231,1000.0,20230721
932119CNY010.CSI,机械制造行业全收益,CSI,中证指数有限公司,二级行业指数,20211231,1000.0,20230721
932120.CSI,环保行业,CSI,中证指数有限公司,二级行业指数,20211231,1000.0,20230721
932120CNY010.CSI,环保行业全收益,CSI,中证指数有限公司,二级行业指数,20211231,1000.0,20230721
932121.CSI,商业服务行业,CSI,中证指数有限公司,二级行业指数,20211231,1000.0,20230721
932121CNY010.CSI,商业服务行业全收益,CSI,中证指数有限公司,二级行业指数,20211231,1000.0,20230721
932122.CSI,交通运输行业,CSI,中证指数有限公司,二级行业指数,20211231,1000.0,20230721
932122CNY010.CSI,交通运输行业全收益,CSI,中证指数有限公司,二级行业指数,20211231,1000.0,20230721
932123.CSI,汽车汽配行业,CSI,中证指数有限公司,二级行业指数,20211231,1000.0,20230721
932123CNY010.CSI,汽车汽配行业全收益,CSI,中证指数有限公司,二级行业指数,20211231,1000.0,20230721
932124.CSI,耐用消费品行业,CSI,中证指数有限公司,二级行业指数,20211231,1000.0,20230728
932124CNY010.CSI,耐用消费品行业全收益,CSI,中证指数有限公司,二级行业指数,20211231,1000.0,20230728
932125.CSI,服装珠宝行业,CSI,中证指数有限公司,二级行业指数,20211231,1000.0,20230728
932125CNY010.CSI,服装珠宝行业全收益,CSI,中证指数有限公司,二级行业指数,20211231,1000.0,20230728
932126.CSI,消费者服务行业,CSI,中证指数有限公司,二级行业指数,20211231,1000.0,20230728
932126CNY010.CSI,消费者服务行业全收益,CSI,中证指数有限公司,二级行业指数,20211231,1000.0,20230728
932127.CSI,零售行业,CSI,中证指数有限公司,二级行业指数,20211231,1000.0,20230728
932127CNY010.CSI,零售行业全收益,CSI,中证指数有限公司,二级行业指数,20211231,1000.0,20230728
932128.CSI,食品饮料烟草行业,CSI,中证指数有限公司,二级行业指数,20211231,1000.0,20230728
932128CNY010.CSI,食品饮料烟草行业全收益,CSI,中证指数有限公司,二级行业指数,20211231,1000.0,20230728
932130.CSI,家庭用品行业,CSI,中证指数有限公司,二级行业指数,20211231,1000.0,20230728
932130CNY010.CSI,家庭用品行业全收益,CSI,中证指数有限公司,二级行业指数,20211231,1000.0,20230728
932131.CSI,医疗行业,CSI,中证指数有限公司,二级行业指数,20211231,1000.0,20230728
932131CNY010.CSI,医疗行业全收益,CSI,中证指数有限公司,二级行业指数,20211231,1000.0,20230728
932132.CSI,医药行业,CSI,中证指数有限公司,二级行业指数,20211231,1000.0,20230728
932132CNY010.CSI,医药行业全收益,CSI,中证指数有限公司,二级行业指数,20211231,1000.0,20230728
932133.CSI,银行行业,CSI,中证指数有限公司,二级行业指数,20211231,1000.0,20230728
932133CNY010.CSI,银行行业全收益,CSI,中证指数有限公司,二级行业指数,20211231,1000.0,20230728
932134.CSI,其他金融行业,CSI,中证指数有限公司,二级行业指数,20211231,1000.0,20230830
932134CNY010.CSI,其他金融行业全收益,CSI,中证指数有限公司,二级行业指数,20211231,1000.0,20230830
932135.CSI,资本市场行业,CSI,中证指数有限公司,二级行业指数,20211231,1000.0,20230830
932135CNY010.CSI,资本市场行业全收益,CSI,中证指数有限公司,二级行业指数,20211231,1000.0,20230830
932136.CSI,保险行业,CSI,中证指数有限公司,二级行业指数,20211231,1000.0,20230830
932136CNY010.CSI,保险行业全收益,CSI,中证指数有限公司,二级行业指数,20211231,1000.0,20230830
932138.CSI,电子行业,CSI,中证指数有限公司,二级行业指数,20211231,1000.0,20230830
932138CNY010.CSI,电子行业全收益,CSI,中证指数有限公司,二级行业指数,20211231,1000.0,20230830
932139.CSI,半导体行业,CSI,中证指数有限公司,二级行业指数,20211231,1000.0,20230815
932139CNY010.CSI,半导体行业全收益,CSI,中证指数有限公司,二级行业指数,20211231,1000.0,20230815
932140.CSI,电信服务行业,CSI,中证指数有限公司,二级行业指数,20211231,1000.0,20230714
932140CNY010.CSI,电信服务行业全收益,CSI,中证指数有限公司,二级行业指数,20211231,1000.0,20230714
932141.CSI,通信设服行业,CSI,中证指数有限公司,二级行业指数,20211231,1000.0,20230714
932141CNY010.CSI,通信设服行业全收益,CSI,中证指数有限公司,二级行业指数,20211231,1000.0,20230714
932142.CSI,传媒行业,CSI,中证指数有限公司,二级行业指数,20211231,1000.0,20230830
932142CNY010.CSI,传媒行业全收益,CSI,中证指数有限公司,二级行业指数,20211231,1000.0,20230830
932143.CSI,航空航天与国防,CSI,中证指数有限公司,二级行业指数,20211231,1000.0,20231018
932143CNY010.CSI,航空航天与国防全收益,CSI,中证指数有限公司,二级行业指数,20211231,1000.0,20231018
932144.CSI,电信服务,CSI,中证指数有限公司,二级行业指数,20211231,1000.0,20231018
932144CNY010.CSI,电信服务全收益,CSI,中证指数有限公司,二级行业指数,20211231,1000.0,20231018
932145.CSI,通信设服,CSI,中证指数有限公司,二级行业指数,20211231,1000.0,20231018
932145CNY010.CSI,通信设服全收益,CSI,中证指数有限公司,二级行业指数,20211231,1000.0,20231018
932152.CSI,港股通成长策略,CSI,中证指数有限公司,策略指数,20141231,1000.0,20250430
932152CNY100.CSI,港股通成长策略人民币中间价,CSI,中证指数有限公司,策略指数,20141231,1000.0,20250430
932152CNY110.CSI,港股通成长策略人民币中间价(全),CSI,中证指数有限公司,策略指数,20141231,1000.0,20250430
932152CNY200.CSI,港股通成长策略CNY,CSI,中证指数有限公司,策略指数,20141231,1000.0,20250430
932152CNY210.CSI,港股通成长策略(全)CNY,CSI,中证指数有限公司,策略指数,20141231,1000.0,20250430
932152HKD210.CSI,港股通成长策略(全),CSI,中证指数有限公司,策略指数,20141231,1000.0,20250430
932153.CSI,港股通价值策略,CSI,中证指数有限公司,策略指数,20141231,1000.0,20250430
932153CNY100.CSI,港股通价值策略人民币中间价,CSI,中证指数有限公司,策略指数,20141231,1000.0,20250430
932153CNY110.CSI,港股通价值策略人民币中间价(全),CSI,中证指数有限公司,策略指数,20141231,1000.0,20250430
932153CNY200.CSI,港股通价值策略CNY,CSI,中证指数有限公司,策略指数,20141231,1000.0,20250430
932153CNY210.CSI,港股通价值策略(全)CNY,CSI,中证指数有限公司,策略指数,20141231,1000.0,20250430
932153HKD210.CSI,港股通价值策略(全),CSI,中证指数有限公司,策略指数,20141231,1000.0,20250430
932154.CSI,A500红利,CSI,中证指数有限公司,策略指数,20131231,1000.0,20250409
932154CNY010.CSI,A500红利全收益,CSI,中证指数有限公司,策略指数,20131231,1000.0,20250409
932154CNY020.CSI,A500红利净收益,CSI,中证指数有限公司,策略指数,20131231,1000.0,20250409
932155.CSI,全球电动车,CSI,中证指数有限公司,主题指数,20181228,1000.0,20250417
932155CNY210.CSI,全球电动车(全),CSI,中证指数有限公司,主题指数,20181228,1000.0,20250417
932155HKD200.CSI,全球电动车HKD,CSI,中证指数有限公司,主题指数,20181228,1000.0,20250417
932155HKD210.CSI,全球电动车(全)HKD,CSI,中证指数有限公司,主题指数,20181228,1000.0,20250417
932155USD200.CSI,全球电动车USD,CSI,中证指数有限公司,主题指数,20181228,1000.0,20250417
932155USD210.CSI,全球电动车(全)USD,CSI,中证指数有限公司,主题指数,20181228,1000.0,20250417
932156.CSI,智选银行AW,CSI,中证指数有限公司,策略指数,20161230,1000.0,20251017
932156CNY010.CSI,智选银行AW全收益,CSI,中证指数有限公司,策略指数,20161230,1000.0,20251017
932157.CSI,上海科技领先,CSI,中证指数有限公司,策略指数,20181228,1000.0,20250421
932157CNY010.CSI,上海科技领先全收益,CSI,中证指数有限公司,策略指数,20181228,1000.0,20250421
932186.CSI,交银财富指数,CSI,中证指数有限公司,策略指数,20131231,1000.0,20230925
932187.CSI,交银财富进取,CSI,中证指数有限公司,策略指数,20131231,1000.0,20230925
932188.CSI,交银财富平衡,CSI,中证指数有限公司,策略指数,20131231,1000.0,20230925
932189.CSI,交银财富稳健,CSI,中证指数有限公司,策略指数,20131231,1000.0,20230925
932190.CSI,交银优选公募理财,CSI,中证指数有限公司,策略指数,20190228,1000.0,20230925
932215.CSI,SSH新能车主题,CSI,中证指数有限公司,主题指数,20141231,1000.0,20240208
932215CNY210.CSI,SSH新能车主题(全),CSI,中证指数有限公司,主题指数,20141231,1000.0,20240208
932215HKD200.CSI,SSH新能车主题HKD,CSI,中证指数有限公司,主题指数,20141231,1000.0,20240208
932215HKD210.CSI,SSH新能车主题(全)HKD,CSI,中证指数有限公司,主题指数,20141231,1000.0,20240208
932216.CSI,香港100净收益,CSI,中证指数有限公司,规模指数,20041231,1000.0,20231215
932217.CSI,制药指数,CSI,中证指数有限公司,主题指数,20111230,1000.0,20130715
932217CNY010.CSI,制药指数全收益,CSI,中证指数有限公司,主题指数,20111230,1000.0,20130715
932222.CSI,中证2000净收益,CSI,中证指数有限公司,规模指数,20131231,1000.0,20230811
932223.CSI,长三角绿色50,CSI,中证指数有限公司,主题指数,20181228,1000.0,20231025
932223CNY010.CSI,长三角绿色50全收益,CSI,中证指数有限公司,主题指数,20181228,1000.0,20231025
932224.CSI,SSH新能车50,CSI,中证指数有限公司,主题指数,20141231,1000.0,20240208
932224CNY210.CSI,SSH新能车50(全),CSI,中证指数有限公司,主题指数,20141231,1000.0,20240208
932224HKD200.CSI,SSH新能车50HKD,CSI,中证指数有限公司,主题指数,20141231,1000.0,20240208
932224HKD210.CSI,SSH新能车50(全)HKD,CSI,中证指数有限公司,主题指数,20141231,1000.0,20240208
932245.CSI,沪深港生物科技主题,CSI,中证指数有限公司,主题指数,20181228,1000.0,20250117
932245CNY100.CSI,沪深港生物科技主题CNY CPR,CSI,中证指数有限公司,主题指数,20181228,1000.0,20250117
932245CNY110.CSI,沪深港生物科技主题CNY CPR(全),CSI,中证指数有限公司,主题指数,20181228,1000.0,20250117
932245CNY200.CSI,沪深港生物科技主题CNY,CSI,中证指数有限公司,主题指数,20181228,1000.0,20250117
932245CNY210.CSI,沪深港生物科技主题(全)CNY,CSI,中证指数有限公司,主题指数,20181228,1000.0,20250117
932245HKD210.CSI,沪深港生物科技主题(全),CSI,中证指数有限公司,主题指数,20181228,1000.0,20250117
932246.CSI,储能电池,CSI,中证指数有限公司,主题指数,20141231,1000.0,20220708
932246CNY010.CSI,储能电池全收益,CSI,中证指数有限公司,主题指数,20141231,1000.0,20220708
932251.CSI,智选价值领先50,CSI,中证指数有限公司,策略指数,20141231,1000.0,20250731
932251CNY010.CSI,智选价值领先50全收益,CSI,中证指数有限公司,策略指数,20141231,1000.0,20250731
932251CNY020.CSI,智选价值领先50净收益,CSI,中证指数有限公司,策略指数,20141231,1000.0,20250731
932253.CSI,港股通生物科技,CSI,中证指数有限公司,主题指数,20181228,1000.0,20240606
932253CNY100.CSI,港股通生物科技人民币中间价,CSI,中证指数有限公司,主题指数,20181228,1000.0,20240606
932253CNY110.CSI,港股通生物科技人民币中间价(全),CSI,中证指数有限公司,主题指数,20181228,1000.0,20240606
932253CNY200.CSI,港股通生物科技CNY,CSI,中证指数有限公司,主题指数,20181228,1000.0,20240606
932253CNY210.CSI,港股通生物科技(全)CNY,CSI,中证指数有限公司,主题指数,20181228,1000.0,20240606
932253HKD210.CSI,港股通生物科技(全),CSI,中证指数有限公司,主题指数,20181228,1000.0,20240606
932254.CSI,质量红利50,CSI,中证指数有限公司,策略指数,20161230,1000.0,20240401
932254CNY010.CSI,质量红利50全收益,CSI,中证指数有限公司,策略指数,20161230,1000.0,20240401
932254CNY020.CSI,质量红利50净收益,CSI,中证指数有限公司,策略指数,20161230,1000.0,20240401
932255.CSI,A500红利增长,CSI,中证指数有限公司,策略指数,20131231,1000.0,20250409
932255CNY010.CSI,A500红利增长全收益,CSI,中证指数有限公司,策略指数,20131231,1000.0,20250409
932255CNY020.CSI,A500红利增长净收益,CSI,中证指数有限公司,策略指数,20131231,1000.0,20250409
932256.CSI,工业金属50,CSI,中证指数有限公司,主题指数,20141231,1000.0,20240112
932256CNY010.CSI,工业金属50全收益,CSI,中证指数有限公司,主题指数,20141231,1000.0,20240112
932257.CSI,国新央企小盘,CSI,中证指数有限公司,主题指数,20161230,1000.0,20240329
932257CNY010.CSI,国新央企小盘全收益,CSI,中证指数有限公司,主题指数,20161230,1000.0,20240329
932257CNY020.CSI,国新央企小盘净收益,CSI,中证指数有限公司,主题指数,20161230,1000.0,20240329
932258.CSI,亚洲新兴市场科技USD,CSI,中证指数有限公司,主题指数,20121231,1000.0,20240102
932259.CSI,智选1000质量均衡,CSI,中证指数有限公司,策略指数,20141231,1000.0,20241210
932259CNY010.CSI,智选1000质量均衡全收益,CSI,中证指数有限公司,策略指数,20141231,1000.0,20241210
932259CNY020.CSI,智选1000质量均衡净收益,CSI,中证指数有限公司,策略指数,20141231,1000.0,20241210
932260.CSI,港股生物科技,CSI,中证指数有限公司,主题指数,20181228,1000.0,20240606
932260CNY100.CSI,港股生物科技人民币中间价,CSI,中证指数有限公司,主题指数,20181228,1000.0,20240606
932260CNY110.CSI,港股生物科技人民币中间价(全),CSI,中证指数有限公司,主题指数,20181228,1000.0,20240606
932260CNY200.CSI,港股生物科技CNY,CSI,中证指数有限公司,主题指数,20181228,1000.0,20240606
932260CNY210.CSI,港股生物科技(全)CNY,CSI,中证指数有限公司,主题指数,20181228,1000.0,20240606
932260HKD210.CSI,港股生物科技(全),CSI,中证指数有限公司,主题指数,20181228,1000.0,20240606
932263.CSI,苏州园区,CSI,中证指数有限公司,主题指数,20181231,1000.0,20240318
932263CNY210.CSI,苏州园区(全),CSI,中证指数有限公司,主题指数,20181231,1000.0,20240318
932263CNY220.CSI,苏州园区(净),CSI,中证指数有限公司,主题指数,20181231,1000.0,20240318
932265.CSI,黄金股票,CSI,中证指数有限公司,主题指数,20141231,1000.0,20240112
932265CNY010.CSI,黄金股票全收益,CSI,中证指数有限公司,主题指数,20141231,1000.0,20240112
932265CNY020.CSI,黄金股票净收益,CSI,中证指数有限公司,主题指数,20141231,1000.0,20240112
932266.CSI,国企战略新兴,CSI,中证指数有限公司,主题指数,20161230,1000.0,20240702
932266CNY010.CSI,国企战略新兴全收益,CSI,中证指数有限公司,主题指数,20161230,1000.0,20240702
932268.CSI,港股通电力设备,CSI,中证指数有限公司,二级行业指数,20211231,3000.0,20240308
932268CNY100.CSI,港股通电力设备人民币中间价,CSI,中证指数有限公司,二级行业指数,20211231,3000.0,20240308
932268CNY110.CSI,港股通电力设备人民币中间价(全),CSI,中证指数有限公司,二级行业指数,20211231,3000.0,20240308
932268CNY200.CSI,港股通电力设备CNY,CSI,中证指数有限公司,二级行业指数,20211231,3000.0,20240308
932268CNY210.CSI,港股通电力设备(全)CNY,CSI,中证指数有限公司,二级行业指数,20211231,3000.0,20240308
932268HKD210.CSI,港股通电力设备(全),CSI,中证指数有限公司,二级行业指数,20211231,3000.0,20240308
932269.CSI,港股通汽车汽配,CSI,中证指数有限公司,二级行业指数,20211231,3000.0,20240308
932269CNY100.CSI,港股通汽车汽配人民币中间价,CSI,中证指数有限公司,二级行业指数,20211231,3000.0,20240308
932269CNY110.CSI,港股通汽车汽配人民币中间价(全),CSI,中证指数有限公司,二级行业指数,20211231,3000.0,20240308
932269CNY200.CSI,港股通汽车汽配CNY,CSI,中证指数有限公司,二级行业指数,20211231,3000.0,20240308
932269CNY210.CSI,港股通汽车汽配(全)CNY,CSI,中证指数有限公司,二级行业指数,20211231,3000.0,20240308
932269HKD210.CSI,港股通汽车汽配(全),CSI,中证指数有限公司,二级行业指数,20211231,3000.0,20240308
932270.CSI,港股通零售业,CSI,中证指数有限公司,二级行业指数,20211231,3000.0,20240308
932270CNY100.CSI,港股通零售业人民币中间价,CSI,中证指数有限公司,二级行业指数,20211231,3000.0,20240308
932270CNY110.CSI,港股通零售业人民币中间价(全),CSI,中证指数有限公司,二级行业指数,20211231,3000.0,20240308
932270CNY200.CSI,港股通零售业CNY,CSI,中证指数有限公司,二级行业指数,20211231,3000.0,20240308
932270CNY210.CSI,港股通零售业(全)CNY,CSI,中证指数有限公司,二级行业指数,20211231,3000.0,20240308
932270HKD210.CSI,港股通零售业(全),CSI,中证指数有限公司,二级行业指数,20211231,3000.0,20240308
932271.CSI,港股通医疗,CSI,中证指数有限公司,二级行业指数,20211231,3000.0,20240308
932271CNY100.CSI,港股通医疗人民币中间价,CSI,中证指数有限公司,二级行业指数,20211231,3000.0,20240308
932271CNY110.CSI,港股通医疗人民币中间价(全),CSI,中证指数有限公司,二级行业指数,20211231,3000.0,20240308
932271CNY200.CSI,港股通医疗CNY,CSI,中证指数有限公司,二级行业指数,20211231,3000.0,20240308
932271CNY210.CSI,港股通医疗(全)CNY,CSI,中证指数有限公司,二级行业指数,20211231,3000.0,20240308
932271HKD210.CSI,港股通医疗(全),CSI,中证指数有限公司,二级行业指数,20211231,3000.0,20240308
932272.CSI,港股通计算机,CSI,中证指数有限公司,二级行业指数,20211231,3000.0,20240308
932272CNY100.CSI,港股通计算机人民币中间价,CSI,中证指数有限公司,二级行业指数,20211231,3000.0,20240308
932272CNY110.CSI,港股通计算机人民币中间价(全),CSI,中证指数有限公司,二级行业指数,20211231,3000.0,20240308
932272CNY200.CSI,港股通计算机CNY,CSI,中证指数有限公司,二级行业指数,20211231,3000.0,20240308
932272CNY210.CSI,港股通计算机(全)CNY,CSI,中证指数有限公司,二级行业指数,20211231,3000.0,20240308
932272HKD210.CSI,港股通计算机(全),CSI,中证指数有限公司,二级行业指数,20211231,3000.0,20240308
932273.CSI,港股通医疗器械,CSI,中证指数有限公司,三级行业指数,20211231,3000.0,20240308
932273CNY100.CSI,港股通医疗器械人民币中间价,CSI,中证指数有限公司,三级行业指数,20211231,3000.0,20240308
932273CNY110.CSI,港股通医疗器械人民币中间价(全),CSI,中证指数有限公司,三级行业指数,20211231,3000.0,20240308
932273CNY200.CSI,港股通医疗器械CNY,CSI,中证指数有限公司,三级行业指数,20211231,3000.0,20240308
932273CNY210.CSI,港股通医疗器械(全)CNY,CSI,中证指数有限公司,三级行业指数,20211231,3000.0,20240308
932273HKD210.CSI,港股通医疗器械(全),CSI,中证指数有限公司,三级行业指数,20211231,3000.0,20240308
932274.CSI,港股通生物药品,CSI,中证指数有限公司,三级行业指数,20211231,3000.0,20240308
932274CNY100.CSI,港股通生物药品人民币中间价,CSI,中证指数有限公司,三级行业指数,20211231,3000.0,20240308
932274CNY110.CSI,港股通生物药品人民币中间价(全),CSI,中证指数有限公司,三级行业指数,20211231,3000.0,20240308
932274CNY200.CSI,港股通生物药品CNY,CSI,中证指数有限公司,三级行业指数,20211231,3000.0,20240308
932274CNY210.CSI,港股通生物药品(全)CNY,CSI,中证指数有限公司,三级行业指数,20211231,3000.0,20240308
932274HKD210.CSI,港股通生物药品(全),CSI,中证指数有限公司,三级行业指数,20211231,3000.0,20240308
932275.CSI,港股通信息服务,CSI,中证指数有限公司,三级行业指数,20211231,3000.0,20240308
932275CNY100.CSI,港股通信息服务人民币中间价,CSI,中证指数有限公司,三级行业指数,20211231,3000.0,20240308
932275CNY110.CSI,港股通信息服务人民币中间价(全),CSI,中证指数有限公司,三级行业指数,20211231,3000.0,20240308
932275CNY200.CSI,港股通信息服务CNY,CSI,中证指数有限公司,三级行业指数,20211231,3000.0,20240308
932275CNY210.CSI,港股通信息服务(全)CNY,CSI,中证指数有限公司,三级行业指数,20211231,3000.0,20240308
932275HKD210.CSI,港股通信息服务(全),CSI,中证指数有限公司,三级行业指数,20211231,3000.0,20240308
932276.CSI,H300医药,CSI,中证指数有限公司,二级行业指数,20041231,1000.0,20240308
932276CNY200.CSI,H300医药CNY,CSI,中证指数有限公司,二级行业指数,20041231,1000.0,20240308
932276CNY210.CSI,H300医药(全)CNY,CSI,中证指数有限公司,二级行业指数,20041231,1000.0,20240308
932276HKD210.CSI,H300医药(全),CSI,中证指数有限公司,二级行业指数,20041231,1000.0,20240308
932277.CSI,H300汽车汽配,CSI,中证指数有限公司,二级行业指数,20211231,1000.0,20240308
932277CNY100.CSI,H300汽车汽配人民币中间价,CSI,中证指数有限公司,二级行业指数,20211231,1000.0,20240308
932277CNY110.CSI,H300汽车汽配人民币中间价(全),CSI,中证指数有限公司,二级行业指数,20211231,1000.0,20240308
932277CNY200.CSI,H300汽车汽配CNY,CSI,中证指数有限公司,二级行业指数,20211231,1000.0,20240308
932277CNY210.CSI,H300汽车汽配(全)CNY,CSI,中证指数有限公司,二级行业指数,20211231,1000.0,20240308
932277HKD210.CSI,H300汽车汽配(全),CSI,中证指数有限公司,二级行业指数,20211231,1000.0,20240308
932278.CSI,H300计算机,CSI,中证指数有限公司,二级行业指数,20211231,1000.0,20240308
932278CNY100.CSI,H300计算机人民币中间价,CSI,中证指数有限公司,二级行业指数,20211231,1000.0,20240308
932278CNY110.CSI,H300计算机人民币中间价(全),CSI,中证指数有限公司,二级行业指数,20211231,1000.0,20240308
932278CNY200.CSI,H300计算机CNY,CSI,中证指数有限公司,二级行业指数,20211231,1000.0,20240308
932278CNY210.CSI,H300计算机(全)CNY,CSI,中证指数有限公司,二级行业指数,20211231,1000.0,20240308
932278HKD210.CSI,H300计算机(全),CSI,中证指数有限公司,二级行业指数,20211231,1000.0,20240308
932279.CSI,H300电子,CSI,中证指数有限公司,二级行业指数,20211231,1000.0,20240308
932279CNY100.CSI,H300电子人民币中间价,CSI,中证指数有限公司,二级行业指数,20211231,1000.0,20240308
932279CNY110.CSI,H300电子人民币中间价(全),CSI,中证指数有限公司,二级行业指数,20211231,1000.0,20240308
932279CNY200.CSI,H300电子CNY,CSI,中证指数有限公司,二级行业指数,20211231,1000.0,20240308
932279CNY210.CSI,H300电子(全)CNY,CSI,中证指数有限公司,二级行业指数,20211231,1000.0,20240308
932279HKD210.CSI,H300电子(全),CSI,中证指数有限公司,二级行业指数,20211231,1000.0,20240308
932280.CSI,H300医疗商业,CSI,中证指数有限公司,二级行业指数,20211231,1000.0,20240308
932280CNY100.CSI,H300医疗商业人民币中间价,CSI,中证指数有限公司,二级行业指数,20211231,1000.0,20240308
932280CNY110.CSI,H300医疗商业人民币中间价(全),CSI,中证指数有限公司,二级行业指数,20211231,1000.0,20240308
932280CNY200.CSI,H300医疗商业CNY,CSI,中证指数有限公司,二级行业指数,20211231,1000.0,20240308
932280CNY210.CSI,H300医疗商业(全)CNY,CSI,中证指数有限公司,二级行业指数,20211231,1000.0,20240308
932280HKD210.CSI,H300医疗商业(全),CSI,中证指数有限公司,二级行业指数,20211231,1000.0,20240308
932281.CSI,H300生物药品,CSI,中证指数有限公司,二级行业指数,20211231,1000.0,20240308
932281CNY100.CSI,H300生物药品人民币中间价,CSI,中证指数有限公司,二级行业指数,20211231,1000.0,20240308
932281CNY110.CSI,H300生物药品人民币中间价(全),CSI,中证指数有限公司,二级行业指数,20211231,1000.0,20240308
932281CNY200.CSI,H300生物药品CNY,CSI,中证指数有限公司,二级行业指数,20211231,1000.0,20240308
932281CNY210.CSI,H300生物药品(全)CNY,CSI,中证指数有限公司,二级行业指数,20211231,1000.0,20240308
932281HKD210.CSI,H300生物药品(全),CSI,中证指数有限公司,二级行业指数,20211231,1000.0,20240308
932305.CSI,智选高股息,CSI,中证指数有限公司,策略指数,20051230,1000.0,20240930
932305CNY010.CSI,智选高股息全收益,CSI,中证指数有限公司,策略指数,20051230,1000.0,20240930
932305CNY020.CSI,智选高股息净收益,CSI,中证指数有限公司,策略指数,20051230,1000.0,20240930
932306.CSI,战略新兴100,CSI,中证指数有限公司,主题指数,20101231,1000.0,20240628
932306CNY010.CSI,战略新兴100全收益,CSI,中证指数有限公司,主题指数,20101231,1000.0,20240628
932307.CSI,中国互联网人民币中间价,CSI,中证指数有限公司,主题指数,20070629,1000.0,20241231
932308.CSI,红利200,CSI,中证指数有限公司,策略指数,20131231,1000.0,20240628
932308CNY010.CSI,红利200全收益,CSI,中证指数有限公司,策略指数,20131231,1000.0,20240628
932308CNY020.CSI,红利200净收益,CSI,中证指数有限公司,策略指数,20131231,1000.0,20240628
932309.CSI,红利增长,CSI,中证指数有限公司,策略指数,20131231,1000.0,20171211
932309CNY010.CSI,红利增长全收益,CSI,中证指数有限公司,策略指数,20131231,1000.0,20171211
932309CNY020.CSI,红利增长净收益,CSI,中证指数有限公司,策略指数,20131231,1000.0,20171211
932315.CSI,中证红利质量,CSI,中证指数有限公司,策略指数,20131231,1000.0,20240708
932315CNY010.CSI,中证红利质量全收益,CSI,中证指数有限公司,策略指数,20131231,1000.0,20240708
932315CNY020.CSI,中证红利质量净收益,CSI,中证指数有限公司,策略指数,20131231,1000.0,20240708
932316.CSI,300红利质量,CSI,中证指数有限公司,策略指数,20131231,1000.0,20240708
932316CNY010.CSI,300红利质量全收益,CSI,中证指数有限公司,策略指数,20131231,1000.0,20240708
932316CNY020.CSI,300红利质量净收益,CSI,中证指数有限公司,策略指数,20131231,1000.0,20240708
932317.CSI,500红利质量,CSI,中证指数有限公司,策略指数,20131231,1000.0,20240708
932317CNY010.CSI,500红利质量全收益,CSI,中证指数有限公司,策略指数,20131231,1000.0,20240708
932317CNY020.CSI,500红利质量净收益,CSI,中证指数有限公司,策略指数,20131231,1000.0,20240708
932318.CSI,800红利质量,CSI,中证指数有限公司,策略指数,20131231,1000.0,20240708
932318CNY010.CSI,800红利质量全收益,CSI,中证指数有限公司,策略指数,20131231,1000.0,20240708
932318CNY020.CSI,800红利质量净收益,CSI,中证指数有限公司,策略指数,20131231,1000.0,20240708
932319.CSI,1000红利质量,CSI,中证指数有限公司,策略指数,20131231,1000.0,20240708
932319CNY010.CSI,1000红利质量全收益,CSI,中证指数有限公司,策略指数,20131231,1000.0,20240708
932319CNY020.CSI,1000红利质量净收益,CSI,中证指数有限公司,策略指数,20131231,1000.0,20240708
932320.CSI,港股国企50,CSI,中证指数有限公司,主题指数,20161230,1000.0,20240711
932320CNY100.CSI,港股国企50CNYCPR,CSI,中证指数有限公司,主题指数,20161230,1000.0,20240711
932320CNY110.CSI,港股国企50CNYCPR(全),CSI,中证指数有限公司,主题指数,20161230,1000.0,20240711
932320CNY200.CSI,港股国企50CNY,CSI,中证指数有限公司,主题指数,20161230,1000.0,20240711
932320CNY210.CSI,港股国企50(全)CNY,CSI,中证指数有限公司,主题指数,20161230,1000.0,20240711
932320HKD210.CSI,港股国企50(全),CSI,中证指数有限公司,主题指数,20161230,1000.0,20240711
932321.CSI,港股国企综指,CSI,中证指数有限公司,主题指数,20161230,1000.0,20240730
932321CNY100.CSI,港股国企综指CNYCPR,CSI,中证指数有限公司,主题指数,20161230,1000.0,20240730
932321CNY110.CSI,港股国企综指CNYCPR(全),CSI,中证指数有限公司,主题指数,20161230,1000.0,20240730
932321CNY200.CSI,港股国企综指CNY,CSI,中证指数有限公司,主题指数,20161230,1000.0,20240730
932321CNY210.CSI,港股国企综指(全)CNY,CSI,中证指数有限公司,主题指数,20161230,1000.0,20240730
932321HKD210.CSI,港股国企综指(全),CSI,中证指数有限公司,主题指数,20161230,1000.0,20240730
932322.CSI,港股内地民企50,CSI,中证指数有限公司,主题指数,20161230,1000.0,20240711
932322CNY100.CSI,港股内地民企50CNYCPR,CSI,中证指数有限公司,主题指数,20161230,1000.0,20240711
932322CNY110.CSI,港股内地民企50CNYCPR(全),CSI,中证指数有限公司,主题指数,20161230,1000.0,20240711
932322CNY200.CSI,港股内地民企50CNY,CSI,中证指数有限公司,主题指数,20161230,1000.0,20240711
932322CNY210.CSI,港股内地民企50(全)CNY,CSI,中证指数有限公司,主题指数,20161230,1000.0,20240711
932322HKD210.CSI,港股内地民企50(全),CSI,中证指数有限公司,主题指数,20161230,1000.0,20240711
932323.CSI,港股内地民企综指,CSI,中证指数有限公司,主题指数,20161230,1000.0,20240730
932323CNY100.CSI,港股内地民企综指CNYCPR,CSI,中证指数有限公司,主题指数,20161230,1000.0,20240730
932323CNY110.CSI,港股内地民企综指CNYCPR(全),CSI,中证指数有限公司,主题指数,20161230,1000.0,20240730
932323CNY200.CSI,港股内地民企综指CNY,CSI,中证指数有限公司,主题指数,20161230,1000.0,20240730
932323CNY210.CSI,港股内地民企综指(全)CNY,CSI,中证指数有限公司,主题指数,20161230,1000.0,20240730
932323HKD210.CSI,港股内地民企综指(全),CSI,中证指数有限公司,主题指数,20161230,1000.0,20240730
932324.CSI,港股通国企50,CSI,中证指数有限公司,主题指数,20161230,1000.0,20240711
932324CNY100.CSI,港股通国企50CNYCPR,CSI,中证指数有限公司,主题指数,20161230,1000.0,20240711
932324CNY110.CSI,港股通国企50CNYCPR(全),CSI,中证指数有限公司,主题指数,20161230,1000.0,20240711
932324CNY200.CSI,港股通国企50CNY,CSI,中证指数有限公司,主题指数,20161230,1000.0,20240711
932324CNY210.CSI,港股通国企50(全)CNY,CSI,中证指数有限公司,主题指数,20161230,1000.0,20240711
932324HKD210.CSI,港股通国企50(全),CSI,中证指数有限公司,主题指数,20161230,1000.0,20240711
932325.CSI,港股通国企综指,CSI,中证指数有限公司,主题指数,20161230,1000.0,20240730
932325CNY100.CSI,港股通国企综指CNYCPR,CSI,中证指数有限公司,主题指数,20161230,1000.0,20240730
932325CNY110.CSI,港股通国企综指CNYCPR(全),CSI,中证指数有限公司,主题指数,20161230,1000.0,20240730
932325CNY200.CSI,港股通国企综指CNY,CSI,中证指数有限公司,主题指数,20161230,1000.0,20240730
932325CNY210.CSI,港股通国企综指(全)CNY,CSI,中证指数有限公司,主题指数,20161230,1000.0,20240730
932325HKD210.CSI,港股通国企综指(全),CSI,中证指数有限公司,主题指数,20161230,1000.0,20240730
932326.CSI,港股通内地民企50,CSI,中证指数有限公司,主题指数,20161230,1000.0,20240711
932326CNY100.CSI,港股通内地民企50CNYCPR,CSI,中证指数有限公司,主题指数,20161230,1000.0,20240711
932326CNY110.CSI,港股通内地民企50CNYCPR(全),CSI,中证指数有限公司,主题指数,20161230,1000.0,20240711
932326CNY200.CSI,港股通内地民企50CNY,CSI,中证指数有限公司,主题指数,20161230,1000.0,20240711
932326CNY210.CSI,港股通内地民企50(全)CNY,CSI,中证指数有限公司,主题指数,20161230,1000.0,20240711
932326HKD210.CSI,港股通内地民企50(全),CSI,中证指数有限公司,主题指数,20161230,1000.0,20240711
932327.CSI,港股通内地民企综指,CSI,中证指数有限公司,主题指数,20161230,1000.0,20240730
932327CNY100.CSI,港股通内地民企综指CNYCPR,CSI,中证指数有限公司,主题指数,20161230,1000.0,20240730
932327CNY110.CSI,港股通内地民企综指CNYCPR(全),CSI,中证指数有限公司,主题指数,20161230,1000.0,20240730
932327CNY200.CSI,港股通内地民企综指CNY,CSI,中证指数有限公司,主题指数,20161230,1000.0,20240730
932327CNY210.CSI,港股通内地民企综指(全)CNY,CSI,中证指数有限公司,主题指数,20161230,1000.0,20240730
932327HKD210.CSI,港股通内地民企综指(全),CSI,中证指数有限公司,主题指数,20161230,1000.0,20240730
932328.CSI,港股通央企50,CSI,中证指数有限公司,主题指数,20161230,1000.0,20240711
932328CNY100.CSI,港股通央企50CNYCPR,CSI,中证指数有限公司,主题指数,20161230,1000.0,20240711
932328CNY110.CSI,港股通央企50CNYCPR(全),CSI,中证指数有限公司,主题指数,20161230,1000.0,20240711
932328CNY200.CSI,港股通央企50CNY,CSI,中证指数有限公司,主题指数,20161230,1000.0,20240711
932328CNY210.CSI,港股通央企50(全)CNY,CSI,中证指数有限公司,主题指数,20161230,1000.0,20240711
932328HKD210.CSI,港股通央企50(全),CSI,中证指数有限公司,主题指数,20161230,1000.0,20240711
932329.CSI,港股通央企综指,CSI,中证指数有限公司,主题指数,20161230,1000.0,20240730
932329CNY100.CSI,港股通央企综指CNYCPR,CSI,中证指数有限公司,主题指数,20161230,1000.0,20240730
932329CNY110.CSI,港股通央企综指CNYCPR(全),CSI,中证指数有限公司,主题指数,20161230,1000.0,20240730
932329CNY200.CSI,港股通央企综指CNY,CSI,中证指数有限公司,主题指数,20161230,1000.0,20240730
932329CNY210.CSI,港股通央企综指(全)CNY,CSI,中证指数有限公司,主题指数,20161230,1000.0,20240730
932329HKD210.CSI,港股通央企综指(全),CSI,中证指数有限公司,主题指数,20161230,1000.0,20240730
932330.CSI,港股央企50,CSI,中证指数有限公司,主题指数,20161230,1000.0,20240711
932330CNY100.CSI,港股央企50CNYCPR,CSI,中证指数有限公司,主题指数,20161230,1000.0,20240711
932330CNY110.CSI,港股央企50CNYCPR(全),CSI,中证指数有限公司,主题指数,20161230,1000.0,20240711
932330CNY200.CSI,港股央企50CNY,CSI,中证指数有限公司,主题指数,20161230,1000.0,20240711
932330CNY210.CSI,港股央企50(全)CNY,CSI,中证指数有限公司,主题指数,20161230,1000.0,20240711
932330HKD210.CSI,港股央企50(全),CSI,中证指数有限公司,主题指数,20161230,1000.0,20240711
932331.CSI,港股央企综指,CSI,中证指数有限公司,主题指数,20161230,1000.0,20240730
932331CNY100.CSI,港股央企综指CNYCPR,CSI,中证指数有限公司,主题指数,20161230,1000.0,20240730
932331CNY110.CSI,港股央企综指CNYCPR(全),CSI,中证指数有限公司,主题指数,20161230,1000.0,20240730
932331CNY200.CSI,港股央企综指CNY,CSI,中证指数有限公司,主题指数,20161230,1000.0,20240730
932331CNY210.CSI,港股央企综指(全)CNY,CSI,中证指数有限公司,主题指数,20161230,1000.0,20240730
932331HKD210.CSI,港股央企综指(全),CSI,中证指数有限公司,主题指数,20161230,1000.0,20240730
932335.CSI,香港红利净收益,CSI,中证指数有限公司,策略指数,20041231,1000.0,20241212
932357.CSI,专精特新100,CSI,中证指数有限公司,主题指数,20181228,1000.0,20250721
932357CNY010.CSI,专精特新100全收益,CSI,中证指数有限公司,主题指数,20181228,1000.0,20250721
932358.CSI,SSH芯片产业,CSI,中证指数有限公司,主题指数,20151231,1000.0,20250117
932358CNY100.CSI,SSH芯片产业人民币中间价,CSI,中证指数有限公司,主题指数,20151231,1000.0,20250117
932358CNY110.CSI,SSH芯片产业人民币中间价(全),CSI,中证指数有限公司,主题指数,20151231,1000.0,20250117
932358CNY200.CSI,SSH芯片产业CNY,CSI,中证指数有限公司,主题指数,20151231,1000.0,20250117
932358CNY210.CSI,SSH芯片产业(全)CNY,CSI,中证指数有限公司,主题指数,20151231,1000.0,20250117
932358HKD210.CSI,SSH芯片产业(全),CSI,中证指数有限公司,主题指数,20151231,1000.0,20250117
932359.CSI,国新国企人工智能,CSI,中证指数有限公司,主题指数,20181228,1000.0,20250121
932359CNY010.CSI,国新国企人工智能全收益,CSI,中证指数有限公司,主题指数,20181228,1000.0,20250121
932360.CSI,产业竞争优势,CSI,中证指数有限公司,主题指数,20161230,1000.0,20241107
932360CNY010.CSI,产业竞争优势全收益,CSI,中证指数有限公司,主题指数,20161230,1000.0,20241107
932360CNY020.CSI,产业竞争优势净收益,CSI,中证指数有限公司,主题指数,20161230,1000.0,20241107
932361.CSI,港股通回购,CSI,中证指数有限公司,策略指数,20181228,1000.0,20250114
932361CNY100.CSI,港股通回购人民币中间价,CSI,中证指数有限公司,策略指数,20181228,1000.0,20250114
932361CNY110.CSI,港股通回购人民币中间价(全),CSI,中证指数有限公司,策略指数,20181228,1000.0,20250114
932361CNY200.CSI,港股通回购CNY,CSI,中证指数有限公司,策略指数,20181228,1000.0,20250114
932361CNY210.CSI,港股通回购(全)CNY,CSI,中证指数有限公司,策略指数,20181228,1000.0,20250114
932361HKD210.CSI,港股通回购(全),CSI,中证指数有限公司,策略指数,20181228,1000.0,20250114
932362.CSI,香港回购,CSI,中证指数有限公司,策略指数,20181228,1000.0,20250114
932362CNY100.CSI,香港回购人民币中间价,CSI,中证指数有限公司,策略指数,20181228,1000.0,20250114
932362CNY110.CSI,香港回购人民币中间价(全),CSI,中证指数有限公司,策略指数,20181228,1000.0,20250114
932362CNY200.CSI,香港回购CNY,CSI,中证指数有限公司,策略指数,20181228,1000.0,20250114
932362CNY210.CSI,香港回购(全)CNY,CSI,中证指数有限公司,策略指数,20181228,1000.0,20250114
932362HKD210.CSI,香港回购(全),CSI,中证指数有限公司,策略指数,20181228,1000.0,20250114
932365.CSI,中证现金流,CSI,中证指数有限公司,策略指数,20131231,1000.0,20241211
932365CNY010.CSI,中证现金流全收益,CSI,中证指数有限公司,策略指数,20131231,1000.0,20241211
932365CNY020.CSI,中证现金流净收益,CSI,中证指数有限公司,策略指数,20131231,1000.0,20241211
932366.CSI,300现金流,CSI,中证指数有限公司,策略指数,20131231,1000.0,20241112
932366CNY010.CSI,300现金流全收益,CSI,中证指数有限公司,策略指数,20131231,1000.0,20241112
932366CNY020.CSI,300现金流净收益,CSI,中证指数有限公司,策略指数,20131231,1000.0,20241112
932367.CSI,500现金流,CSI,中证指数有限公司,策略指数,20131231,1000.0,20241112
932367CNY010.CSI,500现金流全收益,CSI,中证指数有限公司,策略指数,20131231,1000.0,20241112
932367CNY020.CSI,500现金流净收益,CSI,中证指数有限公司,策略指数,20131231,1000.0,20241112
932368.CSI,800现金流,CSI,中证指数有限公司,策略指数,20131231,1000.0,20241211
932368CNY010.CSI,800现金流全收益,CSI,中证指数有限公司,策略指数,20131231,1000.0,20241211
932368CNY020.CSI,800现金流净收益,CSI,中证指数有限公司,策略指数,20131231,1000.0,20241211
932369.CSI,1000现金流,CSI,中证指数有限公司,策略指数,20131231,1000.0,20241112
932369CNY010.CSI,1000现金流全收益,CSI,中证指数有限公司,策略指数,20131231,1000.0,20241112
932369CNY020.CSI,1000现金流净收益,CSI,中证指数有限公司,策略指数,20131231,1000.0,20241112
932381.CSI,科创创业50等权,CSI,中证指数有限公司,策略指数,20191231,1000.0,20250127
932381CNY010.CSI,科创创业50等权全收益,CSI,中证指数有限公司,策略指数,20191231,1000.0,20250127
932381CNY020.CSI,科创创业50等权净收益,CSI,中证指数有限公司,策略指数,20191231,1000.0,20250127
932382.CSI,1000等权,CSI,中证指数有限公司,策略指数,20131231,1000.0,20250127
932382CNY010.CSI,1000等权全收益,CSI,中证指数有限公司,策略指数,20131231,1000.0,20250127
932382CNY020.CSI,1000等权净收益,CSI,中证指数有限公司,策略指数,20131231,1000.0,20250127
932383.CSI,沪深港算力,CSI,中证指数有限公司,主题指数,20181228,1000.0,20250924
932383CNY210.CSI,沪深港算力(全),CSI,中证指数有限公司,主题指数,20181228,1000.0,20250924
932383HKD200.CSI,沪深港算力HKD,CSI,中证指数有限公司,主题指数,20181228,1000.0,20250924
932383HKD210.CSI,沪深港算力(全)HKD,CSI,中证指数有限公司,主题指数,20181228,1000.0,20250924
932384.CSI,常州新能源,CSI,中证指数有限公司,主题指数,20181228,1000.0,20241224
932384CNY110.CSI,常州新能源人民币中间价(全),CSI,中证指数有限公司,主题指数,20181228,1000.0,20241224
932384CNY200.CSI,常州新能源CNY,CSI,中证指数有限公司,主题指数,20181228,1000.0,20241224
932384CNY210.CSI,常州新能源(全)CNY,CSI,中证指数有限公司,主题指数,20181228,1000.0,20241224
932384USD200.CSI,常州新能源USD,CSI,中证指数有限公司,主题指数,20181228,1000.0,20241224
932384USD210.CSI,常州新能源(全)USD,CSI,中证指数有限公司,主题指数,20181228,1000.0,20241224
932386.CSI,智选数字经济创新,CSI,中证指数有限公司,主题指数,20161230,1000.0,20241122
932386CNY010.CSI,智选数字经济创新全收益,CSI,中证指数有限公司,主题指数,20161230,1000.0,20241122
932391.CSI,科创创业生物医药,CSI,中证指数有限公司,主题指数,20191231,1000.0,20250513
932391CNY010.CSI,科创创业生物医药全收益,CSI,中证指数有限公司,主题指数,20191231,1000.0,20250513
932392.CSI,1000价值,CSI,中证指数有限公司,策略指数,20121231,1000.0,20241210
932392CNY010.CSI,1000价值全收益,CSI,中证指数有限公司,策略指数,20121231,1000.0,20241210
932392CNY020.CSI,1000价值净收益,CSI,中证指数有限公司,策略指数,20121231,1000.0,20241210
932393.CSI,1000成长,CSI,中证指数有限公司,策略指数,20121231,1000.0,20241210
932393CNY010.CSI,1000成长全收益,CSI,中证指数有限公司,策略指数,20121231,1000.0,20241210
932393CNY020.CSI,1000成长净收益,CSI,中证指数有限公司,策略指数,20121231,1000.0,20241210
932394.CSI,2000价值,CSI,中证指数有限公司,策略指数,20131231,1000.0,20241210
932394CNY010.CSI,2000价值全收益,CSI,中证指数有限公司,策略指数,20131231,1000.0,20241210
932394CNY020.CSI,2000价值净收益,CSI,中证指数有限公司,策略指数,20131231,1000.0,20241210
932395.CSI,2000成长,CSI,中证指数有限公司,策略指数,20131231,1000.0,20241210
932395CNY010.CSI,2000成长全收益,CSI,中证指数有限公司,策略指数,20131231,1000.0,20241210
932395CNY020.CSI,2000成长净收益,CSI,中证指数有限公司,策略指数,20131231,1000.0,20241210
932396.CSI,1000R价值,CSI,中证指数有限公司,风格指数,20121231,1000.0,20250123
932396CNY010.CSI,1000R价值全收益,CSI,中证指数有限公司,风格指数,20121231,1000.0,20250123
932396CNY020.CSI,1000R价值净收益,CSI,中证指数有限公司,风格指数,20121231,1000.0,20250123
932397.CSI,1000R成长,CSI,中证指数有限公司,风格指数,20121231,1000.0,20250123
932397CNY010.CSI,1000R成长全收益,CSI,中证指数有限公司,风格指数,20121231,1000.0,20250123
932397CNY020.CSI,1000R成长净收益,CSI,中证指数有限公司,风格指数,20121231,1000.0,20250123
932398.CSI,2000R价值,CSI,中证指数有限公司,风格指数,20131231,1000.0,20250123
932398CNY010.CSI,2000R价值全收益,CSI,中证指数有限公司,风格指数,20131231,1000.0,20250123
932398CNY020.CSI,2000R价值净收益,CSI,中证指数有限公司,风格指数,20131231,1000.0,20250123
932399.CSI,2000R成长,CSI,中证指数有限公司,风格指数,20131231,1000.0,20250123
932399CNY010.CSI,2000R成长全收益,CSI,中证指数有限公司,风格指数,20131231,1000.0,20250123
932399CNY020.CSI,2000R成长净收益,CSI,中证指数有限公司,风格指数,20131231,1000.0,20250123
932400.CSI,300P价值,CSI,中证指数有限公司,风格指数,20121231,1000.0,20250124
932400CNY010.CSI,300P价值全收益,CSI,中证指数有限公司,风格指数,20121231,1000.0,20250124
932400CNY020.CSI,300P价值净收益,CSI,中证指数有限公司,风格指数,20121231,1000.0,20250124
932401.CSI,300P成长,CSI,中证指数有限公司,风格指数,20121231,1000.0,20250124
932401CNY010.CSI,300P成长全收益,CSI,中证指数有限公司,风格指数,20121231,1000.0,20250124
932401CNY020.CSI,300P成长净收益,CSI,中证指数有限公司,风格指数,20121231,1000.0,20250124
932402.CSI,500P价值,CSI,中证指数有限公司,风格指数,20121231,1000.0,20250124
932402CNY010.CSI,500P价值全收益,CSI,中证指数有限公司,风格指数,20121231,1000.0,20250124
932402CNY020.CSI,500P价值净收益,CSI,中证指数有限公司,风格指数,20121231,1000.0,20250124
932403.CSI,500P成长,CSI,中证指数有限公司,风格指数,20121231,1000.0,20250124
932403CNY010.CSI,500P成长全收益,CSI,中证指数有限公司,风格指数,20121231,1000.0,20250124
932403CNY020.CSI,500P成长净收益,CSI,中证指数有限公司,风格指数,20121231,1000.0,20250124
932404.CSI,800P价值,CSI,中证指数有限公司,风格指数,20121231,1000.0,20250124
932404CNY010.CSI,800P价值全收益,CSI,中证指数有限公司,风格指数,20121231,1000.0,20250124
932404CNY020.CSI,800P价值净收益,CSI,中证指数有限公司,风格指数,20121231,1000.0,20250124
932405.CSI,800P成长,CSI,中证指数有限公司,风格指数,20121231,1000.0,20250124
932405CNY010.CSI,800P成长全收益,CSI,中证指数有限公司,风格指数,20121231,1000.0,20250124
932405CNY020.CSI,800P成长净收益,CSI,中证指数有限公司,风格指数,20121231,1000.0,20250124
932406.CSI,1000P价值,CSI,中证指数有限公司,风格指数,20121231,1000.0,20250124
932406CNY010.CSI,1000P价值全收益,CSI,中证指数有限公司,风格指数,20121231,1000.0,20250124
932406CNY020.CSI,1000P价值净收益,CSI,中证指数有限公司,风格指数,20121231,1000.0,20250124
932407.CSI,1000P成长,CSI,中证指数有限公司,风格指数,20121231,1000.0,20250124
932407CNY010.CSI,1000P成长全收益,CSI,中证指数有限公司,风格指数,20121231,1000.0,20250124
932407CNY020.CSI,1000P成长净收益,CSI,中证指数有限公司,风格指数,20121231,1000.0,20250124
932408.CSI,2000P价值,CSI,中证指数有限公司,风格指数,20131231,1000.0,20250124
932408CNY010.CSI,2000P价值全收益,CSI,中证指数有限公司,风格指数,20131231,1000.0,20250124
932408CNY020.CSI,2000P价值净收益,CSI,中证指数有限公司,风格指数,20131231,1000.0,20250124
932409.CSI,2000P成长,CSI,中证指数有限公司,风格指数,20131231,1000.0,20250124
932409CNY010.CSI,2000P成长全收益,CSI,中证指数有限公司,风格指数,20131231,1000.0,20250124
932409CNY020.CSI,2000P成长净收益,CSI,中证指数有限公司,风格指数,20131231,1000.0,20250124
932410.CSI,红利股债RP,CSI,中证指数有限公司,策略指数,20170630,1000.0,20241121
932411.CSI,红利股债10/90,CSI,中证指数有限公司,策略指数,20170630,1000.0,20241121
932412.CSI,红利股债20/80,CSI,中证指数有限公司,策略指数,20170630,1000.0,20241121
932413.CSI,红利股债30/70,CSI,中证指数有限公司,策略指数,20170630,1000.0,20241121
932414.CSI,红利股债稳健配置10%,CSI,中证指数有限公司,策略指数,20170630,1000.0,20241121
932415.CSI,红利股债稳健配置20%,CSI,中证指数有限公司,策略指数,20170630,1000.0,20241121
932416.CSI,红利股债稳健配置30%,CSI,中证指数有限公司,策略指数,20170630,1000.0,20241121
932417.CSI,SEEE绿色转型,CSI,中证指数有限公司,主题指数,20181228,1000.0,20251013
932417CNY010.CSI,SEEE绿色转型全收益,CSI,中证指数有限公司,主题指数,20181228,1000.0,20251013
932419.CSI,国新国企航空航天,CSI,中证指数有限公司,主题指数,20181228,1000.0,20250121
932419CNY010.CSI,国新国企航空航天全收益,CSI,中证指数有限公司,主题指数,20181228,1000.0,20250121
932420.CSI,智选船舶产业,CSI,中证指数有限公司,行业指数,20191231,1000.0,20250528
932420CNY010.CSI,智选船舶产业全收益,CSI,中证指数有限公司,行业指数,20191231,1000.0,20250528
932420CNY020.CSI,智选船舶产业净收益,CSI,中证指数有限公司,行业指数,20191231,1000.0,20250528
932421.CSI,民企ESG50,CSI,中证指数有限公司,主题指数,20170630,1000.0,20250402
932421CNY010.CSI,民企ESG50全收益,CSI,中证指数有限公司,主题指数,20170630,1000.0,20250402
932422.CSI,A500红利低波,CSI,中证指数有限公司,策略指数,20131231,1000.0,20250409
932422CNY010.CSI,A500红利低波全收益,CSI,中证指数有限公司,策略指数,20131231,1000.0,20250409
932422CNY020.CSI,A500红利低波净收益,CSI,中证指数有限公司,策略指数,20131231,1000.0,20250409
932423.CSI,长三角数字经济,CSI,中证指数有限公司,主题指数,20161230,1000.0,20250127
932423CNY010.CSI,长三角数字经济全收益,CSI,中证指数有限公司,主题指数,20161230,1000.0,20250127
932424.CSI,化肥农药,CSI,中证指数有限公司,主题指数,20181228,1000.0,20241230
932424CNY010.CSI,化肥农药全收益,CSI,中证指数有限公司,主题指数,20181228,1000.0,20241230
932425.CSI,SSH汽车,CSI,中证指数有限公司,主题指数,20141231,1000.0,20250121
932425CNY100.CSI,SSH汽车人民币中间价,CSI,中证指数有限公司,主题指数,20141231,1000.0,20250121
932425CNY110.CSI,SSH汽车人民币中间价(全),CSI,中证指数有限公司,主题指数,20141231,1000.0,20250121
932425CNY200.CSI,SSH汽车CNY,CSI,中证指数有限公司,主题指数,20141231,1000.0,20250121
932425CNY210.CSI,SSH汽车(全)CNY,CSI,中证指数有限公司,主题指数,20141231,1000.0,20250121
932425HKD210.CSI,SSH汽车(全),CSI,中证指数有限公司,主题指数,20141231,1000.0,20250121
932430.CSI,中证质量,CSI,中证指数有限公司,策略指数,20101231,1000.0,20250318
932430CNY010.CSI,中证质量全收益,CSI,中证指数有限公司,策略指数,20101231,1000.0,20250318
932430CNY020.CSI,中证质量净收益,CSI,中证指数有限公司,策略指数,20101231,1000.0,20250318
932431.CSI,300质量,CSI,中证指数有限公司,策略指数,20101231,1000.0,20250318
932431CNY010.CSI,300质量全收益,CSI,中证指数有限公司,策略指数,20101231,1000.0,20250318
932431CNY020.CSI,300质量净收益,CSI,中证指数有限公司,策略指数,20101231,1000.0,20250318
932432.CSI,500质量,CSI,中证指数有限公司,策略指数,20101231,1000.0,20250318
932432CNY010.CSI,500质量全收益,CSI,中证指数有限公司,策略指数,20101231,1000.0,20250318
932432CNY020.CSI,500质量净收益,CSI,中证指数有限公司,策略指数,20101231,1000.0,20250318
932433.CSI,800质量,CSI,中证指数有限公司,策略指数,20101231,1000.0,20250318
932433CNY010.CSI,800质量全收益,CSI,中证指数有限公司,策略指数,20101231,1000.0,20250318
932433CNY020.CSI,800质量净收益,CSI,中证指数有限公司,策略指数,20101231,1000.0,20250318
932434.CSI,1000质量,CSI,中证指数有限公司,策略指数,20101231,1000.0,20250318
932434CNY010.CSI,1000质量全收益,CSI,中证指数有限公司,策略指数,20101231,1000.0,20250318
932434CNY020.CSI,1000质量净收益,CSI,中证指数有限公司,策略指数,20101231,1000.0,20250318
932435.CSI,红利低波股债10/90,CSI,中证指数有限公司,策略指数,20131231,1000.0,20250117
932436.CSI,红利低波股债20/80,CSI,中证指数有限公司,策略指数,20131231,1000.0,20250117
932437.CSI,红利低波股债30/70,CSI,中证指数有限公司,策略指数,20131231,1000.0,20250117
932438.CSI,科创创业机器人,CSI,中证指数有限公司,主题指数,20191231,1000.0,20250516
932438CNY010.CSI,科创创业机器人全收益,CSI,中证指数有限公司,主题指数,20191231,1000.0,20250516
932440.CSI,上海现代产业,CSI,中证指数有限公司,主题指数,20181228,1000.0,20250124
932440CNY010.CSI,上海现代产业全收益,CSI,中证指数有限公司,主题指数,20181228,1000.0,20250124
932444.CSI,互联互通中国50HKD,CSI,中证指数有限公司,主题指数,20141231,1000.0,20251111
932444HKD210.CSI,互联互通中国50(全)HKD,CSI,中证指数有限公司,主题指数,20141231,1000.0,20251111
932447.CSI,中新亚洲100红利聚焦HKD,CSI,中证指数有限公司,主题指数,20141231,1000.0,20251112
932448.CSI,科创创业半导体,CSI,中证指数有限公司,行业指数,20191231,1000.0,20250620
932448CNY010.CSI,科创创业半导体全收益,CSI,中证指数有限公司,行业指数,20191231,1000.0,20250620
932450.CSI,香港现金流,CSI,中证指数有限公司,策略指数,20181228,1000.0,20250228
932450CNY100.CSI,香港现金流人民币中间价,CSI,中证指数有限公司,策略指数,20181228,1000.0,20250228
932450CNY110.CSI,香港现金流人民币中间价(全),CSI,中证指数有限公司,策略指数,20181228,1000.0,20250228
932450CNY200.CSI,香港现金流CNY,CSI,中证指数有限公司,策略指数,20181228,1000.0,20250228
932450CNY210.CSI,香港现金流(全)CNY,CSI,中证指数有限公司,策略指数,20181228,1000.0,20250228
932450HKD210.CSI,香港现金流(全),CSI,中证指数有限公司,策略指数,20181228,1000.0,20250228
932451.CSI,智选质量领先50,CSI,中证指数有限公司,策略指数,20141231,1000.0,20250731
932451CNY010.CSI,智选质量领先50全收益,CSI,中证指数有限公司,策略指数,20141231,1000.0,20250731
932451CNY020.CSI,智选质量领先50净收益,CSI,中证指数有限公司,策略指数,20141231,1000.0,20250731
932452.CSI,CS西藏,CSI,中证指数有限公司,主题指数,20121231,1000.0,20150826
932452CNY010.CSI,CS西藏全收益,CSI,中证指数有限公司,主题指数,20121231,1000.0,20150826
932456.CSI,科创创业AI,CSI,中证指数有限公司,主题指数,20191231,1000.0,20250514
932456CNY010.CSI,科创创业AI全收益,CSI,中证指数有限公司,主题指数,20191231,1000.0,20250514
932457.CSI,港股通现金流,CSI,中证指数有限公司,策略指数,20181228,1000.0,20250228
932457CNY100.CSI,港股通现金流人民币中间价,CSI,中证指数有限公司,策略指数,20181228,1000.0,20250228
932457CNY110.CSI,港股通现金流人民币中间价(全),CSI,中证指数有限公司,策略指数,20181228,1000.0,20250228
932457CNY200.CSI,港股通现金流CNY,CSI,中证指数有限公司,策略指数,20181228,1000.0,20250228
932457CNY210.CSI,港股通现金流(全)CNY,CSI,中证指数有限公司,策略指数,20181228,1000.0,20250228
932457HKD210.CSI,港股通现金流(全),CSI,中证指数有限公司,策略指数,20181228,1000.0,20250228
932458.CSI,智选杭州创新50,CSI,中证指数有限公司,主题指数,20181228,1000.0,20250923
932458CNY010.CSI,智选杭州创新50(全),CSI,中证指数有限公司,主题指数,20181228,1000.0,20250923
932458HKD200.CSI,智选杭州创新50港元,CSI,中证指数有限公司,主题指数,20181228,1000.0,20250923
932458HKD210.CSI,智选杭州创新50港元(全),CSI,中证指数有限公司,主题指数,20181228,1000.0,20250923
932459.CSI,全球生物科技,CSI,中证指数有限公司,主题指数,20181228,1000.0,20250924
932459CNY210.CSI,全球生物科技(全),CSI,中证指数有限公司,主题指数,20181228,1000.0,20250924
932459HKD200.CSI,全球生物科技HKD,CSI,中证指数有限公司,主题指数,20181228,1000.0,20250924
932459HKD210.CSI,全球生物科技(全)HKD,CSI,中证指数有限公司,主题指数,20181228,1000.0,20250924
932459USD200.CSI,全球生物科技USD,CSI,中证指数有限公司,主题指数,20181228,1000.0,20250924
932459USD210.CSI,全球生物科技(全)USD,CSI,中证指数有限公司,主题指数,20181228,1000.0,20250924
932460.CSI,长三角科技领先,CSI,中证指数有限公司,策略指数,20181228,1000.0,20250421
932460CNY010.CSI,长三角科技领先全收益,CSI,中证指数有限公司,策略指数,20181228,1000.0,20250421
932461.CSI,科创创业新能源,CSI,中证指数有限公司,主题指数,20191231,1000.0,20250513
932461CNY010.CSI,科创创业新能源全收益,CSI,中证指数有限公司,主题指数,20191231,1000.0,20250513
932462.CSI,互联互通中国50USD,CSI,中证指数有限公司,主题指数,20141231,1000.0,20251111
932462USD210.CSI,互联互通中国50(全)USD,CSI,中证指数有限公司,主题指数,20141231,1000.0,20251111
932465.CSI,A500质量,CSI,中证指数有限公司,策略指数,20101231,1000.0,20250418
932465CNY010.CSI,A500质量全收益,CSI,中证指数有限公司,策略指数,20101231,1000.0,20250418
932465CNY020.CSI,A500质量净收益,CSI,中证指数有限公司,策略指数,20101231,1000.0,20250418
932466.CSI,A500交易所股债5/95,CSI,中证指数有限公司,策略指数,20131231,1000.0,20250514
932467.CSI,A500交易所股债10/90,CSI,中证指数有限公司,策略指数,20131231,1000.0,20250514
932468.CSI,A500交易所股债15/85,CSI,中证指数有限公司,策略指数,20131231,1000.0,20250514
932469.CSI,A500交易所股债20/80,CSI,中证指数有限公司,策略指数,20131231,1000.0,20250514
932470.CSI,A500交易所股债30/70,CSI,中证指数有限公司,策略指数,20131231,1000.0,20250514
932471.CSI,现金流交易所股债5/95,CSI,中证指数有限公司,策略指数,20131231,1000.0,20250514
932472.CSI,现金流交易所股债10/90,CSI,中证指数有限公司,策略指数,20131231,1000.0,20250514
932473.CSI,现金流交易所股债15/85,CSI,中证指数有限公司,策略指数,20131231,1000.0,20250514
932474.CSI,现金流交易所股债20/80,CSI,中证指数有限公司,策略指数,20131231,1000.0,20250514
932475.CSI,现金流交易所股债30/70,CSI,中证指数有限公司,策略指数,20131231,1000.0,20250514
932476.CSI,A500红利质量,CSI,中证指数有限公司,策略指数,20131231,1000.0,20250418
932476CNY010.CSI,A500红利质量全收益,CSI,中证指数有限公司,策略指数,20131231,1000.0,20250418
932476CNY020.CSI,A500红利质量净收益,CSI,中证指数有限公司,策略指数,20131231,1000.0,20250418
932477.CSI,红利低波交易所股债5/95,CSI,中证指数有限公司,策略指数,20131231,1000.0,20250514
932478.CSI,红利低波交易所股债10/90,CSI,中证指数有限公司,策略指数,20131231,1000.0,20250514
932479.CSI,红利低波交易所股债15/85,CSI,中证指数有限公司,策略指数,20131231,1000.0,20250514
932480.CSI,红利低波交易所股债20/80,CSI,中证指数有限公司,策略指数,20131231,1000.0,20250514
932481.CSI,红利低波交易所股债30/70,CSI,中证指数有限公司,策略指数,20131231,1000.0,20250514
932493.CSI,港股通AI,CSI,中证指数有限公司,主题指数,20211231,1000.0,20240313
932493CNY100.CSI,港股通AI人民币中间价,CSI,中证指数有限公司,主题指数,20211231,1000.0,20240313
932493CNY110.CSI,港股通AI人民币中间价(全),CSI,中证指数有限公司,主题指数,20211231,1000.0,20240313
932493CNY200.CSI,港股通AICNY,CSI,中证指数有限公司,主题指数,20211231,1000.0,20240313
932493CNY210.CSI,港股通AI(全)CNY,CSI,中证指数有限公司,主题指数,20211231,1000.0,20240313
932493HKD210.CSI,港股通AI(全),CSI,中证指数有限公司,主题指数,20211231,1000.0,20240313
932494.CSI,A500成长,CSI,中证指数有限公司,风格指数,20141231,1000.0,20250910
932494CNY010.CSI,A500成长全收益,CSI,中证指数有限公司,风格指数,20141231,1000.0,20250910
932494CNY020.CSI,A500成长净收益,CSI,中证指数有限公司,风格指数,20141231,1000.0,20250910
932495.CSI,A500P成长,CSI,中证指数有限公司,风格指数,20141231,1000.0,20250911
932495CNY010.CSI,A500P成长全收益,CSI,中证指数有限公司,风格指数,20141231,1000.0,20250911
932495CNY020.CSI,A500P成长净收益,CSI,中证指数有限公司,风格指数,20141231,1000.0,20250911
932496.CSI,A500R成长,CSI,中证指数有限公司,风格指数,20141231,1000.0,20250911
932496CNY010.CSI,A500R成长全收益,CSI,中证指数有限公司,风格指数,20141231,1000.0,20250911
932496CNY020.CSI,A500R成长净收益,CSI,中证指数有限公司,风格指数,20141231,1000.0,20250911
932497.CSI,A500价值,CSI,中证指数有限公司,风格指数,20141231,1000.0,20250910
932497CNY010.CSI,A500价值全收益,CSI,中证指数有限公司,风格指数,20141231,1000.0,20250910
932497CNY020.CSI,A500价值净收益,CSI,中证指数有限公司,风格指数,20141231,1000.0,20250910
932498.CSI,A500P价值,CSI,中证指数有限公司,风格指数,20141231,1000.0,20250911
932498CNY010.CSI,A500P价值全收益,CSI,中证指数有限公司,风格指数,20141231,1000.0,20250911
932498CNY020.CSI,A500P价值净收益,CSI,中证指数有限公司,风格指数,20141231,1000.0,20250911
932499.CSI,A500R价值,CSI,中证指数有限公司,风格指数,20141231,1000.0,20250911
932499CNY010.CSI,A500R价值全收益,CSI,中证指数有限公司,风格指数,20141231,1000.0,20250911
932499CNY020.CSI,A500R价值净收益,CSI,中证指数有限公司,风格指数,20141231,1000.0,20250911
932500.CSI,交银人寿科创创业成长策略,CSI,中证指数有限公司,策略指数,20191231,1000.0,20251030
932500CNY010.CSI,交银人寿科创创业成长策略全收益,CSI,中证指数有限公司,策略指数,20191231,1000.0,20251030
932500CNY020.CSI,交银人寿科创创业成长策略净收益,CSI,中证指数有限公司,策略指数,20191231,1000.0,20251030
932501.CSI,互联互通中国50人民币中间价,CSI,中证指数有限公司,主题指数,20141231,1000.0,20251111
932501CNY110.CSI,互联互通中国50人民币中间价(全),CSI,中证指数有限公司,主题指数,20141231,1000.0,20251111
932502.CSI,港股通消费50,CSI,中证指数有限公司,一级行业指数,20161230,1000.0,20240308
932502CNY100.CSI,港股通消费50人民币中间价,CSI,中证指数有限公司,一级行业指数,20161230,1000.0,20240308
932502CNY110.CSI,港股通消费50人民币中间价(全),CSI,中证指数有限公司,一级行业指数,20161230,1000.0,20240308
932502CNY200.CSI,港股通消费50CNY,CSI,中证指数有限公司,一级行业指数,20161230,1000.0,20240308
932502CNY210.CSI,港股通消费50(全)CNY,CSI,中证指数有限公司,一级行业指数,20161230,1000.0,20240308
932502HKD210.CSI,港股通消费50(全),CSI,中证指数有限公司,一级行业指数,20161230,1000.0,20240308
932535.CSI,全指等权,CSI,中证指数有限公司,策略指数,20131231,1000.0,20251030
932535CNY010.CSI,全指等权全收益,CSI,中证指数有限公司,策略指数,20131231,1000.0,20251030
932535CNY020.CSI,全指等权净收益,CSI,中证指数有限公司,策略指数,20131231,1000.0,20251030
932536.CSI,航运发展,CSI,中证指数有限公司,主题指数,20121231,1000.0,20250618
932536CNY010.CSI,航运发展全收益,CSI,中证指数有限公司,主题指数,20121231,1000.0,20250618
932537.CSI,互联互通中国50SGD,CSI,中证指数有限公司,主题指数,20141231,1000.0,20251111
932537SGD210.CSI,互联互通中国50(全)SGD,CSI,中证指数有限公司,主题指数,20141231,1000.0,20251111
932544.CSI,智选安徽100,CSI,中证指数有限公司,主题指数,20191231,1000.0,20250825
932544CNY010.CSI,智选安徽100全收益,CSI,中证指数有限公司,主题指数,20191231,1000.0,20250825
932544CNY020.CSI,智选安徽100净收益,CSI,中证指数有限公司,主题指数,20191231,1000.0,20250825
932545.CSI,科创创业创新药,CSI,中证指数有限公司,主题指数,20191231,1000.0,20251107
932545CNY010.CSI,科创创业创新药全收益,CSI,中证指数有限公司,主题指数,20191231,1000.0,20251107
932546.CSI,A50等权,CSI,中证指数有限公司,策略指数,20141231,1000.0,20251030
932546CNY010.CSI,A50等权全收益,CSI,中证指数有限公司,策略指数,20141231,1000.0,20251030
932546CNY020.CSI,A50等权净收益,CSI,中证指数有限公司,策略指数,20141231,1000.0,20251030
932547.CSI,A100等权,CSI,中证指数有限公司,策略指数,20131231,1000.0,20251030
932547CNY010.CSI,A100等权全收益,CSI,中证指数有限公司,策略指数,20131231,1000.0,20251030
932547CNY020.CSI,A100等权净收益,CSI,中证指数有限公司,策略指数,20131231,1000.0,20251030
932548.CSI,A500等权,CSI,中证指数有限公司,策略指数,20131231,1000.0,20251030
932548CNY010.CSI,A500等权全收益,CSI,中证指数有限公司,策略指数,20131231,1000.0,20251030
932548CNY020.CSI,A500等权净收益,CSI,中证指数有限公司,策略指数,20131231,1000.0,20251030
932549.CSI,智选成长领先50,CSI,中证指数有限公司,策略指数,20141231,1000.0,20251030
932549CNY010.CSI,智选成长领先50全收益,CSI,中证指数有限公司,策略指数,20141231,1000.0,20251030
932549CNY020.CSI,智选成长领先50净收益,CSI,中证指数有限公司,策略指数,20141231,1000.0,20251030
932553.CSI,科创创业医疗器械,CSI,中证指数有限公司,主题指数,20191231,1000.0,20251107
932553CNY010.CSI,科创创业医疗器械全收益,CSI,中证指数有限公司,主题指数,20191231,1000.0,20251107
932554.CSI,A500交易所0-7股债5/95,CSI,中证指数有限公司,策略指数,20131231,1000.0,20250924
932555.CSI,A500交易所0-7股债10/90,CSI,中证指数有限公司,策略指数,20131231,1000.0,20250924
932556.CSI,A500交易所0-7股债15/85,CSI,中证指数有限公司,策略指数,20131231,1000.0,20250924
932557.CSI,A500交易所0-7股债20/80,CSI,中证指数有限公司,策略指数,20131231,1000.0,20250924
932558.CSI,A500交易所0-7股债30/70,CSI,中证指数有限公司,策略指数,20131231,1000.0,20250924
932559.CSI,现金流交易所0-7股债5/95,CSI,中证指数有限公司,策略指数,20131231,1000.0,20250924
932560.CSI,现金流交易所0-7股债10/90,CSI,中证指数有限公司,策略指数,20131231,1000.0,20250924
932561.CSI,现金流交易所0-7股债15/85,CSI,中证指数有限公司,策略指数,20131231,1000.0,20250924
932562.CSI,现金流交易所0-7股债20/80,CSI,中证指数有限公司,策略指数,20131231,1000.0,20250924
932563.CSI,现金流交易所0-7股债30/70,CSI,中证指数有限公司,策略指数,20131231,1000.0,20250924
932565.CSI,红利低波交易所0-7股债5/95,CSI,中证指数有限公司,策略指数,20131231,1000.0,20250924
932566.CSI,红利低波交易所0-7股债10/90,CSI,中证指数有限公司,策略指数,20131231,1000.0,20250924
932567.CSI,红利低波交易所0-7股债15/85,CSI,中证指数有限公司,策略指数,20131231,1000.0,20250924
932568.CSI,红利低波交易所0-7股债20/80,CSI,中证指数有限公司,策略指数,20131231,1000.0,20250924
932569.CSI,红利低波交易所0-7股债30/70,CSI,中证指数有限公司,策略指数,20131231,1000.0,20250924
932576.CSI,2000ESG,CSI,中证指数有限公司,主题指数,20170630,1000.0,20251119
932576CNY010.CSI,2000ESG全收益,CSI,中证指数有限公司,主题指数,20170630,1000.0,20251119
932577.CSI,2000ESG领先,CSI,中证指数有限公司,主题指数,20170630,1000.0,20251119
932577CNY010.CSI,2000ESG领先全收益,CSI,中证指数有限公司,主题指数,20170630,1000.0,20251119
932578.CSI,中新亚洲100红利聚焦SGD,CSI,中证指数有限公司,主题指数,20141231,1000.0,20251112
932583.CSI,中新亚洲100红利聚焦USD,CSI,中证指数有限公司,主题指数,20141231,1000.0,20251112
932585.CSI,互联互通中国50红利聚焦HKD,CSI,中证指数有限公司,主题指数,20141231,1000.0,20251111
932585HKD210.CSI,互联互通中国50红利聚焦(全)HKD,CSI,中证指数有限公司,主题指数,20141231,1000.0,20251111
932587.CSI,香港AI,CSI,中证指数有限公司,主题指数,20211231,1000.0,20240313
932587CNY100.CSI,香港AI人民币中间价,CSI,中证指数有限公司,主题指数,20211231,1000.0,20240313
932587CNY110.CSI,香港AI人民币中间价(全),CSI,中证指数有限公司,主题指数,20211231,1000.0,20240313
932587CNY200.CSI,香港AICNY,CSI,中证指数有限公司,主题指数,20211231,1000.0,20240313
932587CNY210.CSI,香港AI(全)CNY,CSI,中证指数有限公司,主题指数,20211231,1000.0,20240313
932587HKD210.CSI,香港AI(全),CSI,中证指数有限公司,主题指数,20211231,1000.0,20240313
932589.CSI,互联互通中国50红利聚焦CNYCPR,CSI,中证指数有限公司,主题指数,20141231,1000.0,20251111
932589CNY110.CSI,互联互通中国50红利聚焦CPR(全),CSI,中证指数有限公司,主题指数,20141231,1000.0,20251111
932590.CSI,互联互通中国50红利聚焦SGD,CSI,中证指数有限公司,主题指数,20141231,1000.0,20251111
932590SGD210.CSI,互联互通中国50红利聚焦(全)SGD,CSI,中证指数有限公司,主题指数,20141231,1000.0,20251111
932592.CSI,互联互通中国50,CSI,中证指数有限公司,主题指数,20141231,1000.0,20251111
932592CNY210.CSI,互联互通中国50(全),CSI,中证指数有限公司,主题指数,20141231,1000.0,20251111
932593.CSI,互联互通中国50红利聚焦,CSI,中证指数有限公司,主题指数,20141231,1000.0,20251111
932593CNY210.CSI,互联互通中国50红利聚焦(全),CSI,中证指数有限公司,主题指数,20141231,1000.0,20251111
932596.CSI,港股通红利低波,CSI,中证指数有限公司,策略指数,20141114,3000.0,20160204
932596CNY100.CSI,港股通红利低波人民币中间价,CSI,中证指数有限公司,策略指数,20141114,3000.0,20160204
932596CNY110.CSI,港股通红利低波人民币中间价(全),CSI,中证指数有限公司,策略指数,20141114,3000.0,20160204
932596CNY200.CSI,港股通红利低波CNY,CSI,中证指数有限公司,策略指数,20141114,3000.0,20160204
932596CNY210.CSI,港股通红利低波(全)CNY,CSI,中证指数有限公司,策略指数,20141114,3000.0,20160204
932596HKD210.CSI,港股通红利低波(全),CSI,中证指数有限公司,策略指数,20141114,3000.0,20160204
932597.CSI,中新亚洲100USD,CSI,中证指数有限公司,主题指数,20141231,1000.0,20251112
932598.CSI,互联互通中国50红利聚焦USD,CSI,中证指数有限公司,主题指数,20141231,1000.0,20251111
932598USD210.CSI,互联互通中国50红利聚焦(全)USD,CSI,中证指数有限公司,主题指数,20141231,1000.0,20251111
932600.CSI,中新亚洲100SGD,CSI,中证指数有限公司,主题指数,20141231,1000.0,20251112
932601.CSI,中新亚洲100红利聚焦,CSI,中证指数有限公司,主题指数,20141231,1000.0,20251112
932603.CSI,中新亚洲100HKD,CSI,中证指数有限公司,主题指数,20141231,1000.0,20251112
932607.CSI,中新亚洲100,CSI,中证指数有限公司,主题指数,20141231,1000.0,20251112
933000.CSI,沪深300(净)HKD(CNH),CSI,中证指数有限公司,规模指数,20041231,1000.0,20050408
934800.MI,MSCI匈牙利,MSCI,MSCI指数,规模指数,19941230,100.0,19960629
935600.MI,MSCI印度,MSCI,MSCI指数,规模指数,19921231,100.0,19930430
937200.MI,MSCI爱尔兰,MSCI,MSCI指数,规模指数,19871231,100.0,19900430
938000.MI,MSCI意大利,MSCI,MSCI指数,规模指数,19691231,100.0,19691231
939200.MI,MSCI日本,MSCI,MSCI指数,规模指数,19691231,100.0,19691231
940000.MI,MSCI约旦,MSCI,MSCI指数,规模指数,19871231,100.0,19880229
940048.CSI,G60综指全收益,CSI,中证指数有限公司,主题指数,20160524,1000.0,20191129
940049.CSI,G60成指全收益,CSI,中证指数有限公司,主题指数,20160524,1000.0,20191129
940083.CSI,上证长三角全收益,CSI,中证指数有限公司,主题指数,20121231,1000.0,20191022
940189.CSI,沪新基建全收益,CSI,中证指数有限公司,主题指数,20141231,1000.0,20200707
941000.MI,MSCI韩国,MSCI,MSCI指数,规模指数,19871231,100.0,19890331
950048.CSI,G60综指,CSI,中证指数有限公司,主题指数,20160524,1000.0,20191129
950049.CSI,G60成指,CSI,中证指数有限公司,主题指数,20160524,1000.0,20191129
950050.CSI,沪红利配置,CSI,上海证券交易所,策略指数,20131231,1000.0,20190422
950070.CSI,上证汽车,CSI,中证指数有限公司,主题指数,20041231,1000.0,20150421
950071.CSI,上证基建,CSI,中证指数有限公司,主题指数,20041231,1000.0,20150421
950072.CSI,沪信安全,CSI,中证指数有限公司,主题指数,20101231,1000.0,20150713
950073.CSI,沪互联网,CSI,中证指数有限公司,主题指数,20120629,1000.0,20150529
950074.CSI,沪互金融,CSI,中证指数有限公司,主题指数,20120629,1000.0,20150529
950075.CSI,沪现代农,CSI,中证指数有限公司,主题指数,20101231,1000.0,20150713
950076.CSI,50两倍,CSI,中证指数有限公司,策略指数,20090630,2500.0,20150616
950077.CSI,50反向,CSI,中证指数有限公司,策略指数,20090630,2500.0,20150616
950078.CSI,50反两,CSI,中证指数有限公司,策略指数,20090630,2500.0,20150616
950079.CSI,上证混改,CSI,中证指数有限公司,主题指数,20131231,1000.0,20150803
950080.CSI,中小企改,CSI,中证指数有限公司,主题指数,20131231,1000.0,20150803
950081.CSI,180碳效,CSI,中证指数有限公司,主题指数,20130628,1000.0,20151008
950082.CSI,上海改革,CSI,中证指数有限公司,主题指数,20111231,1000.0,20150803
950083.CSI,上证长三角,CSI,中证指数有限公司,主题指数,20121231,1000.0,20191022
950085.SH,沪物联网,SSE,中证指数有限公司,主题指数,20120629,1000.0,20151029
950086.SH,沪自贸区,SSE,中证指数有限公司,主题指数,20131231,1000.0,20151127
950087.SH,上证海洋,SSE,中证指数有限公司,主题指数,20091231,1000.0,20151127
950088.SH,沪轻资产,SSE,中证指数有限公司,主题指数,20041231,1000.0,20151127
950089.SH,上证电子,SSE,中证指数有限公司,主题指数,20041231,1000.0,20151127
950090.CSI,50AH优选,CSI,中证指数有限公司,策略指数,20041231,1000.0,20151210
950091.SH,50AH优选(HKD),SSE,中证指数有限公司,策略指数,20041231,1000.0,20151210
950092.CSI,上证180优选,CSI,中证指数有限公司,策略指数,20041231,1000.0,20151210
950092.SH,上证180优选,SSE,中证指数有限公司,策略指数,20041231,1000.0,20151210
950093.SH,上证180优选(HKD),SSE,中证指数有限公司,策略指数,20041231,1000.0,20151210
950094.SH,上证增持,SSE,中证指数有限公司,策略指数,20111231,1000.0,20160411
950095.SH,上证定增,SSE,中证指数有限公司,策略指数,20111231,1000.0,20160411
950096.CSI,上海国企,CSI,中证指数有限公司,主题指数,20121231,1000.0,20160511
950097.SH,沪供给侧,SSE,中证指数有限公司,主题指数,20131231,1000.0,20160624
950098.SH,180SNLV,SSE,中证指数有限公司,策略指数,20041231,1000.0,20160624
950099.SH,380SNLV,SSE,中证指数有限公司,策略指数,20041231,1000.0,20160624
950100.SH,上高股息,SSE,中证指数有限公司,策略指数,20041231,1000.0,20160712
950101.SH,沪智能造,SSE,中证指数有限公司,主题指数,20120629,1000.0,20160720
950103.CSI,智选科创半导体,CSI,中证指数有限公司,主题指数,20191231,1000.0,20240516
950103CNY010.CSI,智选科创半导体全收益,CSI,中证指数有限公司,主题指数,20191231,1000.0,20240516
950103CNY020.CSI,智选科创半导体净收益,CSI,中证指数有限公司,主题指数,20191231,1000.0,20240516
950105.CSI,上证证券,CSI,中证指数有限公司,行业指数,20121231,1000.0,20161018
950106.CSI,上证创新,CSI,中证指数有限公司,主题指数,20121231,1000.0,20161019
950107.CSI,380创新,CSI,中证指数有限公司,主题指数,20121231,1000.0,20161019
950125.CSI,科创半导体材料设备,CSI,中证指数有限公司,主题指数,20191231,1000.0,20240726
950125.SH,科创半导体材料设备,SSE,中证指数有限公司,主题指数,20191231,1000.0,20240726
950125CNY010.SH,科创半导体材料设备全收益,SSE,上海证券交易所,主题指数,20191231,1000.0,20240726
950125CNY020.SH,科创半导体材料设备净收益,SSE,上海证券交易所,主题指数,20191231,1000.0,20240726
950161.CSI,科创新药,CSI,中证指数有限公司,主题指数,20221230,1000.0,20240823
950161CNY010.SH,科创新药全收益,SSE,中证指数有限公司,主题指数,20221230,1000.0,20240823
950161CNY020.SH,科创新药净收益,SSE,中证指数有限公司,主题指数,20221230,1000.0,20240823
950162.CSI,科创芯片设计,CSI,中证指数有限公司,主题指数,20191231,1000.0,20240726
950162CNY010.CSI,科创芯片设计全收益,CSI,中证指数有限公司,主题指数,20191231,1000.0,20240726
950162CNY020.CSI,科创芯片设计净收益,CSI,中证指数有限公司,主题指数,20191231,1000.0,20240726
950178.CSI,科创民企策略,CSI,中证指数有限公司,主题指数,20191231,1000.0,20250723
950178CNY010.CSI,科创民企策略全收益,CSI,中证指数有限公司,主题指数,20191231,1000.0,20250723
950179.SH,上证回购,SSE,中证指数有限公司,策略指数,20181228,1000.0,20231017
950179CNY010.SH,上证回购全收益,SSE,中证指数有限公司,策略指数,20181228,1000.0,20231017
950179CNY020.SH,上证回购净收益,SSE,中证指数有限公司,策略指数,20181228,1000.0,20231017
950180.CSI,科创AI,CSI,中证指数有限公司,主题指数,20221230,1000.0,20240725
950180CNY010.CSI,科创AI全收益,CSI,上海证券交易所,主题指数,20221230,1000.0,20240725
950180CNY020.CSI,科创AI净收益,CSI,上海证券交易所,主题指数,20221230,1000.0,20240725
950181.SH,上证红利增长,SSE,中证指数有限公司,策略指数,20131231,1000.0,20250124
950181CNY010.SH,上证红利增长全收益,SSE,中证指数有限公司,策略指数,20131231,1000.0,20250124
950181CNY020.SH,上证红利增长净收益,SSE,中证指数有限公司,策略指数,20131231,1000.0,20250124
950182.SH,180红利增长,SSE,中证指数有限公司,策略指数,20131231,1000.0,20250124
950182CNY010.SH,180红利增长全收益,SSE,中证指数有限公司,策略指数,20131231,1000.0,20250124
950182CNY020.SH,180红利增长净收益,SSE,中证指数有限公司,策略指数,20131231,1000.0,20250124
950187.CSI,50备兑,CSI,中证指数有限公司,策略指数,20150209,1000.0,20200521
950189.CSI,沪新基建,CSI,中证指数有限公司,主题指数,20141231,1000.0,20200707
950194.CSI,上证新能源车,CSI,中证指数有限公司,主题指数,20141231,1000.0,20220124
950194CNY01.CSI,上证新能源车全收益,CSI,中证指数有限公司,主题指数,20141231,1000.0,20220124
950196.CSI,智选科创龙头策略,CSI,中证指数有限公司,策略指数,20191231,1000.0,20240304
950196CNY010.CSI,智选科创龙头策略全收益,CSI,中证指数有限公司,策略指数,20191231,1000.0,20240304
950196CNY020.CSI,智选科创龙头策略净收益,CSI,中证指数有限公司,策略指数,20191231,1000.0,20240304
950215.CSI,180金融行业,CSI,中证指数有限公司,一级行业指数,20071228,1000.0,20220721
950215CNY01.CSI,180金融行业全收益,CSI,中证指数有限公司,一级行业指数,20071228,1000.0,20220721
950216.CSI,380地产,CSI,中证指数有限公司,一级行业指数,20071228,1000.0,20220721
950216CNY01.CSI,380地产全收益,CSI,中证指数有限公司,一级行业指数,20071228,1000.0,20220721
950217.CSI,上证地产,CSI,中证指数有限公司,一级行业指数,20071228,1000.0,20220721
950217CNY01.CSI,上证地产全收益,CSI,中证指数有限公司,一级行业指数,20071228,1000.0,20220721
950218.CSI,房地产等权,CSI,中证指数有限公司,策略指数,20071228,1000.0,20220721
950218CNY01.CSI,房地产等权全收益,CSI,中证指数有限公司,策略指数,20071228,1000.0,20220721
950219.CSI,沪地产红,CSI,中证指数有限公司,策略指数,20071228,1000.0,20220721
950219CNY01.CSI,沪地产红全收益,CSI,中证指数有限公司,策略指数,20071228,1000.0,20220721
950220.CSI,上证新能源,CSI,中证指数有限公司,主题指数,20081231,1000.0,20220124
950220CNY01.CSI,上证新能源全收益,CSI,中证指数有限公司,主题指数,20081231,1000.0,20220124
950222.CSI,沪专精特新,CSI,中证指数有限公司,主题指数,20181228,1000.0,20250721
950222CNY010.CSI,沪专精特新全收益,CSI,中证指数有限公司,主题指数,20181228,1000.0,20250721
950223.CSI,50ESG,CSI,中证指数有限公司,主题指数,20170630,1000.0,20220124
950223CNY01.CSI,50ESG全收益,CSI,中证指数有限公司,主题指数,20170630,1000.0,20220124
950224.CSI,180ESG基准,CSI,中证指数有限公司,主题指数,20170630,1000.0,20220124
950224CNY01.CSI,180ESG基准全收益,CSI,中证指数有限公司,主题指数,20170630,1000.0,20220124
950225.CSI,380ESG,CSI,中证指数有限公司,主题指数,20210630,1000.0,20220124
950225CNY01.CSI,380ESG全收益,CSI,中证指数有限公司,主题指数,20210630,1000.0,20220124
950226.CSI,180ESG领先,CSI,中证指数有限公司,主题指数,20170630,1000.0,20220124
950226CNY01.CSI,180ESG领先全收益,CSI,中证指数有限公司,主题指数,20170630,1000.0,20220124
950227.CSI,380ESG领先,CSI,中证指数有限公司,主题指数,20210630,1000.0,20220124
950227CNY01.CSI,380ESG领先全收益,CSI,中证指数有限公司,主题指数,20210630,1000.0,20220124
950228.SH,智选科创价值50,SSE,中证指数有限公司,策略指数,20191231,1000.0,20240823
950228CNY010.SH,智选科创价值50全收益,SSE,中证指数有限公司,策略指数,20191231,1000.0,20240823
950228CNY020.SH,智选科创价值50净收益,SSE,中证指数有限公司,策略指数,20191231,1000.0,20240823
950238.SH,上证光伏,SSE,中证指数有限公司,主题指数,20171229,1000.0,20221011
950238CNY01.SH,上证光伏全收益,SSE,中证指数有限公司,主题指数,20171229,1000.0,20221011
950239.SH,上证太阳能,SSE,中证指数有限公司,主题指数,20171229,1000.0,20221011
950239CNY01.SH,上证太阳能全收益,SSE,中证指数有限公司,主题指数,20171229,1000.0,20221011
950253.CSI,国新科创国企,CSI,中证指数有限公司,主题指数,20221230,1000.0,20250102
950253CNY010.CSI,国新科创国企全收益,CSI,中证指数有限公司,主题指数,20221230,1000.0,20250102
950255.SH,科创医疗,SSE,中证指数有限公司,主题指数,20221230,1000.0,20240725
950255CNY010.SH,科创医疗全收益,SSE,上海证券交易所,主题指数,20221230,1000.0,20240725
950255CNY020.SH,科创医疗净收益,SSE,上海证券交易所,主题指数,20221230,1000.0,20240725
950258.SH,上证红利质量,SSE,中证指数有限公司,策略指数,20131231,1000.0,20250124
950258CNY010.SH,上证红利质量全收益,SSE,中证指数有限公司,策略指数,20131231,1000.0,20250124
950258CNY020.SH,上证红利质量净收益,SSE,中证指数有限公司,策略指数,20131231,1000.0,20250124
950259.SH,上证180红利质量,SSE,中证指数有限公司,策略指数,20131231,1000.0,20250124
950259CNY010.SH,上证180红利质量全收益,SSE,中证指数有限公司,策略指数,20131231,1000.0,20250124
950259CNY020.SH,上证180红利质量净收益,SSE,中证指数有限公司,策略指数,20131231,1000.0,20250124
950260.CSI,智选科创成长动量,CSI,中证指数有限公司,策略指数,20191231,1000.0,20240304
950260CNY010.CSI,智选科创成长动量全收益,CSI,中证指数有限公司,策略指数,20191231,1000.0,20240304
950260CNY020.CSI,智选科创成长动量净收益,CSI,中证指数有限公司,策略指数,20191231,1000.0,20240304
950283.SH,科创盈利质量,SSE,中证指数有限公司,策略指数,20191231,1000.0,20240823
950283CNY010.SH,科创盈利质量全收益,SSE,中证指数有限公司,策略指数,20191231,1000.0,20240823
950283CNY020.SH,科创盈利质量净收益,SSE,中证指数有限公司,策略指数,20191231,1000.0,20240823
950332.SH,科创计算机,SSE,中证指数有限公司,主题指数,20221230,1000.0,20250527
950332CNY010.SH,科创计算机全收益,SSE,中证指数有限公司,主题指数,20221230,1000.0,20250527
950333.CSI,智选创新价值,CSI,中证指数有限公司,策略指数,20191231,1000.0,20240925
950333.SH,智选创新价值,SSE,中证指数有限公司,策略指数,20191231,1000.0,20240925
950333CNY010.SH,智选创新价值全收益,SSE,中证指数有限公司,策略指数,20191231,1000.0,20240925
950346.SH,上证红利股债RP,SSE,中证指数有限公司,策略指数,20170630,1000.0,20241121
950347.SH,上证红利股债10/90,SSE,中证指数有限公司,策略指数,20170630,1000.0,20241121
950348.SH,上证红利股债20/80,SSE,中证指数有限公司,策略指数,20170630,1000.0,20241121
950349.SH,上证红利股债30/70,SSE,中证指数有限公司,策略指数,20170630,1000.0,20241121
950350.SH,上证红利股债稳健配置10%,SSE,中证指数有限公司,策略指数,20170630,1000.0,20241121
950351.SH,上证红利股债稳健配置20%,SSE,中证指数有限公司,策略指数,20170630,1000.0,20241121
950352.SH,上证红利股债稳健配置30%,SSE,中证指数有限公司,策略指数,20170630,1000.0,20241121
950357.CSI,科创专精特新,CSI,中证指数有限公司,主题指数,20240628,1000.0,20250721
950357CNY010.CSI,科创专精特新全收益,CSI,中证指数有限公司,主题指数,20240628,1000.0,20250721
950363.CSI,科创民企,CSI,中证指数有限公司,主题指数,20191231,1000.0,20250723
950363CNY010.CSI,科创民企全收益,CSI,中证指数有限公司,主题指数,20191231,1000.0,20250723
950393.SH,创新成长策略精选,SSE,中证指数有限公司,策略指数,20221230,1000.0,20251015
950393CNY010.SH,创新成长策略精选全收益,SSE,中证指数有限公司,策略指数,20221230,1000.0,20251015
950580.CSI,上证580,CSI,中证指数有限公司,规模指数,20181228,1000.0,20250616
950580CNY010.CSI,上证580全收益,CSI,中证指数有限公司,规模指数,20181228,1000.0,20250616
950580CNY020.CSI,上证580净收益,CSI,中证指数有限公司,规模指数,20181228,1000.0,20250616
952800.MI,MSCI荷兰,MSCI,MSCI指数,规模指数,19691231,100.0,19691231
955400.MI,MSCI新西兰,MSCI,MSCI指数,规模指数,19871231,100.0,19871231
957800.MI,MSCI挪威,MSCI,MSCI指数,规模指数,19691231,100.0,19691231
958600.MI,MSCI巴基斯坦,MSCI,MSCI指数,规模指数,19921231,100.0,19930430
960400.MI,MSCI秘鲁,MSCI,MSCI指数,规模指数,19921231,100.0,19931031
961600.MI,MSCI波兰,MSCI,MSCI指数,规模指数,19921231,100.0,19940930
962000.MI,MSCI葡萄牙,MSCI,MSCI指数,规模指数,19871231,100.0,19890531
970006.CNI,创业板指(港币)(CNH),CNI,深圳证券交易所,规模指数,20100531,1000.0,20210426
970007.CNI,创业板指(美元)(CNH),CNI,深圳证券交易所,规模指数,20100531,1000.0,20210426
970026.CNI,深指ESG,CNI,深圳证券交易所,主题指数,20180629,9379.4749,20220725
970027.CNI,100ESG,CNI,深圳证券交易所,主题指数,20180629,3920.1598,20220725
970028.CNI,创指ESG,CNI,深圳证券交易所,主题指数,20180629,1606.7147,20220725
970029.CNI,深指ESG领先,CNI,深圳证券交易所,主题指数,20180629,9379.4749,20220725
970030.CNI,100ESG领先,CNI,深圳证券交易所,主题指数,20180629,3920.1598,20220725
970031.CNI,创指ESG领先,CNI,深圳证券交易所,主题指数,20180629,1606.7147,20220725
970032.CNI,深指ESG增强,CNI,深圳证券交易所,策略指数,20180629,1000.0,20220929
970033.CNI,100ESG增强,CNI,深圳证券交易所,策略指数,20180629,1000.0,20220929
970034.CNI,创指ESG增强,CNI,深圳证券交易所,策略指数,20180629,1000.0,20220929
970035.CNI,深证光伏,CNI,深圳证券交易所,主题指数,20121231,1000.0,20220929
970036.CNI,深证储能,CNI,深圳证券交易所,主题指数,20121231,1000.0,20220929
970037.CNI,深证高装,CNI,深圳证券交易所,主题指数,20121231,1000.0,20220929
970038.CNI,生物经济,CNI,深圳证券交易所,主题指数,20121231,1000.0,20220929
970039.CNI,创新材料,CNI,深圳证券交易所,主题指数,20121231,1000.0,20221130
970040.CNI,创业高装,CNI,深圳证券交易所,主题指数,20121231,1000.0,20221130
970041.CNI,创新消费,CNI,深圳证券交易所,主题指数,20121231,1000.0,20221130
970042.CNI,新材料50,CNI,深圳证券交易所,主题指数,20121231,1000.0,20221130
970043.CNI,新能装备,CNI,深圳证券交易所,主题指数,20121231,1000.0,20221130
970046.CNI,深证XR,CNI,深圳证券交易所,主题指数,20141231,1000.0,20230314
970047.CNI,数字文化,CNI,深圳证券交易所,主题指数,20141231,1000.0,20230314
970048.CNI,新型显示,CNI,深圳证券交易所,主题指数,20141231,1000.0,20230314
970049.CNI,深证数字交通,CNI,深圳证券交易所,主题指数,20121231,1000.0,20230412
970050.CNI,深证卫星导航,CNI,深圳证券交易所,主题指数,20121231,1000.0,20230412
970051.CNI,深证算力设施,CNI,深圳证券交易所,主题指数,20121231,1000.0,20230412
970052.CNI,深证数字安全,CNI,深圳证券交易所,主题指数,20121231,1000.0,20230412
970053.CNI,深证数据要素,CNI,深圳证券交易所,主题指数,20121231,1000.0,20230412
970054.CNI,深证智能电网,CNI,深圳证券交易所,主题指数,20121231,1000.0,20230830
970055.CNI,深证国企ESG,CNI,深圳证券交易所,主题指数,20180629,1000.0,20231222
970056.CNI,深证民企ESG,CNI,深圳证券交易所,主题指数,20180629,1000.0,20231222
970057.CNI,深证民企50,CNI,深圳证券交易所,主题指数,20121231,1000.0,20231212
970058.CNI,深证民企治理,CNI,深圳证券交易所,主题指数,20180629,1000.0,20231212
970059.CNI,深证民企科技,CNI,深圳证券交易所,主题指数,20121231,1000.0,20231212
970060.CNI,深证ESG成长,CNI,深圳证券交易所,策略指数,20180629,1000.0,20231222
970061.CNI,深证ESG价值,CNI,深圳证券交易所,策略指数,20180629,1000.0,20231222
970062.CNI,深红利300,CNI,深圳证券交易所,策略指数,20081231,1000.0,20231128
970063.CNI,深证回购,CNI,深圳证券交易所,策略指数,20181228,1000.0,20231128
970064.CNI,深证国企股东回报,CNI,深圳证券交易所,主题指数,20121231,1000.0,20240126
970065.CNI,深证优质信披,CNI,深圳证券交易所,主题指数,20121231,1000.0,20240126
970066.CNI,深证氢能,CNI,深圳证券交易所,主题指数,20181228,1000.0,20240815
970067.CNI,深证专利,CNI,深圳证券交易所,主题指数,20121231,1000.0,20160523
970068.CNI,创业专利,CNI,深圳证券交易所,主题指数,20121231,1000.0,20160523
970069.CNI,深证绿色制造,CNI,深圳证券交易所,主题指数,20171229,1000.0,20240628
970070.CNI,创业板人工智能,CNI,深圳证券交易所,主题指数,20181228,1000.0,20240711
970071.CNI,深证民企成长,CNI,深圳证券交易所,主题指数,20121231,1000.0,20240621
970072.CNI,深证民企价值,CNI,深圳证券交易所,主题指数,20121231,1000.0,20240621
970073.CNI,深证绿色农牧,CNI,深圳证券交易所,主题指数,20180629,1000.0,20240815
970074.CNI,深证智能穿戴,CNI,深圳证券交易所,主题指数,20181228,1000.0,20240711
970075.CNI,深证AIGC,CNI,深圳证券交易所,主题指数,20141231,1000.0,20240711
970076.CNI,深证绿色化工,CNI,深圳证券交易所,主题指数,20180629,1000.0,20240628
970077.CNI,深证绿色建材,CNI,深圳证券交易所,主题指数,20180629,1000.0,20240628
970080.CNI,科技50,CNI,深圳证券交易所,主题指数,20131231,1000.0,20241224
970081.CNI,创业板电池,CNI,深圳证券交易所,主题指数,20180629,1000.0,20250627
97008101.CNI,创业板电池R,CNI,深圳证券交易所,主题指数,20180629,1000.0,20250627
970082.CNI,创业板医疗,CNI,深圳证券交易所,主题指数,20121231,1000.0,20250627
97008201.CNI,创业板医疗R,CNI,深圳证券交易所,主题指数,20121231,1000.0,20250627
970083.CNI,创业板算力,CNI,深圳证券交易所,主题指数,20221230,1000.0,20250627
97008301.CNI,创业板算力R,CNI,深圳证券交易所,主题指数,20221230,1000.0,20250627
970084.CNI,创业板传媒,CNI,深圳证券交易所,主题指数,20180629,1000.0,20250627
97008401.CNI,创业板传媒R,CNI,深圳证券交易所,主题指数,20180629,1000.0,20250627
970085.CNI,创业板金融科技,CNI,深圳证券交易所,主题指数,20180629,1000.0,20250627
97008501.CNI,创业板金融科技R,CNI,深圳证券交易所,主题指数,20180629,1000.0,20250627
971000.MI,MSCI南非,MSCI,MSCI指数,规模指数,19921231,100.0,19940930
971001.CNI,深成地产,CNI,深圳证券交易所,行业指数,20100630,1000.0,20190723
971002.CNI,中小地产,CNI,深圳证券交易所,行业指数,20111230,1000.0,20190723
971004.CNI,创业板战略科技,CNI,深圳证券交易所,主题指数,20121231,1000.0,20230828
972400.MI,MSCI西班牙,MSCI,MSCI指数,规模指数,19691231,100.0,19691231
975200.MI,MSCI瑞典,MSCI,MSCI指数,规模指数,19691231,100.0,19691231
975600.MI,MSCI瑞士,MSCI,MSCI指数,规模指数,19691231,100.0,19691231
979200.MI,MSCI土耳其,MSCI,MSCI指数,规模指数,19871231,100.0,19900131
980001.CNI,湾创100(CNI),CNI,深圳证券交易所,规模指数,20111230,1000.0,20190409
980001.CSI,中华半导体芯片(全)CNY,CSI,中华证券交易服务有限公司,主题指数,20111230,2000.0,20190318
980001.SZ,湾创100,SZSE,深圳证券交易所,规模指数,20170630,1000.0,20190409
980002.CNI,湾创100(港币),CNI,深圳证券交易所,规模指数,20170630,1000.0,20190409
980002.CSI,中华半导体芯片全收益HKD,CSI,中华证券交易服务有限公司,主题指数,20111230,2000.0,20190318
980003.CNI,湾区综指,CNI,深圳证券交易所,综合指数,20121231,1000.0,20190409
980004.CNI,湾区综指(港币),CNI,深圳证券交易所,综合指数,20121231,1000.0,20190409
980006.CNI,港股通自由现金流,CNI,深圳证券交易所,主题指数,20161230,1000.0,20190722
98000600.CNI,港股通自由现金流(人民币),CNI,深圳证券交易所,主题指数,20161230,1000.0,20190722
98000601.CNI,港股通自由现金流R(人民币),CNI,深圳证券交易所,主题指数,20161230,1000.0,20190722
98000611.CNI,港股通自由现金流R,CNI,深圳证券交易所,主题指数,20161230,1000.0,20190722
980007.CNI,湾区新兴,CNI,深圳证券交易所,主题指数,20121231,1000.0,20200512
980008.CNI,湾区新兴(港币),CNI,深圳证券交易所,主题指数,20121231,1000.0,20200512
980009.CNI,湾区制造,CNI,深圳证券交易所,主题指数,20121231,1000.0,20200512
980010.CNI,湾区制造(港币),CNI,深圳证券交易所,主题指数,20121231,1000.0,20200512
980011.CNI,湾区服务,CNI,深圳证券交易所,主题指数,20121231,1000.0,20200512
980012.CNI,湾区服务(港币),CNI,深圳证券交易所,主题指数,20121231,1000.0,20200512
980013.CNI,湾区医药,CNI,深圳证券交易所,主题指数,20121231,1000.0,20191231
980014.CNI,湾区医药(港币),CNI,深圳证券交易所,主题指数,20121231,1000.0,20191231
980015.CNI,疫苗生科,CNI,深圳证券交易所,主题指数,20021231,1000.0,20150216
980016.CNI,医疗健康,CNI,深圳证券交易所,主题指数,20021231,1000.0,20150217
980017.CNI,国证芯片(CNI),CNI,深圳证券交易所,主题指数,20021231,1000.0,20150217
980017.SZ,国证芯片,SZSE,深圳证券交易所,主题指数,20021231,1000.0,20150217
980018.CNI,卫星通信,CNI,深圳证券交易所,主题指数,20021231,1000.0,20150217
98001801.CNI,卫星通信R,CNI,深圳证券交易所,主题指数,20021231,1000.0,20150217
980019.CNI,湾区海洋,CNI,深圳证券交易所,主题指数,20121231,1000.0,20200512
980020.CNI,湾区海洋(港币),CNI,深圳证券交易所,主题指数,20121231,1000.0,20200512
980021.CNI,碳中和50,CNI,深圳证券交易所,主题指数,20141231,1000.0,20220411
980022.CNI,机器人产业,CNI,深圳证券交易所,主题指数,20141231,1000.0,20150225
98002201.CNI,机器人产业R,CNI,深圳证券交易所,主题指数,20141231,1000.0,20150225
980023.CNI,南山50(CNI),CNI,深圳证券交易所,主题指数,20121231,1000.0,20191231
980023.SZ,南山50,SZSE,深圳证券交易所,主题指数,20121231,1000.0,20191231
980024.CNI,南山50(港币),CNI,深圳证券交易所,主题指数,20121231,1000.0,20191231
980025.CNI,北股交指,CNI,深圳证券交易所,其他,20170407,1000.0,20191220
980026.CNI,风光装备,CNI,深圳证券交易所,主题指数,20141231,1000.0,20150217
980027.CNI,新能源电池,CNI,深圳证券交易所,主题指数,20141231,1000.0,20150216
980028.CNI,龙头家电,CNI,深圳证券交易所,主题指数,20021231,1000.0,20150216
980029.CNI,新基建,CNI,深圳证券交易所,主题指数,20041231,1000.0,20090803
980030.CNI,消费电子,CNI,深圳证券交易所,主题指数,20021231,1000.0,20150217
980031.CNI,国证白酒,CNI,深圳证券交易所,主题指数,20021231,1000.0,20150216
980032.CNI,新能电池,CNI,深圳证券交易所,主题指数,20021231,1000.0,20150217
980033.CNI,自主科技,CNI,深圳证券交易所,主题指数,20021231,1000.0,20200109
980034.CNI,工业软件,CNI,深圳证券交易所,主题指数,20121231,1000.0,20150217
980035.CNI,化肥农药,CNI,深圳证券交易所,主题指数,20081231,1000.0,20121228
980036.CNI,创新龙头,CNI,深圳证券交易所,主题指数,20121231,1000.0,20200806
980037.CNI,创新龙头(港币),CNI,深圳证券交易所,主题指数,20121231,1000.0,20200806
980038.CNI,深圳高新,CNI,深圳证券交易所,主题指数,20121231,1000.0,20200806
980039.CNI,深圳高新(港币),CNI,深圳证券交易所,主题指数,20121231,1000.0,20200806
980043.CNI,工业金属,CNI,深圳证券交易所,主题指数,20131231,1000.0,20150225
980046.CNI,文化创意,CNI,深圳证券交易所,主题指数,20121231,1000.0,20201217
980047.CNI,文化创意(港币),CNI,深圳证券交易所,主题指数,20121231,1000.0,20201217
980048.CNI,国证建材,CNI,深圳证券交易所,主题指数,20021231,1000.0,20150216
980049.CNI,国证酒指,CNI,深圳证券交易所,主题指数,20021231,1000.0,20150216
980052.CNI,绿色金融,CNI,深圳证券交易所,主题指数,20121231,1000.0,20210802
980053.CNI,绿色金融（港币）,CNI,深圳证券交易所,主题指数,20121231,1000.0,20210802
980055.CNI,规模因子,CNI,深圳证券交易所,策略指数,20141231,1000.0,20210525
980056.CNI,价值因子,CNI,深圳证券交易所,策略指数,20141231,1000.0,20210525
980057.CNI,动量因子,CNI,深圳证券交易所,策略指数,20141231,1000.0,20210525
980058.CNI,绿色治理,CNI,深圳证券交易所,主题指数,20171231,1000.0,20200928
980059.CNI,航空出行,CNI,深圳证券交易所,主题指数,20121231,1000.0,20150225
980063.CNI,国证回购,CNI,深圳证券交易所,策略指数,20141231,1000.0,20150216
980065.CNI,帮扶100,CNI,深圳证券交易所,主题指数,20161230,1000.0,20221209
980068.CNI,蓝色100,CNI,深圳证券交易所,主题指数,20121231,1000.0,20201014
980069.CNI,蓝色100(港币),CNI,深圳证券交易所,主题指数,20121231,1000.0,20201014
980070.CNI,国证专利,CNI,深圳证券交易所,主题指数,20121231,1000.0,20150217
980071.CNI,机器人龙头,CNI,深圳证券交易所,主题指数,20141231,1000.0,20150217
980072.CNI,生物农业,CNI,深圳证券交易所,主题指数,20081231,1000.0,20121228
980073.CNI,生猪指数,CNI,深圳证券交易所,主题指数,20121231,1000.0,20150217
980075.CNI,数字交通,CNI,深圳证券交易所,主题指数,20120629,1000.0,20121228
980076.CNI,通用航空,CNI,深圳证券交易所,主题指数,20120629,1000.0,20121228
980077.CNI,充电设施,CNI,深圳证券交易所,主题指数,20181228,1000.0,20121228
980078.CNI,ESG基准,CNI,深圳证券交易所,主题指数,20180629,3552.8436,20121228
980079.CNI,ESG领先,CNI,深圳证券交易所,主题指数,20180629,3552.8436,20121228
980080.CNI,成长100,CNI,深圳证券交易所,风格指数,20121231,1000.0,20121228
980081.CNI,价值100,CNI,深圳证券交易所,风格指数,20121231,1000.0,20121228
980082.CNI,央国企低碳科技,CNI,深圳证券交易所,主题指数,20161230,1000.0,20121228
980083.CNI,央国企自主科技,CNI,深圳证券交易所,主题指数,20161230,1000.0,20121228
980086.CNI,创新药,CNI,深圳证券交易所,主题指数,20181231,1000.0,20150217
98008601.CNI,创新药R,CNI,深圳证券交易所,主题指数,20181231,1000.0,20150217
980092.CNI,自由现金流,CNI,深圳证券交易所,策略指数,20121231,1000.0,20121228
980093.CNI,现金流做市债10/90,CNI,深圳证券交易所,策略指数,20221230,1000.0,20250917
980094.CNI,现金流做市债15/85,CNI,深圳证券交易所,策略指数,20221230,1000.0,20250917
980095.CNI,现金流做市债20/80,CNI,深圳证券交易所,策略指数,20221230,1000.0,20250917
980096.CNI,现金流做市债30/70,CNI,深圳证券交易所,策略指数,20221230,1000.0,20250917
980097.CNI,现金流股债10/90,CNI,深圳证券交易所,策略指数,20121231,1000.0,20250331
980098.CNI,现金流股债15/85,CNI,深圳证券交易所,策略指数,20121231,1000.0,20250331
980099.CNI,现金流股债20/80,CNI,深圳证券交易所,策略指数,20121231,1000.0,20250331
980100.CNI,现金流股债30/70,CNI,深圳证券交易所,策略指数,20121231,1000.0,20250331
980103.CNI,红利价值,CNI,深圳证券交易所,策略指数,20121231,1000.0,20131205
98010301.CNI,红利价值R,CNI,深圳证券交易所,策略指数,20121231,1000.0,20131205
980105.CNI,港股芯片,CNI,深圳证券交易所,主题指数,20181231,1000.0,20250730
98010500.CNI,港股芯片(人民币),CNI,深圳证券交易所,主题指数,20181231,1000.0,20250730
98010501.CNI,港股芯片R(人民币),CNI,深圳证券交易所,主题指数,20181231,1000.0,20250730
98010511.CNI,港股芯片R,CNI,深圳证券交易所,主题指数,20181231,1000.0,20250730
980106.CNI,港股通资源,CNI,深圳证券交易所,主题指数,20141231,1000.0,20250730
98010600.CNI,港股通资源(人民币),CNI,深圳证券交易所,主题指数,20141231,1000.0,20250730
98010601.CNI,港股通资源R(人民币),CNI,深圳证券交易所,主题指数,20141231,1000.0,20250730
98010611.CNI,港股通资源R,CNI,深圳证券交易所,主题指数,20141231,1000.0,20250730
980107.CNI,AI应用软件,CNI,深圳证券交易所,主题指数,20181228,1000.0,20121228
98010701.CNI,AI应用软件R,CNI,深圳证券交易所,主题指数,20181228,1000.0,20121228
980108.CNI,港股通AI,CNI,深圳证券交易所,主题指数,20211231,1000.0,20250730
98010800.CNI,港股通AI(人民币),CNI,深圳证券交易所,主题指数,20211231,1000.0,20250730
98010801.CNI,港股通AIR(人民币),CNI,深圳证券交易所,主题指数,20211231,1000.0,20250730
98010811.CNI,港股通AIR,CNI,深圳证券交易所,主题指数,20211231,1000.0,20250730
980109.CNI,港股通证券,CNI,深圳证券交易所,主题指数,20181231,1000.0,20250829
98010900.CNI,港股通证券(人民币),CNI,深圳证券交易所,主题指数,20181231,1000.0,20250829
98010901.CNI,港股通证券R(人民币),CNI,深圳证券交易所,主题指数,20181231,1000.0,20250829
98010911.CNI,港股通证券R,CNI,深圳证券交易所,主题指数,20181231,1000.0,20250829
980111.CNI,国证生物,CNI,深圳证券交易所,主题指数,20180629,1000.0,20150216
98011101.CNI,国证生物R,CNI,深圳证券交易所,主题指数,20180629,1000.0,20150216
980112.CNI,AI应用,CNI,深圳证券交易所,主题指数,20181228,1000.0,20121228
98011201.CNI,AI应用R,CNI,深圳证券交易所,主题指数,20181228,1000.0,20121228
980113.CNI,数字支付,CNI,深圳证券交易所,主题指数,20181228,1000.0,20121228
98011301.CNI,数字支付R,CNI,深圳证券交易所,主题指数,20181228,1000.0,20121228
980150.CNI,单项冠军,CNI,深圳证券交易所,主题指数,20081231,1000.0,20121228
980202.CNI,国证小盘,CNI,深圳证券交易所,主题指数,20201231,1000.0,20121228
98020201.CNI,国证小盘R,CNI,深圳证券交易所,主题指数,20201231,1000.0,20121228
980532.CNI,国证青岛海洋,CNI,深圳证券交易所,主题指数,20141231,1000.0,20150225
982600.MI,MSCI英国,MSCI,MSCI指数,规模指数,19691231,100.0,19860331
983001.CNI,内地100,CNI,深圳证券交易所,规模指数,20121231,1000.0,20210128
983002.CNI,内地100(港币),CNI,深圳证券交易所,规模指数,20121231,1000.0,20210128
983003.CNI,内地科技50,CNI,深圳证券交易所,主题指数,20121231,1000.0,20210128
983004.CNI,内地科技50(港币),CNI,深圳证券交易所,主题指数,20121231,1000.0,20210128
983005.CNI,深港通综指,CNI,深圳证券交易所,综合指数,20161202,5000.0,20170420
983006.CNI,深港通综指(港币),CNI,深圳证券交易所,综合指数,20161202,5000.0,20170420
983007.CNI,深港通100,CNI,深圳证券交易所,规模指数,20161202,5000.0,20170420
983008.CNI,深港通100(港币),CNI,深圳证券交易所,规模指数,20161202,5000.0,20170420
983009.CNI,深港通手机产业链,CNI,深圳证券交易所,主题指数,20111230,1000.0,20170929
983010.CNI,深港通手机产业链(港币),CNI,深圳证券交易所,主题指数,20111230,1000.0,20170929
983011.CNI,深港通绿色优选,CNI,深圳证券交易所,主题指数,20111230,1000.0,20171218
983012.CNI,深港通绿色优选(港币),CNI,深圳证券交易所,主题指数,20111230,1000.0,20171218
983013.CNI,深港通能源,CNI,深圳证券交易所,行业指数,20161202,5000.0,20171201
983014.CNI,深港通能源(港币),CNI,深圳证券交易所,行业指数,20161202,5000.0,20171201
983015.CNI,深港通材料,CNI,深圳证券交易所,行业指数,20161202,5000.0,20171201
983016.CNI,深港通材料(港币),CNI,深圳证券交易所,行业指数,20161202,5000.0,20171201
983017.CNI,深港通工业,CNI,深圳证券交易所,行业指数,20161202,5000.0,20171201
983018.CNI,深港通工业(港币),CNI,深圳证券交易所,行业指数,20161202,5000.0,20171201
983019.CNI,深港通可选消费,CNI,深圳证券交易所,行业指数,20161202,5000.0,20171201
983020.CNI,深港通可选消费(港币),CNI,深圳证券交易所,行业指数,20161202,5000.0,20171201
983021.CNI,深港通主要消费,CNI,深圳证券交易所,行业指数,20161202,5000.0,20171201
983022.CNI,深港通主要消费(港币),CNI,深圳证券交易所,行业指数,20161202,5000.0,20171201
983023.CNI,深港通医药卫生,CNI,深圳证券交易所,行业指数,20161202,5000.0,20171201
983024.CNI,深港通医药卫生(港币),CNI,深圳证券交易所,行业指数,20161202,5000.0,20171201
983025.CNI,深港通金融,CNI,深圳证券交易所,行业指数,20161202,5000.0,20171201
983026.CNI,深港通金融(港币),CNI,深圳证券交易所,行业指数,20161202,5000.0,20171201
983027.CNI,深港通信息技术,CNI,深圳证券交易所,行业指数,20161202,5000.0,20171201
983028.CNI,深港通信息技术(港币),CNI,深圳证券交易所,行业指数,20161202,5000.0,20171201
983029.CNI,深港通电信业务,CNI,深圳证券交易所,行业指数,20161202,5000.0,20171201
983030.CNI,深港通电信业务(港币),CNI,深圳证券交易所,行业指数,20161202,5000.0,20171201
983031.CNI,深港通公用事业,CNI,深圳证券交易所,行业指数,20161202,5000.0,20171201
983032.CNI,深港通公用事业(港币),CNI,深圳证券交易所,行业指数,20161202,5000.0,20171201
983033.CNI,深港通通信服务,CNI,深圳证券交易所,行业指数,20161202,5000.0,20171208
983034.CNI,深港通通信服务(港币),CNI,深圳证券交易所,行业指数,20161202,5000.0,20171208
983035.CNI,深港通医疗,CNI,深圳证券交易所,行业指数,20161202,5000.0,20171208
983036.CNI,深港通医疗(港币),CNI,深圳证券交易所,行业指数,20161202,5000.0,20171208
983037.CNI,深港通食品零售,CNI,深圳证券交易所,行业指数,20161202,5000.0,20171208
983038.CNI,深港通食品零售(港币),CNI,深圳证券交易所,行业指数,20161202,5000.0,20171208
983039.CNI,深港通汽车,CNI,深圳证券交易所,行业指数,20161202,5000.0,20171208
983040.CNI,深港通汽车(港币),CNI,深圳证券交易所,行业指数,20161202,5000.0,20171208
983041.CNI,深港通服装纺织,CNI,深圳证券交易所,行业指数,20161202,5000.0,20171208
983042.CNI,深港通服装纺织(港币),CNI,深圳证券交易所,行业指数,20161202,5000.0,20171208
983043.CNI,深港通电脑硬件,CNI,深圳证券交易所,行业指数,20161202,5000.0,20171208
983044.CNI,深港通电脑硬件(港币),CNI,深圳证券交易所,行业指数,20161202,5000.0,20171208
983045.CNI,深港通消费服务,CNI,深圳证券交易所,行业指数,20161202,5000.0,20171208
983046.CNI,深港通消费服务(港币),CNI,深圳证券交易所,行业指数,20161202,5000.0,20171208
983047.CNI,深港通网络软件,CNI,深圳证券交易所,行业指数,20161202,5000.0,20171208
983048.CNI,深港通网络软件(港币),CNI,深圳证券交易所,行业指数,20161202,5000.0,20171208
983049.CNI,深港通耐用消费,CNI,深圳证券交易所,行业指数,20161202,5000.0,20171208
983050.CNI,深港通耐用消费(港币),CNI,深圳证券交易所,行业指数,20161202,5000.0,20171208
983051.CNI,深港通农牧渔,CNI,深圳证券交易所,行业指数,20161202,5000.0,20171208
983052.CNI,深港通农牧渔(港币),CNI,深圳证券交易所,行业指数,20161202,5000.0,20171208
983053.CNI,深港通非银,CNI,深圳证券交易所,行业指数,20161202,5000.0,20171208
983054.CNI,深港通非银(港币),CNI,深圳证券交易所,行业指数,20161202,5000.0,20171208
983055.CNI,深港通工业服务,CNI,深圳证券交易所,行业指数,20161202,5000.0,20171208
983056.CNI,深港通工业服务(港币),CNI,深圳证券交易所,行业指数,20161202,5000.0,20171208
983057.CNI,深港通电信服务,CNI,深圳证券交易所,行业指数,20161202,5000.0,20171208
983058.CNI,深港通电信服务(港币),CNI,深圳证券交易所,行业指数,20161202,5000.0,20171208
983059.CNI,深港通生科,CNI,深圳证券交易所,行业指数,20161202,5000.0,20171208
983060.CNI,深港通生科(港币),CNI,深圳证券交易所,行业指数,20161202,5000.0,20171208
983061.CNI,深港通基材,CNI,深圳证券交易所,行业指数,20161202,5000.0,20171208
983062.CNI,深港通基材(港币),CNI,深圳证券交易所,行业指数,20161202,5000.0,20171208
983063.CNI,深港通化工,CNI,深圳证券交易所,行业指数,20161202,5000.0,20171208
983064.CNI,深港通化工(港币),CNI,深圳证券交易所,行业指数,20161202,5000.0,20171208
983065.CNI,深港通食品饮料,CNI,深圳证券交易所,行业指数,20161202,5000.0,20171208
983066.CNI,深港通食品饮料(港币),CNI,深圳证券交易所,行业指数,20161202,5000.0,20171208
983067.CNI,深港通半导体,CNI,深圳证券交易所,行业指数,20161202,5000.0,20171208
983068.CNI,深港通半导体(港币),CNI,深圳证券交易所,行业指数,20161202,5000.0,20171208
983069.CNI,深港通工业品,CNI,深圳证券交易所,行业指数,20161202,5000.0,20171208
983070.CNI,深港通工业品(港币),CNI,深圳证券交易所,行业指数,20161202,5000.0,20171208
983071.CNI,深港通房地产,CNI,深圳证券交易所,行业指数,20161202,5000.0,20171208
983072.CNI,深港通房地产(港币),CNI,深圳证券交易所,行业指数,20161202,5000.0,20171208
983073.CNI,深港通零售,CNI,深圳证券交易所,行业指数,20161202,5000.0,20171208
983074.CNI,深港通零售(港币),CNI,深圳证券交易所,行业指数,20161202,5000.0,20171208
983075.CNI,深港通传媒,CNI,深圳证券交易所,行业指数,20161202,5000.0,20171208
983076.CNI,深港通传媒(港币),CNI,深圳证券交易所,行业指数,20161202,5000.0,20171208
983077.CNI,深港通运输,CNI,深圳证券交易所,行业指数,20161202,5000.0,20171208
983078.CNI,深港通运输(港币),CNI,深圳证券交易所,行业指数,20161202,5000.0,20171208
983079.CNI,深港通制药,CNI,深圳证券交易所,行业指数,20161202,5000.0,20171208
983080.CNI,深港通制药(港币),CNI,深圳证券交易所,行业指数,20161202,5000.0,20171208
983081.CNI,深港通银行,CNI,深圳证券交易所,行业指数,20161202,5000.0,20171208
983082.CNI,深港通银行(港币),CNI,深圳证券交易所,行业指数,20161202,5000.0,20171208
983083.CNI,深港通内房股,CNI,深圳证券交易所,主题指数,20111230,1000.0,20180308
983084.CNI,深港通内房股(港币),CNI,深圳证券交易所,主题指数,20111230,1000.0,20180308
983085.CNI,深港通节能,CNI,深圳证券交易所,主题指数,20111230,1000.0,20180308
983086.CNI,深港通节能(港币),CNI,深圳证券交易所,主题指数,20111230,1000.0,20180308
983087.CNI,深港通新能源车,CNI,深圳证券交易所,主题指数,20111230,1000.0,20180308
983088.CNI,深港通新能源车(港币),CNI,深圳证券交易所,主题指数,20111230,1000.0,20180308
983089.CNI,深港通大湾区,CNI,深圳证券交易所,主题指数,20111230,1000.0,20180308
983090.CNI,深港通大湾区(港币),CNI,深圳证券交易所,主题指数,20111230,1000.0,20180308
983091.CNI,深港通50,CNI,深圳证券交易所,规模指数,20161230,1000.0,20240621
983092.CNI,深港通50(港币),CNI,深圳证券交易所,规模指数,20161230,1000.0,20240621
983093.CNI,深港通先进制造,CNI,深圳证券交易所,主题指数,20161230,1000.0,20250313
98309301.CNI,深港通先进制造R,CNI,深圳证券交易所,主题指数,20161230,1000.0,20250313
98309311.CNI,深港通先进制造R(港币),CNI,深圳证券交易所,主题指数,20161230,1000.0,20250313
983094.CNI,深港通先进制造(港币),CNI,深圳证券交易所,主题指数,20161230,1000.0,20250313
983095.CNI,深港通数字经济,CNI,深圳证券交易所,主题指数,20161230,1000.0,20241224
983096.CNI,深港通数字经济(港币),CNI,深圳证券交易所,主题指数,20161230,1000.0,20241224
983097.CNI,深港通绿色低碳,CNI,深圳证券交易所,主题指数,20161230,1000.0,20250313
98309701.CNI,深港通绿色低碳R,CNI,深圳证券交易所,主题指数,20161230,1000.0,20250313
98309711.CNI,深港通绿色低碳R(港币),CNI,深圳证券交易所,主题指数,20161230,1000.0,20250313
983098.CNI,深港通绿色低碳(港币),CNI,深圳证券交易所,主题指数,20161230,1000.0,20250313
983101.CNI,内地生物科技,CNI,深圳证券交易所,主题指数,20121231,1000.0,20210128
983102.CNI,内地生物科技(港币),CNI,深圳证券交易所,主题指数,20121231,1000.0,20210128
983103.CNI,内地医疗器械,CNI,深圳证券交易所,主题指数,20121231,1000.0,20210128
983104.CNI,内地医疗器械(港币),CNI,深圳证券交易所,主题指数,20121231,1000.0,20210128
983105.CNI,内地消费电子,CNI,深圳证券交易所,主题指数,20121231,1000.0,20210128
983106.CNI,内地消费电子(港币),CNI,深圳证券交易所,主题指数,20121231,1000.0,20210128
983160.CNI,低碳科技,CNI,深圳证券交易所,主题指数,20141231,1000.0,20211018
983161.CNI,低碳科技(港币),CNI,深圳证券交易所,主题指数,20141231,1000.0,20211018
984000.MI,MSCI美国,MSCI,MSCI指数,规模指数,19691231,100.0,19860331
985018.CNI,马来西亚50,CNI,深圳证券交易所,规模指数,20151231,1000.0,20201214
985019.CNI,马来西亚50(人民币),CNI,深圳证券交易所,规模指数,20151231,1000.0,20201214
987001.CNI,港股50,CNI,深圳证券交易所,规模指数,20121231,1000.0,20201020
987002.CNI,港股50（人民币）,CNI,深圳证券交易所,规模指数,20121231,1000.0,20201020
987003.CNI,港股通50,CNI,深圳证券交易所,规模指数,20141231,1000.0,20210308
987004.CNI,港股通50(人民币),CNI,深圳证券交易所,规模指数,20141231,1000.0,20210308
987006.CNI,港股科技,CNI,深圳证券交易所,主题指数,20141231,1000.0,20210308
987007.CNI,港股科技(人民币),CNI,深圳证券交易所,主题指数,20141231,1000.0,20210308
987008.CNI,港股通科技,CNI,深圳证券交易所,主题指数,20141231,1000.0,20210308
98700801.CNI,港股通科技R(人民币),CNI,深圳证券交易所,主题指数,20141231,1000.0,20210308
98700811.CNI,港股通科技R,CNI,深圳证券交易所,主题指数,20141231,1000.0,20210308
987009.CNI,港股通科技(人民币),CNI,深圳证券交易所,主题指数,20141231,1000.0,20210308
987010.CNI,港股大中盘,CNI,深圳证券交易所,规模指数,20141231,1000.0,20210308
987011.CNI,港股大中盘(人民币),CNI,深圳证券交易所,规模指数,20141231,1000.0,20210308
987012.CNI,港股大盘,CNI,深圳证券交易所,规模指数,20141231,1000.0,20210308
987013.CNI,港股大盘(人民币),CNI,深圳证券交易所,规模指数,20141231,1000.0,20210308
987014.CNI,港股中盘,CNI,深圳证券交易所,规模指数,20141231,1000.0,20210308
987015.CNI,港股中盘(人民币),CNI,深圳证券交易所,规模指数,20141231,1000.0,20210308
987016.CNI,港股通红利低波,CNI,深圳证券交易所,策略指数,20141231,1000.0,20211118
987017.CNI,港股通红利低波(人民币),CNI,深圳证券交易所,策略指数,20141231,1000.0,20211118
987018.CNI,港股通创新药,CNI,深圳证券交易所,主题指数,20181231,1000.0,20211118
98701801.CNI,港股通创新药R(人民币),CNI,深圳证券交易所,主题指数,20181231,1000.0,20211118
98701811.CNI,港股通创新药R,CNI,深圳证券交易所,主题指数,20181231,1000.0,20211118
987019.CNI,港股通创新药(人民币),CNI,深圳证券交易所,主题指数,20181231,1000.0,20211118
987020.CNI,内房股,CNI,深圳证券交易所,主题指数,20141231,1000.0,20211118
987021.CNI,内房股(人民币),CNI,深圳证券交易所,主题指数,20141231,1000.0,20211118
987022.CNI,港股通互联网,CNI,深圳证券交易所,主题指数,20141231,1000.0,20211118
98702201.CNI,港股通互联网R(人民币),CNI,深圳证券交易所,主题指数,20141231,1000.0,20211118
98702211.CNI,港股通互联网R,CNI,深圳证券交易所,主题指数,20141231,1000.0,20211118
987023.CNI,港股通互联网(人民币),CNI,深圳证券交易所,主题指数,20141231,1000.0,20211118
987024.CNI,港股通消费,CNI,深圳证券交易所,主题指数,20141231,1000.0,20220411
98702401.CNI,港股通消费R(人民币),CNI,深圳证券交易所,主题指数,20141231,1000.0,20220411
98702411.CNI,港股通消费R,CNI,深圳证券交易所,主题指数,20141231,1000.0,20220411
987025.CNI,港股通消费(人民币),CNI,深圳证券交易所,主题指数,20141231,1000.0,20220411
987026.CNI,港股通新能源,CNI,深圳证券交易所,主题指数,20181231,1000.0,20231222
987027.CNI,港股通新能源(人民币),CNI,深圳证券交易所,主题指数,20181231,1000.0,20231222
987028.CNI,港股通内企ESG,CNI,深圳证券交易所,策略指数,20181231,1000.0,20241220
987029.CNI,港股通内企ESG(人民币),CNI,深圳证券交易所,策略指数,20181231,1000.0,20241220
987030.CNI,港股通内企ESG优选,CNI,深圳证券交易所,策略指数,20181231,1000.0,20241220
987031.CNI,港股通内企ESG优选(人民币),CNI,深圳证券交易所,策略指数,20181231,1000.0,20241220
987032.CNI,港股金融科技,CNI,深圳证券交易所,主题指数,20181231,1000.0,20250829
98703200.CNI,港股金融科技(人民币),CNI,深圳证券交易所,主题指数,20181231,1000.0,20250829
98703201.CNI,港股金融科技R(人民币),CNI,深圳证券交易所,主题指数,20181231,1000.0,20250829
98703211.CNI,港股金融科技R,CNI,深圳证券交易所,主题指数,20181231,1000.0,20250829
989001.CNI,新华500,CNI,新华指数,其他,20041231,1000.0,20191122
989002.CNI,新华区块链(退市),CNI,新华指数,主题指数,20160831,1000.0,20200323
989003.CNI,新华精选成长50(退市),CNI,新华指数,主题指数,20121231,1000.0,20200915
989004.CNI,新华优选价值50,CNI,新华指数,主题指数,20170104,1000.0,20201202
989005.CNI,新华资源保障(退市),CNI,新华指数,主题指数,20190614,1000.0,20210804
989006.CNI,新华SHS新兴消费,CNI,新华指数,主题指数,20161230,1000.0,20201216
989007.CNI,新华SHS新兴消费(港币),CNI,新华指数,主题指数,20161230,1000.0,20201216
989008.CNI,新华ESG300(退市),CNI,新华指数,主题指数,20181228,1000.0,20210824
989009.CNI,新华ESG50(退市),CNI,新华指数,策略指数,20181228,1000.0,20211022
989010.CNI,长三角崛起城市(退市),CNI,新华指数,主题指数,20141231,1000.0,20211216
989011.CNI,青岛50,CNI,新华指数,主题指数,20181228,1000.0,20220520
989012.CNI,能源转型升级(退市),CNI,新华指数,主题指数,20181228,1000.0,20220128
989013.CNI,稀土产业链,CNI,新华指数,主题指数,20181221,1000.0,20220422
989015.CNI,智选策略100,CNI,新华指数、中诚信指数,主题指数,20111231,1000.0,20230424
989016.CNI,红利价值,CNI,新华指数、中诚信指数,策略指数,20111231,1000.0,20240105
989017.CNI,质量优势,CNI,新华指数、中诚信指数,策略指数,20111230,1000.0,20241022
990001.CSI,中华半导体芯片,CSI,中华证券交易服务有限公司,主题指数,20111230,2000.0,20190318
990002.CSI,中华半导体芯片HKD,CSI,中华证券交易服务有限公司,主题指数,20111230,2000.0,20190318
990100.MI,MSCI发达市场,MSCI,MSCI指数,规模指数,19691231,100.0,19860331
990200.MI,MSCI北美,MSCI,MSCI指数,规模指数,19691231,100.0,19860331
990300.MI,MSCI欧澳远东,MSCI,MSCI指数,规模指数,19691231,100.0,19860331
990400.MI,MSCI欧洲全市场,MSCI,MSCI指数,规模指数,19871231,100.0,19900531
990500.MI,MSCI欧洲,MSCI,MSCI指数,规模指数,19691231,100.0,19691231
990600.MI,MSCI欧盟,MSCI,MSCI指数,规模指数,19871231,100.0,19900531
990700.MI,MSCI北欧国家,MSCI,MSCI指数,规模指数,19691231,100.0,19880331
990800.MI,MSCI太平洋地区,MSCI,MSCI指数,规模指数,19691231,100.0,19860331
990900.MI,MSCI远东,MSCI,MSCI指数,规模指数,19691231,100.0,19860331
991000.MI,MSCI发达市场(除美国),MSCI,MSCI指数,规模指数,19691231,100.0,19860331
991100.MI,MSCI欧澳远东+加拿大,MSCI,MSCI指数,规模指数,19691231,100.0,19890831
991200.MI,MSCIKOKUSAI,MSCI,MSCI指数,规模指数,19691231,100.0,19860331
991300.MI,MSCI欧澳远东(除日本),MSCI,MSCI指数,规模指数,19691231,100.0,19860331
991400.MI,MSCI太平洋地区(除日本),MSCI,MSCI指数,规模指数,19691231,100.0,19870831
991500.MI,MSCI发达市场(除英国),MSCI,MSCI指数,规模指数,19691231,100.0,19860331
991600.MI,MSCI欧澳远东(除英国),MSCI,MSCI指数,规模指数,19691231,100.0,19860331
991700.MI,MSCI欧洲(除英国),MSCI,MSCI指数,规模指数,19691231,100.0,19860331
992001.SSI,华证成长,OTH,上海华证指数信息服务有限公司,主题指数,20041231,1000.0,20190702
992002.SSI,华证价值,OTH,上海华证指数信息服务有限公司,主题指数,20041231,1000.0,20190702
992003.SSI,华证低波,OTH,上海华证指数信息服务有限公司,主题指数,20041231,1000.0,20190702
992005.SSI,华证红利,OTH,上海华证指数信息服务有限公司,主题指数,20041231,1000.0,20190702
992006.SSI,华证红利质量,OTH,上海华证指数信息服务有限公司,策略指数,20041231,1000.0,20190702
992007.SSI,华证低波成长,OTH,上海华证指数信息服务有限公司,策略指数,20041231,1000.0,20190702
992008.SSI,华证成长优选,OTH,上海华证指数信息服务有限公司,策略指数,20091231,1000.0,20190702
992009.SSI,华证低波优选,OTH,上海华证指数信息服务有限公司,策略指数,20091231,1000.0,20190702
992010.SSI,华证红利优选,OTH,上海华证指数信息服务有限公司,策略指数,20091231,1000.0,20190702
992011.SSI,华证低波成长优选,OTH,上海华证指数信息服务有限公司,策略指数,20091231,1000.0,20190702
992012.SSI,华证质量,OTH,上海华证指数信息服务有限公司,主题指数,20041231,1000.0,20200303
992021.SSI,华证DM大盘ESG,OTH,上海华证指数信息服务有限公司,策略指数,20081128,1000.0,20210226
992022.SSI,华证DM中盘ESG,OTH,上海华证指数信息服务有限公司,策略指数,20081128,1000.0,20210226
992023.SSI,华证DM大盘,OTH,上海华证指数信息服务有限公司,策略指数,20081128,1000.0,20210226
992024.SSI,华证DM中盘,OTH,上海华证指数信息服务有限公司,策略指数,20081128,1000.0,20210226
992025.SSI,华证DM大盘ESG-MF,OTH,上海华证指数信息服务有限公司,策略指数,20081128,1000.0,20210226
992026.SSI,华证DM中盘ESG-MF,OTH,上海华证指数信息服务有限公司,策略指数,20081128,1000.0,20210226
992027.SSI,华证DM大盘-MF,OTH,上海华证指数信息服务有限公司,策略指数,20081128,1000.0,20210226
992028.SSI,华证DM中盘-MF,OTH,上海华证指数信息服务有限公司,策略指数,20081128,1000.0,20210226
992029.SSI,华证DM沪深港策略,OTH,上海华证指数信息服务有限公司,策略指数,20081128,1000.0,20210315
992051.SSI,华证大盘成长,OTH,上海华证指数信息服务有限公司,主题指数,20041231,1000.0,20221014
992052.SSI,华证大盘价值,OTH,上海华证指数信息服务有限公司,主题指数,20041231,1000.0,20221014
992053.SSI,华证大盘低波,OTH,上海华证指数信息服务有限公司,主题指数,20041231,1000.0,20221014
992055.SSI,华证大盘动量,OTH,上海华证指数信息服务有限公司,主题指数,20041231,1000.0,20221014
992056.SSI,华证大盘质量,OTH,上海华证指数信息服务有限公司,主题指数,20041231,1000.0,20221014
992057.SSI,华证大盘红利,OTH,上海华证指数信息服务有限公司,主题指数,20041231,1000.0,20221014
992058.SSI,华证大盘成长价值,OTH,上海华证指数信息服务有限公司,主题指数,20041231,1000.0,20221014
992059.SSI,华证大盘成长低波,OTH,上海华证指数信息服务有限公司,主题指数,20041231,1000.0,20221014
992060.SSI,华证大盘动量成长,OTH,上海华证指数信息服务有限公司,主题指数,20041231,1000.0,20221014
992061.SSI,华证大盘质量成长,OTH,上海华证指数信息服务有限公司,策略指数,20041231,1000.0,20221014
992062.SSI,华证大盘价值低波,OTH,上海华证指数信息服务有限公司,主题指数,20041231,1000.0,20221014
992063.SSI,华证大盘价值动量,OTH,上海华证指数信息服务有限公司,主题指数,20041231,1000.0,20221014
992065.SSI,华证大盘价值质量,OTH,上海华证指数信息服务有限公司,主题指数,20041231,1000.0,20221014
992066.SSI,华证大盘低波动量,OTH,上海华证指数信息服务有限公司,主题指数,20041231,1000.0,20221014
992067.SSI,华证大盘低波质量,OTH,上海华证指数信息服务有限公司,主题指数,20041231,1000.0,20221014
992068.SSI,华证大盘红利低波,OTH,上海华证指数信息服务有限公司,主题指数,20041231,1000.0,20221014
992069.SSI,华证大盘动量质量,OTH,上海华证指数信息服务有限公司,主题指数,20041231,1000.0,20221014
992070.SSI,华证大盘红利动量,OTH,上海华证指数信息服务有限公司,主题指数,20041231,1000.0,20221014
992071.SSI,华证大盘红利质量,OTH,上海华证指数信息服务有限公司,主题指数,20041231,1000.0,20221014
992072.SSI,华证中盘成长,OTH,上海华证指数信息服务有限公司,主题指数,20041231,1000.0,20221014
992073.SSI,华证中盘价值,OTH,上海华证指数信息服务有限公司,主题指数,20041231,1000.0,20221014
992075.SSI,华证中盘低波,OTH,上海华证指数信息服务有限公司,主题指数,20041231,1000.0,20221014
992076.SSI,华证中盘动量,OTH,上海华证指数信息服务有限公司,主题指数,20041231,1000.0,20221014
992077.SSI,华证中盘质量,OTH,上海华证指数信息服务有限公司,主题指数,20041231,1000.0,20221014
992078.SSI,华证中盘红利,OTH,上海华证指数信息服务有限公司,主题指数,20041231,1000.0,20221014
992079.SSI,华证中盘成长价值,OTH,上海华证指数信息服务有限公司,主题指数,20041231,1000.0,20221014
992080.SSI,华证中盘成长低波,OTH,上海华证指数信息服务有限公司,主题指数,20041231,1000.0,20221014
992081.SSI,华证中盘动量成长,OTH,上海华证指数信息服务有限公司,主题指数,20041231,1000.0,20221014
992082.SSI,华证中盘质量成长,OTH,上海华证指数信息服务有限公司,策略指数,20041231,1000.0,20221014
992083.SSI,华证中盘价值低波,OTH,上海华证指数信息服务有限公司,主题指数,20041231,1000.0,20221014
992085.SSI,华证中盘价值动量,OTH,上海华证指数信息服务有限公司,主题指数,20041231,1000.0,20221014
992086.SSI,华证中盘价值质量,OTH,上海华证指数信息服务有限公司,主题指数,20041231,1000.0,20221014
992087.SSI,华证中盘低波动量,OTH,上海华证指数信息服务有限公司,主题指数,20041231,1000.0,20221014
992088.SSI,华证中盘低波质量,OTH,上海华证指数信息服务有限公司,主题指数,20041231,1000.0,20221014
992089.SSI,华证中盘红利低波,OTH,上海华证指数信息服务有限公司,主题指数,20041231,1000.0,20221014
992090.SSI,华证中盘动量质量,OTH,上海华证指数信息服务有限公司,主题指数,20041231,1000.0,20221014
992091.SSI,华证中盘红利动量,OTH,上海华证指数信息服务有限公司,主题指数,20041231,1000.0,20221014
992092.SSI,华证中盘红利质量,OTH,上海华证指数信息服务有限公司,主题指数,20041231,1000.0,20221014
992093.SSI,华证小盘成长,OTH,上海华证指数信息服务有限公司,主题指数,20041231,1000.0,20221014
992095.SSI,华证小盘价值,OTH,上海华证指数信息服务有限公司,主题指数,20041231,1000.0,20221014
992096.SSI,华证小盘低波,OTH,上海华证指数信息服务有限公司,主题指数,20041231,1000.0,20221014
992097.SSI,华证小盘动量,OTH,上海华证指数信息服务有限公司,主题指数,20041231,1000.0,20221014
992098.SSI,华证小盘质量,OTH,上海华证指数信息服务有限公司,主题指数,20041231,1000.0,20221014
992099.SSI,华证小盘红利,OTH,上海华证指数信息服务有限公司,主题指数,20041231,1000.0,20221014
992100.SSI,华证小盘成长价值,OTH,上海华证指数信息服务有限公司,主题指数,20041231,1000.0,20221014
992101.SSI,华证小盘成长低波,OTH,上海华证指数信息服务有限公司,主题指数,20041231,1000.0,20221014
992102.SSI,华证小盘动量成长,OTH,上海华证指数信息服务有限公司,主题指数,20041231,1000.0,20221014
992103.SSI,华证小盘质量成长,OTH,上海华证指数信息服务有限公司,策略指数,20041231,1000.0,20221014
992105.SSI,华证小盘价值低波,OTH,上海华证指数信息服务有限公司,主题指数,20041231,1000.0,20221014
992106.SSI,华证小盘价值动量,OTH,上海华证指数信息服务有限公司,主题指数,20041231,1000.0,20221014
992107.SSI,华证小盘价值质量,OTH,上海华证指数信息服务有限公司,主题指数,20041231,1000.0,20221014
992108.SSI,华证小盘低波动量,OTH,上海华证指数信息服务有限公司,主题指数,20041231,1000.0,20221014
992109.SSI,华证小盘低波质量,OTH,上海华证指数信息服务有限公司,主题指数,20041231,1000.0,20221014
992110.SSI,华证小盘红利低波,OTH,上海华证指数信息服务有限公司,主题指数,20041231,1000.0,20221014
992111.SSI,华证小盘动量质量,OTH,上海华证指数信息服务有限公司,主题指数,20041231,1000.0,20221014
992112.SSI,华证小盘红利动量,OTH,上海华证指数信息服务有限公司,主题指数,20041231,1000.0,20221014
992113.SSI,华证小盘红利质量,OTH,上海华证指数信息服务有限公司,主题指数,20041231,1000.0,20221014
992115.SSI,华证微盘成长,OTH,上海华证指数信息服务有限公司,主题指数,20041231,1000.0,20221014
992116.SSI,华证微盘价值,OTH,上海华证指数信息服务有限公司,主题指数,20041231,1000.0,20221014
992117.SSI,华证微盘低波,OTH,上海华证指数信息服务有限公司,主题指数,20041231,1000.0,20221014
992118.SSI,华证微盘动量,OTH,上海华证指数信息服务有限公司,主题指数,20041231,1000.0,20221014
992119.SSI,华证微盘质量,OTH,上海华证指数信息服务有限公司,主题指数,20041231,1000.0,20221014
992120.SSI,华证微盘红利,OTH,上海华证指数信息服务有限公司,主题指数,20131231,1000.0,20221014
992121.SSI,华证微盘成长价值,OTH,上海华证指数信息服务有限公司,主题指数,20041231,1000.0,20221014
992122.SSI,华证微盘成长低波,OTH,上海华证指数信息服务有限公司,主题指数,20041231,1000.0,20221014
992123.SSI,华证微盘动量成长,OTH,上海华证指数信息服务有限公司,主题指数,20041231,1000.0,20221014
992125.SSI,华证微盘质量成长,OTH,上海华证指数信息服务有限公司,策略指数,20041231,1000.0,20221014
992126.SSI,华证微盘价值低波,OTH,上海华证指数信息服务有限公司,主题指数,20041231,1000.0,20221014
992127.SSI,华证微盘价值动量,OTH,上海华证指数信息服务有限公司,主题指数,20041231,1000.0,20221014
992128.SSI,华证微盘价值质量,OTH,上海华证指数信息服务有限公司,主题指数,20041231,1000.0,20221014
992129.SSI,华证微盘低波动量,OTH,上海华证指数信息服务有限公司,主题指数,20041231,1000.0,20221014
992130.SSI,华证微盘低波质量,OTH,上海华证指数信息服务有限公司,主题指数,20041231,1000.0,20221014
992131.SSI,华证微盘红利低波,OTH,上海华证指数信息服务有限公司,主题指数,20131231,1000.0,20221014
992132.SSI,华证微盘动量质量,OTH,上海华证指数信息服务有限公司,主题指数,20041231,1000.0,20221014
992133.SSI,华证微盘红利动量,OTH,上海华证指数信息服务有限公司,主题指数,20131231,1000.0,20221014
992135.SSI,华证微盘红利质量,OTH,上海华证指数信息服务有限公司,主题指数,20131231,1000.0,20221014
992136.SSI,大盘行业等权低波,OTH,上海华证指数信息服务有限公司,行业指数,20121231,1000.0,20230714
992137.SSI,中盘行业等权低波,OTH,上海华证指数信息服务有限公司,行业指数,20121231,1000.0,20230714
992138.SSI,小盘行业等权低波,OTH,上海华证指数信息服务有限公司,行业指数,20121231,1000.0,20230714
992139.SSI,微盘行业等权低波,OTH,上海华证指数信息服务有限公司,行业指数,20121231,1000.0,20230714
992141.SSI,华证大盘层次最小方差,OTH,上海华证指数信息服务有限公司,行业指数,20121231,1000.0,20230725
992142.SSI,华证中盘层次最小方差,OTH,上海华证指数信息服务有限公司,行业指数,20121231,1000.0,20230725
992143.SSI,华证小盘层次最小方差,OTH,上海华证指数信息服务有限公司,行业指数,20121231,1000.0,20230725
992144.SSI,华证微盘层次最小方差,OTH,上海华证指数信息服务有限公司,行业指数,20121231,1000.0,20230725
992145.SSI,华证A股层次最小方差,OTH,上海华证指数信息服务有限公司,行业指数,20121231,1000.0,20230725
992146.SSI,华证大盘层次风险优化,OTH,上海华证指数信息服务有限公司,行业指数,20121231,1000.0,20230725
992147.SSI,华证中盘层次风险优化,OTH,上海华证指数信息服务有限公司,行业指数,20121231,1000.0,20230725
992148.SSI,华证小盘层次风险优化,OTH,上海华证指数信息服务有限公司,行业指数,20121231,1000.0,20230725
992149.SSI,华证微盘层次风险优化,OTH,上海华证指数信息服务有限公司,行业指数,20121231,1000.0,20230725
992150.SSI,华证A股层次风险优化,OTH,上海华证指数信息服务有限公司,行业指数,20121231,1000.0,20230725
992601.SSI,基础设施公募REITs,OTH,上海华证指数信息服务有限公司,主题指数,20211231,1000.0,20221207
993051.SSI,华证景智红利,OTH,上海华证指数信息服务有限公司,策略指数,20121231,1000.0,20230714
993052.SSI,华证景智港股红利,OTH,上海华证指数信息服务有限公司,主题指数,20141231,1000.0,20230915
993053.SSI,华证景智大盘均衡成长,OTH,上海华证指数信息服务有限公司,主题指数,20131231,1000.0,20231117
993055.SSI,华证景智小盘策略,OTH,上海华证指数信息服务有限公司,主题指数,20121231,1000.0,20231117
993056.SSI,华证景智国企价值机遇,OTH,上海华证指数信息服务有限公司,主题指数,20121231,1000.0,20240417
993057.SSI,华证景智大盘低波质量,OTH,上海华证指数信息服务有限公司,主题指数,20131231,1000.0,20240521
993088.SSI,新质生产力精选,OTH,上海华证指数信息服务有限公司,主题指数,20131231,1000.0,20250422
993133.SSI,太朴生命科学,OTH,上海华证指数信息服务有限公司,主题指数,20191231,1000.0,20240411
993201.SSI,华夏理财微盘成长低波,OTH,上海华证指数信息服务有限公司,主题指数,20091231,1000.0,20230531
993202.SSI,华夏理财新型储能,OTH,上海华证指数信息服务有限公司,主题指数,20181231,1000.0,20230531
993203.SSI,华夏理财风力发电指数,OTH,上海华证指数信息服务有限公司,主题指数,20171231,1000.0,20230531
993205.SSI,华夏理财贵金属指数,OTH,上海华证指数信息服务有限公司,主题指数,20131231,1000.0,20230531
993206.SSI,华夏理财AI算力指数,OTH,上海华证指数信息服务有限公司,主题指数,20171231,1000.0,20230531
993207.SSI,华夏理财家居建材指数,OTH,上海华证指数信息服务有限公司,主题指数,20121231,1000.0,20230531
993208.SSI,华夏理财港股通红利30,OTH,上海华证指数信息服务有限公司,主题指数,20141231,1000.0,20250912
993209.SSI,华夏理财AI云计算,OTH,上海华证指数信息服务有限公司,主题指数,20191231,1000.0,20250912
993210.SSI,华夏理财军工电子,OTH,上海华证指数信息服务有限公司,主题指数,20201231,1000.0,20250912
993211.SSI,华夏理财智能机器人,OTH,上海华证指数信息服务有限公司,主题指数,20191231,1000.0,20251114
993212.SSI,华夏理财创新药,OTH,上海华证指数信息服务有限公司,主题指数,20141231,1000.0,20251114
993213.SSI,华夏理财小金属,OTH,上海华证指数信息服务有限公司,主题指数,20091231,1000.0,20251114
993215.SSI,华夏理财智能驾驶,OTH,上海华证指数信息服务有限公司,主题指数,20181231,1000.0,20251114
993216.SSI,华夏理财悦己经济,OTH,上海华证指数信息服务有限公司,主题指数,20151231,1000.0,20251114
993217.SSI,华夏理财低空经济,OTH,上海华证指数信息服务有限公司,主题指数,20181231,1000.0,20251114
993218.SSI,成长价值策略,OTH,上海华证指数信息服务有限公司,主题指数,20121231,1000.0,20250103
993219.SSI,华夏理财充电桩,OTH,上海华证指数信息服务有限公司,主题指数,20181231,1000.0,20251114
993220.SSI,华夏理财化工精选,OTH,上海华证指数信息服务有限公司,主题指数,20141231,1000.0,20251114
993221.SSI,华夏理财大飞机,OTH,上海华证指数信息服务有限公司,主题指数,20141231,1000.0,20251114
993222.SSI,华夏理财旅游产业,OTH,上海华证指数信息服务有限公司,主题指数,20141231,1000.0,20251114
993223.SSI,华夏理财中药精选,OTH,上海华证指数信息服务有限公司,主题指数,20151231,1000.0,20251114
993233.SSI,长财价值红利50,OTH,上海华证指数信息服务有限公司,主题指数,20041231,1000.0,20241015
993236.SSI,长财龙头成长50,OTH,上海华证指数信息服务有限公司,主题指数,20041231,1000.0,20241015
993241.SSI,港股通价值50策略,OTH,上海华证指数信息服务有限公司,策略指数,20141231,1000.0,20241206
993266.SSI,低空经济产业,OTH,上海华证指数信息服务有限公司,主题指数,20181231,1000.0,20250108
993288.SSI,大模型新质生产力,OTH,上海华证指数信息服务有限公司,策略指数,20161231,1000.0,20250818
993299.SSI,大模型稳健50,OTH,上海华证指数信息服务有限公司,策略指数,20211231,1000.0,20241112
993300.SSI,大模型大盘精选,OTH,上海华证指数信息服务有限公司,策略指数,20211231,1000.0,20241112
993301.SSI,中邮理财陆港红利50,OTH,上海华证指数信息服务有限公司,主题指数,20141231,1000.0,20240130
993302.SSI,中银理财港股通红利30,OTH,上海华证指数信息服务有限公司,主题指数,20141231,1000.0,20250822
993333.SSI,太朴生命科学A50精选,OTH,上海华证指数信息服务有限公司,主题指数,20191231,1000.0,20240411
993339.SSI,太朴创新药A+H,OTH,上海华证指数信息服务有限公司,主题指数,20211231,1000.0,20250815
993399.SSI,太朴创新医械A+H,OTH,上海华证指数信息服务有限公司,主题指数,20191231,1000.0,20251118
993500.SSI,华夏500,OTH,上海华证指数信息服务有限公司,规模指数,20121231,1000.0,20241227
993501.SSI,A股龙头价值50,OTH,上海华证指数信息服务有限公司,策略指数,20101231,1000.0,20241115
993502.SSI,平安理财AI算力,OTH,上海华证指数信息服务有限公司,主题指数,20161231,1000.0,20250826
993503.SSI,安徽科技创新30配置,OTH,上海华证指数信息服务有限公司,主题指数,20191231,1000.0,20250618
993510.SSI,华证恒选小盘价值低波,OTH,上海华证指数信息服务有限公司,策略指数,20111231,1000.0,20250722
993511.SSI,恒选港股通科技成长,OTH,上海华证指数信息服务有限公司,主题指数,20141231,1000.0,20250930
994100.MI,MSCI欧洲(除奥地利),MSCI,MSCI指数,规模指数,19691231,100.0,19940531
994200.MI,MSCI欧洲(除比利时),MSCI,MSCI指数,规模指数,19691231,100.0,19940531
994300.MI,MSCI欧洲(除丹麦),MSCI,MSCI指数,规模指数,19691231,100.0,19940531
994400.MI,MSCI欧洲(除芬兰),MSCI,MSCI指数,规模指数,19871231,100.0,19940531
994500.MI,MSCI欧洲(除法国),MSCI,MSCI指数,规模指数,19691231,100.0,19940531
994600.MI,MSCI欧洲(除德国),MSCI,MSCI指数,规模指数,19691231,100.0,19940531
994700.MI,MSCI欧洲(除意大利),MSCI,MSCI指数,规模指数,19691231,100.0,19940531
994800.MI,MSCI欧洲(除荷兰),MSCI,MSCI指数,规模指数,19691231,100.0,19940531
994900.MI,MSCI欧洲(除挪威),MSCI,MSCI指数,规模指数,19691231,100.0,19940531
995000.MI,MSCI欧洲(除西班牙),MSCI,MSCI指数,规模指数,19691231,100.0,19940531
995001.SSI,华证申毅大盘,OTH,上海华证指数信息服务有限公司,策略指数,20091231,1000.0,20100104
995002.SSI,华证阳光100,OTH,上海华证指数信息服务有限公司,主题指数,20170831,1000.0,20190104
995003.SSI,华证中小盘低波成长,OTH,上海华证指数信息服务有限公司,策略指数,20071231,1000.0,20190301
995005.SSI,华证大盘质量低波,OTH,上海华证指数信息服务有限公司,策略指数,20071231,1000.0,20071228
995006.SSI,华证A股红利,OTH,上海华证指数信息服务有限公司,主题指数,20091231,1000.0,20190430
995007.SSI,陆股通重仓300,OTH,上海华证指数信息服务有限公司,策略指数,20160630,1000.0,20160630
995008.SSI,华证军工,OTH,上海华证指数信息服务有限公司,主题指数,20101231,1000.0,20190701
995009.SSI,华证红利ESG,OTH,上海华证指数信息服务有限公司,主题指数,20091231,1000.0,20191016
995010.SSI,华证大消费,OTH,上海华证指数信息服务有限公司,规模指数,20041231,1000.0,20191022
995011.SSI,华证芯片50,OTH,上海华证指数信息服务有限公司,行业指数,20091231,1000.0,20200220
995012.SSI,华证5G应用,OTH,上海华证指数信息服务有限公司,主题指数,20151231,1000.0,20200619
995013.SSI,新消费,OTH,上海华证指数信息服务有限公司,主题指数,20180629,1000.0,20201020
995015.SSI,A股龙头50,OTH,上海华证指数信息服务有限公司,主题指数,20081231,1000.0,20201020
995016.SSI,A股龙头成长,OTH,上海华证指数信息服务有限公司,风格指数,20041231,1000.0,20201020
995017.SSI,长期竞争力,OTH,上海华证指数信息服务有限公司,主题指数,20091231,1000.0,20210210
995018.SSI,竞争力100,OTH,上海华证指数信息服务有限公司,规模指数,20171231,1000.0,20201028
995019.SSI,数字经济,OTH,上海华证指数信息服务有限公司,主题指数,20091231,1000.0,20201231
995020.SSI,清洁能源,OTH,上海华证指数信息服务有限公司,主题指数,20121231,1000.0,20201231
995021.SSI,互联网与软件,OTH,上海华证指数信息服务有限公司,主题指数,20091231,1000.0,20210115
995022.SSI,生物科技,OTH,上海华证指数信息服务有限公司,主题指数,20131231,1000.0,20210115
995023.SSI,医疗器械,OTH,上海华证指数信息服务有限公司,主题指数,20131231,1000.0,20210115
995024.SSI,大盘成长动量100,OTH,上海华证指数信息服务有限公司,主题指数,20091231,1000.0,20250107
995025.SSI,算力基础设施,OTH,上海华证指数信息服务有限公司,主题指数,20131231,1000.0,20210205
995026.SSI,智能制造,OTH,上海华证指数信息服务有限公司,主题指数,20131231,1000.0,20210205
995027.SSI,医疗美容,OTH,上海华证指数信息服务有限公司,主题指数,20131231,1000.0,20210205
995028.SSI,华证A股龙头精选,OTH,上海华证指数信息服务有限公司,主题指数,20091231,1000.0,20210205
995029.SSI,烟酒产业,OTH,上海华证指数信息服务有限公司,主题指数,20091231,1000.0,20210210
995030.SSI,浙股价值30,OTH,上海华证指数信息服务有限公司,策略指数,20141231,1000.0,20190815
995031.SSI,游戏博彩,OTH,上海华证指数信息服务有限公司,主题指数,20091231,1000.0,20210210
995032.SSI,智能互联,OTH,上海华证指数信息服务有限公司,主题指数,20091231,1000.0,20210210
995033.SSI,稀有金属,OTH,上海华证指数信息服务有限公司,主题指数,20091231,1000.0,20210323
995034.SSI,小盘成长300,OTH,上海华证指数信息服务有限公司,主题指数,20091231,1000.0,20250107
995035.SSI,碳中和,OTH,上海华证指数信息服务有限公司,规模指数,20181228,1000.0,20210430
995036.SSI,碳中和300,OTH,上海华证指数信息服务有限公司,规模指数,20181228,1000.0,20210430
995037.SSI,纺织服装,OTH,上海华证指数信息服务有限公司,规模指数,20091231,1000.0,20210416
995038.SSI,视频直播,OTH,上海华证指数信息服务有限公司,规模指数,20121231,1000.0,20210416
995039.SSI,华证中小盘价值成长,OTH,上海华证指数信息服务有限公司,规模指数,20111230,1000.0,20210422
995040.SSI,基金重仓(数量加权),OTH,上海华证指数信息服务有限公司,主题指数,20041231,1000.0,20241211
995041.SSI,基金重仓(持仓加权),OTH,上海华证指数信息服务有限公司,主题指数,20041231,1000.0,20241211
995042.SSI,大盘基金重仓,OTH,上海华证指数信息服务有限公司,主题指数,20091231,1000.0,20241231
995043.SSI,中盘基金重仓,OTH,上海华证指数信息服务有限公司,主题指数,20091231,1000.0,20241231
995044.SSI,小盘基金重仓,OTH,上海华证指数信息服务有限公司,主题指数,20091231,1000.0,20241231
995045.SSI,A股基金重仓优选,OTH,上海华证指数信息服务有限公司,主题指数,20091231,1000.0,20250117
995046.SSI,大盘基金重仓优选,OTH,上海华证指数信息服务有限公司,主题指数,20091231,1000.0,20250117
995047.SSI,中盘基金重仓优选,OTH,上海华证指数信息服务有限公司,主题指数,20091231,1000.0,20250117
995048.SSI,小盘基金重仓优选,OTH,上海华证指数信息服务有限公司,主题指数,20091231,1000.0,20250117
995049.SSI,华证中小盘智选300,OTH,上海华证指数信息服务有限公司,主题指数,20091231,1000.0,20250116
995050.SSI,AH龙头50,OTH,上海华证指数信息服务有限公司,规模指数,20141231,1000.0,20210618
995051.SSI,新兴50,OTH,上海华证指数信息服务有限公司,规模指数,20210331,1000.0,20210618
995052.SSI,双向持股跟踪,OTH,上海华证指数信息服务有限公司,规模指数,20170630,1000.0,20210618
995053.SSI,财富管理,OTH,上海华证指数信息服务有限公司,主题指数,20181231,1000.0,20210625
995054.SSI,成长趋势100,OTH,上海华证指数信息服务有限公司,主题指数,20111231,1000.0,20250214
995055.SSI,硬科技,OTH,上海华证指数信息服务有限公司,主题指数,20181231,1000.0,20211018
995056.SSI,稳健精选100,OTH,上海华证指数信息服务有限公司,主题指数,20111231,1000.0,20250212
995057.SSI,中盘质量成长50,OTH,上海华证指数信息服务有限公司,策略指数,20091231,1000.0,20250313
995058.SSI,中盘质量动量50,OTH,上海华证指数信息服务有限公司,策略指数,20091231,1000.0,20250306
995060.SSI,高景气,OTH,上海华证指数信息服务有限公司,主题指数,20101231,1000.0,20210812
995061.SSI,华证保险,OTH,上海华证指数信息服务有限公司,主题指数,20161230,1000.0,20210818
995062.SSI,高成长50,OTH,上海华证指数信息服务有限公司,主题指数,20101231,1000.0,20210827
995063.SSI,全球优势制造,OTH,上海华证指数信息服务有限公司,主题指数,20121231,1000.0,20210908
995064.SSI,品质消费,OTH,上海华证指数信息服务有限公司,主题指数,20111231,1000.0,20250307
995065.SSI,宠物经济,OTH,上海华证指数信息服务有限公司,主题指数,20191231,1000.0,20210922
995066.SSI,专精特新,OTH,上海华证指数信息服务有限公司,主题指数,20181231,1000.0,20210927
995067.SSI,价值50,OTH,上海华证指数信息服务有限公司,主题指数,20101231,1000.0,20210930
995068.SSI,氢能源,OTH,上海华证指数信息服务有限公司,主题指数,20181231,1000.0,20211015
995069.SSI,商飞产业,OTH,上海华证指数信息服务有限公司,主题指数,20121231,1000.0,20211103
995070.SSI,医药创新服务,OTH,上海华证指数信息服务有限公司,规模指数,20181231,1000.0,20211105
995071.SSI,绿色电力,OTH,上海华证指数信息服务有限公司,主题指数,20201231,1000.0,20211118
995072.SSI,疫苗产业,OTH,上海华证指数信息服务有限公司,主题指数,20181231,1000.0,20211118
995073.SSI,电力电气低碳,OTH,上海华证指数信息服务有限公司,主题指数,20181228,1000.0,20211108
995075.SSI,A股绿色电力,OTH,上海华证指数信息服务有限公司,主题指数,20201231,1000.0,20211202
995076.SSI,A股疫苗产业,OTH,上海华证指数信息服务有限公司,主题指数,20181231,1000.0,20211202
995077.SSI,影响力50,OTH,上海华证指数信息服务有限公司,规模指数,20101231,1000.0,20211215
995078.SSI,居民医疗服务,OTH,上海华证指数信息服务有限公司,主题指数,20171231,1000.0,20211217
995079.SSI,区域性银行,OTH,上海华证指数信息服务有限公司,主题指数,20181231,1000.0,20211215
995080.SSI,A股区域性银行,OTH,上海华证指数信息服务有限公司,主题指数,20181231,1000.0,20211215
995081.SSI,华证银行红利,OTH,上海华证指数信息服务有限公司,策略指数,20190329,1000.0,20190329
995082.SSI,龙头红利50,OTH,上海华证指数信息服务有限公司,主题指数,20101231,1000.0,20211217
995083.SSI,设备龙头30,OTH,上海华证指数信息服务有限公司,主题指数,20181231,1000.0,20220128
995085.SSI,科学仪器,OTH,上海华证指数信息服务有限公司,主题指数,20201231,1000.0,20220112
995086.SSI,设备龙头,OTH,上海华证指数信息服务有限公司,主题指数,20181231,1000.0,20220128
995087.SSI,职业教育,OTH,上海华证指数信息服务有限公司,规模指数,20181231,1000.0,20211228
995088.SSI,设备主题,OTH,上海华证指数信息服务有限公司,主题指数,20181231,1000.0,20220128
995089.SSI,元宇宙精选,OTH,上海华证指数信息服务有限公司,主题指数,20210515,1000.0,20220208
995090.SSI,元宇宙,OTH,上海华证指数信息服务有限公司,主题指数,20210515,1000.0,20220208
995091.SSI,元宇宙产业,OTH,上海华证指数信息服务有限公司,主题指数,20210515,1000.0,20220208
995092.SSI,沪深港智能驾驶50,OTH,上海华证指数信息服务有限公司,主题指数,20181231,1000.0,20220310
995093.SSI,智能驾驶50,OTH,上海华证指数信息服务有限公司,主题指数,20181231,1000.0,20220310
995095.SSI,外卖速食,OTH,上海华证指数信息服务有限公司,主题指数,20181231,1000.0,20220310
995096.SSI,旅游产业,OTH,上海华证指数信息服务有限公司,主题指数,20121231,1000.0,20220317
995097.SSI,3D打印产业,OTH,上海华证指数信息服务有限公司,主题指数,20181231,1000.0,20220317
995098.SSI,A股内需增长,OTH,上海华证指数信息服务有限公司,主题指数,20121231,1000.0,20220506
995100.MI,MSCI欧洲(除瑞典),MSCI,MSCI指数,规模指数,19691231,100.0,19940531
995101.SSI,华证回报50,OTH,上海华证指数信息服务有限公司,主题指数,20230915,1000.0,20230915
995102.SSI,华证回报100,OTH,上海华证指数信息服务有限公司,主题指数,20191231,1000.0,20230915
995103.SSI,中小盘质量成长,OTH,上海华证指数信息服务有限公司,主题指数,20111230,1000.0,20220401
995105.SSI,A股区域振兴发展,OTH,上海华证指数信息服务有限公司,主题指数,20121231,1000.0,20220506
995106.SSI,化肥农药,OTH,上海华证指数信息服务有限公司,主题指数,20121231,1000.0,20220401
995107.SSI,粮油产业50,OTH,上海华证指数信息服务有限公司,主题指数,20121231,1000.0,20220420
995108.SSI,粮油产业主题,OTH,上海华证指数信息服务有限公司,主题指数,20121231,1000.0,20220420
995109.SSI,A股优势成长50,OTH,上海华证指数信息服务有限公司,主题指数,20120131,1000.0,20220630
995110.SSI,新型建筑建材,OTH,上海华证指数信息服务有限公司,主题指数,20161231,1000.0,20220610
995111.SSI,社区生活服务,OTH,上海华证指数信息服务有限公司,主题指数,20181231,1000.0,20220610
995112.SSI,餐饮服务,OTH,上海华证指数信息服务有限公司,主题指数,20181231,1000.0,20220616
995113.SSI,大消费综合,OTH,上海华证指数信息服务有限公司,主题指数,20111231,1000.0,20250422
995114.SSI,新消费综合,OTH,上海华证指数信息服务有限公司,主题指数,20111231,1000.0,20250422
995115.SSI,A股长期回报优选,OTH,上海华证指数信息服务有限公司,主题指数,20091231,1000.0,20220622
995116.SSI,A股现代化基建,OTH,上海华证指数信息服务有限公司,主题指数,20181231,1000.0,20220729
995117.SSI,现代化基建,OTH,上海华证指数信息服务有限公司,主题指数,20181231,1000.0,20220729
995118.SSI,制造业新星,OTH,上海华证指数信息服务有限公司,策略指数,20121231,1000.0,20220729
995119.SSI,A股能源100,OTH,上海华证指数信息服务有限公司,主题指数,20181231,1000.0,20220812
995120.SSI,能源100,OTH,上海华证指数信息服务有限公司,主题指数,20181231,1000.0,20220812
995121.SSI,A股回购回报,OTH,上海华证指数信息服务有限公司,策略指数,20181231,1000.0,20220826
995122.SSI,回购精选,OTH,上海华证指数信息服务有限公司,主题指数,20181231,1000.0,20220826
995123.SSI,稳健优势100,OTH,上海华证指数信息服务有限公司,主题指数,20121231,1000.0,20240823
995125.SSI,A股地产精选,OTH,上海华证指数信息服务有限公司,主题指数,20141231,1000.0,20220915
995126.SSI,地产精选,OTH,上海华证指数信息服务有限公司,主题指数,20141231,1000.0,20220915
995127.SSI,沪港深红利100,OTH,上海华证指数信息服务有限公司,主题指数,20141231,1000.0,20221021
995128.SSI,沪深港红利50,OTH,上海华证指数信息服务有限公司,主题指数,20141231,1000.0,20221021
995129.SSI,A股生物经济50,OTH,上海华证指数信息服务有限公司,主题指数,20181231,1000.0,20221111
995130.SSI,生物经济50,OTH,上海华证指数信息服务有限公司,主题指数,20181231,1000.0,20221111
995131.SSI,A股生物经济100,OTH,上海华证指数信息服务有限公司,主题指数,20181231,1000.0,20221111
995132.SSI,生物经济100,OTH,上海华证指数信息服务有限公司,主题指数,20181231,1000.0,20221111
995133.SSI,灯塔工厂,OTH,上海华证指数信息服务有限公司,主题指数,20181231,1000.0,20221121
995135.SSI,新兴成长50,OTH,上海华证指数信息服务有限公司,主题指数,20171231,1000.0,20221206
995136.SSI,新兴成长100,OTH,上海华证指数信息服务有限公司,主题指数,20171231,1000.0,20221206
995137.SSI,消费红利100,OTH,上海华证指数信息服务有限公司,主题指数,20141231,1000.0,20221216
995138.SSI,消费红利50,OTH,上海华证指数信息服务有限公司,主题指数,20141231,1000.0,20221216
995139.SSI,资产纾困,OTH,上海华证指数信息服务有限公司,主题指数,20200515,1000.0,20221129
995150.SSI,中小盘新星,OTH,上海华证指数信息服务有限公司,主题指数,20141231,1000.0,20230118
995151.SSI,未来健康,OTH,上海华证指数信息服务有限公司,主题指数,20191231,1000.0,20221226
995152.SSI,基因与细胞治疗,OTH,上海华证指数信息服务有限公司,主题指数,20220515,1000.0,20221226
995153.SSI,蓝色经济,OTH,上海华证指数信息服务有限公司,规模指数,20111230,1000.0,20230206
995155.SSI,可持续蓝色经济,OTH,上海华证指数信息服务有限公司,规模指数,20171231,1000.0,20230206
995156.SSI,可持续蓝色科技,OTH,上海华证指数信息服务有限公司,规模指数,20181231,1000.0,20230206
995157.SSI,A股新星300,OTH,上海华证指数信息服务有限公司,规模指数,20141231,1000.0,20230210
995158.SSI,A股新星100,OTH,上海华证指数信息服务有限公司,规模指数,20141231,1000.0,20230210
995159.SSI,工业软件,OTH,上海华证指数信息服务有限公司,主题指数,20181231,1000.0,20230220
995160.SSI,国企双示范,OTH,上海华证指数信息服务有限公司,主题指数,20181231,1000.0,20230412
995161.SSI,数据要素产业,OTH,上海华证指数信息服务有限公司,主题指数,20191231,1000.0,20230320
995162.SSI,能源电子,OTH,上海华证指数信息服务有限公司,主题指数,20181231,1000.0,20230331
995163.SSI,能源电子50,OTH,上海华证指数信息服务有限公司,主题指数,20181231,1000.0,20230331
995165.SSI,国企价值50,OTH,上海华证指数信息服务有限公司,主题指数,20181231,1000.0,20230428
995166.SSI,国企专精特新,OTH,上海华证指数信息服务有限公司,主题指数,20181231,1000.0,20230428
995167.SSI,智能机器人,OTH,上海华证指数信息服务有限公司,主题指数,20191231,1000.0,20230421
995169.SSI,数字文化,OTH,上海华证指数信息服务有限公司,主题指数,20181231,1000.0,20230516
995170.SSI,央企龙头50,OTH,上海华证指数信息服务有限公司,主题指数,20171231,1000.0,20230516
995171.SSI,A股算力基础设施,OTH,上海华证指数信息服务有限公司,主题指数,20151231,1000.0,20230516
995172.SSI,船舶制造,OTH,上海华证指数信息服务有限公司,主题指数,20201231,1000.0,20230620
995173.SSI,种业振兴,OTH,上海华证指数信息服务有限公司,策略指数,20191231,1000.0,20230811
995176.SSI,股权激励50,OTH,上海华证指数信息服务有限公司,主题指数,20161231,1000.0,20230811
995177.SSI,A股AIGC,OTH,上海华证指数信息服务有限公司,策略指数,20210515,1000.0,20230815
995178.SSI,AIGC,OTH,上海华证指数信息服务有限公司,策略指数,20210515,1000.0,20230815
995180.SSI,GARP50,OTH,上海华证指数信息服务有限公司,策略指数,20131231,1000.0,20230815
995181.SSI,经典价值,OTH,上海华证指数信息服务有限公司,策略指数,20131231,1000.0,20231113
995182.SSI,深度价值,OTH,上海华证指数信息服务有限公司,策略指数,20131231,1000.0,20231113
995183.SSI,周期反转,OTH,上海华证指数信息服务有限公司,策略指数,20131231,1000.0,20250905
995200.MI,MSCI欧洲(除瑞士),MSCI,MSCI指数,规模指数,19691231,100.0,19980430
995201.SSI,A股通用人工智能,OTH,上海华证指数信息服务有限公司,主题指数,20181231,1000.0,20230815
995202.SSI,通用人工智能,OTH,上海华证指数信息服务有限公司,主题指数,20181231,1000.0,20230815
995203.SSI,港股通高股息50,OTH,上海华证指数信息服务有限公司,主题指数,20141231,1000.0,20230915
995205.SSI,港股通高股息100,OTH,上海华证指数信息服务有限公司,主题指数,20141231,1000.0,20230915
995206.SSI,沪深港汽车制造,OTH,上海华证指数信息服务有限公司,主题指数,20131231,1000.0,20240116
995207.SSI,充电桩,OTH,上海华证指数信息服务有限公司,主题指数,20201231,1000.0,20240116
995208.SSI,商业航天,OTH,上海华证指数信息服务有限公司,主题指数,20151231,1000.0,20240123
995209.SSI,价值100,OTH,上海华证指数信息服务有限公司,策略指数,20101231,1000.0,20240226
995210.SSI,新质生产力,OTH,上海华证指数信息服务有限公司,主题指数,20181231,1000.0,20240327
995211.SSI,A股红利优选50,OTH,上海华证指数信息服务有限公司,主题指数,20121231,1000.0,20240401
995212.SSI,A股长期红利,OTH,上海华证指数信息服务有限公司,主题指数,20121231,1000.0,20240403
995213.SSI,沪深港低空经济,OTH,上海华证指数信息服务有限公司,主题指数,20181231,1000.0,20240411
995215.SSI,A股股东回报50,OTH,上海华证指数信息服务有限公司,主题指数,20191231,1000.0,20240510
995216.SSI,A股股东回报100,OTH,上海华证指数信息服务有限公司,主题指数,20191231,1000.0,20240510
995217.SSI,出海50,OTH,上海华证指数信息服务有限公司,主题指数,20161231,1000.0,20240620
995218.SSI,现金流100,OTH,上海华证指数信息服务有限公司,策略指数,20101231,1000.0,20240627
995219.SSI,A股红利增长,OTH,上海华证指数信息服务有限公司,主题指数,20151231,1000.0,20240712
995220.SSI,战略新兴成长50,OTH,上海华证指数信息服务有限公司,主题指数,20181231,1000.0,20240715
995221.SSI,华证央企,OTH,上海华证指数信息服务有限公司,主题指数,20100101,1000.0,20240905
995222.SSI,华证国企,OTH,上海华证指数信息服务有限公司,主题指数,20100101,1000.0,20240905
995231.SSI,A股低波红利50,OTH,上海华证指数信息服务有限公司,策略指数,20101231,1000.0,20240920
995232.SSI,A股成长先锋50,OTH,上海华证指数信息服务有限公司,策略指数,20121231,1000.0,20241017
995233.SSI,价值盈利50,OTH,上海华证指数信息服务有限公司,策略指数,20091231,1000.0,20241025
995235.SSI,华证中小盘价值低波,OTH,上海华证指数信息服务有限公司,策略指数,20111231,1000.0,20241115
995236.SSI,央企价值发现50,OTH,上海华证指数信息服务有限公司,策略指数,20161231,1000.0,20241209
995237.SSI,华证微盘价值低波,OTH,上海华证指数信息服务有限公司,策略指数,20111231,1000.0,20250806
995239.SSI,现金流精选50,OTH,上海华证指数信息服务有限公司,策略指数,20121231,1000.0,20250110
995240.SSI,大盘现金流50,OTH,上海华证指数信息服务有限公司,策略指数,20121231,1000.0,20250110
995241.SSI,小盘现金流100,OTH,上海华证指数信息服务有限公司,策略指数,20121231,1000.0,20250110
995242.SSI,华证红利100,OTH,上海华证指数信息服务有限公司,策略指数,20131231,1000.0,20250307
995245.SSI,大盘质量低波,OTH,上海华证指数信息服务有限公司,策略指数,20091231,1000.0,20250331
995246.SSI,大中盘质量成长低波,OTH,上海华证指数信息服务有限公司,策略指数,20091231,1000.0,20250331
995247.SSI,沪深港现金流精选,OTH,上海华证指数信息服务有限公司,策略指数,20141231,1000.0,20250407
995248.SSI,港股通现金流精选,OTH,上海华证指数信息服务有限公司,主题指数,20141231,1000.0,20250507
995249.SSI,现金流增长,OTH,上海华证指数信息服务有限公司,策略指数,20121231,1000.0,20250616
995250.SSI,港股通价值精选,OTH,上海华证指数信息服务有限公司,主题指数,20141231,1000.0,20251107
995365.SSI,AI大模型,OTH,上海华证指数信息服务有限公司,主题指数,20201231,1000.0,20250402
995366.SSI,沪深港AI大模型,OTH,上海华证指数信息服务有限公司,主题指数,20201231,1000.0,20250402
995367.SSI,AI云计算,OTH,上海华证指数信息服务有限公司,主题指数,20201231,1000.0,20250402
995369.SSI,智能终端,OTH,上海华证指数信息服务有限公司,主题指数,20201231,1000.0,20250516
995501.SSI,华证金融,OTH,上海华证指数信息服务有限公司,行业指数,20111231,1000.0,20230113
995502.SSI,华证房地产,OTH,上海华证指数信息服务有限公司,行业指数,20111231,1000.0,20230113
995503.SSI,华证信息技术,OTH,上海华证指数信息服务有限公司,行业指数,20111231,1000.0,20230113
995504.SSI,华证工业,OTH,上海华证指数信息服务有限公司,行业指数,20111231,1000.0,20230113
995505.SSI,华证可选消费,OTH,上海华证指数信息服务有限公司,行业指数,20111231,1000.0,20230113
995506.SSI,华证原材料,OTH,上海华证指数信息服务有限公司,行业指数,20111231,1000.0,20230113
995507.SSI,华证公用事业,OTH,上海华证指数信息服务有限公司,行业指数,20111231,1000.0,20230113
995508.SSI,华证医药医疗,OTH,上海华证指数信息服务有限公司,行业指数,20111231,1000.0,20230113
995509.SSI,华证能源,OTH,上海华证指数信息服务有限公司,行业指数,20111231,1000.0,20230113
995510.SSI,华证通信服务,OTH,上海华证指数信息服务有限公司,行业指数,20111231,1000.0,20230113
995511.SSI,华证主要消费,OTH,上海华证指数信息服务有限公司,行业指数,20111231,1000.0,20230113
995512.SSI,华证银行,OTH,上海华证指数信息服务有限公司,行业指数,20111231,1000.0,20230113
995513.SSI,华证计算机,OTH,上海华证指数信息服务有限公司,行业指数,20111231,1000.0,20230113
995514.SSI,华证环保,OTH,上海华证指数信息服务有限公司,行业指数,20111231,1000.0,20230113
995515.SSI,华证汽车与汽车零部件,OTH,上海华证指数信息服务有限公司,行业指数,20111231,1000.0,20230113
995516.SSI,华证机械制造,OTH,上海华证指数信息服务有限公司,行业指数,20111231,1000.0,20230113
995517.SSI,华证建筑装饰,OTH,上海华证指数信息服务有限公司,行业指数,20111231,1000.0,20230113
995518.SSI,华证非金属材料,OTH,上海华证指数信息服务有限公司,行业指数,20111231,1000.0,20230113
995519.SSI,华证耐用消费品,OTH,上海华证指数信息服务有限公司,行业指数,20111231,1000.0,20230113
995520.SSI,华证纺织服装与珠宝,OTH,上海华证指数信息服务有限公司,行业指数,20111231,1000.0,20230113
995521.SSI,华证商业服务与用品,OTH,上海华证指数信息服务有限公司,行业指数,20111231,1000.0,20230113
995522.SSI,华证电子,OTH,上海华证指数信息服务有限公司,行业指数,20111231,1000.0,20230113
995523.SSI,华证电力电网,OTH,上海华证指数信息服务有限公司,行业指数,20111231,1000.0,20230113
995524.SSI,华证医疗,OTH,上海华证指数信息服务有限公司,行业指数,20111231,1000.0,20230113
995525.SSI,华证交通运输,OTH,上海华证指数信息服务有限公司,行业指数,20111231,1000.0,20230113
995526.SSI,华证有色金属,OTH,上海华证指数信息服务有限公司,行业指数,20111231,1000.0,20230113
995527.SSI,华证通信设备,OTH,上海华证指数信息服务有限公司,行业指数,20111231,1000.0,20230113
995528.SSI,华证医药,OTH,上海华证指数信息服务有限公司,行业指数,20111231,1000.0,20230113
995529.SSI,华证通讯传媒,OTH,上海华证指数信息服务有限公司,行业指数,20111231,1000.0,20230113
995530.SSI,华证非银金融,OTH,上海华证指数信息服务有限公司,行业指数,20111231,1000.0,20230113
995531.SSI,华证化工,OTH,上海华证指数信息服务有限公司,行业指数,20111231,1000.0,20230113
995532.SSI,华证电力设备,OTH,上海华证指数信息服务有限公司,行业指数,20111231,1000.0,20230113
995533.SSI,华证市政设施,OTH,上海华证指数信息服务有限公司,行业指数,20111231,1000.0,20230113
995534.SSI,华证主要用品零售,OTH,上海华证指数信息服务有限公司,行业指数,20111231,1000.0,20230113
995535.SSI,华证零售业,OTH,上海华证指数信息服务有限公司,行业指数,20111231,1000.0,20230113
995536.SSI,华证消费者服务,OTH,上海华证指数信息服务有限公司,行业指数,20111231,1000.0,20230113
995537.SSI,华证造纸与包装,OTH,上海华证指数信息服务有限公司,行业指数,20111231,1000.0,20230113
995538.SSI,华证食品饮料,OTH,上海华证指数信息服务有限公司,行业指数,20111231,1000.0,20230113
995539.SSI,华证航空航天与国防,OTH,上海华证指数信息服务有限公司,行业指数,20111231,1000.0,20230113
995540.SSI,华证家庭与个人用品,OTH,上海华证指数信息服务有限公司,行业指数,20111231,1000.0,20230113
995541.SSI,华证钢铁,OTH,上海华证指数信息服务有限公司,行业指数,20111231,1000.0,20230113
995542.SSI,华证电信服务,OTH,上海华证指数信息服务有限公司,行业指数,20111231,1000.0,20230113
996200.MI,MSCI发达市场(除澳),MSCI,MSCI指数,规模指数,19691231,100.0,19691231
997200.SSI,乡村振兴,OTH,上海华证指数信息服务有限公司,主题指数,20171229,1000.0,20220720
997201.SSI,乡村振兴ESG领先,OTH,上海华证指数信息服务有限公司,主题指数,20171229,1000.0,20220720
997202.SSI,绿色制造,OTH,上海华证指数信息服务有限公司,主题指数,20181207,1000.0,20220812
997203.SSI,专精特新绿色制造,OTH,上海华证指数信息服务有限公司,主题指数,20190610,1000.0,20220812
997204.SSI,储能主题,OTH,上海华证指数信息服务有限公司,主题指数,20181231,1000.0,20221103
997205.SSI,新型电力系统50,OTH,上海华证指数信息服务有限公司,主题指数,20181231,1000.0,20230118
997206.SSI,新型电力系统,OTH,上海华证指数信息服务有限公司,主题指数,20181231,1000.0,20230118
997207.SSI,能效领先,OTH,上海华证指数信息服务有限公司,策略指数,20200831,1000.0,20230808
997208.SSI,A股净零,OTH,上海华证指数信息服务有限公司,策略指数,20220531,1000.0,20230808
997209.SSI,港股通净零,OTH,上海华证指数信息服务有限公司,策略指数,20220531,1000.0,20230808
997210.SSI,绿色算力,OTH,上海华证指数信息服务有限公司,策略指数,20200831,1000.0,20230823
997501.SSI,龙头ESG100,OTH,上海华证指数信息服务有限公司,主题指数,20101231,1000.0,20230505
997502.SSI,陆港龙头ESG100,OTH,上海华证指数信息服务有限公司,主题指数,20190909,1000.0,20230505
997503.SSI,港股通龙头ESG50(CNY),OTH,上海华证指数信息服务有限公司,主题指数,20190909,1000.0,20230505
997505.SSI,国企社会责任100,OTH,上海华证指数信息服务有限公司,主题指数,20181231,1000.0,20230612
997506.SSI,新型电力系统ESG领先,OTH,上海华证指数信息服务有限公司,主题指数,20181231,1000.0,20230118
997512.SSI,科创创业ESG领先,OTH,上海华证指数信息服务有限公司,主题指数,20190905,1000.0,20221024
997513.SSI,主要消费ESG领先,OTH,上海华证指数信息服务有限公司,行业指数,20111230,1000.0,20230428
997514.SSI,信息技术ESG领先,OTH,上海华证指数信息服务有限公司,行业指数,20111230,1000.0,20230428
997515.SSI,公用事业ESG领先,OTH,上海华证指数信息服务有限公司,行业指数,20111230,1000.0,20230428
997516.SSI,医药医疗ESG领先,OTH,上海华证指数信息服务有限公司,行业指数,20111230,1000.0,20230428
997517.SSI,原材料ESG领先,OTH,上海华证指数信息服务有限公司,行业指数,20111230,1000.0,20230428
997518.SSI,可选消费ESG领先,OTH,上海华证指数信息服务有限公司,行业指数,20111230,1000.0,20230428
997519.SSI,工业ESG领先,OTH,上海华证指数信息服务有限公司,行业指数,20111230,1000.0,20230428
997520.SSI,房地产ESG领先,OTH,上海华证指数信息服务有限公司,行业指数,20111230,1000.0,20230428
997521.SSI,能源ESG领先,OTH,上海华证指数信息服务有限公司,行业指数,20111230,1000.0,20230428
997522.SSI,通信服务ESG领先,OTH,上海华证指数信息服务有限公司,行业指数,20111230,1000.0,20230428
997523.SSI,金融ESG领先,OTH,上海华证指数信息服务有限公司,行业指数,20111230,1000.0,20230428
997555.SSI,国家安全100,OTH,上海华证指数信息服务有限公司,主题指数,20181231,1000.0,20230612
997556.SSI,国企国家安全50,OTH,上海华证指数信息服务有限公司,主题指数,20181231,1000.0,20230612
997557.SSI,大盘ESG领先,OTH,上海华证指数信息服务有限公司,主题指数,20111230,1000.0,20230915
997558.SSI,中盘ESG领先,OTH,上海华证指数信息服务有限公司,主题指数,20111230,1000.0,20230915
997559.SSI,小盘ESG领先,OTH,上海华证指数信息服务有限公司,主题指数,20111230,1000.0,20230915
997560.SSI,中小盘ESG领先,OTH,上海华证指数信息服务有限公司,主题指数,20111230,1000.0,20230915
997601.SSI,大盘ESG优选,OTH,上海华证指数信息服务有限公司,主题指数,20111230,1000.0,20231020
997602.SSI,中盘ESG优选,OTH,上海华证指数信息服务有限公司,主题指数,20111230,1000.0,20231020
997603.SSI,小盘ESG优选,OTH,上海华证指数信息服务有限公司,主题指数,20111230,1000.0,20231020
997604.SSI,中小盘ESG优选,OTH,上海华证指数信息服务有限公司,主题指数,20111230,1000.0,20231020
997606.SSI,新型电力系统ESG优选,OTH,上海华证指数信息服务有限公司,主题指数,20181231,1000.0,20230118
997612.SSI,科创创业ESG优选,OTH,上海华证指数信息服务有限公司,主题指数,20190905,1000.0,20221024
997701.SSI,大盘ESG精选,OTH,上海华证指数信息服务有限公司,主题指数,20111230,1000.0,20231101
997702.SSI,中盘ESG精选,OTH,上海华证指数信息服务有限公司,主题指数,20111230,1000.0,20231101
997703.SSI,小盘ESG精选,OTH,上海华证指数信息服务有限公司,主题指数,20111230,1000.0,20231101
997704.SSI,中小盘ESG精选,OTH,上海华证指数信息服务有限公司,主题指数,20111230,1000.0,20231101
997705.SSI,A指ESG,OTH,上海华证指数信息服务有限公司,主题指数,20111230,1000.0,20231117
997706.SSI,新型电力系统ESG精选,OTH,上海华证指数信息服务有限公司,主题指数,20181231,1000.0,20230118
997707.SSI,A指ESG领先,OTH,上海华证指数信息服务有限公司,主题指数,20111230,1000.0,20231117
997708.SSI,A指ESG优选,OTH,上海华证指数信息服务有限公司,主题指数,20111230,1000.0,20231117
997709.SSI,A指ESG精选,OTH,上海华证指数信息服务有限公司,主题指数,20111230,1000.0,20231117
997710.SSI,A指碳中和精选,OTH,上海华证指数信息服务有限公司,主题指数,20181231,1000.0,20231228
997711.SSI,大盘碳中和精选,OTH,上海华证指数信息服务有限公司,主题指数,20181231,1000.0,20231228
997712.SSI,中盘碳中和精选,OTH,上海华证指数信息服务有限公司,主题指数,20181231,1000.0,20231228
997713.SSI,小盘碳中和精选,OTH,上海华证指数信息服务有限公司,主题指数,20181231,1000.0,20231228
998001.SSI,科技创新1000,OTH,上海华证指数信息服务有限公司,主题指数,20181231,1000.0,20230801
998100.MI,MSCI新加坡,MSCI,MSCI指数,规模指数,19691231,100.0,19721229
999001.SSI,华证A指大盘,OTH,上海华证指数信息服务有限公司,规模指数,19961231,1000.0,20190612
999002.SSI,华证A指中盘,OTH,上海华证指数信息服务有限公司,规模指数,19961231,1000.0,20190612
999003.SSI,华证A指小盘,OTH,上海华证指数信息服务有限公司,规模指数,19961231,1000.0,20190612
999004.SSI,华证A指微盘,OTH,上海华证指数信息服务有限公司,规模指数,19961231,1000.0,20190612
999005.SSI,华证A指,OTH,上海华证指数信息服务有限公司,规模指数,19961231,1000.0,20190612
999006.SSI,华证全指,OTH,上海华证指数信息服务有限公司,主题指数,20031231,1000.0,20230915
999007.SSI,华证大盘,OTH,上海华证指数信息服务有限公司,规模指数,20031231,1000.0,20240905
999008.SSI,华证中盘,OTH,上海华证指数信息服务有限公司,规模指数,20031231,1000.0,20240709
999009.SSI,华证小盘,OTH,上海华证指数信息服务有限公司,规模指数,20031231,1000.0,20240905
999010.SSI,华证微盘,OTH,上海华证指数信息服务有限公司,规模指数,20031231,1000.0,20240905
999012.SSI,中小盘200,OTH,上海华证指数信息服务有限公司,主题指数,20121231,1000.0,20221212
999013.SSI,华证港股通综合,OTH,上海华证指数信息服务有限公司,主题指数,20141231,1000.0,20240905
999014.SSI,沪深港500,OTH,上海华证指数信息服务有限公司,主题指数,20141231,1000.0,20240905
999015.SSI,微盘500,OTH,上海华证指数信息服务有限公司,主题指数,20121231,1000.0,20221212
999016.SSI,中小盘600,OTH,上海华证指数信息服务有限公司,主题指数,20121231,1000.0,20221212
999017.SSI,华证大中盘,OTH,上海华证指数信息服务有限公司,规模指数,20031231,1000.0,20241216
999023.SSI,中小盘成长100,OTH,上海华证指数信息服务有限公司,主题指数,20121231,1000.0,20230606
999024.SSI,华证中小盘,OTH,上海华证指数信息服务有限公司,规模指数,20031231,1000.0,20241216
999025.SSI,中小盘价值100,OTH,上海华证指数信息服务有限公司,规模指数,20121231,1000.0,20230310
999026.SSI,中小盘成长,OTH,上海华证指数信息服务有限公司,主题指数,20121231,1000.0,20230606
999027.SSI,中小盘价值,OTH,上海华证指数信息服务有限公司,规模指数,20121231,1000.0,20230310
999031.SSI,制造产业,OTH,上海华证指数信息服务有限公司,行业指数,20111231,1000.0,20250127
999032.SSI,周期产业,OTH,上海华证指数信息服务有限公司,行业指数,20111231,1000.0,20250127
999033.SSI,大金融产业,OTH,上海华证指数信息服务有限公司,行业指数,20111231,1000.0,20250127
999034.SSI,TMT产业,OTH,上海华证指数信息服务有限公司,行业指数,20111231,1000.0,20250127
999035.SSI,消费产业,OTH,上海华证指数信息服务有限公司,行业指数,20111231,1000.0,20250127
999036.SSI,医疗健康产业,OTH,上海华证指数信息服务有限公司,行业指数,20111231,1000.0,20250127
999037.SSI,基础设施产业,OTH,上海华证指数信息服务有限公司,行业指数,20111231,1000.0,20250127
999050.SSI,超大盘50,OTH,上海华证指数信息服务有限公司,主题指数,20041231,1000.0,20200605
999058.SSI,华证领航,OTH,上海华证指数信息服务有限公司,策略指数,20111231,1000.0,20250402
999059.SSI,中盘领航,OTH,上海华证指数信息服务有限公司,策略指数,20111231,1000.0,20250402
999060.SSI,小盘领航,OTH,上海华证指数信息服务有限公司,策略指数,20111231,1000.0,20250402
999100.MI,MSCI欧洲(除爱尔兰),MSCI,MSCI指数,规模指数,19930430,100.0,19930430
999102.SSI,华证ESG领先,OTH,上海华证指数信息服务有限公司,主题指数,20101231,1000.0,20200609
999103.SSI,大盘ESG,OTH,上海华证指数信息服务有限公司,主题指数,20090306,1000.0,20220420
999104.SSI,华证ESG400,OTH,上海华证指数信息服务有限公司,主题指数,20111231,1000.0,20250606
999105.SSI,影响力,OTH,上海华证指数信息服务有限公司,主题指数,20101231,1000.0,20220331
999106.SSI,共同富裕,OTH,上海华证指数信息服务有限公司,主题指数,20111230,1000.0,20220331
999107.SSI,社会公益,OTH,上海华证指数信息服务有限公司,主题指数,20111230,1000.0,20220331
999108.SSI,气候投融资,OTH,上海华证指数信息服务有限公司,主题指数,20181231,1000.0,20210628
999109.SSI,中盘ESG,OTH,上海华证指数信息服务有限公司,主题指数,20090306,1000.0,20220420
999110.SSI,小盘ESG,OTH,上海华证指数信息服务有限公司,主题指数,20090306,1000.0,20220420
999111.SSI,中小盘ESG,OTH,上海华证指数信息服务有限公司,主题指数,20090306,1000.0,20220420
999112.SSI,科创创业ESG,OTH,上海华证指数信息服务有限公司,主题指数,20190905,1000.0,20221024
999902.MI,MSCI欧洲&中东新兴市场,MSCI,MSCI指数,规模指数,19871231,100.0,19940531
A.NH,南华连大豆指数,NH,南华期货股份有限公司,收益率指数,,,
A1SGI.SPI,道琼斯北美综合可持续发展,OTH,标准普尔公司,主题指数,19981231,100.0,19981231
AASGI.SPI,道琼斯美国综合可持续发展,OTH,标准普尔公司,主题指数,19981231,100.0,20050923
ACGCHI.FI,FTSE Greater China All Cap,OTH,FTSE,其他,20021231,200.0,19700101
AG.NH,南华沪银指数,NH,南华期货股份有限公司,收益率指数,,,
AITCNYG.CNI,中华陆股通行业龙头R,CNI,中华证券交易服务有限公司,行业指数,20111230,2000.0,20181228
AL.NH,南华沪铝指数,NH,南华期货股份有限公司,收益率指数,,,
AO.NH,南华氧化铝指数,NH,南华期货股份有限公司,收益率指数,,,
AP.NH,南华郑苹果指数,NH,南华期货股份有限公司,收益率指数,,,
AU.NH,南华沪黄金指数,NH,南华期货股份有限公司,收益率指数,,,
AWGCHI.FI,FTSE All-World Greater China,OTH,FTSE,其他,19861231,100.0,19700101
B.NH,南华豆二指数,NH,南华期货股份有限公司,收益率指数,,,
BB.NH,南华连胶合板指数,NH,南华期货股份有限公司,收益率指数,,,
BC.NH,南华国际铜指数,NH,南华期货股份有限公司,收益率指数,,,
BNRCNYG.CNI,中华一带一路R,CNI,中华证券交易服务有限公司,行业指数,20121231,1000.0,20180403
BR.NH,南华合成橡胶指数,NH,南华期货股份有限公司,收益率指数,,,
BU.NH,南华沪石油沥青指数,NH,南华期货股份有限公司,收益率指数,,,
C.NH,南华连玉米指数,NH,南华期货股份有限公司,收益率指数,,,
CAELSI.DCI,对冲网中国股票多空仓,OTH,对冲网,策略指数,20091231,1000.0,20091231
CBM00101.CS,中债-股债恒定组合5/95(全收益)指数,OTH,中央国债登记结算有限责任公司,其他,20091231,1000.0,20230117
CBM00102.CS,中债-股债恒定组合5/95(价格收益)指数,OTH,中央国债登记结算有限责任公司,其他,20091231,1000.0,20230117
CBM00103.CS,中债-股债恒定组合5/95(混合收益)指数,OTH,中央国债登记结算有限责任公司,其他,20091231,1000.0,20230117
CBM00201.CS,中债-股债恒定组合10/90(全收益)指数,OTH,中央国债登记结算有限责任公司,其他,20091231,1000.0,20230117
CBM00202.CS,中债-股债恒定组合10/90(价格收益)指数,OTH,中央国债登记结算有限责任公司,其他,20091231,1000.0,20230117
CBM00203.CS,中债-股债恒定组合10/90(混合收益)指数,OTH,中央国债登记结算有限责任公司,其他,20091231,1000.0,20230117
CBM00301.CS,中债-股债恒定组合20/80(全收益)指数,OTH,中央国债登记结算有限责任公司,其他,20091231,1000.0,20230117
CBM00302.CS,中债-股债恒定组合20/80(价格收益)指数,OTH,中央国债登记结算有限责任公司,其他,20091231,1000.0,20230117
CBM00303.CS,中债-股债恒定组合20/80(混合收益)指数,OTH,中央国债登记结算有限责任公司,其他,20091231,1000.0,20230117
CBM00401.CS,中债-黄金保值债券风险平价(全收益)指数,OTH,中央国债登记结算有限责任公司,其他,20151231,1000.0,20250113
CBM00402.CS,中债-黄金保值债券风险平价(价格收益)指数,OTH,中央国债登记结算有限责任公司,其他,20151231,1000.0,20250113
CBM00403.CS,中债-黄金保值债券风险平价(混合收益)指数,OTH,中央国债登记结算有限责任公司,其他,20151231,1000.0,20250113
CBM00701.CS,中债-利差驱动股债稳健(全收益)指数,OTH,中央国债登记结算有限责任公司,其他,20141231,1000.0,20231218
CBM00702.CS,中债-利差驱动股债稳健(价格收益)指数,OTH,中央国债登记结算有限责任公司,其他,20141231,1000.0,20231218
CBM00703.CS,中债-利差驱动股债稳健(混合收益)指数,OTH,中央国债登记结算有限责任公司,其他,20141231,1000.0,20231218
CBM01101.CS,中债-浦发银行绿色低碳股债优选(全收益)指数,OTH,中央国债登记结算有限责任公司,其他,20190628,1000.0,20250613
CBM01102.CS,中债-浦发银行绿色低碳股债优选(价格收益)指数,OTH,中央国债登记结算有限责任公司,其他,20190628,1000.0,20250613
CBM01103.CS,中债-浦发银行绿色低碳股债优选(混合收益)指数,OTH,中央国债登记结算有限责任公司,其他,20190628,1000.0,20250613
CBM01201.CS,中债-红利自由现金流低波股债恒定比例5/95(全收益)指数,OTH,中央国债登记结算有限责任公司,其他,20151231,1000.0,20250725
CBM01202.CS,中债-红利自由现金流低波股债恒定比例5/95(价格收益)指数,OTH,中央国债登记结算有限责任公司,其他,20151231,1000.0,20250725
CBM01203.CS,中债-红利自由现金流低波股债恒定比例5/95(混合收益)指数,OTH,中央国债登记结算有限责任公司,其他,20151231,1000.0,20250725
CBM01301.CS,中债-红利自由现金流低波股债恒定比例10/90(全收益)指数,OTH,中央国债登记结算有限责任公司,其他,20151231,1000.0,20250725
CBM01302.CS,中债-红利自由现金流低波股债恒定比例10/90(价格收益)指数,OTH,中央国债登记结算有限责任公司,其他,20151231,1000.0,20250725
CBM01303.CS,中债-红利自由现金流低波股债恒定比例10/90(混合收益)指数,OTH,中央国债登记结算有限责任公司,其他,20151231,1000.0,20250725
CBM01401.CS,中债-红利自由现金流低波股债恒定比例15/85(全收益)指数,OTH,中央国债登记结算有限责任公司,其他,20151231,1000.0,20250725
CBM01402.CS,中债-红利自由现金流低波股债恒定比例15/85(价格收益)指数,OTH,中央国债登记结算有限责任公司,其他,20151231,1000.0,20250725
CBM01403.CS,中债-红利自由现金流低波股债恒定比例15/85(混合收益)指数,OTH,中央国债登记结算有限责任公司,其他,20151231,1000.0,20250725
CBM01501.CS,中债-红利自由现金流低波股债恒定比例20/80(全收益)指数,OTH,中央国债登记结算有限责任公司,其他,20151231,1000.0,20250725
CBM01502.CS,中债-红利自由现金流低波股债恒定比例20/80(价格收益)指数,OTH,中央国债登记结算有限责任公司,其他,20151231,1000.0,20250725
CBM01503.CS,中债-红利自由现金流低波股债恒定比例20/80(混合收益)指数,OTH,中央国债登记结算有限责任公司,其他,20151231,1000.0,20250725
CBM01601.CS,中债-红利自由现金流低波股债恒定比例25/75(全收益)指数,OTH,中央国债登记结算有限责任公司,其他,20151231,1000.0,20250725
CBM01602.CS,中债-红利自由现金流低波股债恒定比例25/75(价格收益)指数,OTH,中央国债登记结算有限责任公司,其他,20151231,1000.0,20250725
CBM01603.CS,中债-红利自由现金流低波股债恒定比例25/75(混合收益)指数,OTH,中央国债登记结算有限责任公司,其他,20151231,1000.0,20250725
CBM01701.CS,中债-红利自由现金流低波股债恒定比例30/70(全收益)指数,OTH,中央国债登记结算有限责任公司,其他,20151231,1000.0,20250725
CBM01702.CS,中债-红利自由现金流低波股债恒定比例30/70(价格收益)指数,OTH,中央国债登记结算有限责任公司,其他,20151231,1000.0,20250725
CBM01703.CS,中债-红利自由现金流低波股债恒定比例30/70(混合收益)指数,OTH,中央国债登记结算有限责任公司,其他,20151231,1000.0,20250725
CBM01801.CS,中债-红利自由现金流低波股债金恒定比例(全收益)指数,OTH,中央国债登记结算有限责任公司,其他,20151231,1000.0,20250725
CBM01802.CS,中债-红利自由现金流低波股债金恒定比例(价格收益)指数,OTH,中央国债登记结算有限责任公司,其他,20151231,1000.0,20250725
CBM01803.CS,中债-红利自由现金流低波股债金恒定比例(混合收益)指数,OTH,中央国债登记结算有限责任公司,其他,20151231,1000.0,20250725
CBM01901.CS,中债-红利自由现金流低波股债金恒定比例10/85/5(全收益)指数,OTH,中央国债登记结算有限责任公司,其他,20151231,1000.0,20251105
CBM01902.CS,中债-红利自由现金流低波股债金恒定比例10/85/5(价格收益)指数,OTH,中央国债登记结算有限责任公司,其他,20151231,1000.0,20251105
CBM01903.CS,中债-红利自由现金流低波股债金恒定比例10/85/5(混合收益)指数,OTH,中央国债登记结算有限责任公司,其他,20151231,1000.0,20251105
CBM02001.CS,中债-红利现金流0-10年股债5/95(全收益)指数,OTH,中央国债登记结算有限责任公司,其他,20151231,1000.0,20251016
CBM02002.CS,中债-红利现金流0-10年股债5/95(价格收益)指数,OTH,中央国债登记结算有限责任公司,其他,20151231,1000.0,20251016
CBM02003.CS,中债-红利现金流0-10年股债5/95(混合收益)指数,OTH,中央国债登记结算有限责任公司,其他,20151231,1000.0,20251016
CBM02101.CS,中债-红利现金流0-10年股债10/90(全收益)指数,OTH,中央国债登记结算有限责任公司,其他,20151231,1000.0,20251016
CBM02102.CS,中债-红利现金流0-10年股债10/90(价格收益)指数,OTH,中央国债登记结算有限责任公司,其他,20151231,1000.0,20251016
CBM02103.CS,中债-红利现金流0-10年股债10/90(混合收益)指数,OTH,中央国债登记结算有限责任公司,其他,20151231,1000.0,20251016
CBM02201.CS,中债-红利现金流0-10年股债15/85(全收益)指数,OTH,中央国债登记结算有限责任公司,其他,20151231,1000.0,20251016
CBM02202.CS,中债-红利现金流0-10年股债15/85(价格收益)指数,OTH,中央国债登记结算有限责任公司,其他,20151231,1000.0,20251016
CBM02203.CS,中债-红利现金流0-10年股债15/85(混合收益)指数,OTH,中央国债登记结算有限责任公司,其他,20151231,1000.0,20251016
CBM02301.CS,中债-红利现金流0-10年股债20/80(全收益)指数,OTH,中央国债登记结算有限责任公司,其他,20151231,1000.0,20251016
CBM02302.CS,中债-红利现金流0-10年股债20/80(价格收益)指数,OTH,中央国债登记结算有限责任公司,其他,20151231,1000.0,20251016
CBM02303.CS,中债-红利现金流0-10年股债20/80(混合收益)指数,OTH,中央国债登记结算有限责任公司,其他,20151231,1000.0,20251016
CBM02401.CS,中债-红利现金流0-10年股债25/75(全收益)指数,OTH,中央国债登记结算有限责任公司,其他,20151231,1000.0,20251016
CBM02402.CS,中债-红利现金流0-10年股债25/75(价格收益)指数,OTH,中央国债登记结算有限责任公司,其他,20151231,1000.0,20251016
CBM02403.CS,中债-红利现金流0-10年股债25/75(混合收益)指数,OTH,中央国债登记结算有限责任公司,其他,20151231,1000.0,20251016
CBM02501.CS,中债-红利现金流0-10年股债30/70(全收益)指数,OTH,中央国债登记结算有限责任公司,其他,20151231,1000.0,20251016
CBM02502.CS,中债-红利现金流0-10年股债30/70(价格收益)指数,OTH,中央国债登记结算有限责任公司,其他,20151231,1000.0,20251016
CBM02503.CS,中债-红利现金流0-10年股债30/70(混合收益)指数,OTH,中央国债登记结算有限责任公司,其他,20151231,1000.0,20251016
CBM02601.CS,中债-红利现金流0-10年股债10/80/10(全收益)指数,OTH,中央国债登记结算有限责任公司,其他,20151231,1000.0,20251016
CBM02602.CS,中债-红利现金流0-10年股债10/80/10(价格收益)指数,OTH,中央国债登记结算有限责任公司,其他,20151231,1000.0,20251016
CBM02603.CS,中债-红利现金流0-10年股债10/80/10(混合收益)指数,OTH,中央国债登记结算有限责任公司,其他,20151231,1000.0,20251016
CBM02701.CS,中债-红利现金流0-10年股债10/85/5(全收益)指数,OTH,中央国债登记结算有限责任公司,其他,20151231,1000.0,20251016
CBM02702.CS,中债-红利现金流0-10年股债10/85/5(价格收益)指数,OTH,中央国债登记结算有限责任公司,其他,20151231,1000.0,20251016
CBM02703.CS,中债-红利现金流0-10年股债10/85/5(混合收益)指数,OTH,中央国债登记结算有限责任公司,其他,20151231,1000.0,20251016
CER0101.JRF,金瑞千际全商品精选超额回报,OTH,金瑞期货,商品指数,,,20041231
CES001.CSI,中华120HKD,CSI,中华证券交易服务有限公司,规模指数,20041231,2000.0,20121210
CES002.CSI,中华A80HKD,CSI,中华证券交易服务有限公司,规模指数,20041231,2000.0,20130318
CES003.CSI,中华香港内地指数CNY,CSI,中华证券交易服务有限公司,规模指数,20041231,2000.0,20130318
CES004.CSI,中华280(HKD),CSI,中华证券交易服务有限公司,规模指数,20041231,2000.0,20140707
CES005.CSI,中华沪深港300HKD,CSI,中华证券交易服务有限公司,规模指数,20081231,2000.0,20141215
CES006.CSI,中华港股通精选100CNY,CSI,中华证券交易服务有限公司,规模指数,20081231,2000.0,20141215
CES007.CSI,中华博彩指数CNY,CSI,中华证券交易服务有限公司,主题指数,20110304,3000.0,20160418
CES008.CSI,中华民企指数HKD,CSI,中华证券交易服务有限公司,主题指数,20081231,1000.0,20170123
CES009.CSI,中华港股通优选50CNY,CSI,中华证券交易服务有限公司,规模指数,20111230,2000.0,20180104
CES010.CSI,中华香港生物科技CNY,CSI,中华证券交易服务有限公司,主题指数,20141212,2000.0,20181114
CES012.CSI,中华内房股指数CNY,CSI,中华证券交易服务有限公司,主题指数,20120330,2000.0,20190318
CES013.CSI,中华预期高股息CNY,CSI,中华证券交易服务有限公司,策略指数,20111230,2000.0,20190624
CES100.CSI,中华港股通精选100,CSI,中华证券交易服务有限公司,规模指数,20081231,2000.0,20141215
CES101.CSI,中华120(全),CSI,中华证券交易服务有限公司,规模指数,20041231,2000.0,20121210
CES102.CSI,中华A80(全),CSI,中华证券交易服务有限公司,规模指数,20041231,2000.0,20130318
CES103.CSI,中华香港内地指数(全)CNY,CSI,中华证券交易服务有限公司,规模指数,20041231,2000.0,20130318
CES104.CSI,中华280全收益,CSI,中华证券交易服务有限公司,规模指数,20041231,2000.0,20140707
CES105.CSI,中华沪深港300(全),CSI,中华证券交易服务有限公司,规模指数,20081231,2000.0,20141215
CES106.CSI,中华港股通精选100(全)CNY,CSI,中华证券交易服务有限公司,规模指数,20081231,2000.0,20141215
CES107.CSI,中华博彩指数(全)CNY,CSI,中华证券交易服务有限公司,主题指数,20110304,3000.0,20160418
CES108.CSI,中华民企指数(全)HKD,CSI,中华证券交易服务有限公司,主题指数,20081231,1000.0,20170123
CES109.CSI,中华港股通优选50(全)CNY,CSI,中华证券交易服务有限公司,规模指数,20111230,2000.0,20180104
CES110.CSI,中华香港生物科技(全)CNY,CSI,中华证券交易服务有限公司,主题指数,20141212,2000.0,20181114
CES112.CSI,中华内房股全收益指数CNY,CSI,中华证券交易服务有限公司,主题指数,20120330,2000.0,20190318
CES113.CSI,中华预期高股息全收益CNY,CSI,中华证券交易服务有限公司,策略指数,20111230,2000.0,20190624
CES120.CSI,中华120,CSI,中华证券交易服务有限公司,规模指数,20041231,2000.0,20121210
CES201.CSI,中华120(全)HKD,CSI,中华证券交易服务有限公司,规模指数,20041231,2000.0,20121210
CES202.CSI,中华A80(全)HKD,CSI,中华证券交易服务有限公司,规模指数,20041231,2000.0,20130318
CES203.CSI,中华香港内地指数(全),CSI,中华证券交易服务有限公司,规模指数,20041231,2000.0,20130318
CES204.CSI,中华280全收益(HKD),CSI,中华证券交易服务有限公司,规模指数,20041231,2000.0,20140707
CES205.CSI,中华沪深港300(全)HKD,CSI,中华证券交易服务有限公司,规模指数,20081231,2000.0,20141215
CES206.CSI,中华港股通精选100(全),CSI,中华证券交易服务有限公司,规模指数,20081231,2000.0,20141215
CES207.CSI,中华博彩指数(全),CSI,中华证券交易服务有限公司,主题指数,20110304,3000.0,20160418
CES208.CSI,中华民企指数(全),CSI,中华证券交易服务有限公司,主题指数,20081231,1000.0,20170123
CES209.CSI,中华港股通优选50(全),CSI,中华证券交易服务有限公司,规模指数,20111230,2000.0,20180104
CES210.CSI,中华香港生物科技(全),CSI,中华证券交易服务有限公司,主题指数,20141212,2000.0,20181114
CES212.CSI,中华内房股全收益指数,CSI,中华证券交易服务有限公司,主题指数,20120330,2000.0,20190318
CES213.CSI,中华预期高股息全收益,CSI,中华证券交易服务有限公司,策略指数,20111230,2000.0,20190624
CES280.CSI,中华280,CSI,中华证券交易服务有限公司,规模指数,20041231,2000.0,20140707
CES300.CSI,中华沪深港300,CSI,中华证券交易服务有限公司,规模指数,20081231,2000.0,20141215
CESA80.CSI,中华A80,CSI,中华证券交易服务有限公司,规模指数,20041231,2000.0,20130318
CESAIT.CNI,中华陆股通行业龙头,CNI,中华证券交易服务有限公司,行业指数,20111230,2000.0,20181228
CESBNR.CNI,中华一带一路,CNI,中华证券交易服务有限公司,行业指数,20121231,1000.0,20180403
CESCPD.CSI,中华内房股,CSI,中华证券交易服务有限公司,主题指数,20120330,2000.0,20190318
CESCPE.CSI,中华民企指数,CSI,中华证券交易服务有限公司,主题指数,20081231,1000.0,20170123
CESFAC.CNI,中华A股外资优先配置,CNI,中华证券交易服务有限公司,行业指数,20170630,2000.0,20190524
CESFHY.CSI,中华预期高股息,CSI,中华证券交易服务有限公司,策略指数,20111230,2000.0,20190624
CESG10.CSI,中华博彩指数,CSI,中华证券交易服务有限公司,主题指数,20110304,3000.0,20160418
CESGBA.CNI,中华大湾区优势产业,CNI,中华证券交易服务有限公司,行业指数,20150630,2000.0,20190401
CESGTH.CNI,中华港股通成长,CNI,中华证券交易服务有限公司,行业指数,20111230,2000.0,20190524
CESHKB.CSI,中华香港生物科技,CSI,中华证券交易服务有限公司,主题指数,20141212,2000.0,20181114
CESHKM.CSI,中华香港内地指数,CSI,中华证券交易服务有限公司,规模指数,20041231,2000.0,20130318
CESIBT.CNI,中华创新医药,CNI,中华证券交易服务有限公司,行业指数,20111230,1000.0,20180403
CESMOT.CNI,中华港股通护城河,CNI,中华证券交易服务有限公司,行业指数,20111230,2000.0,20181228
CESP50.CSI,中华港股通优选50,CSI,中华证券交易服务有限公司,规模指数,20111230,2000.0,20180104
CESPEL.CNI,中华港股通泛休闲娱乐,CNI,中华证券交易服务有限公司,行业指数,20111230,2000.0,20210331
CESPSM.CNI,中华国证港股物业,CNI,中华证券交易服务有限公司,行业指数,20141231,1000.0,20230822
CESRET.CNI,中华房地产信托基金,CNI,中华证券交易服务有限公司,行业指数,20111230,2000.0,20180716
CESVAL.CNI,中华港股通价值,CNI,中华证券交易服务有限公司,行业指数,20111230,2000.0,20181228
CESYLV.CNI,中华港股通高息低波,CNI,中华证券交易服务有限公司,行业指数,20111230,2000.0,20180716
CF.NH,南华郑棉花指数,NH,南华期货股份有限公司,收益率指数,,,
CFIIECMA.FI,富时ETF通东西传承股票精选指数,OTH,FTSE,主题指数,20200320,1000.0,20240926
CH30.SPI,道琼斯瑞士泰坦30指数,OTH,标准普尔公司,策略指数,19911231,,20020412
CJ.NH,南华红枣指数,NH,南华期货股份有限公司,收益率指数,,,
CN2008.CNI,中小300R,CNI,深圳证券交易所,规模指数,20100319,1000.0,20100322
CN2009.CNI,深证200R(退市),CNI,深圳证券交易所,规模指数,20041231,1000.0,20110901
CN2010.CNI,深证700R,CNI,深圳证券交易所,规模指数,20041231,1000.0,20110901
CN2011.CNI,深证1000R,CNI,深圳证券交易所,规模指数,20041231,1000.0,20110901
CN2012.CNI,创业300R,CNI,深圳证券交易所,规模指数,20120629,1000.0,20130107
CN2013.CNI,深市精选R,CNI,深圳证券交易所,主题指数,20041231,1000.0,20140530
CN2015.CNI,中小创新R,CNI,深圳证券交易所,规模指数,20111230,1000.0,20150324
CN2016.CNI,深证创新R,CNI,深圳证券交易所,主题指数,20121231,1000.0,20161201
CN2017.CNI,SME创新R,CNI,深圳证券交易所,主题指数,20121231,1000.0,20161201
CN2018.CNI,创业创新R,CNI,深圳证券交易所,主题指数,20121231,1000.0,20161201
CN2019.SZ,创业200R,SZSE,深圳证券交易所,规模指数,20120629,1000.0,20231115
CN2020.SZ,创业小盘R,SZSE,深圳证券交易所,规模指数,20180629,1000.0,20231115
CN2030.CNI,碳科技30R,CNI,深圳证券交易所,主题指数,20141231,1000.0,20210926
CN2050.CNI,创新引擎R,CNI,深圳证券交易所,主题指数,20121231,1000.0,20180731
CN2060.CNI,碳科技60R,CNI,深圳证券交易所,主题指数,20141231,1000.0,20210926
CN2088.CNI,深创100R,CNI,深圳证券交易所,规模指数,20121231,1000.0,20200218
CN2258.CNI,绿色低碳R,CNI,深圳证券交易所,主题指数,20121231,1000.0,20230808
CN2259.CNI,创业低碳R,CNI,深圳证券交易所,主题指数,20121231,1000.0,20230808
CN2260.CNI,先进制造R,CNI,深圳证券交易所,主题指数,20121231,1000.0,20230808
CN2261.CNI,创业制造R,CNI,深圳证券交易所,主题指数,20121231,1000.0,20230808
CN2262.CNI,数字经济R,CNI,深圳证券交易所,主题指数,20141231,1000.0,20220929
CN2263.CNI,创业数字R,CNI,深圳证券交易所,主题指数,20141231,1000.0,20220929
CN2265.CNI,创新药械R,CNI,深圳证券交易所,主题指数,20171229,1000.0,20220929
CN2266.CNI,创新能源R,CNI,深圳证券交易所,主题指数,20171229,1000.0,20220929
CN2269.CNI,创质量R,CNI,深圳证券交易所,策略指数,20121231,1000.0,20210112
CN2274.CNI,深新基建R,CNI,深圳证券交易所,主题指数,20121231,1000.0,20220411
CN2275.CNI,创医药R,CNI,深圳证券交易所,主题指数,20121231,1000.0,20201026
CN2276.CNI,创科技R,CNI,深圳证券交易所,主题指数,20121231,1000.0,20201026
CN2277.CNI,公共健康R,CNI,深圳证券交易所,主题指数,20121231,1000.0,20200508
CN2278.CNI,长江100R,CNI,深圳证券交易所,主题指数,20121231,1000.0,20200508
CN2279.CNI,云科技50R,CNI,深圳证券交易所,主题指数,20121231,1000.0,20200508
CN2280.CNI,生物50R,CNI,深圳证券交易所,主题指数,20121231,1000.0,20200508
CN2281.CNI,电子50R,CNI,深圳证券交易所,主题指数,20121231,1000.0,20200508
CN2282.CNI,大数据50R,CNI,深圳证券交易所,主题指数,20121231,1000.0,20200218
CN2283.CNI,机器人50R,CNI,深圳证券交易所,主题指数,20121231,1000.0,20200218
CN2284.CNI,AI 50R,CNI,深圳证券交易所,主题指数,20121231,1000.0,20200218
CN2285.CNI,物联网50R,CNI,深圳证券交易所,主题指数,20121231,1000.0,20200218
CN2286.CNI,区块链50R,CNI,深圳证券交易所,主题指数,20121231,1000.0,20191224
CN2291.CNI,创精选88R,CNI,深圳证券交易所,策略指数,20121231,1000.0,20191106
CN2292.CNI,民企发展R,CNI,深圳证券交易所,主题指数,20140630,1000.0,20190305
CN2293.CNI,创业大盘R,CNI,深圳证券交易所,规模指数,20121231,1000.0,20190418
CN2294.CNI,中小创QR,CNI,深圳证券交易所,策略指数,20121231,1000.0,20190606
CN2295.CNI,创价值R,CNI,深圳证券交易所,风格指数,20121231,1000.0,20190123
CN2296.CNI,创成长R,CNI,深圳证券交易所,风格指数,20121231,1000.0,20190123
CN2297.CNI,新浪100R,CNI,深圳证券交易所,主题指数,20131231,1000.0,20171222
CN2303.CNI,国证2000R,CNI,深圳证券交易所,规模指数,20091231,3326.4448,20140328
CN2310.CNI,国证50,CNI,深圳证券交易所,规模指数,20021231,1000.0,20050905
CN2311.CNI,国证1000R,CNI,深圳证券交易所,规模指数,20021231,1000.0,20050203
CN2312.CNI,国证300R,CNI,深圳证券交易所,规模指数,20021231,1000.0,20050203
CN2313.CNI,巨潮100R,CNI,巨潮公司,规模指数,20021231,1000.0,20050203
CN2314.CNI,巨潮大盘R,CNI,巨潮公司,规模指数,20021231,1000.0,20050203
CN2315.CNI,巨潮中盘R,CNI,巨潮公司,规模指数,20021231,1000.0,20050203
CN2316.CNI,巨潮小盘R,CNI,巨潮公司,规模指数,20021231,1000.0,20050203
CN2319.CNI,资源优势R,CNI,深圳证券交易所,主题指数,20041231,1000.0,20050104
CN2320.CNI,国证服务R,CNI,深圳证券交易所,主题指数,20041231,1000.0,20050104
CN2321.CNI,国证红利R,CNI,深圳证券交易所,主题指数,20041231,1000.0,20050104
CN2322.CNI,国证治理R,CNI,深圳证券交易所,主题指数,20021231,1000.0,20051212
CN2324.CNI,深证红利R,CNI,深圳证券交易所,策略指数,20021231,1000.0,20060124
CN2326.CNI,成长40R,CNI,深圳证券交易所,主题指数,20021231,1000.0,20060124
CN2328.CNI,深证治理R,CNI,深圳证券交易所,主题指数,20021231,1000.0,20060124
CN2332.CNI,深证创新R(旧)(退市),CNI,深圳证券交易所,主题指数,20021231,1000.0,20060227
CN2335.CNI,深证央企R,CNI,深圳证券交易所,主题指数,20041231,1000.0,20090803
CN2337.CNI,深证民营R,CNI,深圳证券交易所,主题指数,20041231,1000.0,20090803
CN2339.CNI,深证科技R,CNI,深圳证券交易所,主题指数,20041231,1000.0,20090803
CN2341.CNI,深证责任R,CNI,深圳证券交易所,主题指数,20090630,1000.0,20090803
CN2346.CNI,深证成长R,CNI,深圳证券交易所,风格指数,20041231,1000.0,20091104
CN2348.CNI,深证价值R,CNI,深圳证券交易所,风格指数,20041231,1000.0,20091104
CN2350.CNI,皖江30R,CNI,深圳证券交易所,主题指数,20100630,1000.0,20121218
CN2351.CNI,创新示范R,CNI,深圳证券交易所,主题指数,20040831,864.3828,20040901
CN2353.CNI,国证物流R,CNI,深圳证券交易所,主题指数,20021231,1000.0,20050301
CN2354.CNI,分析师指数R,CNI,深圳证券交易所,策略指数,20060428,1231.15,20061114
CN2355.CNI,长三角R,CNI,深圳证券交易所,主题指数,20021231,1000.0,20070701
CN2356.CNI,珠三角R,CNI,深圳证券交易所,主题指数,20021231,1000.0,20070701
CN2357.CNI,环渤海R,CNI,深圳证券交易所,主题指数,20021231,1000.0,20070701
CN2358.CNI,国证环保R,CNI,深圳证券交易所,主题指数,20021231,1000.0,20080102
CN2360.CNI,新硬件R,CNI,深圳证券交易所,主题指数,20041231,1000.0,20090803
CN2361.CNI,在线消费R,CNI,深圳证券交易所,主题指数,20041231,1000.0,20090803
CN2366.CNI,能源金属R,CNI,深圳证券交易所,主题指数,20041231,1000.0,20091104
CN2367.CNI,1000地产R,CNI,深圳证券交易所,一级行业指数,20041231,1000.0,20091104
CN2368.CNI,国证军工R,CNI,深圳证券交易所,主题指数,20041231,1000.0,20091104
CN2369.CNI,国证责任R,CNI,深圳证券交易所,主题指数,20090630,1000.0,20091104
CN2370.CNI,国证成长R,CNI,深圳证券交易所,风格指数,20021231,1000.0,20100104
CN2371.CNI,国证价值R,CNI,深圳证券交易所,风格指数,20021231,1000.0,20100104
CN2372.CNI,大盘成长R,CNI,深圳证券交易所,风格指数,20021231,1000.0,20100104
CN2373.CNI,大盘价值R,CNI,深圳证券交易所,风格指数,20021231,1000.0,20100104
CN2374.CNI,中盘成长R,CNI,巨潮公司,风格指数,20021231,1000.0,20100104
CN2375.CNI,中盘价值R,CNI,巨潮公司,风格指数,20021231,1000.0,20100104
CN2376.CNI,小盘成长R,CNI,巨潮公司,风格指数,20021231,1000.0,20100104
CN2377.CNI,小盘价值R,CNI,巨潮公司,风格指数,20021231,1000.0,20100104
CN2378.CNI,ESG 300R,CNI,深圳证券交易所,主题指数,20100630,1000.0,20100920
CN2381.CNI,1000能源R,CNI,深圳证券交易所,一级行业指数,20021231,1000.0,20111202
CN2382.CNI,1000材料R,CNI,深圳证券交易所,一级行业指数,20021231,1000.0,20111202
CN2383.CNI,1000工业R,CNI,深圳证券交易所,一级行业指数,20021231,1000.0,20111202
CN2384.CNI,1000可选R,CNI,深圳证券交易所,一级行业指数,20021231,1000.0,20111202
CN2385.CNI,1000消费R,CNI,深圳证券交易所,一级行业指数,20021231,1000.0,20111202
CN2386.CNI,1000医药R,CNI,深圳证券交易所,一级行业指数,20021231,1000.0,20111202
CN2387.CNI,1000金融R,CNI,深圳证券交易所,一级行业指数,20021231,1000.0,20111202
CN2388.CNI,1000信息R,CNI,深圳证券交易所,一级行业指数,20021231,1000.0,20111202
CN2389.CNI,国证通信R,CNI,深圳证券交易所,主题指数,20021231,1000.0,20111202
CN2390.CNI,1000公用R,CNI,深圳证券交易所,一级行业指数,20021231,1000.0,20111202
CN2391.CNI,投资时钟R,CNI,深圳证券交易所,策略指数,20061229,1000.0,20120326
CN2392.CNI,国证新兴R,CNI,深圳证券交易所,主题指数,20090630,1000.0,20120328
CN2393.CNI,国证地产R,CNI,深圳证券交易所,主题指数,20041231,1000.0,20120820
CN2394.CNI,国证医药R,CNI,深圳证券交易所,主题指数,20041231,1000.0,20121029
CN2395.CNI,国证有色R,CNI,深圳证券交易所,主题指数,20041231,1000.0,20121029
CN2396.CNI,国证食品R,CNI,深圳证券交易所,主题指数,20041231,1000.0,20121029
CN2397.CNI,国证文化R,CNI,深圳证券交易所,主题指数,20090630,1000.0,20121109
CN2398.CNI,绩效指数R,CNI,深圳证券交易所,策略指数,20021231,1000.0,20121119
CN2399.CNI,中经GDPR,CNI,深圳证券交易所,主题指数,20050630,1000.0,20121123
CN2400.CNI,大中盘R,CNI,巨潮公司,规模指数,20021231,1000.0,20130320
CN2401.CNI,中小盘R,CNI,巨潮公司,规模指数,20021231,1000.0,20130320
CN2402.CNI,周期100R,CNI,深圳证券交易所,主题指数,20041231,1000.0,20131028
CN2403.CNI,防御100R,CNI,深圳证券交易所,主题指数,20041231,1000.0,20131028
CN2405.CNI,大盘高贝R,CNI,巨潮公司,策略指数,20041231,1000.0,20131205
CN2406.CNI,中盘低波R,CNI,巨潮公司,策略指数,20041231,1000.0,20131205
CN2407.CNI,中盘高贝R,CNI,巨潮公司,策略指数,20041231,1000.0,20131205
CN2408.CNI,小盘低波R,CNI,巨潮公司,策略指数,20041231,1000.0,20131205
CN2409.CNI,小盘高贝R,CNI,巨潮公司,策略指数,20041231,1000.0,20131205
CN2410.CNI,苏州率先R,CNI,深圳证券交易所,主题指数,20111230,1000.0,20131212
CN2411.CNI,红利100R,CNI,深圳证券交易所,策略指数,20081231,1000.0,20140410
CN2412.CNI,国证新能R,CNI,深圳证券交易所,主题指数,20100630,1000.0,20140516
CN2415.CNI,I100R,CNI,深圳证券交易所,主题指数,20100129,1000.0,20140912
CN2416.CNI,I300R,CNI,深圳证券交易所,主题指数,20100129,1000.0,20140912
CN2417.CNI,新能源车R,CNI,深圳证券交易所,主题指数,20100630,1000.0,20140924
CN2418.CNI,数据要素R,CNI,深圳证券交易所,主题指数,20081231,1000.0,20141121
CN2419.CNI,国证高铁R,CNI,深圳证券交易所,主题指数,20100630,1000.0,20141210
CN2420.CNI,国证保证R,CNI,深圳证券交易所,主题指数,20100630,1000.0,20141210
CN2422.CNI,中关村AR,CNI,深圳证券交易所,主题指数,20081231,1000.0,20161221
CN2423.CNI,中关村50R,CNI,深圳证券交易所,主题指数,20081231,1000.0,20150205
CN2428.CNI,国证定增R,CNI,深圳证券交易所,主题指数,20121231,1000.0,20150217
CN2429.CNI,新丝路R,CNI,深圳证券交易所,主题指数,20111230,1000.0,20150108
CN2431.CNI,国证银行R,CNI,深圳证券交易所,二级行业指数,20021231,1000.0,20141230
CN2432.CNI,智能汽车R,CNI,深圳证券交易所,主题指数,20021231,1000.0,20141230
CN2433.CNI,国证交运R,CNI,深圳证券交易所,二级行业指数,20021231,1000.0,20141230
CN2434.CNI,数字传媒R,CNI,深圳证券交易所,主题指数,20021231,1000.0,20141230
CN2435.CNI,国证农牧R,CNI,深圳证券交易所,二级行业指数,20021231,1000.0,20141230
CN2436.CNI,绿色煤炭R,CNI,深圳证券交易所,主题指数,20021231,1000.0,20141230
CN2437.CNI,证券龙头R,CNI,深圳证券交易所,主题指数,20021231,1000.0,20141230
CN2438.CNI,绿色电力R,CNI,深圳证券交易所,主题指数,20021231,1000.0,20141230
CN2440.CNI,国证钢铁R,CNI,深圳证券交易所,四级行业指数,20021231,1000.0,20141230
CN2441.CNI,生物医药R,CNI,深圳证券交易所,主题指数,20091231,1000.0,20150120
CN2550.CNI,央视50R,CNI,深圳证券交易所,主题指数,20100630,2563.07,20120606
CN2551.CNI,央视创新R,CNI,深圳证券交易所,主题指数,20100630,2563.07,20130606
CN2552.CNI,央视成长R,CNI,深圳证券交易所,主题指数,20100630,2563.07,20130606
CN2553.CNI,央视回报R,CNI,深圳证券交易所,主题指数,20100630,2563.07,20130606
CN2554.CNI,央视治理R,CNI,深圳证券交易所,主题指数,20100630,2563.07,20130606
CN2555.CNI,央视责任R,CNI,深圳证券交易所,主题指数,20100630,2563.07,20130606
CN2556.CNI,央视生态R,CNI,深圳证券交易所,主题指数,20100630,1000.0,20140606
CN2557.CNI,央视文化R,CNI,深圳证券交易所,主题指数,20100630,1000.0,20140606
CN2602.CNI,中小成长R,CNI,深圳证券交易所,风格指数,20100319,1000.0,20100524
CN2604.CNI,中小价值R,CNI,深圳证券交易所,风格指数,20100319,1000.0,20100524
CN2608.CNI,科技100R,CNI,深圳证券交易所,主题指数,20070629,1000.0,20101018
CN2610.CNI,TMT50R,CNI,深圳证券交易所,主题指数,20041231,1000.0,20101108
CN2613.CNI,深证能源R,CNI,深圳证券交易所,一级行业指数,20041231,1000.0,20110615
CN2614.CNI,深证材料R,CNI,深圳证券交易所,一级行业指数,20041231,1000.0,20110615
CN2615.CNI,深证工业R,CNI,深圳证券交易所,一级行业指数,20041231,1000.0,20110615
CN2616.CNI,深证可选R,CNI,深圳证券交易所,一级行业指数,20041231,1000.0,20110615
CN2617.CNI,深证消费R,CNI,深圳证券交易所,一级行业指数,20041231,1000.0,20110615
CN2618.CNI,深证医药R,CNI,深圳证券交易所,一级行业指数,20041231,1000.0,20110615
CN2619.CNI,深证金融R,CNI,深圳证券交易所,一级行业指数,20041231,1000.0,20110615
CN2620.CNI,深证信息R,CNI,深圳证券交易所,一级行业指数,20041231,1000.0,20110615
CN2621.CNI,深证电信R,CNI,深圳证券交易所,一级行业指数,20041231,1000.0,20110615
CN2622.CNI,深证公用R,CNI,深圳证券交易所,一级行业指数,20041231,1000.0,20110615
CN2623.CNI,中小基础R,CNI,深圳证券交易所,规模指数,20051230,1000.0,20110725
CN2624.CNI,中创400R,CNI,深圳证券交易所,规模指数,20100630,1000.0,20110815
CN2625.CNI,中创500R,CNI,深圳证券交易所,规模指数,20100630,1000.0,20110815
CN2626.CNI,中创成长R,CNI,深圳证券交易所,风格指数,20100630,1000.0,20110815
CN2627.CNI,中创价值R,CNI,深圳证券交易所,风格指数,20100630,1000.0,20110815
CN2628.CNI,700成长R,CNI,深圳证券交易所,风格指数,20100630,1000.0,20110901
CN2629.CNI,700价值R,CNI,深圳证券交易所,风格指数,20100630,1000.0,20110901
CN2630.CNI,1000成长R,CNI,深圳证券交易所,风格指数,20100630,1000.0,20110901
CN2631.CNI,1000价值R,CNI,深圳证券交易所,风格指数,20100630,1000.0,20110901
CN2632.CNI,深100EWR,CNI,深圳证券交易所,策略指数,20021231,1000.0,20111028
CN2633.CNI,深300EWR,CNI,深圳证券交易所,策略指数,20041231,1000.0,20111028
CN2634.CNI,中小等权R,CNI,深圳证券交易所,策略指数,20061229,1000.0,20111028
CN2635.CNI,创业板EWR,CNI,深圳证券交易所,策略指数,20100930,1000.0,20111028
CN2636.CNI,深证装备R,CNI,深圳证券交易所,主题指数,20041231,1000.0,20111115
CN2637.CNI,深证地产R,CNI,深圳证券交易所,行业指数,20041231,1000.0,20111115
CN2638.CNI,深证环保R,CNI,深圳证券交易所,主题指数,20041231,1000.0,20111115
CN2639.CNI,深证大宗R,CNI,深圳证券交易所,主题指数,20041231,1000.0,20111115
CN2640.CNI,创业基础R,CNI,深圳证券交易所,规模指数,20101231,1000.0,20120116
CN2641.CNI,深证新兴R,CNI,深圳证券交易所,主题指数,20100630,1000.0,20120201
CN2642.CNI,中小新兴R,CNI,深圳证券交易所,主题指数,20100630,1000.0,20120201
CN2643.CNI,创业新兴R,CNI,深圳证券交易所,主题指数,20100630,1000.0,20120201
CN2644.CNI,深证时钟R,CNI,深圳证券交易所,策略指数,20061229,1000.0,20120326
CN2645.CNI,100低波R,CNI,深圳证券交易所,策略指数,20041231,1000.0,20120612
CN2646.CNI,深消费50R,CNI,深圳证券交易所,主题指数,20041231,1000.0,20120806
CN2647.CNI,深医药50R,CNI,深圳证券交易所,主题指数,20041231,1000.0,20120806
CN2648.CNI,深证GDPR,CNI,深圳证券交易所,主题指数,20050630,1000.0,20120808
CN2649.CNI,中小红利R,CNI,深圳证券交易所,主题指数,20090630,1000.0,20120820
CN2650.CNI,中小治理R,CNI,深圳证券交易所,主题指数,20090630,1000.0,20120820
CN2651.CNI,中小责任R,CNI,深圳证券交易所,主题指数,20090630,1000.0,20120820
CN2652.CNI,中创高新R,CNI,深圳证券交易所,主题指数,20110630,1000.0,20120917
CN2653.CNI,深证龙头R,CNI,深圳证券交易所,主题指数,20100630,1000.0,20120925
CN2654.CNI,深证文化R,CNI,深圳证券交易所,主题指数,20090630,1000.0,20121109
CN2655.CNI,深证绩效R,CNI,深圳证券交易所,策略指数,20021231,1000.0,20121119
CN2656.CNI,100绩效R,CNI,深圳证券交易所,策略指数,20021231,1000.0,20121119
CN2657.CNI,300绩效R,CNI,深圳证券交易所,策略指数,20041231,1000.0,20121119
CN2658.CNI,中小绩效R,CNI,深圳证券交易所,策略指数,20061229,1000.0,20121119
CN2659.CNI,深成指EWR,CNI,深圳证券交易所,策略指数,20021231,1000.0,20121123
CN2660.CNI,中创EWR,CNI,深圳证券交易所,策略指数,20070629,1000.0,20121123
CN2661.CNI,深证低波R,CNI,深圳证券交易所,策略指数,20061229,1000.0,20121220
CN2662.CNI,深证高贝R,CNI,深圳证券交易所,策略指数,20061229,1000.0,20121220
CN2663.CNI,中小低波R,CNI,深圳证券交易所,策略指数,20110630,1000.0,20121220
CN2664.CNI,中小高贝R,CNI,深圳证券交易所,策略指数,20110630,1000.0,20121220
CN2665.CNI,中创低波R,CNI,深圳证券交易所,策略指数,20110630,1000.0,20121220
CN2666.CNI,中创高贝R,CNI,深圳证券交易所,策略指数,20110630,1000.0,20121220
CN2667.CNI,创业成长R,CNI,深圳证券交易所,风格指数,20120629,1000.0,20130107
CN2668.CNI,创业板VR,CNI,深圳证券交易所,风格指数,20120629,1000.0,20130107
CN2669.CNI,深证农业R,CNI,深圳证券交易所,主题指数,20041231,1000.0,20130624
CN2670.CNI,深周期50R,CNI,深圳证券交易所,主题指数,20041231,1000.0,20131028
CN2671.CNI,深防御50R,CNI,深圳证券交易所,主题指数,20041231,1000.0,20131028
CN2672.CNI,深红利50R,CNI,深圳证券交易所,策略指数,20081231,1000.0,20140410
CN2673.CNI,创业板50R,CNI,深圳证券交易所,规模指数,20100531,1000.0,20140618
CN2674.CNI,深A医药R,CNI,深圳证券交易所,一级行业指数,20100630,1000.0,20150608
CN2675.CNI,深互联网R,CNI,深圳证券交易所,行业指数,20100630,1000.0,20150608
CN2676.CNI,深医药EWR,CNI,深圳证券交易所,策略指数,20100630,1000.0,20150608
CN2677.CNI,深互联EWR,CNI,深圳证券交易所,策略指数,20100630,1000.0,20150608
CN2678.CNI,深次新股R,CNI,深圳证券交易所,主题指数,20101231,1000.0,20150618
CN2680.CNI,深成能源R,CNI,深圳证券交易所,一级行业指数,20100630,1000.0,20150831
CN2681.CNI,深成材料R,CNI,深圳证券交易所,一级行业指数,20100630,1000.0,20150831
CN2682.CNI,深成工业R,CNI,深圳证券交易所,一级行业指数,20100630,1000.0,20150831
CN2683.CNI,深成可选R,CNI,深圳证券交易所,一级行业指数,20100630,1000.0,20150831
CN2684.CNI,深成消费R,CNI,深圳证券交易所,一级行业指数,20100630,1000.0,20150831
CN2685.CNI,深成医药R,CNI,深圳证券交易所,一级行业指数,20100630,1000.0,20150831
CN2686.CNI,深成金融R,CNI,深圳证券交易所,一级行业指数,20100630,1000.0,20150831
CN2687.CNI,深成信息R,CNI,深圳证券交易所,一级行业指数,20100630,1000.0,20150831
CN2688.CNI,深成电信R,CNI,深圳证券交易所,一级行业指数,20100630,1000.0,20150831
CN2689.CNI,深成公用R,CNI,深圳证券交易所,一级行业指数,20100630,1000.0,20150831
CN2692.CNI,创业低波R,CNI,深圳证券交易所,策略指数,20130628,1000.0,20161220
CN2693.CNI,安防产业R,CNI,深圳证券交易所,主题指数,20120629,1000.0,20160620
CN2694.CNI,创业高贝R,CNI,深圳证券交易所,策略指数,20130628,1000.0,20161220
CN2695.CNI,深证节能R,CNI,深圳证券交易所,主题指数,20100630,1000.0,20170428
CN2696.CNI,深证创投R,CNI,深圳证券交易所,主题指数,20100630,1000.0,20161021
CN2697.CNI,中关村60R,CNI,深圳证券交易所,主题指数,20081231,1000.0,20170110
CN2698.CNI,优势成长R,CNI,深圳证券交易所,策略指数,20081231,1000.0,20170615
CN2699.CNI,金融科技R,CNI,深圳证券交易所,主题指数,20170526,3000.0,20170609
CN2750.SZ,深主板50R,SZSE,深圳证券交易所,规模指数,20041231,1000.0,20231115
CN2850.CNI,深证50R,CNI,深圳证券交易所,规模指数,20021231,1000.0,20231018
CN5061.CNI,深证GDP对冲,CNI,深圳证券交易所,主题指数,20100331,1000.0,20140320
CN5062.CNI,中经GDP对冲,CNI,深圳证券交易所,主题指数,20100331,1000.0,20140320
CN5069.CNI,中关村A(退市),CNI,深圳证券交易所,主题指数,20081231,1000.0,20150205
CN5074.CNI,财富管理,CNI,深圳证券交易所,主题指数,20021231,1000.0,20150216
CN5075.CNI,国证信创,CNI,深圳证券交易所,主题指数,20021231,1000.0,20150216
CN5082.CNI,国证航天,CNI,深圳证券交易所,四级行业指数,20021231,1000.0,20150216
CN5084.CNI,电信服务,CNI,深圳证券交易所,二级行业指数,20021231,1000.0,20150217
CN5085.CNI,服装纺织,CNI,深圳证券交易所,二级行业指数,20021231,1000.0,20150217
CN5086.CNI,工业服务,CNI,深圳证券交易所,二级行业指数,20021231,1000.0,20150217
CN5090.CNI,国证化工,CNI,深圳证券交易所,二级行业指数,20021231,1000.0,20150217
CN5093.CNI,国证零售,CNI,深圳证券交易所,二级行业指数,20021231,1000.0,20150217
CN5094.CNI,耐用消费,CNI,深圳证券交易所,二级行业指数,20021231,1000.0,20150217
CN5097.CNI,消费服务,CNI,深圳证券交易所,二级行业指数,20021231,1000.0,20150217
CN5100.CNI,白色家电,CNI,深圳证券交易所,二级行业指数,20021231,1000.0,20150225
CN5101.CNI,国证百货,CNI,深圳证券交易所,二级行业指数,20021231,1000.0,20150225
CN5105.CNI,路桥港口,CNI,深圳证券交易所,二级行业指数,20021231,1000.0,20150225
CN5106.CNI,酒店餐饮,CNI,深圳证券交易所,二级行业指数,20021231,1000.0,20150225
CN5111.CNI,定增综指,CNI,深圳证券交易所,主题指数,20121231,1000.0,20150609
CN5122.CNI,中小能源,CNI,深圳证券交易所,一级行业指数,20111230,1000.0,20170110
CN5123.CNI,中小材料,CNI,深圳证券交易所,一级行业指数,20111230,1000.0,20170110
CN5124.CNI,中小工业,CNI,深圳证券交易所,一级行业指数,20111230,1000.0,20170110
CN5125.CNI,中小可选,CNI,深圳证券交易所,一级行业指数,20111230,1000.0,20170110
CN5126.CNI,中小消费,CNI,深圳证券交易所,一级行业指数,20111230,1000.0,20170110
CN5127.CNI,中小医药,CNI,深圳证券交易所,一级行业指数,20111230,1000.0,20170110
CN5128.CNI,中小金融,CNI,深圳证券交易所,一级行业指数,20111230,1000.0,20170110
CN5129.CNI,中小信息,CNI,深圳证券交易所,一级行业指数,20111230,1000.0,20170110
CN5130.CNI,中小电信,CNI,深圳证券交易所,一级行业指数,20111230,1000.0,20170110
CN5131.CNI,中小公用,CNI,深圳证券交易所,一级行业指数,20111230,1000.0,20170110
CN5138.CNI,大盘红利,CNI,深圳证券交易所,策略指数,20081231,1000.0,20170915
CN5139.CNI,稳进价值,CNI,深圳证券交易所,策略指数,20081231,1000.0,20170915
CN5140.CNI,先锋成长,CNI,深圳证券交易所,策略指数,20081231,1000.0,20170915
CN5141.CNI,优势价值,CNI,深圳证券交易所,策略指数,20081231,1000.0,20170915
CN6002.CNI,北京指数,CNI,深圳证券交易所,主题指数,20021231,1000.0,20121228
CN6003.CNI,福建指数,CNI,深圳证券交易所,主题指数,20021231,1000.0,20121228
CN6005.CNI,广东指数,CNI,深圳证券交易所,主题指数,20021231,1000.0,20121228
CN6009.CNI,河北指数,CNI,深圳证券交易所,主题指数,20021231,1000.0,20121228
CN6010.CNI,河南指数,CNI,深圳证券交易所,主题指数,20021231,1000.0,20121228
CN6012.CNI,湖北指数,CNI,深圳证券交易所,主题指数,20021231,1000.0,20121228
CN6013.CNI,湖南指数,CNI,深圳证券交易所,主题指数,20021231,1000.0,20121228
CN6015.CNI,江苏指数,CNI,深圳证券交易所,主题指数,20021231,1000.0,20121228
CN6021.CNI,山东指数,CNI,深圳证券交易所,主题指数,20021231,1000.0,20121228
CN6024.CNI,上海指数,CNI,深圳证券交易所,主题指数,20021231,1000.0,20121228
CN6025.CNI,四川指数,CNI,深圳证券交易所,主题指数,20021231,1000.0,20121228
CN6026.CNI,天津指数,CNI,深圳证券交易所,主题指数,20021231,1000.0,20121228
CN6028.CNI,新疆指数,CNI,深圳证券交易所,主题指数,20021231,1000.0,20121228
CN6030.CNI,浙江指数,CNI,深圳证券交易所,主题指数,20021231,1000.0,20121228
CN6032.CNI,农副指数,CNI,深圳证券交易所,行业指数,19910403,100.0,20130304
CN6033.CNI,食品指数,CNI,深圳证券交易所,行业指数,19910403,100.0,20130304
CN6034.CNI,饮料指数,CNI,深圳证券交易所,行业指数,19910403,100.0,20130304
CN6036.CNI,纺织指数,CNI,深圳证券交易所,行业指数,19910403,100.0,20130304
CN6037.CNI,服装指数,CNI,深圳证券交易所,行业指数,19910403,100.0,20130304
CN6039.CNI,木材指数,CNI,深圳证券交易所,行业指数,19910403,100.0,20130304
CN6041.CNI,造纸指数,CNI,深圳证券交易所,行业指数,19910403,100.0,20130304
CN6042.CNI,印刷指数,CNI,深圳证券交易所,行业指数,19910403,100.0,20130304
CN6043.CNI,文教指数,CNI,深圳证券交易所,行业指数,19910403,100.0,20130304
CN6044.CNI,石化指数,CNI,深圳证券交易所,行业指数,19910403,100.0,20130304
CN6045.CNI,化学指数,CNI,深圳证券交易所,行业指数,19910403,100.0,20130304
CN6046.CNI,医药指数,CNI,深圳证券交易所,行业指数,19910403,100.0,20130304
CN6047.CNI,化纤指数,CNI,深圳证券交易所,行业指数,19910403,100.0,20130304
CN6048.CNI,橡胶指数,CNI,深圳证券交易所,行业指数,19910403,100.0,20130304
CN6049.CNI,矿物指数,CNI,深圳证券交易所,行业指数,19910403,100.0,20130304
CN6050.CNI,钢铁指数,CNI,深圳证券交易所,行业指数,19910403,100.0,20130304
CN6051.CNI,有色指数,CNI,深圳证券交易所,行业指数,19910403,100.0,20130304
CN6052.CNI,金属指数,CNI,深圳证券交易所,行业指数,19910403,100.0,20130304
CN6053.CNI,通用指数,CNI,深圳证券交易所,行业指数,19910403,100.0,20130304
CN6054.CNI,专用指数,CNI,深圳证券交易所,行业指数,19910403,100.0,20130304
CN6055.CNI,汽车指数,CNI,深圳证券交易所,行业指数,19910403,100.0,20130304
CN6056.CNI,交运指数,CNI,深圳证券交易所,行业指数,19910403,100.0,20130304
CN6057.CNI,电气指数,CNI,深圳证券交易所,行业指数,19910403,100.0,20130304
CN6058.CNI,电子指数,CNI,深圳证券交易所,行业指数,19910403,100.0,20130304
CN6059.CNI,仪表指数,CNI,深圳证券交易所,行业指数,19910403,100.0,20130304
CN6060.CNI,其他指数,CNI,深圳证券交易所,行业指数,19910403,100.0,20130304
CN6069.CNI,中关村A指R(退市),CNI,深圳证券交易所,主题指数,20081231,1000.0,20150205
CN6074.CNI,财富管理R,CNI,深圳证券交易所,主题指数,20021231,1000.0,20150216
CN6075.CNI,国证信创R,CNI,深圳证券交易所,主题指数,20021231,1000.0,20150216
CN6082.CNI,国证航天R,CNI,深圳证券交易所,四级行业指数,20021231,1000.0,20150216
CN6084.CNI,电信服务R,CNI,深圳证券交易所,二级行业指数,20021231,1000.0,20150217
CN6085.CNI,服装纺织R,CNI,深圳证券交易所,二级行业指数,20021231,1000.0,20150217
CN6086.CNI,工业服务R,CNI,深圳证券交易所,二级行业指数,20021231,1000.0,20150217
CN6090.CNI,国证化工R,CNI,深圳证券交易所,二级行业指数,20021231,1000.0,20150217
CN6093.CNI,国证零售R,CNI,深圳证券交易所,二级行业指数,20021231,1000.0,20150217
CN6094.CNI,耐用消费R,CNI,深圳证券交易所,二级行业指数,20021231,1000.0,20150217
CN6097.CNI,消费服务R,CNI,深圳证券交易所,二级行业指数,20021231,1000.0,20150217
CN6100.CNI,白色家电R,CNI,深圳证券交易所,二级行业指数,20021231,1000.0,20150225
CN6101.CNI,国证百货R,CNI,深圳证券交易所,二级行业指数,20021231,1000.0,20150225
CN6105.CNI,路桥港口R,CNI,深圳证券交易所,二级行业指数,20021231,1000.0,20150225
CN6106.CNI,酒店餐饮R,CNI,深圳证券交易所,二级行业指数,20021231,1000.0,20150225
CN6109.CNI,中创100美元R,CNI,深圳证券交易所,规模指数,20070629,1000.0,20110228
CN6111.CNI,定增综指R,CNI,深圳证券交易所,主题指数,20121231,1000.0,20150609
CN6122.CNI,中小能源R,CNI,深圳证券交易所,一级行业指数,20111230,1000.0,20170110
CN6123.CNI,中小材料R,CNI,深圳证券交易所,一级行业指数,20111230,1000.0,20170110
CN6124.CNI,中小工业R,CNI,深圳证券交易所,一级行业指数,20111230,1000.0,20170110
CN6125.CNI,中小可选R,CNI,深圳证券交易所,一级行业指数,20111230,1000.0,20170110
CN6126.CNI,中小消费R,CNI,深圳证券交易所,一级行业指数,20111230,1000.0,20170110
CN6127.CNI,中小医药R,CNI,深圳证券交易所,一级行业指数,20111230,1000.0,20170110
CN6128.CNI,中小金融R,CNI,深圳证券交易所,一级行业指数,20111230,1000.0,20170110
CN6129.CNI,中小信息R,CNI,深圳证券交易所,一级行业指数,20111230,1000.0,20170110
CN6130.CNI,中小电信R,CNI,深圳证券交易所,一级行业指数,20111230,1000.0,20170110
CN6131.CNI,中小公用R,CNI,深圳证券交易所,一级行业指数,20111230,1000.0,20170110
CN6138.CNI,大盘红利R,CNI,深圳证券交易所,策略指数,20081231,1000.0,20170915
CN6139.CNI,稳进价值R,CNI,深圳证券交易所,策略指数,20081231,1000.0,20170915
CN6140.CNI,先锋成长R,CNI,深圳证券交易所,策略指数,20081231,1000.0,20170915
CN6141.CNI,优势价值R,CNI,深圳证券交易所,策略指数,20081231,1000.0,20170915
CNT10.CN,ChaiNext 10,OTH,ChaiNext,规模指数,20161231,100.0,20180623
CNT100.CN,ChaiNext 100,OTH,ChaiNext,规模指数,20161231,100.0,20180623
CNT100X.CN,ChaiNext 100X,OTH,ChaiNext,规模指数,20161231,100.0,20180623
CNT10X.CN,ChaiNext 10X,OTH,ChaiNext,规模指数,20161231,100.0,20180623
CNT11T100.CN,ChaiNext 11-100,OTH,ChaiNext,规模指数,20161231,100.0,20180623
CNT11T20.CN,ChaiNext 11-20,OTH,ChaiNext,规模指数,20161231,100.0,20180623
CNT20.CN,ChaiNext 20,OTH,ChaiNext,规模指数,20161231,100.0,20180623
CNT20X.CN,ChaiNext 20X,OTH,ChaiNext,规模指数,20161231,100.0,20180623
CNT21T100.CN,ChaiNext 21-100,OTH,ChaiNext,规模指数,20161231,100.0,20180623
CNT5.CN,ChaiNext 5,OTH,ChaiNext,规模指数,20161231,100.0,20180623
CNT5X.CN,ChaiNext 5X,OTH,ChaiNext,规模指数,20161231,100.0,20180623
CNT6T10.CN,ChaiNext 6-10,OTH,ChaiNext,规模指数,20161231,100.0,20180623
CNT6T20.CN,ChaiNext 6-20,OTH,ChaiNext,规模指数,20161231,100.0,20180623
CNYR.CNI,人民币实际指数,CNI,深圳证券交易所,外汇指数,20100619,100.0,20131121
CNYX-BIS.IB,人民币汇率指数(BIS货币篮子),OTH,全国银行间拆借中心,其他,20141231,100.0,20151211
CNYX-SDR.IB,人民币汇率指数(SDR货币篮子),OTH,全国银行间拆借中心,其他,20141231,100.0,20151211
CNYX.CNI,人民币指数,CNI,深圳证券交易所,外汇指数,20100619,100.0,20131121
CNYX.IB,CFETS人民币汇率指数,OTH,全国银行间拆借中心,其他,20141231,100.0,20151211
CS.NH,南华连玉米淀粉指数,NH,南华期货股份有限公司,收益率指数,,,
CSPSADRP.CI,标普A股红利,OTH,标准普尔公司,策略指数,20040621,1000.0,20080911
CSPSADRT.CI,标普A股红利全收益,OTH,标准普尔公司,策略指数,20040618,1000.0,20080911
CU.NH,南华沪铜指数,NH,南华期货股份有限公司,收益率指数,,,
CVX-S.CFE,沪深300期权波动率,OTH,中国金融期货交易所,其他,20140117,36.99,20140116
CY.NH,南华棉纱指数,NH,南华期货股份有限公司,收益率指数,,,
DJAPSD.SPI,道琼斯亚太精选股息50,OTH,标准普尔公司,主题指数,19981231,100.0,20060314
DJBGGIEP.SPI,道琼斯布鲁克菲尔德全球绿色基础设施指数,OTH,标准普尔公司,主题指数,20161216,,20230724
DJBGICU.SPI,道琼斯布鲁克菲尔德全球基础设施综合指数,OTH,标准普尔公司,行业指数,20021231,,20080714
DJCHOS50.SPI,道琼斯中国离岸50指数,OTH,标准普尔公司,策略指数,20001231,,20051019
DJDVP.SPI,道琼斯美国精选股息,OTH,标准普尔公司,策略指数,19911231,100.0,20031103
DJEMDIV.SPI,道琼斯新兴市场精选股息,OTH,标准普尔公司,策略指数,20051230,1000.0,20110930
DJEPCSD.SPI,道琼斯EPAC精选股息,OTH,标准普尔公司,策略指数,19981231,100.0,20051130
DJGSD.SPI,道琼斯全球精选股息,OTH,标准普尔公司,策略指数,19981231,100.0,20071017
DJGT.SPI,道琼斯全球泰坦50指数,OTH,标准普尔公司,策略指数,19920101,,19990714
DJIAJT.SPI,道琼斯工业平均(TTM)(JPY),OTH,标准普尔公司,主题指数,20090430,,20090506
DJIBJTH.SPI,道琼斯工业平均日元对冲(TTM)(日本日历),OTH,标准普尔公司,主题指数,20060601,,20170407
DJID1UP.SPI,道琼斯国际红利100,OTH,标准普尔公司,策略指数,20050331,1000.0,20210322
DJIDEV.SPI,道琼斯伊斯兰市场发达市场指数,OTH,标准普尔公司,主题指数,20001231,,19990524
DJIEW.SPI,道琼斯工业平均等权重,OTH,标准普尔公司,策略指数,19911231,1000.0,20170213
DJINTCUP.SPI,道琼斯国际互联网,OTH,标准普尔公司,主题指数,20150918,100.0,20181008
DJIYW.SPI,道琼斯工业平均收益率权重,OTH,标准普尔公司,主题指数,19911231,1000.0,20151208
DJSCLCP.SPI,道琼斯智利可持续发展,OTH,标准普尔公司,主题指数,20150831,100.0,20150928
DJSEA1UP.SPI,道琼斯新兴东盟顶尖100指数,OTH,标准普尔公司,综合指数,20100319,100.0,20180529
DJSEMUP.SPI,道琼斯新兴市场可持续发展,OTH,标准普尔公司,主题指数,20120930,100.0,20130211
DJSEMXEP.SPI,道琼斯新兴市场可持续发展除酒精烟草赌博军火成人娱乐,OTH,标准普尔公司,主题指数,20130412,100.0,20161024
DJSENAED.SPI,道琼斯欧洲可持续发展除酒精烟草赌博军火成人娱乐,OTH,标准普尔公司,主题指数,20010928,100.0,20100804
DJSEUR.SPI,道琼斯欧洲可持续发展,OTH,标准普尔公司,主题指数,20010928,100.0,20100804
DJSEUXAD.SPI,道琼斯欧洲可持续发展除酒精烟草赌博军火,OTH,标准普尔公司,主题指数,20010928,100.0,20100804
DJSEUZ.SPI,道琼斯欧元区可持续发展,OTH,标准普尔公司,主题指数,20010928,100.0,20100804
DJSEZXA.SPI,道琼斯欧元区可持续发展除酒精烟草赌博军火,OTH,标准普尔公司,主题指数,20010928,100.0,20100804
DJSHCP.SPI,道琼斯美国精选医疗保健提供商,OTH,标准普尔公司,行业指数,19911231,1000.0,20060428
DJSHMB.SPI,道琼斯美国精选房屋建筑,OTH,标准普尔公司,行业指数,,,20060428
DJSIK.SPI,道琼斯韩国可持续发展,OTH,标准普尔公司,主题指数,20051230,100.0,20091020
DJSINS.SPI,道琼斯美国精选保险指数,OTH,标准普尔公司,行业指数,19911231,,20060428
DJSINV.SPI,道琼斯美国精选投资服务,OTH,标准普尔公司,主题指数,19911231,1000.0,20060428
DJSKC2.SPI,道琼斯韩国可持续发展(25%上限),OTH,标准普尔公司,主题指数,20051230,100.0,20160620
DJSM.SPI,道琼斯精选微型股,OTH,标准普尔公司,策略指数,19920831,,20050627
DJSMDQ.SPI,道琼斯美国精选医疗设备,OTH,标准普尔公司,行业指数,19911231,1000.0,20060428
DJSMPAUP.SPI,道琼斯拉丁美洲太平洋联盟可持续发展,OTH,标准普尔公司,主题指数,20170915,100.0,20171018
DJSND.SPI,道琼斯北欧国家可持续发展,OTH,标准普尔公司,主题指数,20050930,100.0,20101130
DJSOES.SPI,道琼斯美国精选行业专项指数,OTH,标准普尔公司,行业指数,19911231,,20060428
DJSPHM.SPI,道琼斯美国精选制药指数,OTH,标准普尔公司,行业指数,19911231,,20060428
DJSRBK.SPI,道琼斯美国精选区域银行,OTH,标准普尔公司,行业指数,19941230,100.0,20060428
DJSTEL.SPI,道琼斯美国精选电信,OTH,标准普尔公司,行业指数,19911231,1000.0,20070323
DJSUKTXR.SPI,道琼斯伊斯兰债券总回报(不包括再投资),OTH,标准普尔公司,主题指数,20050930,100.0,20060428
DJSWECD.SPI,道琼斯全球扩大可持续发展,OTH,标准普尔公司,主题指数,20050930,100.0,20101130
DJSWEX4D.SPI,道琼斯全球扩大可持续发展除酒精烟草赌博军火成人娱乐,OTH,标准普尔公司,主题指数,20050930,100.0,20101130
DJSZXAE.SPI,道琼斯欧元区可持续发展除酒精烟草赌博军火成人娱乐,OTH,标准普尔公司,主题指数,20010928,100.0,20100804
DJUMECUP.SPI,道琼斯美国精选医疗设备上限35/20指数,OTH,标准普尔公司,行业指数,20130613,,20200622
DJUSDIV.SPI,道琼斯美股红利100,OTH,标准普尔公司,策略指数,19981231,1000.0,20110831
DJUSFV.SPI,道琼斯美国金融服务,OTH,标准普尔公司,行业指数,19911231,100.0,20001231
DJUSSC.SPI,道琼斯美国半导体,OTH,标准普尔公司,行业指数,19911231,,20000214
DJUSSTRP.SPI,道琼斯美国精选短期房地产投资信托,OTH,标准普尔公司,行业指数,20000915,1000.0,20160822
DW25.SPI,道琼斯美国广泛股票市场,OTH,标准普尔公司,规模指数,19911231,1000.0,20050228
DWCF.SPI,道琼斯美国全股,OTH,标准普尔公司,主题指数,19870101,,20100103
DWGRS.SPI,道琼斯全球精选房地产指数,OTH,标准普尔公司,行业指数,19921231,,20060321
DWL.SPI,道琼斯美国大盘股全市场,OTH,标准普尔公司,规模指数,19911231,1000.0,20050228
DWLGT.SPI,道琼斯美国大盘成长全市场全收益,OTH,标准普尔公司,风格指数,19911231,1000.0,20050228
DWLV.SPI,道琼斯美国大盘价值全市场,OTH,标准普尔公司,风格指数,19911231,1000.0,20050228
DWM.SPI,道琼斯美国中盘股全市场,OTH,标准普尔公司,规模指数,19911231,1000.0,20050228
DWS.SPI,道琼斯美国小盘股全市场,OTH,标准普尔公司,规模指数,19911231,1000.0,20050228
DWST.SPI,道琼斯美国小盘股全市场全收益,OTH,标准普尔公司,规模指数,19911231,1000.0,20050228
DWXRS.SPI,道琼斯全球(除美国)房地产证券,OTH,标准普尔公司,主题指数,19921231,1000.0,20060321
EB.NH,南华苯乙烯指数,NH,南华期货股份有限公司,收益率指数,,,
EC.NH,南华欧线指数,NH,南华期货股份有限公司,收益率指数,,,
EG.NH,南华乙二醇指数,NH,南华期货股份有限公司,收益率指数,,,
ER.NH,南华郑籼稻指数,NH,南华期货股份有限公司,收益率指数,,,
FACCNYG.CNI,中华A股外资优先配置R,CNI,中华证券交易服务有限公司,行业指数,20170630,2000.0,20190524
FB.NH,南华连纤维板指数,NH,南华期货股份有限公司,收益率指数,,,
FG.NH,南华郑玻璃指数,NH,南华期货股份有限公司,收益率指数,,,
FQE.FI,富时罗素新兴市场中国A股指数,OTH,FTSE,规模指数,20151230,1000.0,
FQEAC.FI,富时罗素新兴市场中国A股全资本指数,OTH,FTSE,规模指数,20151230,1000.0,
FQEACN.FI,富时罗素新兴市场中国A股税后指数,OTH,FTSE,规模指数,20151230,1000.0,
FQEACR.FI,富时罗素新兴市场中国A股税后指数(US),OTH,FTSE,规模指数,20151230,1000.0,
FQEN.FI,富时罗素新兴市场中国A股全资本税后指数,OTH,FTSE,规模指数,20151230,1000.0,
FTXIN0USD.FI,富时中国50(美元),OTH,FTSE,基金指数,20010316,5000.0,20010316
FU.NH,南华沪燃油指数,NH,南华期货股份有限公司,收益率指数,,,
FXICI0001.XI,富时申万香港中国概念(旧)(退市),OTH,FTSE,风格指数,20041231,1000.0,20060103
FXICI0006.XI,富时申万香港中国概念,OTH,FTSE,风格指数,20041231,1000.0,20090720
FXIEV0001.XI,富时价值驱动A200,OTH,FTSE,价值指数,20010618,5000.0,20060104
FXIEV0002.XI,富时价值驱动A300,OTH,FTSE,价值指数,20010618,5000.0,20060104
G10.FI,富时罗素大中国全资本指数,OTH,FTSE,规模指数,,,
GBACNYG.CNI,中华大湾区优势产业R,CNI,中华证券交易服务有限公司,行业指数,20150630,2000.0,20190401
GLCEUA.SPI,标普欧盟碳排放配额(EUA)指数,OTH,标准普尔公司,主题指数,20140731,,20241206
GPMPF040.FI,富时MPF中国A股,OTH,FTSE,主题指数,20141114,1000.0,20210414
GTHHKDG.CNI,中华港股通成长R,CNI,中华证券交易服务有限公司,行业指数,20111230,2000.0,20190524
h00009.SH,上证380全收益,SSE,中证指数有限公司,规模指数,20031231,1000.0,20101129
h00010.SH,180收益,SSE,中证指数有限公司,规模指数,20020628,3299.06,20020701
h00015.SH,红利收益,SSE,中证指数有限公司,策略指数,20041231,1000.0,20050104
h00016.SH,50收益,SSE,中证指数有限公司,规模指数,20031231,1000.0,20040102
h00018.SH,180金收,SSE,中证指数有限公司,行业指数,20020628,1000.0,20071210
h00019.SH,治理收益,SSE,中证指数有限公司,主题指数,20070629,1000.0,20080102
h00020.SH,中企收益,SSE,中证指数有限公司,规模指数,20071228,1000.0,20080512
h00021.SH,180治收,SSE,中证指数有限公司,主题指数,20070629,1000.0,20080910
h00025.SH,180基收,SSE,中证指数有限公司,主题指数,20020628,1000.0,20081215
h00026.SH,180资收,SSE,中证指数有限公司,主题指数,20020628,1000.0,20081215
h00027.SH,180运收,SSE,中证指数有限公司,主题指数,20020628,1000.0,20081215
h00028.SH,180成收,SSE,中证指数有限公司,风格指数,20020628,1000.0,20090109
h00029.SH,180价收,SSE,中证指数有限公司,风格指数,20020628,1000.0,20090109
h00030.SH,180R成收,SSE,中证指数有限公司,风格指数,20020628,1000.0,20090109
h00031.SH,180R价收,SSE,中证指数有限公司,风格指数,20020628,1000.0,20090109
h00032.SH,上证能收,SSE,中证指数有限公司,一级行业指数,20031231,1000.0,20090109
h00033.SH,上证材收,SSE,中证指数有限公司,一级行业指数,20031231,1000.0,20090109
h00034.SH,上证工收,SSE,中证指数有限公司,一级行业指数,20031231,1000.0,20090109
h00035.SH,上证可收,SSE,中证指数有限公司,一级行业指数,20031231,1000.0,20090109
h00036.SH,上证消收,SSE,中证指数有限公司,一级行业指数,20031231,1000.0,20090109
h00037.SH,上证医收,SSE,中证指数有限公司,一级行业指数,20031231,1000.0,20090109
h00038.SH,上证金收,SSE,中证指数有限公司,主题指数,20031231,1000.0,20090109
h00039.SH,上证信收,SSE,中证指数有限公司,一级行业指数,20031231,1000.0,20090109
h00040.SH,上证电收,SSE,中证指数有限公司,一级行业指数,20031231,1000.0,20090109
h00041.SH,上证公收,SSE,中证指数有限公司,一级行业指数,20031231,1000.0,20090109
h00042.SH,上证央收,SSE,中证指数有限公司,主题指数,20081231,1000.0,20090330
h00043.SH,超大收,SSE,中证指数有限公司,规模指数,20031231,1000.0,20090423
h00044.SH,上证中收,SSE,中证指数有限公司,规模指数,20031231,1000.0,20090703
h00045.SH,上证小收,SSE,中证指数有限公司,规模指数,20031231,1000.0,20090703
h00046.SH,上中小收,SSE,中证指数有限公司,规模指数,20031231,1000.0,20090703
h00047.SH,上证全收,SSE,中证指数有限公司,规模指数,20031231,1000.0,20090703
h00048.SH,责任指收,SSE,中证指数有限公司,主题指数,20090630,1000.0,20090805
h00049.SH,上民企收,SSE,中证指数有限公司,主题指数,20090630,1000.0,20090825
h00050.SH,50等权全收益,SSE,中证指数有限公司,策略指数,20031231,1000.0,20110104
h00051.SH,180等收,SSE,中证指数有限公司,策略指数,20020628,3299.06,20110524
h00052.SH,50基本全收益,SSE,中证指数有限公司,策略指数,20031231,1000.0,20120109
h00053.SH,180基本全收益,SSE,中证指数有限公司,策略指数,20020628,3299.06,20120109
h00054.SH,上证海外全收益,SSE,中证指数有限公司,主题指数,20061229,1000.0,20100104
h00055.SH,上证地企全收益,SSE,中证指数有限公司,主题指数,20090630,1000.0,20100104
h00056.SH,上证国企全收益,SSE,中证指数有限公司,主题指数,20090630,1000.0,20100104
h00057.SH,全指成长全收益,SSE,中证指数有限公司,风格指数,20031231,1000.0,20100104
h00058.SH,全指价值全收益,SSE,中证指数有限公司,风格指数,20031231,1000.0,20100104
h00059.SH,全R成长全收益,SSE,中证指数有限公司,风格指数,20031231,1000.0,20100104
h00060.SH,全R价值全收益,SSE,中证指数有限公司,风格指数,20031231,1000.0,20100104
h00062.SH,上证沪企全收益,SSE,中证指数有限公司,主题指数,20051231,1000.0,20100104
h00063.SH,上证周期全收益,SSE,中证指数有限公司,主题指数,20031231,1000.0,20100203
h00064.SH,非周期全收益,SSE,中证指数有限公司,主题指数,20031231,1000.0,20100203
h00065.SH,上证龙头全收益,SSE,中证指数有限公司,主题指数,20031231,1000.0,20100209
h00066.SH,上证商品全收益,SSE,中证指数有限公司,主题指数,20031231,1000.0,20100430
h00067.SH,上证新兴全收益,SSE,中证指数有限公司,主题指数,20031231,1000.0,20100430
h00068.SH,上证资源全收益,SSE,中证指数有限公司,主题指数,20031231,1000.0,20100528
h00069.SH,消费80全收益,SSE,中证指数有限公司,主题指数,20031231,1000.0,20100528
h00070.SH,能源等权全收益,SSE,中证指数有限公司,策略指数,20031231,1000.0,20100818
h00071.SH,材料等权全收益,SSE,中证指数有限公司,策略指数,20031231,1000.0,20100818
h00072.SH,工业等权全收益,SSE,中证指数有限公司,策略指数,20031231,1000.0,20100818
h00073.SH,可选等权全收益,SSE,中证指数有限公司,策略指数,20031231,1000.0,20100818
h00074.SH,消费等权全收益,SSE,中证指数有限公司,策略指数,20031231,1000.0,20100818
h00075.SH,医药等权全收益,SSE,中证指数有限公司,策略指数,20031231,1000.0,20100818
h00076.SH,金融等权全收益,SSE,中证指数有限公司,策略指数,20031231,1000.0,20100818
h00077.SH,信息等权全收益,SSE,中证指数有限公司,策略指数,20031231,1000.0,20100818
h00078.SH,电信等权全收益,SSE,中证指数有限公司,策略指数,20031231,1000.0,20100818
h00079.SH,公用等权全收益,SSE,中证指数有限公司,策略指数,20031231,1000.0,20100818
h00090.SH,上证流通全收益,SSE,中证指数有限公司,规模指数,20091231,1000.0,20101202
h00091.SH,沪财中小全收益,SSE,中证指数有限公司,策略指数,20041231,1000.0,20110406
h00092.SH,资源50全收益,SSE,中证指数有限公司,主题指数,20031231,1000.0,20110510
h00093.SH,180分层全收益,SSE,中证指数有限公司,策略指数,20020628,3299.06,20110524
h00094.SH,上证上游全收益,SSE,中证指数有限公司,主题指数,20031231,1000.0,20110510
h00095.SH,上证中游全收益,SSE,中证指数有限公司,主题指数,20031231,1000.0,20110510
h00096.SH,上证下游全收益,SSE,中证指数有限公司,主题指数,20031231,1000.0,20110510
h00097.SH,高端装备全收益,SSE,中证指数有限公司,主题指数,20041231,1000.0,20110524
h00098.SH,上证F200全收益,SSE,中证指数有限公司,策略指数,20041231,1000.0,20110701
h00099.SH,上证F300全收益,SSE,中证指数有限公司,策略指数,20041231,1000.0,20110701
h00100.SH,上证F500全收益,SSE,中证指数有限公司,策略指数,20041231,1000.0,20110701
h00102.SH,沪投资品全收益,SSE,中证指数有限公司,主题指数,20031231,1000.0,20110613
h00103.SH,沪消费品全收益,SSE,中证指数有限公司,主题指数,20031231,1000.0,20110613
h00104.SH,380能源全收益,SSE,中证指数有限公司,一级行业指数,20031231,1000.0,20110613
h00105.SH,380材料全收益,SSE,中证指数有限公司,一级行业指数,20031231,1000.0,20110613
h00106.SH,380工业全收益,SSE,中证指数有限公司,一级行业指数,20031231,1000.0,20110613
h00107.SH,380可选全收益,SSE,中证指数有限公司,一级行业指数,20031231,1000.0,20110613
h00108.SH,380消费全收益,SSE,中证指数有限公司,一级行业指数,20031231,1000.0,20110613
h00109.SH,380医药全收益,SSE,中证指数有限公司,一级行业指数,20031231,1000.0,20110613
h00110.SH,380金融全收益,SSE,中证指数有限公司,一级行业指数,20031231,1000.0,20110613
h00111.SH,380信息全收益,SSE,中证指数有限公司,一级行业指数,20031231,1000.0,20110613
h00112.SH,380电信全收益,SSE,中证指数有限公司,一级行业指数,20031231,1000.0,20110613
h00113.SH,380公用全收益,SSE,中证指数有限公司,一级行业指数,20031231,1000.0,20110613
h00114.SH,持续产业全收益,SSE,中证指数有限公司,主题指数,20110630,1000.0,20110822
h00115.SH,380等权全收益,SSE,中证指数有限公司,策略指数,20031231,1000.0,20110812
h00117.SH,380成长全收益,SSE,中证指数有限公司,风格指数,20031231,1000.0,20111018
h00118.SH,380价值全收益,SSE,中证指数有限公司,风格指数,20031231,1000.0,20111018
h00119.SH,380R成长全收益,SSE,中证指数有限公司,风格指数,20031231,1000.0,20111018
h00120.SH,380R价值全收益,SSE,中证指数有限公司,风格指数,20031231,1000.0,20111018
h00121.SH,医药主题全收益,SSE,中证指数有限公司,主题指数,20031231,1000.0,20111018
h00122.SH,农业主题全收益,SSE,中证指数有限公司,主题指数,20110630,1000.0,20111018
h00123.SH,上证180动态全收益,SSE,中证指数有限公司,策略指数,20020628,3299.06,20130208
h00125.SH,上证180稳定全收益,SSE,中证指数有限公司,策略指数,20020628,3299.06,20130208
h00126.SH,消费50全收益,SSE,中证指数有限公司,主题指数,20041231,1000.0,20111209
h00128.SH,380基本全收益,SSE,中证指数有限公司,策略指数,20031231,1000.0,20120109
h00129.SH,180波动全收益,SSE,中证指数有限公司,策略指数,20020628,3299.06,20120109
h00130.SH,380波动全收益,SSE,中证指数有限公司,策略指数,20031231,1000.0,20120109
h00131.SH,上证高新全收益,SSE,中证指数有限公司,主题指数,20110630,1000.0,20120210
h00132.SH,上证100全收益,SSE,中证指数有限公司,规模指数,20031231,1000.0,20120420
h00133.SH,上证150全收益,SSE,中证指数有限公司,规模指数,20031231,1000.0,20120420
h00134.SH,上证银行全收益,SSE,中证指数有限公司,主题指数,20071231,1000.0,20120529
h00135.SH,上证180高贝塔全收益,SSE,中证指数有限公司,策略指数,20020628,3299.06,20120806
h00136.SH,上证180低贝塔全收益,SSE,中证指数有限公司,策略指数,20020628,3299.06,20120806
h00137.SH,上证380高贝塔全收益,SSE,中证指数有限公司,策略指数,20031231,1000.0,20120806
h00138.SH,上证380低贝塔全收益,SSE,中证指数有限公司,策略指数,20031231,1000.0,20120806
h00141.SH,上证380动态全收益,SSE,中证指数有限公司,策略指数,20031231,1000.0,20130208
h00142.SH,上证380稳定全收益,SSE,中证指数有限公司,策略指数,20031231,1000.0,20130208
h00145.SH,优势资源全收益,SSE,中证指数有限公司,主题指数,20031231,1000.0,20120529
h00146.SH,优势制造全收益,SSE,中证指数有限公司,主题指数,20031231,1000.0,20120529
h00147.SH,优势消费全收益,SSE,中证指数有限公司,主题指数,20031231,1000.0,20120529
h00148.SH,消费领先全收益,SSE,中证指数有限公司,主题指数,20041231,1000.0,20120529
h00149.SH,上证180红利全收益,SSE,中证指数有限公司,策略指数,20041231,1000.0,20120720
h00150.SH,上证380红利全收益,SSE,中证指数有限公司,策略指数,20041231,1000.0,20120720
h00151.SH,上证国企红利全收益,SSE,中证指数有限公司,策略指数,20090630,1000.0,20120720
h00152.SH,上证央企红利全收益,SSE,中证指数有限公司,策略指数,20081231,1000.0,20120720
h00153.SH,上证民企红利全收益,SSE,中证指数有限公司,策略指数,20090630,1000.0,20120720
h00155.SH,上证市值百强全收益,SSE,中证指数有限公司,规模指数,20031231,1000.0,20120720
h00158.SH,上证环保全收益,SSE,中证指数有限公司,主题指数,20111230,1000.0,20120925
h00159.SH,沪股通全收益,SSE,中证指数有限公司,主题指数,20031231,1000.0,20141117
h00160.SH,沪新丝路全收益,SSE,中证指数有限公司,主题指数,20121231,1000.0,20150624
h00161.SH,沪中国造全收益,SSE,中证指数有限公司,主题指数,20120629,1000.0,20151029
h00162.SH,沪互联+全收益,SSE,中证指数有限公司,主题指数,20120629,1000.0,20151029
h00171.CSI,新兴成指全收益,CSI,中证指数有限公司,主题指数,20101231,1000.0,20170125
h00300.CSI,300收益,CSI,中证指数有限公司,规模指数,20041231,1000.0,20050408
h00801.CSI,资源80全收益,CSI,中证指数有限公司,主题指数,20041231,1000.0,20111108
h00802.CSI,500沪市全收益,CSI,中证指数有限公司,主题指数,20041231,1000.0,20111108
h00803.CSI,300波动全收益,CSI,中证指数有限公司,策略指数,20041231,1000.0,20120109
h00804.CSI,500波动全收益,CSI,中证指数有限公司,策略指数,20041231,1000.0,20120109
h00805.CSI,A股资源全收益,CSI,中证指数有限公司,主题指数,20041231,1000.0,20120106
h00806.CSI,消费服务全收益,CSI,中证指数有限公司,主题指数,20041231,1000.0,20120210
h00807.CSI,食品饮料全收益,CSI,中证指数有限公司,行业指数,20041231,1000.0,20120217
h00808.CSI,医药生物全收益,CSI,中证指数有限公司,行业指数,20041231,1000.0,20120217
h00811.CSI,细分有色全收益,CSI,中证指数有限公司,主题指数,20041231,1000.0,20120411
h00812.CSI,细分机械全收益,CSI,中证指数有限公司,主题指数,20041231,1000.0,20120411
h00813.CSI,细分化工全收益,CSI,中证指数有限公司,主题指数,20041231,1000.0,20120411
h00814.CSI,细分医药全收益,CSI,中证指数有限公司,主题指数,20041231,1000.0,20120411
h00815.CSI,细分食品全收益,CSI,中证指数有限公司,主题指数,20041231,1000.0,20120411
h00816.CSI,细分地产全收益,CSI,中证指数有限公司,主题指数,20041231,1000.0,20120411
h00817.CSI,兴证海峡全收益(退市),CSI,中证指数有限公司,主题指数,20110817,1000.0,20110927
h00818.CSI,细分金融全收益,CSI,中证指数有限公司,主题指数,20041231,1000.0,20120411
h00819.CSI,有色金属全收益,CSI,中证指数有限公司,行业指数,20041231,1000.0,20120509
h00820.CSI,煤炭指数全收益,CSI,中证指数有限公司,行业指数,20041231,1000.0,20120509
h00821.CSI,沪深300红利全收益,CSI,中证指数有限公司,策略指数,20041231,1000.0,20120720
h00822.CSI,中证500红利全收益,CSI,中证指数有限公司,策略指数,20041231,1000.0,20120720
h00824.CSI,中证国企红利全收益,CSI,中证指数有限公司,策略指数,20090630,1000.0,20120720
h00825.CSI,中证央企红利全收益,CSI,中证指数有限公司,策略指数,20081231,1000.0,20120720
h00826.CSI,中证民企红利全收益,CSI,中证指数有限公司,策略指数,20090630,1000.0,20120720
h00827.CSI,中证环保全收益,CSI,中证指数有限公司,主题指数,20111230,1000.0,20120925
h00828.CSI,沪深300高贝塔全收益,CSI,中证指数有限公司,策略指数,20041231,1000.0,20120806
h00829.CSI,沪深300低贝塔全收益,CSI,中证指数有限公司,策略指数,20041231,1000.0,20120806
h00830.CSI,中证500高贝塔全收益,CSI,中证指数有限公司,策略指数,20041231,1000.0,20120806
h00831.CSI,中证500低贝塔全收益,CSI,中证指数有限公司,策略指数,20041231,1000.0,20120806
h00838.CSI,中证创业价值全收益,CSI,中证指数有限公司,主题指数,20091231,1000.0,20120926
h00839.CSI,中证浙企综指全收益,CSI,中证指数有限公司,主题指数,20041231,1000.0,20121109
h00840.CSI,中证浙江民企全收益,CSI,中证指数有限公司,主题指数,20041231,1000.0,20121109
h00841.CSI,800医药(二级)全收益,CSI,中证指数有限公司,二级行业指数,20041231,1000.0,20121221
h00842.CSI,中证800等权全收益,CSI,中证指数有限公司,策略指数,20041231,1000.0,20121221
h00843.CSI,沪深300动态全收益,CSI,中证指数有限公司,策略指数,20041231,1000.0,20130107
h00844.CSI,沪深300稳定全收益,CSI,中证指数有限公司,策略指数,20041231,1000.0,20130107
h00846.CSI,中证ESG100全收益,CSI,中证指数有限公司,主题指数,20110630,1000.0,20121016
h00852.SH,中证1000全收益,SSE,中证指数有限公司,规模指数,20041231,1000.0,20141017
h00855.SH,央视500全收益,SSE,中证指数有限公司,主题指数,20091231,1000.0,20141103
h00859.CSI,国企一带一路全收益,CSI,中证指数有限公司,主题指数,20131231,1000.0,20190516
h00860.CSI,结构调整全收益,CSI,中证指数有限公司,主题指数,20141231,1000.0,20180326
h00861.CSI,央企创新全收益,CSI,中证指数有限公司,主题指数,20121231,1000.0,20190516
h00891.CSI,新兴综指全收益,CSI,中证指数有限公司,主题指数,20101231,1000.0,20170125
h00901.CSI,小康收益,CSI,中证指数有限公司,主题指数,20051230,1000.0,20100402
h00902.CSI,中证流通全收益,CSI,中证指数有限公司,综合指数,20051230,1000.0,20200311
h00903.CSI,A100收益,CSI,中证指数有限公司,规模指数,20051230,1000.0,20060529
h00904.CSI,200收益,CSI,中证指数有限公司,规模指数,20041231,1000.0,20070115
h00905.CSI,500收益,CSI,中证指数有限公司,规模指数,20041231,1000.0,20070115
h00906.CSI,800收益,CSI,中证指数有限公司,规模指数,20041231,1000.0,20070115
h00907.CSI,700收益,CSI,中证指数有限公司,规模指数,20041231,1000.0,20070115
h00908.CSI,300能源全收益,CSI,中证指数有限公司,一级行业指数,20041231,1000.0,20070702
h00909.CSI,300材料收益,CSI,中证指数有限公司,一级行业指数,20041231,1000.0,20070702
h00910.CSI,300工业收益,CSI,中证指数有限公司,一级行业指数,20041231,1000.0,20070702
h00911.CSI,300可选收益,CSI,中证指数有限公司,一级行业指数,20041231,1000.0,20070702
h00912.CSI,300消费收益,CSI,中证指数有限公司,一级行业指数,20041231,1000.0,20070702
h00913.CSI,300医药收益,CSI,中证指数有限公司,一级行业指数,20041231,1000.0,20070702
h00914.CSI,金融收益,CSI,中证指数有限公司,主题指数,20041231,1000.0,20070702
h00915.CSI,300信息收益,CSI,中证指数有限公司,一级行业指数,20041231,1000.0,20070702
h00916.CSI,300电信收益,CSI,中证指数有限公司,一级行业指数,20041231,1000.0,20070702
h00917.CSI,300公用收益,CSI,中证指数有限公司,一级行业指数,20041231,1000.0,20070702
h00918.CSI,300收成,CSI,中证指数有限公司,风格指数,20041231,1000.0,20080121
h00919.CSI,300收价,CSI,中证指数有限公司,风格指数,20041231,1000.0,20080121
h00920.CSI,300R收成,CSI,中证指数有限公司,风格指数,20041231,1000.0,20080121
h00921.CSI,300R收价,CSI,中证指数有限公司,风格指数,20041231,1000.0,20080121
h00922.CSI,中证红利全收益,CSI,中证指数有限公司,策略指数,20041231,1000.0,20080526
h00925.CSI,基面50收,CSI,中证指数有限公司,策略指数,20041231,1000.0,20090226
h00926.CSI,中证央收,CSI,中证指数有限公司,主题指数,20081231,1000.0,20090330
h00927.CSI,央100收,CSI,中证指数有限公司,主题指数,20081231,1000.0,20090330
h00928.CSI,800能源全收益,CSI,中证指数有限公司,一级行业指数,20041231,1000.0,20090703
h00929.CSI,800材料全收益,CSI,中证指数有限公司,一级行业指数,20041231,1000.0,20090703
h00930.CSI,800工业全收益,CSI,中证指数有限公司,一级行业指数,20041231,1000.0,20090703
h00931.CSI,800可选全收益,CSI,中证指数有限公司,一级行业指数,20041231,1000.0,20090703
h00932.CSI,800消费全收益,CSI,中证指数有限公司,一级行业指数,20041231,1000.0,20090703
h00933.CSI,800医卫全收益,CSI,中证指数有限公司,一级行业指数,20041231,1000.0,20090703
h00934.CSI,800金地全收益,CSI,中证指数有限公司,主题指数,20041231,1000.0,20090703
h00935.CSI,800信息全收益,CSI,中证指数有限公司,一级行业指数,20041231,1000.0,20090703
h00936.CSI,800通信全收益,CSI,中证指数有限公司,一级行业指数,20041231,1000.0,20090703
h00937.CSI,800公用全收益,CSI,中证指数有限公司,一级行业指数,20041231,1000.0,20090703
h00938.CSI,中民企收,CSI,中证指数有限公司,主题指数,20090630,1000.0,20090825
h00939.CSI,民企成长(全),CSI,中证指数有限公司,主题指数,20131213,1000.0,20090825
h00940.CSI,财富大收,CSI,中证指数有限公司,策略指数,20041231,1000.0,20090925
h00941.CSI,新能源收,CSI,中证指数有限公司,主题指数,20081231,1000.0,20091028
h00942.CSI,内地消收,CSI,中证指数有限公司,主题指数,20041231,1000.0,20091028
h00943.CSI,新基建50全收益,CSI,中证指数有限公司,主题指数,20141231,1000.0,20091028
h00944.CSI,内地资收,CSI,中证指数有限公司,主题指数,20041231,1000.0,20091028
h00945.CSI,内地运收,CSI,中证指数有限公司,主题指数,20041231,1000.0,20091028
h00947.CSI,内地银收,CSI,中证指数有限公司,主题指数,20041231,1000.0,20091028
h00948.CSI,内地地收,CSI,中证指数有限公司,主题指数,20041231,1000.0,20091028
h00949.CSI,中证农业全收益,CSI,中证指数有限公司,主题指数,20041231,1000.0,20091028
h00950.CSI,300基收,CSI,中证指数有限公司,主题指数,20041231,1000.0,20091028
h00951.CSI,300银收,CSI,中证指数有限公司,二级行业指数,20041231,1000.0,20091028
h00952.CSI,300地产,CSI,中证指数有限公司,一级行业指数,20041231,1000.0,20091028
h00953.CSI,中证地企全收益,CSI,中证指数有限公司,主题指数,20090630,1000.0,20100209
h00954.CSI,地企100全收益,CSI,中证指数有限公司,主题指数,20090630,1000.0,20100209
h00955.CSI,中证国企全收益,CSI,中证指数有限公司,主题指数,20090630,1000.0,20100209
h00956.CSI,国企200全收益,CSI,中证指数有限公司,主题指数,20090630,1000.0,20100209
h00957.CSI,300运输全收益,CSI,中证指数有限公司,二级行业指数,20041231,1000.0,20100317
h00958.CSI,创业成长全收益,CSI,中证指数有限公司,主题指数,20091231,1000.0,20100324
h00959.CSI,银河99全收益,CSI,中证指数有限公司,主题指数,20041231,1000.0,20100209
h00961.CSI,中证上游全收益,CSI,中证指数有限公司,主题指数,20041231,1000.0,20100416
h00962.CSI,中证中游全收益,CSI,中证指数有限公司,主题指数,20041231,1000.0,20100416
h00963.CSI,中证下游全收益,CSI,中证指数有限公司,主题指数,20041231,1000.0,20100416
h00964.CSI,中证新兴全收益,CSI,中证指数有限公司,主题指数,20041231,1000.0,20100430
h00965.CSI,基本200全收益,CSI,中证指数有限公司,策略指数,20041231,1000.0,20100602
h00966.CSI,基本400全收益,CSI,中证指数有限公司,策略指数,20041231,1000.0,20100602
h00967.CSI,基本600全收益,CSI,中证指数有限公司,策略指数,20041231,1000.0,20100602
h00968.CSI,300周期全收益,CSI,中证指数有限公司,主题指数,20041231,1000.0,20100528
h00969.CSI,300非周全收益,CSI,中证指数有限公司,主题指数,20041231,1000.0,20100528
h00970.CSI,ESG40全收益,CSI,中证指数有限公司,主题指数,20100630,1000.0,20100917
h00971.CSI,等权90全收益,CSI,中证指数有限公司,策略指数,20031231,1000.0,20101202
h00972.CSI,300沪市全收益,CSI,中证指数有限公司,主题指数,20041231,1000.0,20101202
h00973.CSI,技术领先全收益(退市),CSI,中证指数有限公司,主题指数,20031231,1000.0,20110104
h00975.CSI,钱江30全收益,CSI,中证指数有限公司,主题指数,20091231,1000.0,20140102
h00976.SH,新华金牛全收益(退市),SSE,中证指数有限公司,主题指数,20041231,1000.0,20140218
h00977.CSI,内地低碳全收益,CSI,中证指数有限公司,主题指数,20100630,1000.0,20110121
h00978.CSI,医药100全收益,CSI,中证指数有限公司,主题指数,20041231,1000.0,20110318
h00979.CSI,大宗商品全收益,CSI,中证指数有限公司,主题指数,20041231,1000.0,20110822
h00980.CSI,中证超大全收益,CSI,中证指数有限公司,规模指数,20041231,1000.0,20110510
h00981.CSI,300分层全收益,CSI,中证指数有限公司,策略指数,20041231,1000.0,20110613
h00982.CSI,500等权全收益,CSI,中证指数有限公司,策略指数,20041231,1000.0,20110613
h00983.CSI,智能资产全收益(退市),CSI,中证指数有限公司,主题指数,20060630,1000.0,20110617
h00984.CSI,300等权全收益,CSI,中证指数有限公司,策略指数,20041231,1000.0,20110802
h00985.CSI,中证全指全收益,CSI,中证指数有限公司,规模指数,20041231,1000.0,20110802
h00986.CSI,全指能源全收益,CSI,中证指数有限公司,一级行业指数,20041231,1000.0,20110802
h00987.CSI,全指材料全收益,CSI,中证指数有限公司,一级行业指数,20041231,1000.0,20110802
h00988.CSI,全指工业全收益,CSI,中证指数有限公司,一级行业指数,20041231,1000.0,20110802
h00989.CSI,全指可选全收益,CSI,中证指数有限公司,一级行业指数,20041231,1000.0,20110802
h00990.CSI,全指消费全收益,CSI,中证指数有限公司,一级行业指数,20041231,1000.0,20110802
h00991.CSI,全指医药全收益,CSI,中证指数有限公司,一级行业指数,20041231,1000.0,20110802
h00992.CSI,金融地产全收益,CSI,中证指数有限公司,主题指数,20041231,1000.0,20110802
h00993.CSI,全指信息全收益,CSI,中证指数有限公司,一级行业指数,20041231,1000.0,20110802
h00994.CSI,全指电信全收益,CSI,中证指数有限公司,一级行业指数,20041231,1000.0,20110802
h00995.CSI,全指公用全收益,CSI,中证指数有限公司,一级行业指数,20041231,1000.0,20110802
h00996.CSI,领先行业全收益(退市),CSI,中证指数有限公司,主题指数,20041231,1000.0,20110802
h00997.CSI,大消费全收益(退市),CSI,中证指数有限公司,主题指数,20041231,1000.0,20111111
h00998.CSI,中证TMT全收益,CSI,中证指数有限公司,主题指数,20110630,1000.0,20111108
h00999.CSI,光大阳光,CSI,中证指数有限公司,策略指数,20041231,1000.0,20080801
h01051.CSI,钢铁产业,CSI,中证指数有限公司,主题指数,20081231,1000.0,20090722
h01052.CSI,智能电车全收益,CSI,中证指数有限公司,主题指数,20141231,1000.0,20090722
h01053.CSI,纺织产业,CSI,中证指数有限公司,主题指数,20081231,1000.0,20090722
h01054.CSI,装备产业,CSI,中证指数有限公司,主题指数,20081231,1000.0,20090722
h01055.CSI,船舶产业,CSI,中证指数有限公司,主题指数,20081231,1000.0,20090722
h01057.CSI,石化产业,CSI,中证指数有限公司,主题指数,20081231,1000.0,20090722
h01058.CSI,轻工产业,CSI,中证指数有限公司,主题指数,20081231,1000.0,20090722
h01059.CSI,工业有色全收益,CSI,中证指数有限公司,主题指数,20081231,1000.0,20090722
h01060.CSI,物流产业,CSI,中证指数有限公司,主题指数,20081231,1000.0,20090722
h01100.CSI,香港100全收益,CSI,中证指数有限公司,规模指数,20041231,1000.0,20080507
h01101.CSI,香港100人民币全收益,CSI,中证指数有限公司,规模指数,20041231,1000.0,20080507
h01102.CSI,非港内地全收益,CSI,中证指数有限公司,主题指数,20041231,1000.0,20081110
h01103.CSI,香港内地50人民币全收益,CSI,中证指数有限公司,规模指数,20041231,1000.0,20081110
h01104.CSI,海外内地全收益,CSI,中证指数有限公司,主题指数,20041231,1000.0,20081110
h01105.CSI,非台海外全收益,CSI,中证指数有限公司,规模指数,20041231,1000.0,20081110
h01106.CSI,非台华股全收益,CSI,中证指数有限公司,规模指数,20041231,1000.0,20081110
h01108.CSI,两岸三地全收益,CSI,中证指数有限公司,规模指数,20041231,1000.0,20100118
h01110.CSI,香港F50全收益,CSI,中证指数有限公司,策略指数,20041231,1000.0,20100602
h01111.CSI,香港F50人民币全收益,CSI,中证指数有限公司,策略指数,20041231,1000.0,20100602
h01112.CSI,非港内地美元全收益,CSI,中证指数有限公司,主题指数,20041231,1000.0,20081110
h01113.CSI,中国低碳全收益,CSI,中证指数有限公司,主题指数,20061231,1000.0,20110216
h01114.CSI,海外内地美元全收益,CSI,中证指数有限公司,主题指数,20041231,1000.0,20081110
h01115.CSI,非台海外美元全收益,CSI,中证指数有限公司,规模指数,20041231,1000.0,20081110
h01116.CSI,非台华股美元全收益,CSI,中证指数有限公司,规模指数,20041231,1000.0,20081110
h01118.CSI,两岸三地(全)U$,CSI,中证指数有限公司,规模指数,20041231,1000.0,20100118
h01120.CSI,香港中盘精选全收益,CSI,中证指数有限公司,主题指数,20041231,1000.0,20110428
h01121.CSI,富国多空全收益,CSI,中证指数有限公司,策略指数,20051231,1000.0,20110726
h01123.CSI,香港内地50全收益,CSI,中证指数有限公司,规模指数,20041231,1000.0,20081110
h01124.CSI,海外内地港元全收益,CSI,中证指数有限公司,主题指数,20041231,1000.0,20081110
h01125.CSI,非台海外港元全收益,CSI,中证指数有限公司,规模指数,20041231,1000.0,20081110
h01126.CSI,非台华股港元全收益,CSI,中证指数有限公司,规模指数,20041231,1000.0,20081110
h01128.CSI,两岸三地(全)HKD,CSI,中证指数有限公司,规模指数,20041231,1000.0,20100118
h01130.CSI,海外中国品牌80全收益(退市),CSI,中证指数有限公司,主题指数,20070629,1000.0,20110610
h01131.CSI,海外中国品牌80美元全收益(退市),CSI,中证指数有限公司,主题指数,20070629,1000.0,20110610
h01134.CSI,中证中国东盟180(全),CSI,中证指数有限公司,规模指数,20041231,1000.0,20110812
h01135.CSI,中国东盟180(全)U$,CSI,中证指数有限公司,规模指数,20041231,1000.0,20110812
h01136.CSI,中国互联网全收益,CSI,中证指数有限公司,主题指数,20070629,1000.0,20110920
h01137.CSI,中国互联网美元全收益,CSI,中证指数有限公司,主题指数,20070629,1000.0,20110920
h01138.CSI,两岸三地(全)TWD,CSI,中证指数有限公司,规模指数,20041231,1000.0,20100118
h01140.CSI,香港红利全收益,CSI,中证指数有限公司,策略指数,20041231,1000.0,20090723
h01141.CSI,香港红利人民币全收益,CSI,中证指数有限公司,策略指数,20041231,1000.0,20090723
h01142.CSI,HKT香港地产全收益,CSI,中证指数有限公司,主题指数,20071231,1000.0,20100602
h01143.CSI,港股通内地地产全收益,CSI,中证指数有限公司,主题指数,20071231,1000.0,20100602
h01144.CSI,HKT内地消费全收益,CSI,中证指数有限公司,主题指数,20071231,1000.0,20100602
h01145.CSI,HKT内地银行全收益,CSI,中证指数有限公司,主题指数,20071231,1000.0,20100602
h01146.CSI,港股通内地金融全收益,CSI,中证指数有限公司,主题指数,20071231,1000.0,20100602
h01147.CSI,HKT香港地产(全)CNY,CSI,中证指数有限公司,主题指数,20071231,1000.0,20100602
h01148.CSI,港股通内地地产(全)CNY,CSI,中证指数有限公司,主题指数,20071231,1000.0,20100602
h01149.CSI,HKT内地消费(全)CNY,CSI,中证指数有限公司,主题指数,20071231,1000.0,20100602
h01150.CSI,HKT内地银行(全)CNY,CSI,中证指数有限公司,主题指数,20071231,1000.0,20100602
h01151.CSI,港股通内地金融(全)CNY,CSI,中证指数有限公司,主题指数,20071231,1000.0,20100602
h01152.CSI,内地民营全收益,CSI,中证指数有限公司,主题指数,20071231,1000.0,20100730
h01153.CSI,内地国有全收益,CSI,中证指数有限公司,主题指数,20071231,1000.0,20100730
h01154.CSI,内地民营(全)CNY,CSI,中证指数有限公司,主题指数,20071231,1000.0,20100730
h01155.CSI,内地国有人民币全收益,CSI,中证指数有限公司,主题指数,20071231,1000.0,20100730
h01156.CSI,中国可选消费(全),CSI,中证指数有限公司,一级行业指数,20070629,1000.0,20120208
h01157.CSI,中国可选消费(全)U,CSI,中证指数有限公司,一级行业指数,20070629,1000.0,20120208
h01158.CSI,中国主要消费全收益,CSI,中证指数有限公司,一级行业指数,20070629,1000.0,20120208
h01159.CSI,中国主要消费(全)U,CSI,中证指数有限公司,一级行业指数,20070629,1000.0,20120208
h01160.CSI,中国五年规划全收益,CSI,中证指数有限公司,主题指数,20070629,681.966,20120423
h01161.CSI,中国五年规划(全)美元,CSI,中证指数有限公司,主题指数,20070629,682.005,20120423
h01162.CSI,中国城市化全收益,CSI,中证指数有限公司,主题指数,20070629,1000.0,20120423
h01163.CSI,中国城市化美元全收益,CSI,中证指数有限公司,主题指数,20070629,1000.0,20120423
h01164.CSI,中证香港300全收益,CSI,中证指数有限公司,规模指数,20041231,1000.0,20120720
h01165.CSI,中证香港200全收益,CSI,中证指数有限公司,规模指数,20041231,1000.0,20120720
h01166.CSI,中证HK300内地全收益,CSI,中证指数有限公司,规模指数,20041231,1000.0,20121016
h01167.CSI,中证HK300本地全收益,CSI,中证指数有限公司,规模指数,20041231,1000.0,20121016
h01168.CSI,中证香港300人民币全收益,CSI,中证指数有限公司,规模指数,20041231,1000.0,20120720
h01169.CSI,中证香港200人民币全收益,CSI,中证指数有限公司,规模指数,20041231,1000.0,20120720
h01170.CSI,中证HK300内地人民币全收益,CSI,中证指数有限公司,规模指数,20041231,1000.0,20121016
h01171.CSI,中证HK300本地人民币全收益,CSI,中证指数有限公司,规模指数,20041231,1000.0,20121016
h01172.CSI,中证HK300V全收益,CSI,中证指数有限公司,价值指数,20041231,1000.0,20121016
h01173.CSI,中证HK300G全收益,CSI,中证指数有限公司,成长指数,20041231,1000.0,20121016
h01174.CSI,中证HK300RV全收益,CSI,中证指数有限公司,风格指数,20041231,1000.0,20121016
h01175.CSI,中证HK300RG全收益,CSI,中证指数有限公司,风格指数,20041231,1000.0,20121016
h01176.CSI,中证HK300V人民币全收益,CSI,中证指数有限公司,风格指数,20041231,1000.0,20121016
h01177.CSI,中证HK300G人民币全收益,CSI,中证指数有限公司,风格指数,20041231,1000.0,20121016
h01178.CSI,中证HK300RV人民币全收益,CSI,中证指数有限公司,风格指数,20041231,1000.0,20121016
h01179.CSI,中证HK300RG人民币全收益,CSI,中证指数有限公司,风格指数,20041231,1000.0,20121016
h01181.CSI,中证金砖国家全收益,CSI,中证指数有限公司,规模指数,20051230,1000.0,20121016
h01182.CSI,中证金砖USD全收益,CSI,中证指数有限公司,规模指数,20051230,1000.0,20121016
h01183.CSI,中证金砖(HK)全收益,CSI,中证指数有限公司,规模指数,20051230,1000.0,20121016
h01184.CSI,中证金砖(HK) U全收益,CSI,中证指数有限公司,规模指数,20051230,1000.0,20121016
h11030.CSI,AMAC农林,CSI,中证指数有限公司,一级行业指数,20081231,1000.0,20090615
h11031.CSI,AMAC采矿,CSI,中证指数有限公司,一级行业指数,20081231,1000.0,20090615
h11032.CSI,SAC食品(退市),CSI,中证指数有限公司,一级行业指数,20081231,1000.0,20090615
h11033.CSI,SAC纺织(退市),CSI,中证指数有限公司,一级行业指数,20081231,1000.0,20090615
h11034.CSI,SAC木材(退市),CSI,中证指数有限公司,一级行业指数,20081231,1000.0,20090615
h11035.CSI,SAC造纸(退市),CSI,中证指数有限公司,一级行业指数,20081231,1000.0,20090615
h11036.CSI,SAC石化(退市),CSI,中证指数有限公司,一级行业指数,20081231,1000.0,20090615
h11037.CSI,SAC电子(退市),CSI,中证指数有限公司,一级行业指数,20081231,1000.0,20090615
h11038.CSI,SAC金属(退市),CSI,中证指数有限公司,一级行业指数,20081231,1000.0,20090615
h11039.CSI,SAC机械(退市),CSI,中证指数有限公司,一级行业指数,20081231,1000.0,20090615
h11040.CSI,SAC医药(退市),CSI,中证指数有限公司,一级行业指数,20081231,1000.0,20090615
h11041.CSI,AMAC公用,CSI,中证指数有限公司,一级行业指数,20081231,1000.0,20090615
h11042.CSI,AMAC建筑,CSI,中证指数有限公司,一级行业指数,20081231,1000.0,20090615
h11043.CSI,AMAC交运,CSI,中证指数有限公司,一级行业指数,20081231,1000.0,20090615
h11044.CSI,AMAC信息,CSI,中证指数有限公司,一级行业指数,20081231,1000.0,20090615
h11045.CSI,AMAC批零,CSI,中证指数有限公司,一级行业指数,20081231,1000.0,20090615
h11046.CSI,AMAC金融,CSI,中证指数有限公司,一级行业指数,20081231,1000.0,20090615
h11047.CSI,AMAC地产,CSI,中证指数有限公司,一级行业指数,20081231,1000.0,20090615
h11048.CSI,SAC服务(退市),CSI,中证指数有限公司,一级行业指数,20081231,1000.0,20090615
h11049.CSI,AMAC文体,CSI,中证指数有限公司,一级行业指数,20081231,1000.0,20090615
h11050.CSI,AMAC综企,CSI,中证指数有限公司,一级行业指数,20081231,1000.0,20090615
h11051.CSI,钢铁产业,CSI,中证指数有限公司,主题指数,20081231,1000.0,20090722
h11052.CSI,智能电车,CSI,中证指数有限公司,主题指数,20141231,1000.0,20090722
h11053.CSI,纺织产业,CSI,中证指数有限公司,主题指数,20081231,1000.0,20090722
h11054.CSI,装备产业,CSI,中证指数有限公司,主题指数,20081231,1000.0,20090722
h11055.CSI,船舶产业,CSI,中证指数有限公司,主题指数,20081231,1000.0,20090722
h11057.CSI,石化产业,CSI,中证指数有限公司,主题指数,20081231,1000.0,20090722
h11058.CSI,轻工产业,CSI,中证指数有限公司,主题指数,20081231,1000.0,20090722
h11059.CSI,工业有色,CSI,中证指数有限公司,主题指数,20081231,1000.0,20090722
h11060.CSI,物流产业,CSI,中证指数有限公司,主题指数,20081231,1000.0,20090722
h11100.CSI,香港100,CSI,中证指数有限公司,规模指数,20041231,1000.0,20080507
h11101.CSI,香港100人民币,CSI,中证指数有限公司,规模指数,20041231,1000.0,20080507
h11102.CSI,非港内地,CSI,中证指数有限公司,主题指数,20041231,1000.0,20081110
h11103.CSI,香港内地50人民币,CSI,中证指数有限公司,规模指数,20041231,1000.0,20081110
h11104.CSI,海外内地,CSI,中证指数有限公司,主题指数,20041231,1000.0,20081110
h11105.CSI,非台海外,CSI,中证指数有限公司,规模指数,20041231,1000.0,20081110
h11106.CSI,非台华股,CSI,中证指数有限公司,规模指数,20041231,1000.0,20081110
h11108.CSI,两岸三地,CSI,中证指数有限公司,规模指数,20041231,1000.0,20100118
h11110.CSI,香港F50,CSI,中证指数有限公司,策略指数,20041231,1000.0,20100602
h11111.CSI,香港F50人民币,CSI,中证指数有限公司,策略指数,20041231,1000.0,20100602
h11112.CSI,非港内地美元,CSI,中证指数有限公司,主题指数,20041231,1000.0,20081110
h11113.CSI,中国低碳,CSI,中证指数有限公司,主题指数,20061231,1000.0,20110216
h11114.CSI,海外内地美元,CSI,中证指数有限公司,主题指数,20041231,1000.0,20081110
h11115.CSI,非台海外美元,CSI,中证指数有限公司,规模指数,20041231,1000.0,20081110
h11116.CSI,非台华股美元,CSI,中证指数有限公司,规模指数,20041231,1000.0,20081110
h11118.CSI,两岸三地美元,CSI,中证指数有限公司,规模指数,20041231,1000.0,20100118
h11120.CSI,香港中盘精选,CSI,中证指数有限公司,主题指数,20041231,1000.0,20110428
h11121.CSI,富国多空,CSI,中证指数有限公司,策略指数,20051231,1000.0,20110726
h11123.CSI,香港内地50,CSI,中证指数有限公司,规模指数,20041231,1000.0,20081110
h11124.CSI,海外内地港元,CSI,中证指数有限公司,主题指数,20041231,1000.0,20081110
h11125.CSI,非台海外港元,CSI,中证指数有限公司,规模指数,20041231,1000.0,20081110
h11126.CSI,非台华股港元,CSI,中证指数有限公司,规模指数,20041231,1000.0,20081110
h11128.CSI,两岸三地港元,CSI,中证指数有限公司,规模指数,20041231,1000.0,20100118
h11130.CSI,海外中国品牌80(人民币)(退市),CSI,中证指数有限公司,主题指数,20070629,1000.0,20110610
h11131.CSI,海外中国品牌80(美元)(退市),CSI,中证指数有限公司,主题指数,20070629,1000.0,20110610
h11134.CSI,中证中国东盟180,CSI,中证指数有限公司,规模指数,20041231,1000.0,20110812
h11135.CSI,中证中国东盟180美元,CSI,中证指数有限公司,规模指数,20041231,1000.0,20110812
h11136.CSI,中国互联网,CSI,中证指数有限公司,主题指数,20070629,1000.0,20110920
h11136EUR13.CSI,中国互联网EUR(CNH)(LN),CSI,中证指数有限公司,主题指数,20200930,10890.552,20110920
h11136EUR14.CSI,中国互联网(全)EUR(CNH)(LN),CSI,中证指数有限公司,主题指数,20200930,11620.704,20110920
h11136GBP13.CSI,中国互联网GBP(CNH)(LN),CSI,中证指数有限公司,主题指数,20200930,14716.63,20110920
h11136GBP14.CSI,中国互联网(全)GBP(CNH)(LN),CSI,中证指数有限公司,主题指数,20200930,15703.298,20110920
h11137.CSI,中国互联网美元,CSI,中证指数有限公司,主题指数,20070629,1000.0,20110920
h11138.CSI,两岸三地新台币,CSI,中证指数有限公司,规模指数,20041231,1000.0,20100118
h11140.CSI,香港红利,CSI,中证指数有限公司,策略指数,20041231,1000.0,20090723
h11141.CSI,香港红利人民币,CSI,中证指数有限公司,策略指数,20041231,1000.0,20090723
h11142.CSI,HKT香港地产,CSI,中证指数有限公司,主题指数,20071231,1000.0,20100602
h11143.CSI,港股通内地地产,CSI,中证指数有限公司,主题指数,20071231,1000.0,20100602
h11144.CSI,HKT内地消费,CSI,中证指数有限公司,主题指数,20071231,1000.0,20100602
h11145.CSI,HKT内地银行,CSI,中证指数有限公司,主题指数,20071231,1000.0,20100602
h11146.CSI,港股通内地金融,CSI,中证指数有限公司,主题指数,20071231,1000.0,20100602
h11147.CSI,HKT香港地产CNY,CSI,中证指数有限公司,主题指数,20071231,1000.0,20100602
h11148.CSI,港股通内地地产人民币,CSI,中证指数有限公司,主题指数,20071231,1000.0,20100602
h11149.CSI,HKT内地消费人民币,CSI,中证指数有限公司,主题指数,20071231,1000.0,20100602
h11150.CSI,HKT内地银行人民币,CSI,中证指数有限公司,主题指数,20071231,1000.0,20100602
h11151.CSI,港股通内地金融人民币,CSI,中证指数有限公司,主题指数,20071231,1000.0,20100602
h11152.CSI,内地民营,CSI,中证指数有限公司,主题指数,20071231,1000.0,20100730
h11153.CSI,内地国有,CSI,中证指数有限公司,主题指数,20071231,1000.0,20100730
h11154.CSI,内地民营人民币,CSI,中证指数有限公司,主题指数,20071231,1000.0,20100730
h11155.CSI,内地国有人民币,CSI,中证指数有限公司,主题指数,20071231,1000.0,20100730
h11156.CSI,中国可选消费,CSI,中证指数有限公司,主题指数,20070629,1000.0,20120208
h11157.CSI,中国可选消费U$,CSI,中证指数有限公司,一级行业指数,20070629,1000.0,20120208
h11158.CSI,中国主要消费,CSI,中证指数有限公司,主题指数,20070629,1000.0,20120208
h11159.CSI,中国主要消费美元,CSI,中证指数有限公司,一级行业指数,20070629,1000.0,20120208
h11160.CSI,中国五年规划,CSI,中证指数有限公司,主题指数,20070629,679.999,20120423
h11161.CSI,中国五年规划美元,CSI,中证指数有限公司,主题指数,20070629,680.038,20120423
h11162.CSI,中国城市化,CSI,中证指数有限公司,主题指数,20070629,1000.0,20120423
h11163.CSI,中国城市化美元,CSI,中证指数有限公司,主题指数,20070629,1000.0,20120423
h11164.CSI,中证香港300,CSI,中证指数有限公司,规模指数,20041231,1000.0,20120720
h11165.CSI,中证香港200,CSI,中证指数有限公司,规模指数,20041231,1000.0,20120720
h11166.CSI,中证HK300内地,CSI,中证指数有限公司,规模指数,20041231,1000.0,20121016
h11167.CSI,中证HK300本地,CSI,中证指数有限公司,规模指数,20041231,1000.0,20121016
h11168.CSI,中证香港300人民币,CSI,中证指数有限公司,规模指数,20041231,1000.0,20120720
h11169.CSI,中证香港200人民币,CSI,中证指数有限公司,规模指数,20041231,1000.0,20120720
h11170.CSI,中证HK300内地人民币,CSI,中证指数有限公司,规模指数,20041231,1000.0,20121016
h11171.CSI,中证HK300本地人民币,CSI,中证指数有限公司,规模指数,20041231,1000.0,20121016
h11172.CSI,中证HK300V,CSI,中证指数有限公司,风格指数,20041231,1000.0,20121016
h11173.CSI,中证HK300G,CSI,中证指数有限公司,风格指数,20041231,1000.0,20121016
h11174.CSI,中证HK300RV,CSI,中证指数有限公司,风格指数,20041231,1000.0,20121016
h11175.CSI,中证HK300RG,CSI,中证指数有限公司,风格指数,20041231,1000.0,20121016
h11176.CSI,中证HK300V人民币,CSI,中证指数有限公司,风格指数,20041231,1000.0,20121016
h11177.CSI,中证HK300G人民币,CSI,中证指数有限公司,风格指数,20041231,1000.0,20121016
h11178.CSI,中证HK300RV人民币,CSI,中证指数有限公司,风格指数,20041231,1000.0,20121016
h11179.CSI,中证HK300RG人民币,CSI,中证指数有限公司,风格指数,20041231,1000.0,20121016
h11180.CSI,中证合成期权,CSI,中证指数有限公司,策略指数,20041231,1000.0,20121016
h11181.CSI,中证金砖国家,CSI,中证指数有限公司,规模指数,20051230,1000.0,20121016
h11182.CSI,中证金砖USD,CSI,中证指数有限公司,规模指数,20051230,1000.0,20121016
h11183.CSI,中证金砖(HK),CSI,中证指数有限公司,规模指数,20051230,1000.0,20121016
h11184.CSI,中证金砖(HK) U,CSI,中证指数有限公司,规模指数,20051230,1000.0,20121016
h20001.CSI,中证环渤海全收益,CSI,中证指数有限公司,主题指数,20041231,1000.0,20120927
h20002.CSI,中证长三角全收益,CSI,中证指数有限公司,主题指数,20041231,1000.0,20120927
h20004.CSI,中证中部崛起全收益,CSI,中证指数有限公司,主题指数,20041231,1000.0,20120927
h20005.CSI,中证西部开发全收益,CSI,中证指数有限公司,主题指数,20041231,1000.0,20120927
h20006.CSI,中证东北振兴全收益,CSI,中证指数有限公司,主题指数,20041231,1000.0,20120927
h20007.CSI,中证芯片产业全收益,CSI,中证指数有限公司,主题指数,20151231,1000.0,20121220
h20011.CSI,中证800材料全收益,CSI,中证指数有限公司,主题指数,20041231,1000.0,20121221
h20012.CSI,中证800资本全收益,CSI,中证指数有限公司,主题指数,20041231,1000.0,20121221
h20013.CSI,800商业全收益,CSI,中证指数有限公司,二级行业指数,20041231,1000.0,20121221
h20014.CSI,800运输全收益,CSI,中证指数有限公司,二级行业指数,20041231,1000.0,20121221
h20015.CSI,中证800汽车全收益,CSI,中证指数有限公司,主题指数,20041231,1000.0,20121221
h20016.CSI,800耐用全收益,CSI,中证指数有限公司,二级行业指数,20041231,1000.0,20121221
h20017.CSI,800服务全收益,CSI,中证指数有限公司,二级行业指数,20041231,1000.0,20121221
h20018.CSI,800传媒全收益,CSI,中证指数有限公司,二级行业指数,20041231,1000.0,20121221
h20019.CSI,800零售全收益,CSI,中证指数有限公司,二级行业指数,20041231,1000.0,20121221
h20020.CSI,800食品全收益,CSI,中证指数有限公司,二级行业指数,20041231,1000.0,20121221
h20022.CSI,800银行全收益,CSI,中证指数有限公司,二级行业指数,20041231,1000.0,20121221
h20023.CSI,800资本全收益,CSI,中证指数有限公司,二级行业指数,20041231,1000.0,20121221
h20024.CSI,800保险全收益,CSI,中证指数有限公司,二级行业指数,20071231,1000.0,20121221
h20025.CSI,800地产全收益,CSI,中证指数有限公司,一级行业指数,20041231,1000.0,20121221
h20031.CSI,800有色全收益,CSI,中证指数有限公司,二级行业指数,20041231,1000.0,20121221
h20033.CSI,800证保全收益,CSI,中证指数有限公司,主题指数,20041231,1000.0,20121221
h20034.CSI,中证300有色全收益,CSI,中证指数有限公司,二级行业指数,20041231,1000.0,20121221
h20035.CSI,中证300非银金融全收益,CSI,中证指数有限公司,主题指数,20041231,1000.0,20121221
h20068.CSI,中证文化全收益,CSI,中证指数有限公司,主题指数,20120629,1000.0,20130326
h20073.CSI,中证红利回报全收益,CSI,中证指数有限公司,主题指数,20041231,1000.0,20130327
h20074.CSI,中证服务全收益,CSI,中证指数有限公司,主题指数,20041231,1000.0,20130326
h20079.CSI,沪深300信服全收益,CSI,中证指数有限公司,主题指数,20041231,1000.0,20130509
h20080.CSI,沪深300消服全收益,CSI,中证指数有限公司,主题指数,20041231,1000.0,20130509
h20081.CSI,沪深300公运全收益,CSI,中证指数有限公司,主题指数,20041231,1000.0,20130509
h20086.CSI,800金融全收益,CSI,中证指数有限公司,一级行业指数,20041231,1000.0,20130509
h20087.CSI,中证500动态全收益,CSI,中证指数有限公司,策略指数,20041231,1000.0,20130509
h20088.CSI,中证500稳定全收益,CSI,中证指数有限公司,策略指数,20041231,1000.0,20130509
h20089.CSI,红利潜力全收益,CSI,中证指数有限公司,主题指数,20051230,1000.0,20130702
h20090.CSI,能源红利全收益,CSI,中证指数有限公司,策略指数,20051230,1000.0,20130702
h20091.CSI,材料红利全收益,CSI,中证指数有限公司,策略指数,20051230,1000.0,20130702
h20092.CSI,工业红利全收益,CSI,中证指数有限公司,策略指数,20051230,1000.0,20130702
h20093.CSI,可选红利全收益,CSI,中证指数有限公司,策略指数,20051230,1000.0,20130702
h20094.CSI,消费红利全收益,CSI,中证指数有限公司,策略指数,20051230,1000.0,20130702
h20095.CSI,医药红利全收益,CSI,中证指数有限公司,策略指数,20051230,1000.0,20130702
h20096.CSI,金融红利全收益,CSI,中证指数有限公司,策略指数,20051230,1000.0,20130702
h20097.CSI,信息红利全收益,CSI,中证指数有限公司,策略指数,20051230,1000.0,20130702
h20098.CSI,电信红利全收益,CSI,中证指数有限公司,策略指数,20051230,1000.0,20130702
h20099.CSI,公用红利全收益,CSI,中证指数有限公司,策略指数,20051230,1000.0,20130702
h20100.CSI,港股通上游资源(全),CSI,中证指数有限公司,主题指数,20041231,1000.0,20130521
h20101.CSI,H300中游港币(全),CSI,中证指数有限公司,主题指数,20041231,1000.0,20130521
h20102.CSI,H300下游港币(全),CSI,中证指数有限公司,主题指数,20041231,1000.0,20130521
h20103.CSI,H300周期港币(全),CSI,中证指数有限公司,主题指数,20041231,1000.0,20130521
h20104.CSI,H300非周期港币(全),CSI,中证指数有限公司,主题指数,20041231,1000.0,20130521
h20105.CSI,H300地产港币(全),CSI,中证指数有限公司,一级行业指数,20041231,1000.0,20130521
h20106.CSI,H300金融服务港币(全),CSI,中证指数有限公司,主题指数,20041231,1000.0,20130521
h20107.CSI,H300现代服务港币(全),CSI,中证指数有限公司,主题指数,20041231,1000.0,20130521
h20109.CSI,H300消费港币(全),CSI,中证指数有限公司,主题指数,20041231,1000.0,20130521
h20110.CSI,港股通上游资源(全)CNY,CSI,中证指数有限公司,主题指数,20041231,1000.0,20130521
h20111.CSI,H300中游人民币(全),CSI,中证指数有限公司,主题指数,20041231,1000.0,20130521
h20112.CSI,H300下游人民币(全),CSI,中证指数有限公司,主题指数,20041231,1000.0,20130521
h20113.CSI,H300周期人民币(全),CSI,中证指数有限公司,主题指数,20041231,1000.0,20130521
h20114.CSI,H300非周期人民币(全),CSI,中证指数有限公司,主题指数,20041231,1000.0,20130521
h20115.CSI,H300地产人民币(全),CSI,中证指数有限公司,一级行业指数,20041231,1000.0,20130521
h20116.CSI,H300金融服务人民币(全),CSI,中证指数有限公司,主题指数,20041231,1000.0,20130521
h20117.CSI,H300现代服务人民币(全),CSI,中证指数有限公司,主题指数,20041231,1000.0,20130521
h20119.CSI,H300消费人民币(全),CSI,中证指数有限公司,主题指数,20041231,1000.0,20130521
h20124.CSI,安中动态全收益,CSI,中证指数有限公司,策略指数,20071228,1000.0,20130701
h20125.CSI,优化成长全收益(退市),CSI,中证指数有限公司,策略指数,20041231,1000.0,20130703
h20126.CSI,优化价值全收益(退市),CSI,中证指数有限公司,策略指数,20041231,1000.0,20130703
h20127.CSI,优化高贝全收益(退市),CSI,中证指数有限公司,策略指数,20041231,1000.0,20130703
h20128.CSI,优化低贝全收益(退市),CSI,中证指数有限公司,策略指数,20041231,1000.0,20130703
h20129.CSI,优化高波全收益(退市),CSI,中证指数有限公司,策略指数,20041231,1000.0,20130703
h20130.CSI,优化低波全收益(退市),CSI,中证指数有限公司,策略指数,20041231,1000.0,20130703
h20131.CSI,中国消费人民币(全),CSI,中证指数有限公司,主题指数,20070629,1000.0,20130605
h20132.CSI,中国消费美元(全),CSI,中证指数有限公司,主题指数,20070629,1000.0,20130605
h20133.CSI,金砖DR全收益,CSI,中证指数有限公司,规模指数,20051230,1000.0,20130712
h20134.CSI,金砖DR U全收益,CSI,中证指数有限公司,规模指数,20051230,1000.0,20130712
h20135.CSI,金砖DR(HK)全收益,CSI,中证指数有限公司,主题指数,20051230,1000.0,20130712
h20136.CSI,金砖DR(HK)U全收益,CSI,中证指数有限公司,主题指数,20051230,1000.0,20130712
h20137.CSI,中证城镇全收益,CSI,中证指数有限公司,主题指数,20120629,1000.0,20130826
h20138.CSI,智慧城镇全收益,CSI,中证指数有限公司,主题指数,20120629,1000.0,20130826
h20139.CSI,绿色城镇全收益,CSI,中证指数有限公司,主题指数,20120629,1000.0,20130826
h20140.CSI,城镇交通全收益,CSI,中证指数有限公司,主题指数,20120629,1000.0,20130826
h20141.CSI,智能交通全收益,CSI,中证指数有限公司,主题指数,20120629,1000.0,20130826
h20142.CSI,城镇消费全收益,CSI,中证指数有限公司,主题指数,20120629,1000.0,20130826
h20143.CSI,新基建全收益,CSI,中证指数有限公司,主题指数,20141231,1000.0,20130826
h20164.CSI,中证全指汽车汽配全收益,CSI,中证指数有限公司,二级行业指数,20041231,1000.0,20130715
h20166.CSI,中证全指机械制造全收益,CSI,中证指数有限公司,二级行业指数,20041231,1000.0,20130715
h20168.CSI,中证全指证券公司全收益,CSI,中证指数有限公司,四级行业指数,20070629,1000.0,20130715
h20169.CSI,中证全指资本品全收益,CSI,中证指数有限公司,主题指数,20041231,1000.0,20130715
h20170.CSI,中证全指商业指数全收益,CSI,中证指数有限公司,二级行业指数,20041231,1000.0,20130715
h20171.CSI,中证全指运输指数全收益,CSI,中证指数有限公司,二级行业指数,20041231,1000.0,20130715
h20172.CSI,中证全指耐用服装全收益,CSI,中证指数有限公司,主题指数,20041231,1000.0,20130715
h20173.CSI,中证全指消费者全收益,CSI,中证指数有限公司,二级行业指数,20041231,1000.0,20130715
h20174.CSI,中证全指媒体指数全收益,CSI,中证指数有限公司,二级行业指数,20041231,1000.0,20130715
h20175.CSI,中证全指零售指数全收益,CSI,中证指数有限公司,二级行业指数,20041231,1000.0,20130715
h20176.CSI,中证全指食药零售全收益,CSI,中证指数有限公司,主题指数,20041231,1000.0,20130715
h20177.CSI,中证全指食品全收益,CSI,中证指数有限公司,二级行业指数,20041231,1000.0,20130715
h20178.CSI,中证全指医疗保健全收益,CSI,中证指数有限公司,主题指数,20041231,1000.0,20130715
h20179.CSI,制药生物全收益,CSI,中证指数有限公司,二级行业指数,20041231,1000.0,20130715
h20180.CSI,中证银行指数全收益,CSI,中证指数有限公司,二级行业指数,20041231,1000.0,20130715
h20181.CSI,中证全指综合金融全收益(退市),CSI,中证指数有限公司,二级行业指数,20041231,1000.0,20130715
h20182.CSI,计算机全收益,CSI,中证指数有限公司,二级行业指数,20041231,1000.0,20130715
h20183.CSI,中证全指电子全收益,CSI,中证指数有限公司,二级行业指数,20041231,1000.0,20130715
h20184.CSI,中证全指半导体全收益,CSI,中证指数有限公司,二级行业指数,20041231,1000.0,20130715
h20186.CSI,中证全指保险指数全收益,CSI,中证指数有限公司,二级行业指数,20070629,1000.0,20130715
h20187.CSI,中证全指化学制品全收益,CSI,中证指数有限公司,二级行业指数,20041231,1000.0,20130715
h20190.CSI,中证全指电子仪器全收益,CSI,中证指数有限公司,主题指数,20041231,1000.0,20130715
h20192.CSI,食品肉类全收益,CSI,中证指数有限公司,三级行业指数,20041231,1000.0,20130715
h20193.CSI,中证全指纺织服装全收益,CSI,中证指数有限公司,三级行业指数,20041231,1000.0,20130715
h20195.CSI,中证全指建筑工程全收益,CSI,中证指数有限公司,三级行业指数,20041231,1000.0,20130715
h20196.CSI,中证全指耐用消费全收益,CSI,中证指数有限公司,二级行业指数,20041231,1000.0,20130715
h20197.CSI,中证全指一般零售全收益,CSI,中证指数有限公司,三级行业指数,20041231,1000.0,20130715
h20198.CSI,油气产业全收益,CSI,中证指数有限公司,三级行业指数,20041231,1000.0,20130715
h20199.CSI,中证全指电力指数全收益,CSI,中证指数有限公司,三级行业指数,20041231,1000.0,20130715
h20200.CSI,中证全指交通设施全收益,CSI,中证指数有限公司,三级行业指数,20041231,1000.0,20130715
h20201.CSI,中证全指贸易经销全收益,CSI,中证指数有限公司,四级行业指数,20041231,1000.0,20130715
h20202.CSI,中证全指软件指数全收益,CSI,中证指数有限公司,主题指数,20041231,1000.0,20130715
h20203.CSI,中证全指信息服务全收益,CSI,中证指数有限公司,三级行业指数,20041231,1000.0,20130715
h20204.CSI,中证全指休闲服务全收益,CSI,中证指数有限公司,三级行业指数,20041231,1000.0,20130715
h20205.CSI,饮料指数全收益,CSI,中证指数有限公司,三级行业指数,20041231,1000.0,20130715
h20206.CSI,中证全指纸类林业全收益,CSI,中证指数有限公司,三级行业指数,20041231,1000.0,20130715
h20207.CSI,中证全指电脑设备全收益,CSI,中证指数有限公司,四级行业指数,20041231,1000.0,20130715
h20208.CSI,中证全指专营零售全收益,CSI,中证指数有限公司,三级行业指数,20041231,1000.0,20130715
h20209.CSI,中证全指建筑产品全收益,CSI,中证指数有限公司,三级行业指数,20041231,1000.0,20130715
h20211.CSI,中证全指资本市场全收益,CSI,中证指数有限公司,二级行业指数,20070629,1000.0,20130715
h20213.CSI,CS航空航天全收益,CSI,中证指数有限公司,主题指数,20041231,1000.0,20130715
h20214.CSI,中证全指油气开采服务全收益,CSI,中证指数有限公司,三级行业指数,20041231,1000.0,20130715
h20215.CSI,中证全指休闲用品全收益,CSI,中证指数有限公司,三级行业指数,20041231,1000.0,20130715
h20216.CSI,航运指数全收益,CSI,中证指数有限公司,四级行业指数,20041231,1000.0,20130715
h20217.CSI,医疗器械全收益,CSI,中证指数有限公司,三级行业指数,20041231,1000.0,20130715
h20218.CSI,中证全指水务指数全收益,CSI,中证指数有限公司,三级行业指数,20041231,1000.0,20130715
h20219.CSI,中证全指容器包装全收益,CSI,中证指数有限公司,三级行业指数,20041231,1000.0,20130715
h20220.CSI,中证全指文化娱乐全收益,CSI,中证指数有限公司,三级行业指数,20041231,1000.0,20130715
h20221.CSI,中证全指复合公用全收益,CSI,中证指数有限公司,三级行业指数,20041231,1000.0,20130715
h20222.CSI,中证全指运输业全收益,CSI,中证指数有限公司,三级行业指数,20041231,1000.0,20130715
h20223.CSI,中证全指航空公司全收益,CSI,中证指数有限公司,四级行业指数,20041231,1000.0,20130715
h20229.CSI,中证军工全收益,CSI,中证指数有限公司,主题指数,20041231,1000.0,20131226
h20230.CSI,H300LV(全),CSI,中证指数有限公司,策略指数,20051230,1000.0,20131015
h20231.CSI,H300LB(全),CSI,中证指数有限公司,策略指数,20051230,1000.0,20131015
h20232.CSI,H300HB(全),CSI,中证指数有限公司,策略指数,20051230,1000.0,20131015
h20233.CSI,H300稳定(全),CSI,中证指数有限公司,策略指数,20051230,1000.0,20131015
h20234.CSI,H300动态(全),CSI,中证指数有限公司,策略指数,20051230,1000.0,20131015
h20235.CSI,H300CNLV(全),CSI,中证指数有限公司,策略指数,20051230,1000.0,20131015
h20236.CSI,H300CNLB(全)(HKD),CSI,中证指数有限公司,策略指数,20051230,1000.0,20131015
h20237.CSI,H300CNHB(全),CSI,中证指数有限公司,策略指数,20051230,1000.0,20131015
h20238.CSI,HK100EW(全),CSI,中证指数有限公司,策略指数,20051230,1000.0,20131015
h20239.CSI,HKCN50EW(全),CSI,中证指数有限公司,策略指数,20051230,1000.0,20131015
h20240.CSI,H300LV(全)CNY,CSI,中证指数有限公司,策略指数,20051230,1000.0,20131015
h20241.CSI,H300LB(全)CNY,CSI,中证指数有限公司,策略指数,20051230,1000.0,20131015
h20242.CSI,H300HB(全)CNY,CSI,中证指数有限公司,策略指数,20051230,1000.0,20131015
h20243.CSI,H300稳定(全)CNY,CSI,中证指数有限公司,策略指数,20051230,1000.0,20131015
h20244.CSI,H300动态(全)CNY,CSI,中证指数有限公司,策略指数,20051230,1000.0,20131015
h20245.CSI,H300CNLV(全)CNY,CSI,中证指数有限公司,策略指数,20051230,1000.0,20131015
h20246.CSI,H300CNLB(全)CNY,CSI,中证指数有限公司,策略指数,20051230,1000.0,20131015
h20247.CSI,H300CNHB(全)CNY,CSI,中证指数有限公司,策略指数,20051230,1000.0,20131015
h20248.CSI,HK100EW(全)CNY,CSI,中证指数有限公司,策略指数,20051230,1000.0,20131015
h20249.CSI,HKCN50EW(全)CNY,CSI,中证指数有限公司,策略指数,20051230,1000.0,20131015
h20250.CSI,中证500能源全收益,CSI,中证指数有限公司,一级行业指数,20041231,1000.0,20131106
h20251.CSI,中证500原料全收益,CSI,中证指数有限公司,一级行业指数,20041231,1000.0,20131106
h20252.CSI,中证500工业全收益,CSI,中证指数有限公司,一级行业指数,20041231,1000.0,20131106
h20253.CSI,中证500可选全收益,CSI,中证指数有限公司,一级行业指数,20041231,1000.0,20131106
h20254.CSI,中证500消费全收益,CSI,中证指数有限公司,一级行业指数,20041231,1000.0,20131106
h20255.CSI,中证500医药全收益,CSI,中证指数有限公司,一级行业指数,20041231,1000.0,20131106
h20256.CSI,中证500金地全收益,CSI,中证指数有限公司,主题指数,20041231,1000.0,20131106
h20257.CSI,中证500信息全收益,CSI,中证指数有限公司,一级行业指数,20041231,1000.0,20131106
h20258.CSI,500通信全收益,CSI,中证指数有限公司,一级行业指数,20041231,1000.0,20131106
h20259.CSI,中证500公用全收益,CSI,中证指数有限公司,一级行业指数,20041231,1000.0,20131106
h20260.CSI,300动量全收益,CSI,中证指数有限公司,策略指数,20041231,1000.0,20131121
h20261.CSI,300ERC全收益,CSI,中证指数有限公司,策略指数,20041231,1000.0,20131121
h20262.CSI,地产等权全收益,CSI,中证指数有限公司,策略指数,20041231,1000.0,20131122
h20269.CSI,红利低波(全),CSI,中证指数有限公司,策略指数,20051230,1000.0,20131219
h20270.CSI,红利价值(全),CSI,中证指数有限公司,策略指数,20051230,1000.0,20131219
h20271.CSI,A100动态全收益,CSI,中证指数有限公司,策略指数,20041231,1000.0,20140117
h20272.CSI,A100稳定全收益,CSI,中证指数有限公司,策略指数,20041231,1000.0,20140117
h20273.CSI,200动态全收益,CSI,中证指数有限公司,策略指数,20041231,1000.0,20140117
h20274.CSI,200稳定全收益,CSI,中证指数有限公司,策略指数,20041231,1000.0,20140117
h20318.CSI,科技传媒通信150全收益,CSI,中证指数有限公司,主题指数,20110630,1000.0,20140415
h20319.CSI,中证传媒全收益,CSI,中证指数有限公司,主题指数,20101231,1000.0,20140415
h20320.CSI,移动互联全收益,CSI,中证指数有限公司,主题指数,20120629,1000.0,20140505
h20321.CSI,中证国防全收益,CSI,中证指数有限公司,主题指数,20110630,1000.0,20140415
h20324.CSI,H300银行(全),CSI,中证指数有限公司,主题指数,20041231,1000.0,20140521
h20325.CSI,H300运输(全),CSI,中证指数有限公司,主题指数,20041231,1000.0,20140521
h20326.CSI,港股通资源产业(全),CSI,中证指数有限公司,主题指数,20041231,1000.0,20140521
h20327.CSI,H300基建(全),CSI,中证指数有限公司,主题指数,20041231,1000.0,20140521
h20328.CSI,H300物流(全),CSI,中证指数有限公司,主题指数,20041231,1000.0,20140521
h20329.CSI,H300休闲(全),CSI,中证指数有限公司,主题指数,20041231,1000.0,20140521
h20330.CSI,HK细分龙头(全),CSI,中证指数有限公司,主题指数,20041231,1000.0,20140521
h20331.CSI,HK行业龙头(全),CSI,中证指数有限公司,主题指数,20041231,1000.0,20140521
h20332.CSI,香港50(全),CSI,中证指数有限公司,规模指数,20041231,1000.0,20140521
h20334.CSI,H300银行(全)CNY,CSI,中证指数有限公司,主题指数,20041231,1000.0,20140521
h20335.CSI,H300运输(全)CNY,CSI,中证指数有限公司,主题指数,20041231,1000.0,20140521
h20336.CSI,港股通资源产业(全)CNY,CSI,中证指数有限公司,主题指数,20041231,1000.0,20140521
h20337.CSI,H300基建(全)CNY,CSI,中证指数有限公司,主题指数,20041231,1000.0,20140521
h20338.CSI,H300物流(全)CNY,CSI,中证指数有限公司,主题指数,20041231,1000.0,20140521
h20339.CSI,H300休闲(全)CNY,CSI,中证指数有限公司,主题指数,20041231,1000.0,20140521
h20340.CSI,HK细分龙头(全)CNY,CSI,中证指数有限公司,主题指数,20041231,1000.0,20140521
h20341.CSI,HK行业龙头(全)CNY,CSI,中证指数有限公司,主题指数,20041231,1000.0,20140521
h20342.CSI,香港50(全)CNY,CSI,中证指数有限公司,规模指数,20041231,1000.0,20140521
h20343.CSI,养老产业全收益,CSI,中证指数有限公司,主题指数,20041231,1000.0,20140606
h20344.CSI,健康产业全收益,CSI,中证指数有限公司,主题指数,20111230,1000.0,20140606
h20349.SZ,国企改革全收益,SZSE,中证指数有限公司,主题指数,20140331,1000.0,20140807
h20351.CSI,500成长全收益,CSI,中证指数有限公司,风格指数,20041231,1000.0,20140609
h20352.CSI,500价值全收益,CSI,中证指数有限公司,风格指数,20041231,1000.0,20140609
h20353.CSI,500R成长全收益,CSI,中证指数有限公司,风格指数,20041231,1000.0,20140609
h20354.CSI,500R价值全收益,CSI,中证指数有限公司,风格指数,20041231,1000.0,20140609
h20355.CSI,中证800成长全收益,CSI,中证指数有限公司,风格指数,20041231,1000.0,20140609
h20356.CSI,中证800价值全收益,CSI,中证指数有限公司,风格指数,20041231,1000.0,20140609
h20357.CSI,中证800R成长全收益,CSI,中证指数有限公司,风格指数,20041231,1000.0,20140609
h20358.CSI,中证800R价值全收益,CSI,中证指数有限公司,风格指数,20041231,1000.0,20140609
h20359.CSI,转型成长全收益,CSI,中证指数有限公司,策略指数,20051230,1000.0,20140711
h20362.CSI,基本300全收益,CSI,中证指数有限公司,策略指数,20041231,1000.0,20140722
h20363.CSI,基本500全收益,CSI,中证指数有限公司,策略指数,20041231,1000.0,20140722
h20365.CSI,文娱传媒全收益,CSI,中证指数有限公司,主题指数,20131231,1000.0,20140721
h20366.CSI,高息策略全收益,CSI,中证指数有限公司,主题指数,20041231,1000.0,20140721
h20367.CSI,大农业全收益,CSI,中证指数有限公司,主题指数,20131231,1000.0,20140722
h20368.CSI,中证高新全收益,CSI,中证指数有限公司,主题指数,20140630,1000.0,20140717
h20371.CSI,环境治理全收益,CSI,中证指数有限公司,主题指数,20111230,1000.0,20140721
h20372.CSI,中证安全全收益,CSI,中证指数有限公司,主题指数,20120629,1000.0,20140721
h20373.CSI,百发100全收益,CSI,中证指数有限公司,策略指数,20081231,1000.0,20140730
h20374.CSI,中国内地全指(全),CSI,中证指数有限公司,规模指数,20041231,1000.0,20140731
h20375.CSI,CN能源综合(全),CSI,中证指数有限公司,一级行业指数,20041231,1000.0,20140731
h20376.CSI,CN材料综合(全),CSI,中证指数有限公司,一级行业指数,20041231,1000.0,20140731
h20377.CSI,CN工业综合(全),CSI,中证指数有限公司,一级行业指数,20041231,1000.0,20140731
h20378.CSI,CN可选综合(全),CSI,中证指数有限公司,一级行业指数,20041231,1000.0,20140731
h20379.CSI,CN消费综合(全),CSI,中证指数有限公司,一级行业指数,20041231,1000.0,20140731
h20380.CSI,CN医药综合(全),CSI,中证指数有限公司,一级行业指数,20041231,1000.0,20140731
h20381.CSI,CN金融综合(全),CSI,中证指数有限公司,一级行业指数,20041231,1000.0,20140731
h20382.CSI,CN信息综合(全),CSI,中证指数有限公司,一级行业指数,20041231,1000.0,20140731
h20383.CSI,CN电信综合(全),CSI,中证指数有限公司,一级行业指数,20041231,1000.0,20140731
h20384.CSI,CN公用综合(全),CSI,中证指数有限公司,一级行业指数,20041231,1000.0,20140731
h20385.CSI,中国内地全指(全)USD,CSI,中证指数有限公司,规模指数,20041231,1000.0,20140731
h20386.CSI,CN能源综合(全)USD,CSI,中证指数有限公司,一级行业指数,20041231,1000.0,20140731
h20387.CSI,CN材料综合(全)USD,CSI,中证指数有限公司,一级行业指数,20041231,1000.0,20140731
h20388.CSI,CN工业综合(全)USD,CSI,中证指数有限公司,一级行业指数,20041231,1000.0,20140731
h20389.CSI,CN可选综合(全)USD,CSI,中证指数有限公司,一级行业指数,20041231,1000.0,20140731
h20390.CSI,CN消费综合(全)USD,CSI,中证指数有限公司,一级行业指数,20041231,1000.0,20140731
h20391.CSI,CN医药综合(全)USD,CSI,中证指数有限公司,一级行业指数,20041231,1000.0,20140731
h20392.CSI,CN金融综合(全)USD,CSI,中证指数有限公司,一级行业指数,20041231,1000.0,20140731
h20393.CSI,CN信息综合(全)USD,CSI,中证指数有限公司,一级行业指数,20041231,1000.0,20140731
h20394.CSI,CN电信综合(全)USD,CSI,中证指数有限公司,一级行业指数,20041231,1000.0,20140731
h20395.CSI,CN公用综合(全)USD,CSI,中证指数有限公司,一级行业指数,20041231,1000.0,20140731
h20399.CSI,中证智能家居全收益,CSI,中证指数有限公司,主题指数,20120629,1000.0,20140917
h20418.CSI,香港100动量(全),CSI,中证指数有限公司,策略指数,20051230,1000.0,20141024
h20419.CSI,香港200动量(全),CSI,中证指数有限公司,策略指数,20051230,1000.0,20141024
h20420.CSI,香港50ERC(全),CSI,中证指数有限公司,策略指数,20051230,1000.0,20141024
h20421.CSI,香港100ERC(全),CSI,中证指数有限公司,策略指数,20051230,1000.0,20141024
h20422.CSI,香港50EW(全),CSI,中证指数有限公司,策略指数,20051230,1000.0,20141024
h20434.CSI,香港100动量(全)CNY,CSI,中证指数有限公司,策略指数,20051230,1000.0,20141024
h20435.CSI,香港200动量(全)CNY,CSI,中证指数有限公司,策略指数,20051230,1000.0,20141024
h20436.CSI,香港50ERC(全)CNY,CSI,中证指数有限公司,策略指数,20051230,1000.0,20141024
h20437.CSI,香港100ERC(全)CNY,CSI,中证指数有限公司,策略指数,20051230,1000.0,20141024
h20438.CSI,香港50EW(全)CNY,CSI,中证指数有限公司,策略指数,20051230,1000.0,20141024
h20439.CSI,1000能源全收益,CSI,中证指数有限公司,一级行业指数,20041231,1000.0,20141017
h20440.CSI,1000材料全收益,CSI,中证指数有限公司,一级行业指数,20041231,1000.0,20141017
h20441.CSI,1000工业全收益,CSI,中证指数有限公司,一级行业指数,20041231,1000.0,20141017
h20442.CSI,1000可选全收益,CSI,中证指数有限公司,一级行业指数,20041231,1000.0,20141017
h20443.CSI,1000消费全收益,CSI,中证指数有限公司,一级行业指数,20041231,1000.0,20141017
h20444.CSI,1000医药全收益,CSI,中证指数有限公司,一级行业指数,20041231,1000.0,20141017
h20445.CSI,1000金融全收益,CSI,中证指数有限公司,一级行业指数,20041231,1000.0,20141017
h20446.CSI,1000信息全收益,CSI,中证指数有限公司,一级行业指数,20041231,1000.0,20141017
h20447.CSI,1000通信全收益,CSI,中证指数有限公司,一级行业指数,20041231,1000.0,20141017
h20448.CSI,1000公用全收益,CSI,中证指数有限公司,一级行业指数,20041231,1000.0,20141017
h20451.CSI,中证医疗全收益,CSI,中证指数有限公司,主题指数,20041231,1000.0,20141031
h20455.CSI,沪港深500(全),CSI,中证指数有限公司,规模指数,20041231,1000.0,20141128
h20456.CSI,沪港深通中小(全),CSI,中证指数有限公司,规模指数,20041231,1000.0,20141128
h20457.CSI,沪港深通综合(全),CSI,中证指数有限公司,规模指数,20041231,1000.0,20141128
h20458.CSI,沪港深500能源(全),CSI,中证指数有限公司,一级行业指数,20041231,1000.0,20141128
h20459.CSI,沪港深500材料(全),CSI,中证指数有限公司,一级行业指数,20041231,1000.0,20141128
h20460.CSI,沪港深500工业(全),CSI,中证指数有限公司,一级行业指数,20041231,1000.0,20141128
h20461.CSI,沪港深500可选(全),CSI,中证指数有限公司,一级行业指数,20041231,1000.0,20141128
h20462.CSI,沪港深500消费(全),CSI,中证指数有限公司,一级行业指数,20041231,1000.0,20141128
h20463.CSI,沪港深500医药(全),CSI,中证指数有限公司,一级行业指数,20041231,1000.0,20141128
h20464.CSI,沪港深500金融(全),CSI,中证指数有限公司,一级行业指数,20041231,1000.0,20141128
h20465.CSI,沪港深500信息(全),CSI,中证指数有限公司,一级行业指数,20041231,1000.0,20141128
h20466.CSI,沪港深500电信(全),CSI,中证指数有限公司,一级行业指数,20041231,1000.0,20141128
h20467.CSI,沪港深500公用(全),CSI,中证指数有限公司,一级行业指数,20041231,1000.0,20141128
h20468.CSI,沪港深通中小能源综合(全),CSI,中证指数有限公司,一级行业指数,20041231,1000.0,20141128
h20469.CSI,沪港深通中小材料综合(全),CSI,中证指数有限公司,一级行业指数,20041231,1000.0,20141128
h20470.CSI,沪港深通中小工业综合(全),CSI,中证指数有限公司,一级行业指数,20041231,1000.0,20141128
h20471.CSI,沪港深通中小可选综合(全),CSI,中证指数有限公司,一级行业指数,20041231,1000.0,20141128
h20472.CSI,沪港深通中小消费综合(全),CSI,中证指数有限公司,一级行业指数,20041231,1000.0,20141128
h20473.CSI,沪港深通中小医药综合(全),CSI,中证指数有限公司,一级行业指数,20041231,1000.0,20141128
h20474.CSI,沪港深通中小金融综合(全),CSI,中证指数有限公司,一级行业指数,20041231,1000.0,20141128
h20475.CSI,沪港深通中小信息综合(全),CSI,中证指数有限公司,一级行业指数,20041231,1000.0,20141128
h20476.CSI,沪港深通中小电信综合(全),CSI,中证指数有限公司,一级行业指数,20041231,1000.0,20141128
h20477.CSI,沪港深通中小公用综合(全),CSI,中证指数有限公司,一级行业指数,20041231,1000.0,20141128
h20478.CSI,沪港深通能源综合(全),CSI,中证指数有限公司,一级行业指数,20041231,1000.0,20141128
h20479.CSI,沪港深通材料综合(全),CSI,中证指数有限公司,一级行业指数,20041231,1000.0,20141128
h20480.CSI,沪港深通工业综合(全),CSI,中证指数有限公司,一级行业指数,20041231,1000.0,20141128
h20481.CSI,沪港深通可选综合(全),CSI,中证指数有限公司,一级行业指数,20041231,1000.0,20141128
h20482.CSI,沪港深通消费综合(全),CSI,中证指数有限公司,一级行业指数,20041231,1000.0,20141128
h20483.CSI,沪港深通医药综合(全),CSI,中证指数有限公司,一级行业指数,20041231,1000.0,20141128
h20484.CSI,沪港深通金融综合(全),CSI,中证指数有限公司,一级行业指数,20041231,1000.0,20141128
h20485.CSI,沪港深通信息综合(全),CSI,中证指数有限公司,一级行业指数,20041231,1000.0,20141128
h20486.CSI,沪港深通电信综合(全),CSI,中证指数有限公司,一级行业指数,20041231,1000.0,20141128
h20487.CSI,沪港深通公用综合(全),CSI,中证指数有限公司,一级行业指数,20041231,1000.0,20141128
h20488.CSI,沪港深500(全)HKD,CSI,中证指数有限公司,规模指数,20041231,1000.0,20141128
h20489.CSI,沪港深通中小(全)HKD,CSI,中证指数有限公司,规模指数,20041231,1000.0,20141128
h20490.CSI,沪港深通综合(全)HKD,CSI,中证指数有限公司,规模指数,20041231,1000.0,20141128
h20491.CSI,沪港深500能源(全)HKD,CSI,中证指数有限公司,一级行业指数,20041231,1000.0,20141128
h20492.CSI,沪港深500材料(全)HKD,CSI,中证指数有限公司,一级行业指数,20041231,1000.0,20141128
h20493.CSI,沪港深500工业(全)HKD,CSI,中证指数有限公司,一级行业指数,20041231,1000.0,20141128
h20494.CSI,沪港深500可选(全)HKD,CSI,中证指数有限公司,一级行业指数,20041231,1000.0,20141128
h20495.CSI,沪港深500消费(全)HKD,CSI,中证指数有限公司,一级行业指数,20041231,1000.0,20141128
h20496.CSI,沪港深500医药(全)HKD,CSI,中证指数有限公司,一级行业指数,20041231,1000.0,20141128
h20497.CSI,沪港深500金融(全)HKD,CSI,中证指数有限公司,一级行业指数,20041231,1000.0,20141128
h20498.CSI,沪港深500信息(全)HKD,CSI,中证指数有限公司,一级行业指数,20041231,1000.0,20141128
h20499.CSI,沪港深500电信(全)HKD,CSI,中证指数有限公司,一级行业指数,20041231,1000.0,20141128
h20500.CSI,沪港深500公用(全)HKD,CSI,中证指数有限公司,一级行业指数,20041231,1000.0,20141128
h20501.CSI,沪港深通中小能源综合(全)HKD,CSI,中证指数有限公司,一级行业指数,20041231,1000.0,20141128
h20502.CSI,沪港深通中小材料综合(全)HKD,CSI,中证指数有限公司,一级行业指数,20041231,1000.0,20141128
h20503.CSI,沪港深通中小工业综合(全)HKD,CSI,中证指数有限公司,一级行业指数,20041231,1000.0,20141128
h20504.CSI,沪港深通中小可选综合(全)HKD,CSI,中证指数有限公司,一级行业指数,20041231,1000.0,20141128
h20505.CSI,沪港深通中小消费综合(全)HKD,CSI,中证指数有限公司,一级行业指数,20041231,1000.0,20141128
h20506.CSI,沪港深通中小医药综合(全)HKD,CSI,中证指数有限公司,一级行业指数,20041231,1000.0,20141128
h20507.CSI,沪港深通中小金融综合(全)HKD,CSI,中证指数有限公司,一级行业指数,20041231,1000.0,20141128
h20508.CSI,沪港深通中小信息综合(全)HKD,CSI,中证指数有限公司,一级行业指数,20041231,1000.0,20141128
h20509.CSI,沪港深通中小电信综合(全)HKD,CSI,中证指数有限公司,一级行业指数,20041231,1000.0,20141128
h20510.CSI,沪港深通中小公用综合(全)HKD,CSI,中证指数有限公司,一级行业指数,20041231,1000.0,20141128
h20511.CSI,沪港深通能源综合(全)HKD,CSI,中证指数有限公司,一级行业指数,20041231,1000.0,20141128
h20512.CSI,沪港深通材料综合(全)HKD,CSI,中证指数有限公司,一级行业指数,20041231,1000.0,20141128
h20513.CSI,沪港深通工业综合(全)HKD,CSI,中证指数有限公司,一级行业指数,20041231,1000.0,20141128
h20514.CSI,沪港深通可选综合(全)HKD,CSI,中证指数有限公司,一级行业指数,20041231,1000.0,20141128
h20515.CSI,沪港深通消费综合(全)HKD,CSI,中证指数有限公司,一级行业指数,20041231,1000.0,20141128
h20516.CSI,沪港深通医药综合(全)HKD,CSI,中证指数有限公司,一级行业指数,20041231,1000.0,20141128
h20517.CSI,沪港深通金融综合(全)HKD,CSI,中证指数有限公司,一级行业指数,20041231,1000.0,20141128
h20518.CSI,沪港深通信息综合(全)HKD,CSI,中证指数有限公司,一级行业指数,20041231,1000.0,20141128
h20519.CSI,沪港深通电信综合(全)HKD,CSI,中证指数有限公司,一级行业指数,20041231,1000.0,20141128
h20520.CSI,沪港深通公用综合(全)HKD,CSI,中证指数有限公司,一级行业指数,20041231,1000.0,20141128
h20522.CSI,新能源车全收益,CSI,中证指数有限公司,主题指数,20111231,1000.0,20141128
h20523.CSI,中证酒全收益,CSI,中证指数有限公司,主题指数,20081231,1000.0,20141210
h20524.CSI,500ERC全收益,CSI,中证指数有限公司,策略指数,20041231,1000.0,20150106
h20525.CSI,300SER全收益,CSI,中证指数有限公司,策略指数,20041231,1000.0,20150106
h20526.CSI,500SER全收益,CSI,中证指数有限公司,策略指数,20041231,1000.0,20150106
h20531.CSI,精工制造全收益,CSI,中证指数有限公司,主题指数,20041231,1000.0,20141218
h20532.CSI,资源优选全收益,CSI,中证指数有限公司,主题指数,20041231,1000.0,20141218
h20533.CSI,中国互联网50(全),CSI,中证指数有限公司,主题指数,20070629,1000.0,20141229
h20534.CSI,中国互联网50(全)USD,CSI,中证指数有限公司,主题指数,20070629,1000.0,20141229
h20535.CSI,互联网全收益,CSI,中证指数有限公司,主题指数,20120629,1000.0,20150112
h20536.CSI,高铁产业全收益,CSI,中证指数有限公司,主题指数,20121231,1000.0,20150120
h20537.CSI,淘金100全收益,CSI,中证指数有限公司,主题指数,20091231,1000.0,20150121
h20538.CSI,煤炭等权全收益,CSI,中证指数有限公司,策略指数,20081231,1000.0,20150121
h20539.CSI,中证白酒全收益,CSI,中证指数有限公司,主题指数,20081231,1000.0,20150121
h20542.CSI,中证体育全收益,CSI,中证指数有限公司,主题指数,20120629,1000.0,20150209
h20543.CSI,中证国安全收益,CSI,中证指数有限公司,主题指数,20081231,1000.0,20150129
h20544.CSI,沪港深通上游(全),CSI,中证指数有限公司,主题指数,20041231,1000.0,20150313
h20545.CSI,沪港深通中游(全),CSI,中证指数有限公司,主题指数,20041231,1000.0,20150313
h20546.CSI,沪港深通下游(全),CSI,中证指数有限公司,主题指数,20041231,1000.0,20150313
h20547.CSI,沪港深通周期(全),CSI,中证指数有限公司,主题指数,20041231,1000.0,20150313
h20548.CSI,沪港深通非周期(全),CSI,中证指数有限公司,主题指数,20041231,1000.0,20150313
h20550.CSI,沪港深通金融服务(全),CSI,中证指数有限公司,主题指数,20041231,1000.0,20150313
h20551.CSI,沪港深通现代服务(全),CSI,中证指数有限公司,主题指数,20041231,1000.0,20150313
h20552.CSI,沪港深通TMT(全),CSI,中证指数有限公司,主题指数,20041231,1000.0,20150313
h20554.CSI,沪港深通信息产业(全),CSI,中证指数有限公司,主题指数,20041231,1000.0,20150313
h20555.CSI,沪港深通银行(全),CSI,中证指数有限公司,主题指数,20041231,1000.0,20150313
h20556.CSI,沪港深通运输(全),CSI,中证指数有限公司,主题指数,20041231,1000.0,20150313
h20557.CSI,沪港深通资源(全),CSI,中证指数有限公司,主题指数,20041231,1000.0,20150313
h20558.CSI,沪港深通基建(全),CSI,中证指数有限公司,主题指数,20041231,1000.0,20150313
h20559.CSI,沪港深通物流(全),CSI,中证指数有限公司,主题指数,20041231,1000.0,20150313
h20560.CSI,沪港深通休闲(全),CSI,中证指数有限公司,主题指数,20041231,1000.0,20150313
h20561.CSI,沪港深500上游(全),CSI,中证指数有限公司,主题指数,20041231,1000.0,20150313
h20562.CSI,沪港深500中游(全),CSI,中证指数有限公司,主题指数,20041231,1000.0,20150313
h20563.CSI,沪港深500下游(全),CSI,中证指数有限公司,主题指数,20041231,1000.0,20150313
h20564.CSI,沪港深500周期(全),CSI,中证指数有限公司,主题指数,20041231,1000.0,20150313
h20565.CSI,沪港深500非周期(全),CSI,中证指数有限公司,主题指数,20041231,1000.0,20150313
h20566.CSI,沪港深通上游(全)HKD,CSI,中证指数有限公司,主题指数,20041231,1000.0,20150313
h20567.CSI,沪港深通中游(全)HKD,CSI,中证指数有限公司,主题指数,20041231,1000.0,20150313
h20568.CSI,沪港深通下游(全)HKD,CSI,中证指数有限公司,主题指数,20041231,1000.0,20150313
h20569.CSI,沪港深通周期(全)HKD,CSI,中证指数有限公司,主题指数,20041231,1000.0,20150313
h20570.CSI,沪港深通非周期(全)HKD,CSI,中证指数有限公司,主题指数,20041231,1000.0,20150313
h20572.CSI,沪港深通金融服务(全)HKD,CSI,中证指数有限公司,主题指数,20041231,1000.0,20150313
h20573.CSI,沪港深通现代服务(全)HKD,CSI,中证指数有限公司,主题指数,20041231,1000.0,20150313
h20574.CSI,沪港深通TMT(全)HKD,CSI,中证指数有限公司,主题指数,20041231,1000.0,20150313
h20576.CSI,沪港深通信息产业(全)HKD,CSI,中证指数有限公司,主题指数,20041231,1000.0,20150313
h20577.CSI,沪港深通银行(全)HKD,CSI,中证指数有限公司,主题指数,20041231,1000.0,20150313
h20578.CSI,沪港深通运输(全)HKD,CSI,中证指数有限公司,主题指数,20041231,1000.0,20150313
h20579.CSI,沪港深通资源(全)HKD,CSI,中证指数有限公司,主题指数,20041231,1000.0,20150313
h20580.CSI,沪港深通基建(全)HKD,CSI,中证指数有限公司,主题指数,20041231,1000.0,20150313
h20581.CSI,沪港深通物流(全)HKD,CSI,中证指数有限公司,主题指数,20041231,1000.0,20150313
h20582.CSI,沪港深通休闲(全)HKD,CSI,中证指数有限公司,主题指数,20041231,1000.0,20150313
h20583.CSI,沪港深500上游(全)HKD,CSI,中证指数有限公司,主题指数,20041231,1000.0,20150313
h20584.CSI,沪港深500中游(全)HKD,CSI,中证指数有限公司,主题指数,20041231,1000.0,20150313
h20585.CSI,沪港深500下游(全)HKD,CSI,中证指数有限公司,主题指数,20041231,1000.0,20150313
h20586.CSI,沪港深500周期(全)HKD,CSI,中证指数有限公司,主题指数,20041231,1000.0,20150313
h20587.CSI,沪港深500非周期(全)HKD,CSI,中证指数有限公司,主题指数,20041231,1000.0,20150313
h20588.CSI,中证证保全收益,CSI,中证指数有限公司,主题指数,20091231,1000.0,20150202
h20590.CSI,机器人全收益,CSI,中证指数有限公司,主题指数,20101231,1000.0,20150210
h20591.CSI,互联金融全收益,CSI,中证指数有限公司,主题指数,20120629,1000.0,20150210
h20592.CSI,中证新能全收益,CSI,中证指数有限公司,主题指数,20111231,1000.0,20150210
h20593.CSI,一带一路全收益,CSI,中证指数有限公司,主题指数,20121231,1000.0,20150216
h20595.CSI,保险主题全收益,CSI,中证指数有限公司,主题指数,20111231,1000.0,20150213
h20596.CSI,中证煤炭全收益,CSI,中证指数有限公司,三级行业指数,20081231,1000.0,20150213
h20597.CSI,新材料全收益,CSI,中证指数有限公司,主题指数,20081231,1000.0,20150213
h20598.CSI,稀土产业全收益,CSI,中证指数有限公司,主题指数,20111231,1000.0,20150302
h20599.CSI,中证高装全收益,CSI,中证指数有限公司,主题指数,20041231,1000.0,20150302
h20600.CSI,工业4.0全收益,CSI,中证指数有限公司,主题指数,20120629,1000.0,20150310
h20601.CSI,中证软件全收益,CSI,中证指数有限公司,主题指数,20041231,1000.0,20150310
h20602.CSI,信息安全全收益,CSI,中证指数有限公司,主题指数,20101231,1000.0,20150312
h20603.CSI,基建工程全收益,CSI,中证指数有限公司,主题指数,20041231,1000.0,20150312
h20604.CSI,中国互联网30(全),CSI,中证指数有限公司,主题指数,20070629,1000.0,20150323
h20605.CSI,中国互联网30(全)USD,CSI,中证指数有限公司,主题指数,20070629,1000.0,20150323
h20606.CSI,中证钢铁全收益,CSI,中证指数有限公司,主题指数,20081231,1000.0,20150331
h20607.CSI,中证汽车全收益,CSI,中证指数有限公司,主题指数,20041231,1000.0,20150331
h20608.CSI,中证基建全收益,CSI,中证指数有限公司,主题指数,20041231,1000.0,20150331
h20611.CSI,中小国改全收益,CSI,中证指数有限公司,主题指数,20131231,1000.0,20150407
h20612.CSI,混合改革全收益,CSI,中证指数有限公司,主题指数,20131231,1000.0,20150407
h20613.CSI,非周民企全收益,CSI,中证指数有限公司,主题指数,20091231,1000.0,20150407
h20614.CSI,环保50全收益,CSI,中证指数有限公司,主题指数,20111230,1000.0,20150407
h20616.CSI,中证文体全收益,CSI,中证指数有限公司,主题指数,20120629,1000.0,20150519
h20617.CSI,军工信息全收益,CSI,中证指数有限公司,主题指数,20091231,1000.0,20150416
h20618.CSI,中证保险全收益,CSI,中证指数有限公司,主题指数,20121231,1000.0,20150416
h20619.CSI,黄金采掘全收益,CSI,中证指数有限公司,主题指数,20111231,1000.0,20150416
h20620.CSI,CSSW丝路全收益,CSI,中证指数有限公司,主题指数,20081231,1000.0,20150423
h20621.CSI,CSSW高铁全收益,CSI,中证指数有限公司,主题指数,20081231,1000.0,20150423
h20622.CSI,CSSW白酒全收益,CSI,中证指数有限公司,行业指数,20041231,1000.0,20150423
h20623.CSI,淘娱乐全收益(退市),CSI,中证指数有限公司,主题指数,20110131,1000.0,20150428
h20624.CSI,淘健康全收益(退市),CSI,中证指数有限公司,主题指数,20081231,1000.0,20150428
h20625.CSI,SHS互联网(全),CSI,中证指数有限公司,主题指数,20120629,1000.0,20150421
h20626.CSI,沪港深内地保险(全),CSI,中证指数有限公司,主题指数,20070629,1000.0,20150421
h20627.CSI,SHS互联网(全)HKD,CSI,中证指数有限公司,主题指数,20120629,1000.0,20150421
h20628.CSI,沪港深内地保险(全)HKD,CSI,中证指数有限公司,主题指数,20070629,1000.0,20150421
h20629.CSI,CSSW健康全收益,CSI,中证指数有限公司,主题指数,20081231,1000.0,20150508
h20630.CSI,CSWD并购全收益,CSI,中证指数有限公司,主题指数,20111230,1000.0,20150508
h20631.CSI,CSWD生科全收益,CSI,中证指数有限公司,主题指数,20091231,1000.0,20150508
h20632.CSI,CS稀金属全收益,CSI,中证指数有限公司,主题指数,20111231,1000.0,20150512
h20633.CSI,中证旅游全收益,CSI,中证指数有限公司,主题指数,20081231,1000.0,20150508
h20634.CSI,CS土改农全收益,CSI,中证指数有限公司,主题指数,20101231,1000.0,20150508
h20635.CSI,CS智慧农全收益,CSI,中证指数有限公司,主题指数,20101231,1000.0,20150508
h20640.CSI,CSWD重组全收益,CSI,中证指数有限公司,主题指数,20111230,1000.0,20150508
h20641.CSI,中证中药全收益,CSI,中证指数有限公司,主题指数,20041231,1000.0,20150519
h20642.CSI,中证核电全收益,CSI,中证指数有限公司,主题指数,20041231,1000.0,20150519
h20643.CSI,CS轻资产全收益,CSI,中证指数有限公司,主题指数,20041231,1000.0,20150519
h20644.CSI,港股通中国内地全(HKD),CSI,中证指数有限公司,主题指数,20141114,3000.0,20180814
h20645.CSI,港股通中国内地全(CNY),CSI,中证指数有限公司,主题指数,20141114,3000.0,20180814
h20646.CSI,美股中国内地全(USD),CSI,中证指数有限公司,规模指数,20070629,1000.0,20180814
h20647.CSI,美股中国内地全(CNY),CSI,中证指数有限公司,规模指数,20070629,1000.0,20180814
h20648.CSI,CS智消费全收益,CSI,中证指数有限公司,主题指数,20120629,1000.0,20150605
h20649.CSI,中证安防全收益,CSI,中证指数有限公司,主题指数,20120629,1000.0,20150624
h20650.CSI,中证海洋全收益,CSI,中证指数有限公司,主题指数,20091231,1000.0,20150529
h20651.CSI,CS计算机全收益,CSI,中证指数有限公司,主题指数,20041231,1000.0,20150605
h20652.CSI,CS电子全收益,CSI,中证指数有限公司,主题指数,20041231,1000.0,20150605
h20653.CSI,CS食品饮全收益,CSI,中证指数有限公司,主题指数,20041231,1000.0,20150605
h20654.CSI,CS休闲娱全收益,CSI,中证指数有限公司,主题指数,20041231,1000.0,20150605
h20660.CSI,CSSW体育全收益,CSI,中证指数有限公司,主题指数,20081231,1000.0,20150624
h20661.CSI,CSSW互金全收益,CSI,中证指数有限公司,主题指数,20111230,1000.0,20150624
h20662.CSI,CS现代农全收益,CSI,中证指数有限公司,主题指数,20101231,1000.0,20150713
h20663.CSI,中证创投全收益(退市),CSI,中证指数有限公司,主题指数,20121231,1000.0,20150713
h20667.CSI,300精明全收益,CSI,中证指数有限公司,策略指数,20041231,1000.0,20150716
h20668.CSI,300精明(HKD)全收益,CSI,中证指数有限公司,策略指数,20041231,1000.0,20150716
h20669.CSI,300精明(USD)全收益,CSI,中证指数有限公司,策略指数,20041231,1000.0,20150716
h20670.CSI,500商业全收益,CSI,中证指数有限公司,二级行业指数,20041231,1000.0,20150707
h20671.CSI,500运输全收益,CSI,中证指数有限公司,二级行业指数,20041231,1000.0,20150707
h20672.CSI,500资本品全收益,CSI,中证指数有限公司,主题指数,20041231,1000.0,20150707
h20673.CSI,500房地产全收益,CSI,中证指数有限公司,一级行业指数,20041231,1000.0,20150707
h20674.CSI,500零售全收益,CSI,中证指数有限公司,二级行业指数,20041231,1000.0,20150707
h20675.CSI,500媒体全收益,CSI,中证指数有限公司,二级行业指数,20041231,1000.0,20150707
h20676.CSI,500耐用全收益,CSI,中证指数有限公司,二级行业指数,20041231,1000.0,20150707
h20677.CSI,500汽车汽配全收益,CSI,中证指数有限公司,二级行业指数,20041231,1000.0,20150707
h20679.CSI,500硬件全收益,CSI,中证指数有限公司,二级行业指数,20041231,1000.0,20150707
h20680.CSI,500软件全收益,CSI,中证指数有限公司,二级行业指数,20041231,1000.0,20150707
h20681.CSI,500制药生物全收益,CSI,中证指数有限公司,二级行业指数,20041231,1000.0,20150707
h20682.CSI,500食品饮料全收益,CSI,中证指数有限公司,二级行业指数,20041231,1000.0,20150707
h20683.CSI,500电气设备全收益,CSI,中证指数有限公司,二级行业指数,20041231,1000.0,20150707
h20684.CSI,500机械全收益,CSI,中证指数有限公司,二级行业指数,20041231,1000.0,20150707
h20685.CSI,500建筑工程全收益,CSI,中证指数有限公司,二级行业指数,20041231,1000.0,20150707
h20686.CSI,500多元零售全收益,CSI,中证指数有限公司,三级行业指数,20041231,1000.0,20150707
h20687.CSI,500纺织服装全收益,CSI,中证指数有限公司,三级行业指数,20041231,1000.0,20150707
h20688.CSI,500耐用消费全收益,CSI,中证指数有限公司,三级行业指数,20041231,1000.0,20150707
h20689.CSI,500煤炭全收益,CSI,中证指数有限公司,三级行业指数,20041231,1000.0,20150707
h20690.CSI,500电子仪器全收益,CSI,中证指数有限公司,三级行业指数,20041231,1000.0,20150707
h20691.CSI,500制药全收益,CSI,中证指数有限公司,三级行业指数,20041231,1000.0,20150707
h20692.CSI,500化学制品全收益,CSI,中证指数有限公司,三级行业指数,20041231,1000.0,20150707
h20693.CSI,500建筑材料全收益,CSI,中证指数有限公司,三级行业指数,20041231,1000.0,20150707
h20694.CSI,500有色全收益,CSI,中证指数有限公司,二级行业指数,20041231,1000.0,20150707
h20695.CSI,500农牧渔全收益,CSI,中证指数有限公司,二级行业指数,20041231,1000.0,20150707
h20696.CSI,500饮料全收益,CSI,中证指数有限公司,主题指数,20041231,1000.0,20150707
h20697.CSI,家用电器全收益,CSI,中证指数有限公司,三级行业指数,20041231,1000.0,20150707
h20698.CSI,CS水利全收益,CSI,中证指数有限公司,主题指数,20120629,1000.0,20150731
h20699.CSI,萧何重组全收益(退市),CSI,中证指数有限公司,主题指数,20111230,1000.0,20150716
h20700.CSI,CS上海全收益,CSI,中证指数有限公司,主题指数,20121231,1000.0,20150709
h20701.CSI,CS京津冀全收益,CSI,中证指数有限公司,主题指数,20121231,1000.0,20150709
h20702.CSI,CS西部全收益,CSI,中证指数有限公司,主题指数,20121231,1000.0,20150709
h20703.CSI,福建50全收益,CSI,中证指数有限公司,主题指数,20121231,1000.0,20150709
h20704.CSI,CS广东全收益,CSI,中证指数有限公司,主题指数,20121231,1000.0,20150709
h20705.CSI,电商数据全收益(退市),CSI,中证指数有限公司,主题指数,20101231,1000.0,20150722
h20706.CSI,中证水泥全收益,CSI,中证指数有限公司,主题指数,20041231,1000.0,20150713
h20707.CSI,中证畜牧全收益,CSI,中证指数有限公司,主题指数,20111231,1000.0,20150713
h20708.CSI,中证有色全收益,CSI,中证指数有限公司,主题指数,20131231,1000.0,20150713
h20709.CSI,香港证券全收益,CSI,中证指数有限公司,主题指数,20121231,1000.0,20150713
h20710.CSI,香港证券(CNY)全收益,CSI,中证指数有限公司,主题指数,20121231,1000.0,20150713
h20711.CSI,CS智穿戴全收益,CSI,中证指数有限公司,主题指数,20120629,1000.0,20150731
h20712.CSI,CS物联网全收益,CSI,中证指数有限公司,主题指数,20120629,1000.0,20150731
h20713.CSI,CS人工智全收益,CSI,中证指数有限公司,主题指数,20120629,1000.0,20150731
h20715.CSI,CS朝阳88全收益,CSI,中证指数有限公司,主题指数,20120131,1000.0,20150805
h20716.CSI,CS物流全收益,CSI,中证指数有限公司,主题指数,20111230,1000.0,20150731
h20717.CSI,SHS中国教育全收益,CSI,中证指数有限公司,主题指数,20141231,1000.0,20150731
h20718.CSI,CS航运全收益,CSI,中证指数有限公司,主题指数,20041231,1000.0,20150731
h20719.CSI,CS精准医全收益,CSI,中证指数有限公司,主题指数,20120629,1000.0,20150805
h20720.CSI,CS互医疗全收益,CSI,中证指数有限公司,主题指数,20120629,1000.0,20150805
h20721.CSI,CS智汽车全收益,CSI,中证指数有限公司,主题指数,20120629,1000.0,20150805
h20722.CSI,CS互平台全收益,CSI,中证指数有限公司,主题指数,20120629,1000.0,20150805
h20723.CSI,沪港深F100全收益,CSI,中证指数有限公司,策略指数,20141114,3000.0,20150805
h20724.CSI,沪港深F100(HKD)全收益,CSI,中证指数有限公司,策略指数,20141114,3000.0,20150805
h20725.CSI,CS车联网全收益,CSI,中证指数有限公司,主题指数,20101231,1000.0,20150805
h20726.CSI,CS生医全收益,CSI,中证指数有限公司,主题指数,20120629,1000.0,20150805
h20727.CSI,CS自贸区全收益,CSI,中证指数有限公司,主题指数,20131231,1000.0,20150805
h20728.CSI,CS乐园全收益,CSI,中证指数有限公司,主题指数,20091231,1000.0,20150805
h20730.CSI,银策消费全收益(退市),CSI,中证指数有限公司,主题指数,20111231,1000.0,20150824
h20732.CSI,CS中国造全收益,CSI,中证指数有限公司,主题指数,20120629,1000.0,20150810
h20733.CSI,CS互联+全收益,CSI,中证指数有限公司,主题指数,20120629,1000.0,20150810
h20734.CSI,360互联+全收益,CSI,中证指数有限公司,主题指数,20121231,1000.0,20150810
h20735.CSI,海外中国内地全(CNY),CSI,中证指数有限公司,主题指数,20141114,1000.0,20180814
h20736.CSI,海外中国内地全(HKD),CSI,中证指数有限公司,主题指数,20141114,1000.0,20180814
h20737.CSI,海外中国内地全(USD),CSI,中证指数有限公司,主题指数,20141114,1000.0,20180814
h20738.CSI,四川国改全收益,CSI,中证指数有限公司,主题指数,20111231,1000.0,20180710
h20739.CSI,银策100全收益(退市),CSI,中证指数有限公司,主题指数,20101231,1000.0,20150824
h20740.CSI,300红利低波全收益,CSI,中证指数有限公司,策略指数,20041231,1000.0,20181204
h20741.CSI,CS航空全收益,CSI,中证指数有限公司,主题指数,20111231,1000.0,20150826
h20742.CSI,中证电商全收益,CSI,中证指数有限公司,主题指数,20121231,1000.0,20150826
h20743.CSI,中证生科全收益,CSI,中证指数有限公司,主题指数,20111231,1000.0,20150826
h20744.CSI,中证信托全收益(退市),CSI,中证指数有限公司,主题指数,20121231,1000.0,20150826
h20745.CSI,CSWD数据全收益,CSI,中证指数有限公司,主题指数,20121231,1000.0,20150826
h20746.CSI,港中小企全收益,CSI,中证指数有限公司,主题指数,20141114,3000.0,20150826
h20747.CSI,港中小企(CNY)全收益,CSI,中证指数有限公司,主题指数,20141114,3000.0,20150826
h20748.CSI,沪深300(全)USD,CSI,中证指数有限公司,规模指数,20041231,1000.0,20151106
h20749.CSI,沪深300(全)USD(CNH),CSI,中证指数有限公司,规模指数,20041231,1000.0,20151106
h20750.CSI,中证500(全)USD,CSI,中证指数有限公司,规模指数,20041231,1000.0,20151106
h20751.CSI,中证500(全)USD(CNH),CSI,中证指数有限公司,规模指数,20041231,1000.0,20151106
h20752.CSI,中证500(全)HKD,CSI,中证指数有限公司,规模指数,20041231,1000.0,20151106
h20753.CSI,中证500(全)HKD(CNH),CSI,中证指数有限公司,规模指数,20041231,1000.0,20151106
h20754.CSI,民企成长(全)USD,CSI,中证指数有限公司,主题指数,20131213,1000.0,20151106
h20755.CSI,民企成长(全)USD(CNH),CSI,中证指数有限公司,主题指数,20131213,1000.0,20151106
h20756.CSI,环保(全)USD,CSI,中证指数有限公司,主题指数,20111230,1000.0,20151106
h20757.CSI,环保(全)USD(CNH),CSI,中证指数有限公司,主题指数,20111230,1000.0,20151106
h20758.CSI,凤凰50全收益,CSI,中证指数有限公司,策略指数,20121231,1000.0,20181121
h20759.CSI,雪球100全收益(退市),CSI,中证指数有限公司,策略指数,20121231,1000.0,20150915
h20760.CSI,雪球智选全收益(退市),CSI,中证指数有限公司,策略指数,20121231,1000.0,20150916
h20762.CSI,雪球精选全收益(退市),CSI,中证指数有限公司,策略指数,20121231,1000.0,20150915
h20763.CSI,CS房天下全收益(退市),CSI,中证指数有限公司,主题指数,20081231,1000.0,20150923
h20764.CSI,艾瑞中国互联网全收益(退市),CSI,中证指数有限公司,主题指数,20111230,1000.0,20151207
h20765.CSI,艾瑞中国互联网(USD)全收益(退市),CSI,中证指数有限公司,主题指数,20111230,1000.0,20151207
h20766.CSI,民企高装主题全收益,CSI,中证指数有限公司,主题指数,20120629,1000.0,20151029
h20767.CSI,沪深300优选全收益,CSI,中证指数有限公司,策略指数,20041231,1000.0,20151210
h20768.CSI,沪深300优选(HKD)全收益,CSI,中证指数有限公司,策略指数,20041231,1000.0,20151210
h20769.CSI,财富100全收益(退市),CSI,中证指数有限公司,主题指数,20140131,1000.0,20151207
h20770.CSI,财富188全收益(退市),CSI,中证指数有限公司,主题指数,20131231,1000.0,20151207
h20771.CSI,CS新能源全收益,CSI,中证指数有限公司,主题指数,20111231,1000.0,20151216
h20776.CSI,CS增持全收益,CSI,中证指数有限公司,策略指数,20111231,1000.0,20160114
h20777.CSI,CS定增全收益,CSI,中证指数有限公司,策略指数,20111231,1000.0,20160114
h20778.CSI,CS高端造全收益(退市),CSI,中证指数有限公司,主题指数,20111231,1000.0,20160120
h20779.CSI,银商领先全收益(退市),CSI,中证指数有限公司,主题指数,20111231,1000.0,20160120
h20781.CSI,中证影视全收益,CSI,中证指数有限公司,主题指数,20120629,1000.0,20160204
h20782.CSI,500SNLV全收益,CSI,中证指数有限公司,策略指数,20041231,1000.0,20160204
h20783.CSI,CS英大EI全收益,CSI,中证指数有限公司,主题指数,20131231,1000.0,20160204
h20789.CSI,CSMA预期全收益,CSI,中证指数有限公司,策略指数,20111231,1000.0,20160329
h20790.CSI,CS娱乐TI全收益,CSI,中证指数有限公司,主题指数,20121231,1000.0,20160322
h20791.CSI,CS医药TI全收益,CSI,中证指数有限公司,主题指数,20041231,1000.0,20160322
h20792.CSI,HK银行(全)HKD,CSI,中证指数有限公司,主题指数,20141114,3000.0,20160422
h20793.CSI,HK银行(全)CNY,CSI,中证指数有限公司,主题指数,20141114,3000.0,20160422
h20794.CSI,中美互联网(全)CNY,CSI,中证指数有限公司,主题指数,20131231,1000.0,20160422
h20795.CSI,中美互联网(全)USD,CSI,中证指数有限公司,主题指数,20131231,1000.0,20160422
h20796.CSI,全球中国互联网(全)CNY,CSI,中证指数有限公司,主题指数,20131231,1000.0,20160422
h20797.CSI,全球中国互联网(全)USD,CSI,中证指数有限公司,主题指数,20131231,1000.0,20160422
h20820.CSI,CS高端制全收益,CSI,中证指数有限公司,主题指数,20041231,1000.0,20160511
h20821.CSI,中证VR全收益,CSI,中证指数有限公司,主题指数,20120629,1000.0,20160511
h20822.CSI,CS院校企全收益(退市),CSI,中证指数有限公司,主题指数,20101231,1000.0,20160511
h20835.CSI,环保专利全收益(退市),CSI,中证指数有限公司,主题指数,20131231,1000.0,20160518
h20836.CSI,沪港深高股息(全)CNY,CSI,中证指数有限公司,策略指数,20141114,3000.0,20160608
h20837.CSI,沪港深高股息(全)HKD,CSI,中证指数有限公司,策略指数,20141114,3000.0,20160608
h20838.CSI,CS高股息全收益,CSI,中证指数有限公司,策略指数,20041231,1000.0,20160608
h20839.CSI,港股通高息精选(全),CSI,中证指数有限公司,策略指数,20141114,3000.0,20160608
h20840.CSI,港股通高息精选全CNY,CSI,中证指数有限公司,策略指数,20141114,3000.0,20160608
h20845.CSI,CS供给侧全收益,CSI,中证指数有限公司,主题指数,20131231,1000.0,20160624
h20846.CSI,300SNLV全收益,CSI,中证指数有限公司,策略指数,20041231,1000.0,20160624
h20847.CSI,800SNLV全收益,CSI,中证指数有限公司,策略指数,20041231,1000.0,20160624
h20848.CSI,1000SNLV全收益,CSI,中证指数有限公司,策略指数,20041231,1000.0,20160624
h20850.CSI,智能制造全收益,CSI,中证指数有限公司,主题指数,20120629,1000.0,20160720
h20851.CSI,云计算全收益,CSI,中证指数有限公司,主题指数,20120629,1000.0,20160720
h20852.CSI,量子通信全收益,CSI,中证指数有限公司,主题指数,20120629,1000.0,20160720
h20853.CSI,海绵城市全收益,CSI,中证指数有限公司,主题指数,20120629,1000.0,20160720
h20854.CSI,水环境全收益,CSI,中证指数有限公司,主题指数,20120629,1000.0,20160720
h20855.CSI,CS质量成长全收益,CSI,中证指数有限公司,策略指数,20050630,1000.0,20160712
h20856.CSI,HK质量(全)HKD,CSI,中证指数有限公司,策略指数,20141114,3000.0,20160712
h20857.CSI,HK质量(全)CNY,CSI,中证指数有限公司,策略指数,20141114,3000.0,20160712
h20858.CSI,沪港深质量(全)CNY,CSI,中证指数有限公司,策略指数,20141114,3000.0,20160712
h20859.CSI,沪港深质量(全)HKD,CSI,中证指数有限公司,策略指数,20141114,3000.0,20160712
h20860.CSI,盈利质量全收益,CSI,中证指数有限公司,策略指数,20050630,1000.0,20160712
h20861.CSI,香港EQ(全)HKD,CSI,中证指数有限公司,策略指数,20141114,3000.0,20160712
h20862.CSI,香港EQ(全)CNY,CSI,中证指数有限公司,策略指数,20141114,3000.0,20160712
h20863.CSI,沪港深EQ(全)CNY,CSI,中证指数有限公司,策略指数,20141114,3000.0,20160712
h20864.CSI,沪港深EQ(全)HKD,CSI,中证指数有限公司,策略指数,20141114,3000.0,20160712
h20875.CSI,空天一体全收益,CSI,中证指数有限公司,主题指数,20110630,1000.0,20160817
h20876.CSI,香港彩娱(全)HKD,CSI,中证指数有限公司,主题指数,20141114,3000.0,20160817
h20877.CSI,香港彩娱(全)CNY,CSI,中证指数有限公司,主题指数,20141114,3000.0,20160817
h20878.CSI,中国质量成长(全)CNY,CSI,中证指数有限公司,策略指数,20070630,1000.0,20160818
h20879.CSI,中国质量成长(全)USD,CSI,中证指数有限公司,策略指数,20070630,1000.0,20160818
h20880.CSI,中国盈利质量(全)CNY,CSI,中证指数有限公司,策略指数,20070630,1000.0,20160818
h20881.CSI,中国盈利质量(全)USD,CSI,中证指数有限公司,策略指数,20070630,1000.0,20160818
h20882.CSI,CS珠三角全收益,CSI,中证指数有限公司,主题指数,20121231,1000.0,20160817
h20883.CSI,创新驱动全收益,CSI,中证指数有限公司,主题指数,20121231,1000.0,20161019
h20884.CSI,300创新全收益,CSI,中证指数有限公司,主题指数,20121231,1000.0,20161019
h20885.CSI,500创新全收益,CSI,中证指数有限公司,主题指数,20121231,1000.0,20161019
h20899.CSI,全球消费50(全),CSI,中证指数有限公司,主题指数,20111230,1000.0,20161013
h20900.CSI,全球消费50(全)USD,CSI,中证指数有限公司,主题指数,20111230,1000.0,20161013
h20901.CSI,动漫游戏全收益,CSI,中证指数有限公司,主题指数,20121231,1000.0,20161018
h20902.CSI,中证数据全收益,CSI,中证指数有限公司,主题指数,20121231,1000.0,20161018
h20903.CSI,中证A股全收益,CSI,中证指数有限公司,综合指数,19991231,1000.0,20161018
h20904.CSI,中证PPP全收益(退市),CSI,中证指数有限公司,主题指数,20131231,1000.0,20161107
h20907.CSI,香港海外高股息(全),CSI,中证指数有限公司,策略指数,20141114,3000.0,20161107
h20908.CSI,香港海外高股息全CNY,CSI,中证指数有限公司,策略指数,20141114,3000.0,20161107
h20910.CSI,农牧渔全收益,CSI,中证指数有限公司,二级行业指数,20041231,1000.0,20161212
h20911.CSI,中证化学原料全收益,CSI,中证指数有限公司,三级行业指数,20041231,1000.0,20161212
h20912.CSI,GTJA Intl中国影视RI(退市),CSI,中证指数有限公司,主题指数,20111230,1000.0,20161129
h20913.CSI,GTJA Intl中国影视HRI(退市),CSI,中证指数有限公司,主题指数,20111230,1000.0,20161129
h20914.CSI,港股通高股息(全),CSI,中证指数有限公司,主题指数,20141114,3000.0,20161125
h20915.CSI,港股通高股息(全)CNY,CSI,中证指数有限公司,主题指数,20141114,3000.0,20161125
h20917.CSI,SHS高股息(全),CSI,中证指数有限公司,主题指数,20141114,3000.0,20161228
h20918.CSI,SHS高股息(全)HKD,CSI,中证指数有限公司,主题指数,20141114,3000.0,20161228
h20923.CSI,港中国中小(全)(HKD),CSI,中证指数有限公司,主题指数,20091231,1000.0,20180928
h20924.CSI,港中国中小(全)CNY,CSI,中证指数有限公司,主题指数,20091231,1000.0,20180928
h20925.CSI,沪港深保险(全),CSI,中证指数有限公司,行业指数,20141231,1000.0,20181121
h20926.CSI,沪港深保险(全)HKD,CSI,中证指数有限公司,行业指数,20141231,1000.0,20181121
h20927.CSI,CX基石全收益,CSI,中证指数有限公司,主题指数,20050630,1000.0,20161223
h20928.CSI,CX新动能全收益,CSI,中证指数有限公司,主题指数,20130628,1000.0,20161223
h20930.CSI,港股综合(全)(HKD),CSI,中证指数有限公司,综合指数,20141114,3000.0,20170116
h20931.CSI,港股通50(全)(HKD),CSI,中证指数有限公司,规模指数,20141114,3000.0,20170116
h20932.CSI,港股通内地证券(全),CSI,中证指数有限公司,主题指数,20151231,1000.0,20170116
h20933.CSI,港股综合(全)CNY,CSI,中证指数有限公司,综合指数,20141114,3000.0,20170116
h20934.CSI,港股通50(全)CNY,CSI,中证指数有限公司,规模指数,20141114,3000.0,20170116
h20935.CSI,港股通内地证券(全)CNY,CSI,中证指数有限公司,主题指数,20151231,1000.0,20170116
h20936.CSI,国开成长全收益(退市),CSI,中证指数有限公司,策略指数,20140630,1000.0,20170119
h20937.CSI,稳健成长全收益,CSI,中证指数有限公司,策略指数,20061229,1000.0,20170118
h20938.CSI,500成长估值全收益,CSI,中证指数有限公司,策略指数,20091231,1000.0,20181204
h20939.CSI,500质量成长全收益,CSI,中证指数有限公司,策略指数,20041231,1000.0,20181121
h20945.CSI,香港新股(全)(HKD),CSI,中证指数有限公司,主题指数,20041231,1000.0,20170317
h20946.CSI,香港新股(全)(CNY),CSI,中证指数有限公司,主题指数,20041231,1000.0,20170317
h20949.CSI,价值回报全收益,CSI,中证指数有限公司,策略指数,20051230,1000.0,20170224
h20955.CSI,红利低波100全收益,CSI,中证指数有限公司,策略指数,20051230,1000.0,20170526
h20956.CSI,绿色投资全收益,CSI,中证指数有限公司,主题指数,20120629,1000.0,20170526
h20957.CSI,港股通中国100(全),CSI,中证指数有限公司,主题指数,20141114,3000.0,20170623
h20958.CSI,港股通中国100(全)CNY,CSI,中证指数有限公司,主题指数,20141114,3000.0,20170623
h20959.CSI,港股通海外50(全),CSI,中证指数有限公司,主题指数,20141114,3000.0,20170623
h20960.CSI,港股通能源C(全),CSI,中证指数有限公司,行业指数,20141114,3000.0,20170623
h20961.CSI,港股通材料C(全),CSI,中证指数有限公司,行业指数,20141114,3000.0,20170623
h20962.CSI,港股通工业C(全),CSI,中证指数有限公司,行业指数,20141114,3000.0,20170623
h20964.CSI,港股通消费C(全),CSI,中证指数有限公司,一级行业指数,20141114,3000.0,20170623
h20965.CSI,港股通医药C(全),CSI,中证指数有限公司,行业指数,20141114,3000.0,20170623
h20966.CSI,港股通金融C(全),CSI,中证指数有限公司,行业指数,20141114,3000.0,20170623
h20967.CSI,港股通信息C(全),CSI,中证指数有限公司,一级行业指数,20141114,3000.0,20170623
h20968.CSI,港股通通信C(全),CSI,中证指数有限公司,行业指数,20141114,3000.0,20170623
h20969.CSI,港股通公用C(全),CSI,中证指数有限公司,行业指数,20141114,3000.0,20170623
h20970.CSI,港股通能源C(全)CNY,CSI,中证指数有限公司,行业指数,20141114,3000.0,20170623
h20971.CSI,港股通材料C(全)CNY,CSI,中证指数有限公司,行业指数,20141114,3000.0,20170623
h20972.CSI,港股通工业C(全)CNY,CSI,中证指数有限公司,行业指数,20141114,3000.0,20170623
h20974.CSI,港股通消费C(全)CNY,CSI,中证指数有限公司,一级行业指数,20141114,3000.0,20170623
h20975.CSI,港股通医药C(全)CNY,CSI,中证指数有限公司,行业指数,20141114,3000.0,20170623
h20976.CSI,港股通金融C(全)CNY,CSI,中证指数有限公司,行业指数,20141114,3000.0,20170623
h20977.CSI,港股通信息C(全)CNY,CSI,中证指数有限公司,一级行业指数,20141114,3000.0,20170623
h20978.CSI,港股通通信C(全)CNY,CSI,中证指数有限公司,行业指数,20141114,3000.0,20170623
h20979.CSI,港股通公用C(全)CNY,CSI,中证指数有限公司,行业指数,20141114,3000.0,20170623
h20980.CSI,港股通海外50(全)CNY,CSI,中证指数有限公司,主题指数,20141114,3000.0,20170623
h20981.CSI,东北指数全收益,CSI,中证指数有限公司,主题指数,20131231,1000.0,20170614
h20983.CSI,MG200全收益(退市),CSI,中证指数有限公司,主题指数,20071231,1000.0,20170615
h20984.CSI,MG新经济全收益(退市),CSI,中证指数有限公司,主题指数,20071231,1000.0,20170615
h20985.CSI,500LBLV全收益,CSI,中证指数有限公司,策略指数,20041231,1000.0,20170622
h20986.CSI,金融科技全收益,CSI,中证指数有限公司,主题指数,20140630,1000.0,20170622
h20987.CSI,安徽发展全收益,CSI,中证指数有限公司,主题指数,20131231,1000.0,20190320
h20992.CSI,沪港深红利低波(全)(CNY),CSI,中证指数有限公司,策略指数,20141114,3000.0,20170628
h20993.CSI,沪港深红利低波(全)(HKD),CSI,中证指数有限公司,策略指数,20141114,3000.0,20170628
h20997.CSI,新能源车全收益,CSI,中证指数有限公司,主题指数,20141231,1000.0,20170719
h20998.CSI,港股通大湾区(全),CSI,中证指数有限公司,主题指数,20161230,1000.0,20170719
h20999.CSI,SHS大湾区(全),CSI,中证指数有限公司,主题指数,20161230,1000.0,20170719
h21000.CSI,大湾区全收益,CSI,中证指数有限公司,主题指数,20161230,1000.0,20170719
h21001.CSI,港股通大湾区(全)CNY,CSI,中证指数有限公司,主题指数,20161230,1000.0,20170719
h21002.CSI,SHS大湾区(全)HKD,CSI,中证指数有限公司,主题指数,20161230,1000.0,20170719
h21004.CSI,女性消费全收益,CSI,中证指数有限公司,主题指数,20091231,1000.0,20170721
h21005.CSI,母婴消费全收益,CSI,中证指数有限公司,主题指数,20091231,1000.0,20170721
h21006.CSI,老年消费全收益,CSI,中证指数有限公司,主题指数,20091231,1000.0,20170721
h21008.CSI,中证全指汽车指数全收益,CSI,中证指数有限公司,主题指数,20041231,1000.0,20130715
h21009.CSI,中证全指建筑材料全收益,CSI,中证指数有限公司,主题指数,20041231,1000.0,20130715
h21011.CSI,医药创新全收益(退市),CSI,中证指数有限公司,主题指数,20121231,1000.0,20170831
h21013.CSI,消费低波全收益,CSI,中证指数有限公司,策略指数,20041231,1000.0,20171018
h21014.CSI,成长低波全收益,CSI,中证指数有限公司,策略指数,20041231,1000.0,20171018
h21020.CSI,装配建筑全收益,CSI,中证指数有限公司,主题指数,20151231,1000.0,20171017
h21021.CSI,家电龙头全收益,CSI,中证指数有限公司,主题指数,20041231,1000.0,20171017
h21022.CSI,大气治理全收益,CSI,中证指数有限公司,主题指数,20111231,1000.0,20171017
h21023.CSI,北京50全收益,CSI,中证指数有限公司,主题指数,20121231,1000.0,20171030
h21024.CSI,港股通非银(全),CSI,中证指数有限公司,主题指数,20141114,3000.0,20171106
h21025.CSI,港股通地产(全),CSI,中证指数有限公司,主题指数,20141114,3000.0,20171106
h21026.CSI,港股通 TMT(全),CSI,中证指数有限公司,主题指数,20141114,3000.0,20171106
h21027.CSI,港股通大消费(全),CSI,中证指数有限公司,主题指数,20141114,3000.0,20171106
h21028.CSI,港股通非银(全)CNY,CSI,中证指数有限公司,主题指数,20141114,3000.0,20171106
h21029.CSI,港股通地产(全)CNY,CSI,中证指数有限公司,主题指数,20141114,3000.0,20171106
h21030.CSI,港股通 TMT(全)CNY,CSI,中证指数有限公司,主题指数,20141114,3000.0,20171106
h21031.CSI,港股通大消费(全)CNY,CSI,中证指数有限公司,主题指数,20141114,3000.0,20171106
h21032.CSI,复兴100全收益,CSI,中证指数有限公司,主题指数,20121231,1000.0,20171106
h21033.CSI,杭州湾区全收益,CSI,中证指数有限公司,主题指数,20091231,1000.0,20171108
h21037.CSI,绿色领先全收益,CSI,中证指数有限公司,主题指数,20150630,1000.0,20180104
h21038.CSI,A100AH(全),CSI,中证指数有限公司,策略指数,20051230,1000.0,20171206
h21039.CSI,银行AH(全),CSI,中证指数有限公司,策略指数,20041231,1000.0,20171206
h21040.CSI,证券AH(全),CSI,中证指数有限公司,策略指数,20070630,1000.0,20171206
h21041.CSI,证保AH(全),CSI,中证指数有限公司,策略指数,20041231,1000.0,20171206
h21042.CSI,能源AH(全),CSI,中证指数有限公司,策略指数,20041231,1000.0,20171206
h21043.CSI,央企AH(全),CSI,中证指数有限公司,策略指数,20081231,1000.0,20171206
h21044.CSI,国企AH(全),CSI,中证指数有限公司,策略指数,20090630,1000.0,20171206
h21045.CSI,A100AH(全)HKD,CSI,中证指数有限公司,策略指数,20051230,1000.0,20171206
h21046.CSI,银行AH(全)HKD,CSI,中证指数有限公司,策略指数,20041231,1000.0,20171206
h21047.CSI,证券AH(全)HKD,CSI,中证指数有限公司,策略指数,20070630,1000.0,20171206
h21048.CSI,证保AH(全)HKD,CSI,中证指数有限公司,策略指数,20041231,1000.0,20171206
h21049.CSI,能源AH(全)HKD,CSI,中证指数有限公司,策略指数,20041231,1000.0,20171206
h21050.CSI,央企AH(全)HKD,CSI,中证指数有限公司,策略指数,20081231,1000.0,20171206
h21051.CSI,国企AH(全)HKD,CSI,中证指数有限公司,策略指数,20090630,1000.0,20171206
h21052.CSI,国信价值全收益,CSI,中证指数有限公司,策略指数,20070629,1000.0,20171208
h21053.CSI,高股息策略全收益,CSI,中证指数有限公司,策略指数,20081231,1000.0,20171211
h21054.CSI,财务稳健全收益,CSI,中证指数有限公司,策略指数,20050630,1000.0,20171211
h21055.CSI,稳健低波全收益,CSI,中证指数有限公司,策略指数,20041231,1000.0,20171211
h21057.CSI,股权激励全收益,CSI,中证指数有限公司,主题指数,20111231,1000.0,20180104
h21058.CSI,竞争优势全收益,CSI,中证指数有限公司,主题指数,20121231,1000.0,20180104
h21062.CSI,质量低波全收益,CSI,中证指数有限公司,策略指数,20050630,1000.0,20180122
h21063.CSI,创始经营全收益,CSI,中证指数有限公司,主题指数,20161231,1000.0,20180122
h21065.CSI,财通浙30全收益(退市),CSI,中证指数有限公司,主题指数,20141231,1000.0,20181204
h21066.CSI,军工龙头全收益,CSI,中证指数有限公司,主题指数,20121231,1000.0,20180205
h21067.CSI,绩优策略全收益,CSI,中证指数有限公司,策略指数,20050630,1000.0,20180214
h21068.CSI,消费龙头全收益,CSI,中证指数有限公司,主题指数,20041231,1000.0,20181121
h21069.CSI,中金300全收益,CSI,中证指数有限公司,策略指数,20081231,1000.0,20180214
h21070.CSI,中金100全收益(退市),CSI,中证指数有限公司,策略指数,20081231,1000.0,20180214
h21071.CSI,人工智能全收益,CSI,中证指数有限公司,主题指数,20141231,1000.0,20181121
h21072.CSI,全球中国互联网(全)HKD,CSI,中证指数有限公司,主题指数,20131231,1000.0,20180326
h21079.CSI,5G通信全收益,CSI,中证指数有限公司,主题指数,20151231,1000.0,20190425
h21083.CSI,全球电子游戏(全),CSI,中证指数有限公司,主题指数,20121231,1000.0,20180507
h21084.CSI,全球电子游戏(全)HKD,CSI,中证指数有限公司,主题指数,20121231,1000.0,20180507
h21085.CSI,全球电子游戏(全)USD,CSI,中证指数有限公司,主题指数,20121231,1000.0,20180507
h21086.CSI,MG新经济(全)AUD(退市),CSI,中证指数有限公司,主题指数,20071231,1000.0,20170615
h21087.CSI,科技龙头全收益,CSI,中证指数有限公司,主题指数,20120629,1000.0,20190320
h21090.CSI,海外中国能源全(CNY),CSI,中证指数有限公司,行业指数,20141114,1000.0,20180814
h21091.CSI,海外中国材料全(CNY),CSI,中证指数有限公司,行业指数,20141114,1000.0,20180814
h21092.CSI,海外中国工业全(CNY),CSI,中证指数有限公司,行业指数,20141114,1000.0,20180814
h21093.CSI,海外中国可选全(CNY),CSI,中证指数有限公司,行业指数,20141114,1000.0,20180814
h21094.CSI,海外中国消费全(CNY),CSI,中证指数有限公司,行业指数,20141114,1000.0,20180814
h21096.CSI,海外中国金融全(CNY),CSI,中证指数有限公司,行业指数,20141114,1000.0,20180814
h21097.CSI,海外中国信息全(CNY),CSI,中证指数有限公司,行业指数,20141114,1000.0,20180814
h21098.CSI,海外中国电信全(CNY),CSI,中证指数有限公司,行业指数,20141114,1000.0,20180814
h21099.CSI,海外中国公用全(CNY),CSI,中证指数有限公司,行业指数,20141114,1000.0,20180814
h21100.CSI,海外中国能源全(HKD),CSI,中证指数有限公司,行业指数,20141114,1000.0,20180814
h21101.CSI,海外中国材料全(HKD),CSI,中证指数有限公司,行业指数,20141114,1000.0,20180814
h21102.CSI,海外中国工业全(HKD),CSI,中证指数有限公司,行业指数,20141114,1000.0,20180814
h21103.CSI,海外中国可选全(HKD),CSI,中证指数有限公司,行业指数,20141114,1000.0,20180814
h21104.CSI,海外中国消费全(HKD),CSI,中证指数有限公司,行业指数,20141114,1000.0,20180814
h21106.CSI,海外中国金融全(HKD),CSI,中证指数有限公司,行业指数,20141114,1000.0,20180814
h21107.CSI,海外中国信息全(HKD),CSI,中证指数有限公司,行业指数,20141114,1000.0,20180814
h21108.CSI,海外中国电信全(HKD),CSI,中证指数有限公司,行业指数,20141114,1000.0,20180814
h21109.CSI,海外中国公用全(HKD),CSI,中证指数有限公司,行业指数,20141114,1000.0,20180814
h21110.CSI,海外中国能源全(USD),CSI,中证指数有限公司,行业指数,20141114,1000.0,20180814
h21111.CSI,海外中国材料全(USD),CSI,中证指数有限公司,行业指数,20141114,1000.0,20180814
h21112.CSI,海外中国工业全(USD),CSI,中证指数有限公司,行业指数,20141114,1000.0,20180814
h21113.CSI,海外中国可选全(USD),CSI,中证指数有限公司,行业指数,20141114,1000.0,20180814
h21114.CSI,海外中国消费全(USD),CSI,中证指数有限公司,行业指数,20141114,1000.0,20180814
h21115.CSI,海外中国医药全(USD)(退市),CSI,中证指数有限公司,主题指数,20141114,1000.0,20180814
h21116.CSI,海外中国金融全(USD),CSI,中证指数有限公司,行业指数,20141114,1000.0,20180814
h21117.CSI,海外中国信息全(USD),CSI,中证指数有限公司,行业指数,20141114,1000.0,20180814
h21118.CSI,海外中国电信全(USD),CSI,中证指数有限公司,行业指数,20141114,1000.0,20180814
h21119.CSI,海外中国公用全(USD),CSI,中证指数有限公司,行业指数,20141114,1000.0,20180814
h21120.CSI,中国互联网1040(全)(CNY),CSI,中证指数有限公司,主题指数,20070629,1000.0,20180928
h21121.CSI,中国互联网1040(全)(USD),CSI,中证指数有限公司,主题指数,20070629,1000.0,20180928
h21122.CSI,中国互联网1040(全)(EUR),CSI,中证指数有限公司,主题指数,20070629,1000.0,20180928
h21123.CSI,蓝天环境改善全(CNY)(退市),CSI,中证指数有限公司,主题指数,20161231,1000.0,20181121
h21124.CSI,蓝天环境改善全(HKD)(退市),CSI,中证指数有限公司,主题指数,20161231,1000.0,20181121
h21125.CSI,蓝天环境改善全(USD)(退市),CSI,中证指数有限公司,主题指数,20161231,1000.0,20181121
h21126.CSI,蓝天环境改善全(EUR)(退市),CSI,中证指数有限公司,主题指数,20161231,1000.0,20181121
h21127.CSI,浙江新动能(全),CSI,中证指数有限公司,主题指数,20081231,1000.0,20190122
h21128.CSI,浙江新动能(全)USD,CSI,中证指数有限公司,主题指数,20081231,1000.0,20190122
h21129.CSI,盈利估值全收益,CSI,中证指数有限公司,策略指数,20090630,1000.0,20181204
h21130.CSI,红利成长低波全收益,CSI,中证指数有限公司,策略指数,20051230,1000.0,20181204
h21133.CSI,经济蓝筹全收益,CSI,中证指数有限公司,策略指数,20041231,1000.0,20190320
h21134.CSI,AH经济蓝筹(全),CSI,中证指数有限公司,策略指数,20041231,1000.0,20190320
h21135.CSI,AH经济蓝筹(全)HKD,CSI,中证指数有限公司,策略指数,20041231,1000.0,20190320
h21136.CSI,深圳科技(全),CSI,中证指数有限公司,主题指数,20141114,3000.0,20190122
h21137.CSI,深圳科技(全)HKD,CSI,中证指数有限公司,主题指数,20141114,3000.0,20190122
h21138.CSI,高息低波全收益,CSI,中证指数有限公司,策略指数,20041231,1000.0,20181204
h21139.CSI,CS消费50全收益,CSI,中证指数有限公司,主题指数,20041231,1000.0,20190320
h21140.CSI,医药50全收益,CSI,中证指数有限公司,主题指数,20041231,1000.0,20190320
h21141.CSI,CS长三角全收益,CSI,中证指数有限公司,主题指数,20121231,1000.0,20190320
h21142.CSI,东证竞争全收益,CSI,中证指数有限公司,策略指数,20091231,1000.0,20190320
h21143.CSI,CS红利配置全收益,CSI,中证指数有限公司,策略指数,20131231,1000.0,20190422
h21144.CSI,通信技术全收益,CSI,中证指数有限公司,主题指数,20151231,1000.0,20190530
h21148.CSI,ESG80全收益,CSI,中证指数有限公司,主题指数,20110630,1000.0,20190227
h21149.CSI,环境质量全收益,CSI,中证指数有限公司,策略指数,20120629,1000.0,20190131
h21150.CSI,绿色质量全收益,CSI,中证指数有限公司,策略指数,20120629,1000.0,20190131
h21151.CSI,光伏产业全收益,CSI,中证指数有限公司,主题指数,20121231,1000.0,20190422
h21152.CSI,CS创新药全收益,CSI,中证指数有限公司,主题指数,20141231,1000.0,20190422
h21155.CSI,300质量成长全收益,CSI,中证指数有限公司,策略指数,20041231,1000.0,20190422
h21156.CSI,800质量成长全收益,CSI,中证指数有限公司,策略指数,20041231,1000.0,20190422
h21157.CSI,SHS红利成长LV(全),CSI,中证指数有限公司,策略指数,20141114,3000.0,20190425
h21158.CSI,SHS红利成长LV(全)HKD,CSI,中证指数有限公司,策略指数,20141114,3000.0,20190425
h21159.CSI,创新100全收益,CSI,中证指数有限公司,主题指数,20140630,1000.0,20190516
h21160.CSI,中证全指通信设备全收益,CSI,中证指数有限公司,主题指数,20041231,1000.0,20130715
h21163.CSI,浙江100全收益,CSI,中证指数有限公司,主题指数,20121231,1000.0,20190425
h21165.CSI,新兴科技100全收益,CSI,中证指数有限公司,策略指数,20081231,1000.0,20190425
h21166.CSI,医药健康100全收益,CSI,中证指数有限公司,策略指数,20081231,1000.0,20190425
h21167.CSI,先进制造100全收益,CSI,中证指数有限公司,策略指数,20081231,1000.0,20190425
h21168.CSI,绿色价值100全收益,CSI,中证指数有限公司,主题指数,20160630,1000.0,20190627
h21169.CSI,证券30全收益,CSI,中证指数有限公司,主题指数,20131231,1000.0,20190530
h21170.CSI,民企龙头全收益,CSI,中证指数有限公司,主题指数,20120629,1000.0,20190425
h21171.CSI,长三角指全收益(退市),CSI,中证指数有限公司,主题指数,20121231,1000.0,20190610
h21186.CSI,中证科技全收益,CSI,中证指数有限公司,主题指数,20121231,1000.0,20190530
h21187.CSI,科技100全收益,CSI,中证指数有限公司,主题指数,20140613,1000.0,20190530
h21359.CSI,沪深300(全)AUD(CNH),CSI,中证指数有限公司,规模指数,20041231,1000.0,20190830
h30001.CSI,中证环渤海,CSI,中证指数有限公司,主题指数,20041231,1000.0,20120927
h30002.CSI,中证长三角,CSI,中证指数有限公司,主题指数,20041231,1000.0,20120927
h30004.CSI,中证中部崛起,CSI,中证指数有限公司,主题指数,20041231,1000.0,20120927
h30005.CSI,中证西部开发,CSI,中证指数有限公司,主题指数,20041231,1000.0,20120927
h30006.CSI,中证东北振兴,CSI,中证指数有限公司,主题指数,20041231,1000.0,20120927
h30007.CSI,芯片产业,CSI,中证指数有限公司,主题指数,20151231,1000.0,20121220
h30011.CSI,中证800材料主题,CSI,中证指数有限公司,主题指数,20041231,1000.0,20121221
h30012.CSI,中证800资本,CSI,中证指数有限公司,主题指数,20041231,1000.0,20121221
h30013.CSI,800商业,CSI,中证指数有限公司,二级行业指数,20041231,1000.0,20121221
h30014.CSI,800运输,CSI,中证指数有限公司,二级行业指数,20041231,1000.0,20121221
h30015.CSI,中证800汽车,CSI,中证指数有限公司,主题指数,20041231,1000.0,20121221
h30016.CSI,800耐用,CSI,中证指数有限公司,二级行业指数,20041231,1000.0,20121221
h30017.CSI,800服务,CSI,中证指数有限公司,二级行业指数,20041231,1000.0,20121221
h30018.CSI,800传媒,CSI,中证指数有限公司,二级行业指数,20041231,1000.0,20121221
h30019.CSI,800零售,CSI,中证指数有限公司,二级行业指数,20041231,1000.0,20121221
h30020.CSI,800食品,CSI,中证指数有限公司,二级行业指数,20041231,1000.0,20121221
h30022.CSI,800银行,CSI,中证指数有限公司,二级行业指数,20041231,1000.0,20121221
h30023.CSI,800资本,CSI,中证指数有限公司,二级行业指数,20041231,1000.0,20121221
h30024.CSI,800保险,CSI,中证指数有限公司,二级行业指数,20071231,1000.0,20121221
h30025.CSI,中证800地产(退市)(退市),CSI,中证指数有限公司,二级行业指数,20041231,1000.0,20121221
h30031.CSI,800有色,CSI,中证指数有限公司,二级行业指数,20041231,1000.0,20121221
h30033.CSI,中证800非银(停用)(退市),CSI,中证指数有限公司,主题指数,20041231,1000.0,20121221
h30034.CSI,300有色,CSI,中证指数有限公司,二级行业指数,20041231,1000.0,20121221
h30035.CSI,300非银,CSI,中证指数有限公司,主题指数,20041231,1000.0,20121221
h30036.CSI,AMAC餐饮,CSI,中证指数有限公司,一级行业指数,20090101,1000.0,20130121
h30037.CSI,AMAC商务,CSI,中证指数有限公司,一级行业指数,20090101,1000.0,20130121
h30038.CSI,AMAC科技,CSI,中证指数有限公司,一级行业指数,20090101,1000.0,20130121
h30039.CSI,AMAC公共,CSI,中证指数有限公司,一级行业指数,20090101,1000.0,20130121
h30040.CSI,AMAC社会,CSI,中证指数有限公司,一级行业指数,20090101,1000.0,20130121
h30041.CSI,AMAC农副,CSI,中证指数有限公司,一级行业指数,20090101,1000.0,20130121
h30042.CSI,AMAC食品,CSI,中证指数有限公司,一级行业指数,20090101,1000.0,20130121
h30043.CSI,AMAC饮料,CSI,中证指数有限公司,一级行业指数,20090101,1000.0,20130121
h30044.CSI,AMAC纺织,CSI,中证指数有限公司,一级行业指数,20090101,1000.0,20130121
h30045.CSI,AMAC服装,CSI,中证指数有限公司,一级行业指数,20090101,1000.0,20130121
h30046.CSI,AMAC皮革,CSI,中证指数有限公司,一级行业指数,20090101,1000.0,20130121
h30047.CSI,AMAC木材,CSI,中证指数有限公司,一级行业指数,20090101,1000.0,20130121
h30048.CSI,AMAC家具,CSI,中证指数有限公司,一级行业指数,20090101,1000.0,20130121
h30049.CSI,AMAC造纸,CSI,中证指数有限公司,一级行业指数,20090101,1000.0,20130121
h30050.CSI,AMAC印刷,CSI,中证指数有限公司,一级行业指数,20090101,1000.0,20130121
h30051.CSI,AMAC文教,CSI,中证指数有限公司,一级行业指数,20090101,1000.0,20130121
h30052.CSI,AMAC石化,CSI,中证指数有限公司,一级行业指数,20090101,1000.0,20130121
h30053.CSI,AMAC化学,CSI,中证指数有限公司,一级行业指数,20090101,1000.0,20130121
h30054.CSI,AMAC医药,CSI,中证指数有限公司,一级行业指数,20090101,1000.0,20130121
h30055.CSI,AMAC化纤,CSI,中证指数有限公司,一级行业指数,20090101,1000.0,20130121
h30056.CSI,AMAC橡胶,CSI,中证指数有限公司,一级行业指数,20090101,1000.0,20130121
h30057.CSI,AMAC矿物,CSI,中证指数有限公司,一级行业指数,20090101,1000.0,20130121
h30058.CSI,AMAC钢铁,CSI,中证指数有限公司,一级行业指数,20090101,1000.0,20130121
h30059.CSI,AMAC有色,CSI,中证指数有限公司,一级行业指数,20090101,1000.0,20130121
h30060.CSI,AMAC金属,CSI,中证指数有限公司,一级行业指数,20090101,1000.0,20130121
h30061.CSI,AMAC通用,CSI,中证指数有限公司,一级行业指数,20090101,1000.0,20130121
h30062.CSI,AMAC专用,CSI,中证指数有限公司,一级行业指数,20090101,1000.0,20130121
h30063.CSI,AMAC汽车,CSI,中证指数有限公司,一级行业指数,20090101,1000.0,20130121
h30064.CSI,AMAC运输,CSI,中证指数有限公司,一级行业指数,20090101,1000.0,20130121
h30065.CSI,AMAC电气,CSI,中证指数有限公司,一级行业指数,20090101,1000.0,20130121
h30066.CSI,AMAC电子,CSI,中证指数有限公司,一级行业指数,20090101,1000.0,20130121
h30067.CSI,AMAC仪表,CSI,中证指数有限公司,一级行业指数,20090101,1000.0,20130121
h30068.CSI,中证文化,CSI,中证指数有限公司,主题指数,20120629,1000.0,20130326
h30073.CSI,中证红利回报,CSI,中证指数有限公司,主题指数,20041231,1000.0,20130327
h30074.CSI,中证服务,CSI,中证指数有限公司,主题指数,20041231,1000.0,20130326
h30079.CSI,300信服,CSI,中证指数有限公司,主题指数,20041231,1000.0,20130509
h30080.CSI,300消服,CSI,中证指数有限公司,主题指数,20041231,1000.0,20130509
h30081.CSI,沪深300公运,CSI,中证指数有限公司,主题指数,20041231,1000.0,20130509
h30082.CSI,300两倍,CSI,中证指数有限公司,策略指数,20090630,3000.0,20130403
h30083.CSI,300反向,CSI,中证指数有限公司,策略指数,20090630,3000.0,20130403
h30084.CSI,300反两,CSI,中证指数有限公司,策略指数,20090630,3000.0,20130403
h30086.CSI,800金融,CSI,中证指数有限公司,一级行业指数,20041231,1000.0,20130509
h30087.CSI,中证500动态,CSI,中证指数有限公司,策略指数,20041231,1000.0,20130509
h30088.CSI,中证500稳定,CSI,中证指数有限公司,策略指数,20041231,1000.0,20130509
h30089.CSI,红利潜力,CSI,中证指数有限公司,主题指数,20051230,1000.0,20130702
h30090.CSI,能源红利,CSI,中证指数有限公司,策略指数,20051230,1000.0,20130702
h30091.CSI,材料红利,CSI,中证指数有限公司,策略指数,20051230,1000.0,20130702
h30092.CSI,工业红利,CSI,中证指数有限公司,策略指数,20051230,1000.0,20130702
h30093.CSI,可选红利,CSI,中证指数有限公司,策略指数,20051230,1000.0,20130702
h30094.CSI,消费红利,CSI,中证指数有限公司,策略指数,20051230,1000.0,20130702
h30095.CSI,医药红利,CSI,中证指数有限公司,策略指数,20051230,1000.0,20130702
h30096.CSI,金融红利,CSI,中证指数有限公司,策略指数,20051230,1000.0,20130702
h30097.CSI,信息红利,CSI,中证指数有限公司,策略指数,20051230,1000.0,20130702
h30098.CSI,通信红利,CSI,中证指数有限公司,策略指数,20051230,1000.0,20130702
h30099.CSI,公用红利,CSI,中证指数有限公司,策略指数,20051230,1000.0,20130702
h30100.CSI,港股通上游资源,CSI,中证指数有限公司,主题指数,20041231,1000.0,20130521
h30101.CSI,H300中游港币,CSI,中证指数有限公司,主题指数,20041231,1000.0,20130521
h30102.CSI,H300下游港币,CSI,中证指数有限公司,主题指数,20041231,1000.0,20130521
h30103.CSI,H300周期港币,CSI,中证指数有限公司,主题指数,20041231,1000.0,20130521
h30104.CSI,H300非周期港币,CSI,中证指数有限公司,主题指数,20041231,1000.0,20130521
h30105.CSI,H300地产港币,CSI,中证指数有限公司,一级行业指数,20041231,1000.0,20130521
h30106.CSI,H300金融服务港币,CSI,中证指数有限公司,主题指数,20041231,1000.0,20130521
h30107.CSI,H300现代服务港币,CSI,中证指数有限公司,主题指数,20041231,1000.0,20130521
h30109.CSI,H300消费港币,CSI,中证指数有限公司,主题指数,20041231,1000.0,20130521
h30110.CSI,港股通上游资源CNY,CSI,中证指数有限公司,主题指数,20041231,1000.0,20130521
h30111.CSI,H300中游人民币,CSI,中证指数有限公司,主题指数,20041231,1000.0,20130521
h30112.CSI,H300下游人民币,CSI,中证指数有限公司,主题指数,20041231,1000.0,20130521
h30113.CSI,H300周期人民币,CSI,中证指数有限公司,主题指数,20041231,1000.0,20130521
h30114.CSI,H300非周期人民币,CSI,中证指数有限公司,主题指数,20041231,1000.0,20130521
h30115.CSI,H300地产人民币,CSI,中证指数有限公司,一级行业指数,20041231,1000.0,20130521
h30116.CSI,H300金融服务人民币,CSI,中证指数有限公司,主题指数,20041231,1000.0,20130521
h30117.CSI,H300现代服务人民币,CSI,中证指数有限公司,主题指数,20041231,1000.0,20130521
h30119.CSI,H300消费人民币,CSI,中证指数有限公司,主题指数,20041231,1000.0,20130521
h30124.CSI,安中动态,CSI,中证指数有限公司,策略指数,20071228,1000.0,20130701
h30125.CSI,优化成长(退市),CSI,中证指数有限公司,策略指数,20041231,1000.0,20130703
h30126.CSI,优化价值(退市),CSI,中证指数有限公司,策略指数,20041231,1000.0,20130703
h30127.CSI,优化高贝(退市),CSI,中证指数有限公司,策略指数,20041231,1000.0,20130703
h30128.CSI,优化低贝(退市),CSI,中证指数有限公司,策略指数,20041231,1000.0,20130703
h30129.CSI,优化高波(退市),CSI,中证指数有限公司,策略指数,20041231,1000.0,20130703
h30130.CSI,优化低波(退市),CSI,中证指数有限公司,策略指数,20041231,1000.0,20130703
h30131.CSI,中国消费人民币,CSI,中证指数有限公司,主题指数,20070629,1000.0,20130605
h30132.CSI,中国消费美元,CSI,中证指数有限公司,主题指数,20070629,1000.0,20130605
h30133.CSI,金砖DR,CSI,中证指数有限公司,规模指数,20051230,1000.0,20130712
h30134.CSI,金砖DR U,CSI,中证指数有限公司,规模指数,20051230,1000.0,20130712
h30135.CSI,金砖DR(HK),CSI,中证指数有限公司,规模指数,20051230,1000.0,20130712
h30136.CSI,金砖DR(HK)U,CSI,中证指数有限公司,规模指数,20051230,1000.0,20130712
h30137.CSI,中证城镇,CSI,中证指数有限公司,主题指数,20120629,1000.0,20130826
h30138.CSI,智慧城镇,CSI,中证指数有限公司,主题指数,20120629,1000.0,20130826
h30139.CSI,绿色城镇,CSI,中证指数有限公司,主题指数,20120629,1000.0,20130826
h30140.CSI,城镇交通,CSI,中证指数有限公司,主题指数,20120629,1000.0,20130826
h30141.CSI,智能交通,CSI,中证指数有限公司,主题指数,20120629,1000.0,20130826
h30142.CSI,城镇消费,CSI,中证指数有限公司,主题指数,20120629,1000.0,20130826
h30143.CSI,新基建,CSI,中证指数有限公司,主题指数,20141231,1000.0,20130826
h30164.CSI,汽车汽配,CSI,中证指数有限公司,二级行业指数,20041231,1000.0,20130715
h30166.CSI,中证全指机械制造,CSI,中证指数有限公司,二级行业指数,20041231,1000.0,20130715
h30169.CSI,中证全指资本品,CSI,中证指数有限公司,主题指数,20041231,1000.0,20130715
h30170.CSI,中证全指商业指数,CSI,中证指数有限公司,二级行业指数,20041231,1000.0,20130715
h30171.CSI,中证全指运输指数,CSI,中证指数有限公司,二级行业指数,20041231,1000.0,20130715
h30172.CSI,耐用服装,CSI,中证指数有限公司,主题指数,20041231,1000.0,20130715
h30173.CSI,中证全指消费者,CSI,中证指数有限公司,二级行业指数,20041231,1000.0,20130715
h30174.CSI,中证全指媒体指数,CSI,中证指数有限公司,二级行业指数,20041231,1000.0,20130715
h30175.CSI,中证全指零售指数,CSI,中证指数有限公司,二级行业指数,20041231,1000.0,20130715
h30176.CSI,食药零售,CSI,中证指数有限公司,主题指数,20041231,1000.0,20130715
h30177.CSI,全指食品,CSI,中证指数有限公司,二级行业指数,20041231,1000.0,20130715
h30178.CSI,医疗保健,CSI,中证指数有限公司,主题指数,20041231,1000.0,20130715
h30179.CSI,制药生物,CSI,中证指数有限公司,二级行业指数,20041231,1000.0,20130715
h30181.CSI,中证全指综合金融(退市),CSI,中证指数有限公司,二级行业指数,20041231,1000.0,20130715
h30182.CSI,计算机,CSI,中证指数有限公司,二级行业指数,20041231,1000.0,20130715
h30183.CSI,中证全指电子,CSI,中证指数有限公司,二级行业指数,20041231,1000.0,20130715
h30184.CSI,中证全指半导体,CSI,中证指数有限公司,二级行业指数,20041231,1000.0,20130715
h30186.CSI,中证全指保险指数,CSI,中证指数有限公司,二级行业指数,20070629,1000.0,20130715
h30187.CSI,中证全指化学制品,CSI,中证指数有限公司,二级行业指数,20041231,1000.0,20130715
h30190.CSI,电子设备,CSI,中证指数有限公司,主题指数,20041231,1000.0,20130715
h30192.CSI,食品,CSI,中证指数有限公司,三级行业指数,20041231,1000.0,20130715
h30193.CSI,中证全指纺织服装,CSI,中证指数有限公司,三级行业指数,20041231,1000.0,20130715
h30195.CSI,中证全指建筑工程,CSI,中证指数有限公司,三级行业指数,20041231,1000.0,20130715
h30196.CSI,耐用消费品,CSI,中证指数有限公司,二级行业指数,20041231,1000.0,20130715
h30197.CSI,一般零售,CSI,中证指数有限公司,三级行业指数,20041231,1000.0,20130715
h30198.CSI,油气产业,CSI,中证指数有限公司,行业指数,20041231,1000.0,20130715
h30199.CSI,中证全指电力指数,CSI,中证指数有限公司,三级行业指数,20041231,1000.0,20130715
h30200.CSI,中证全指交通设施,CSI,中证指数有限公司,三级行业指数,20041231,1000.0,20130715
h30201.CSI,贸易商,CSI,中证指数有限公司,四级行业指数,20041231,1000.0,20130715
h30202.CSI,软件指数,CSI,中证指数有限公司,主题指数,20041231,1000.0,20130715
h30203.CSI,中证全指信息服务,CSI,中证指数有限公司,三级行业指数,20041231,1000.0,20130715
h30204.CSI,休闲服务,CSI,中证指数有限公司,三级行业指数,20041231,1000.0,20130715
h30205.CSI,饮料指数,CSI,中证指数有限公司,行业指数,20041231,1000.0,20130715
h30206.CSI,中证全指纸类林业,CSI,中证指数有限公司,三级行业指数,20041231,1000.0,20130715
h30207.CSI,中证全指电脑设备,CSI,中证指数有限公司,四级行业指数,20041231,1000.0,20130715
h30208.CSI,中证全指专营零售,CSI,中证指数有限公司,三级行业指数,20041231,1000.0,20130715
h30209.CSI,中证全指建筑产品,CSI,中证指数有限公司,三级行业指数,20041231,1000.0,20130715
h30211.CSI,中证全指资本市场,CSI,中证指数有限公司,二级行业指数,20070629,1000.0,20130715
h30213.CSI,CS航空航天,CSI,中证指数有限公司,主题指数,20041231,1000.0,20130715
h30214.CSI,油气开采服务,CSI,中证指数有限公司,三级行业指数,20041231,1000.0,20130715
h30215.CSI,中证全指休闲用品,CSI,中证指数有限公司,三级行业指数,20041231,1000.0,20130715
h30216.CSI,航运指数,CSI,中证指数有限公司,四级行业指数,20041231,1000.0,20130715
h30217.CSI,医疗器械,CSI,中证指数有限公司,三级行业指数,20041231,1000.0,20130715
h30218.CSI,中证全指水务指数,CSI,中证指数有限公司,三级行业指数,20041231,1000.0,20130715
h30219.CSI,中证全指容器包装,CSI,中证指数有限公司,三级行业指数,20041231,1000.0,20130715
h30220.CSI,文化娱乐,CSI,中证指数有限公司,三级行业指数,20041231,1000.0,20130715
h30221.CSI,中证全指复合公用,CSI,中证指数有限公司,三级行业指数,20041231,1000.0,20130715
h30222.CSI,运输业,CSI,中证指数有限公司,三级行业指数,20041231,1000.0,20130715
h30223.CSI,航空运输,CSI,中证指数有限公司,四级行业指数,20041231,1000.0,20130715
h30229.CSI,中证军工(退市),CSI,中证指数有限公司,主题指数,20041231,1000.0,20131226
h30230.CSI,H300LV(HKD),CSI,中证指数有限公司,策略指数,20051230,1000.0,20131015
h30231.CSI,H300LB(HKD),CSI,中证指数有限公司,策略指数,20051230,1000.0,20131015
h30232.CSI,H300HB(HKD),CSI,中证指数有限公司,策略指数,20051230,1000.0,20131015
h30233.CSI,H300稳定(HKD),CSI,中证指数有限公司,策略指数,20051230,1000.0,20131015
h30234.CSI,H300动态(HKD),CSI,中证指数有限公司,策略指数,20051230,1000.0,20131015
h30235.CSI,H300CNLV(HKD),CSI,中证指数有限公司,策略指数,20051230,1000.0,20131015
h30236.CSI,H300CNLB(HKD),CSI,中证指数有限公司,策略指数,20051230,1000.0,20131015
h30237.CSI,H300CNHB(HKD),CSI,中证指数有限公司,策略指数,20051230,1000.0,20131015
h30238.CSI,HK100EW(HKD),CSI,中证指数有限公司,策略指数,20051230,1000.0,20131015
h30239.CSI,HKCN50EW(HKD),CSI,中证指数有限公司,策略指数,20051230,1000.0,20131015
h30240.CSI,H300LV(CNY),CSI,中证指数有限公司,策略指数,20051230,1000.0,20131015
h30241.CSI,H300LB(CNY),CSI,中证指数有限公司,策略指数,20051230,1000.0,20131015
h30242.CSI,H300HB(CNY),CSI,中证指数有限公司,策略指数,20051230,1000.0,20131015
h30243.CSI,H300稳定(CNY),CSI,中证指数有限公司,策略指数,20051230,1000.0,20131015
h30244.CSI,H300动态(CNY),CSI,中证指数有限公司,策略指数,20051230,1000.0,20131015
h30245.CSI,H300CNLV(CNY),CSI,中证指数有限公司,策略指数,20051230,1000.0,20131015
h30246.CSI,H300CNLB(CNY),CSI,中证指数有限公司,策略指数,20051230,1000.0,20131015
h30247.CSI,H300CNHB(CNY),CSI,中证指数有限公司,策略指数,20051230,1000.0,20131015
h30248.CSI,HK100EW(CNY),CSI,中证指数有限公司,策略指数,20051230,1000.0,20131015
h30249.CSI,HKCN50EW(CNY),CSI,中证指数有限公司,策略指数,20051230,1000.0,20131015
h30250.CSI,中证500能源,CSI,中证指数有限公司,一级行业指数,20041231,1000.0,20131106
h30251.CSI,中证500原料,CSI,中证指数有限公司,一级行业指数,20041231,1000.0,20131106
h30252.CSI,中证500工业,CSI,中证指数有限公司,一级行业指数,20041231,1000.0,20131106
h30253.CSI,中证500可选,CSI,中证指数有限公司,一级行业指数,20041231,1000.0,20131106
h30254.CSI,中证500消费,CSI,中证指数有限公司,一级行业指数,20041231,1000.0,20131106
h30255.CSI,中证500医药,CSI,中证指数有限公司,一级行业指数,20041231,1000.0,20131106
h30256.CSI,500金融地产,CSI,中证指数有限公司,主题指数,20041231,1000.0,20131106
h30257.CSI,中证500信息,CSI,中证指数有限公司,一级行业指数,20041231,1000.0,20131106
h30258.CSI,500通信,CSI,中证指数有限公司,一级行业指数,20041231,1000.0,20131106
h30259.CSI,中证500公用,CSI,中证指数有限公司,一级行业指数,20041231,1000.0,20131106
h30260.CSI,300动量,CSI,中证指数有限公司,策略指数,20041231,1000.0,20131121
h30261.CSI,300ERC,CSI,中证指数有限公司,策略指数,20041231,1000.0,20131121
h30263.CSI,腾讯济安,CSI,中证指数有限公司,策略指数,20130518,1000.0,20131118
h30269.CSI,红利低波,CSI,中证指数有限公司,策略指数,20051230,1000.0,20131219
h30270.CSI,红利价值,CSI,中证指数有限公司,策略指数,20051230,1000.0,20131219
h30271.CSI,A100动态,CSI,中证指数有限公司,策略指数,20041231,1000.0,20140117
h30272.CSI,A100稳定,CSI,中证指数有限公司,策略指数,20041231,1000.0,20140117
h30273.CSI,200动态,CSI,中证指数有限公司,策略指数,20041231,1000.0,20140117
h30274.CSI,200稳定,CSI,中证指数有限公司,策略指数,20041231,1000.0,20140117
h30310.CSI,中证500净收益美元,CSI,中证指数有限公司,规模指数,20041231,1000.0,20140415
h30311.CSI,800可选净收益美元,CSI,中证指数有限公司,一级行业指数,20041231,1000.0,20140415
h30312.CSI,800消费净收益美元,CSI,中证指数有限公司,一级行业指数,20041231,1000.0,20140415
h30313.CSI,800医药净收益美元,CSI,中证指数有限公司,一级行业指数,20041231,1000.0,20140415
h30314.CSI,800金地净收益美元,CSI,中证指数有限公司,主题指数,20041231,1000.0,20140415
h30315.CSI,800信息净收益美元,CSI,中证指数有限公司,一级行业指数,20041231,1000.0,20140415
h30316.CSI,800工业净收益美元,CSI,中证指数有限公司,一级行业指数,20041231,1000.0,20140415
h30317.CSI,800材料净收益美元,CSI,中证指数有限公司,一级行业指数,20041231,1000.0,20140415
h30318.CSI,科技传媒通信150,CSI,中证指数有限公司,主题指数,20110630,1000.0,20140415
h30322.CSI,股债RP,CSI,中证指数有限公司,策略指数,20051231,1000.0,20140609
h30324.CSI,H300银行(HKD),CSI,中证指数有限公司,主题指数,20041231,1000.0,20140521
h30325.CSI,H300运输(HKD),CSI,中证指数有限公司,主题指数,20041231,1000.0,20140521
h30326.CSI,港股通资源产业,CSI,中证指数有限公司,主题指数,20041231,1000.0,20140521
h30327.CSI,H300基建(HKD),CSI,中证指数有限公司,主题指数,20041231,1000.0,20140521
h30328.CSI,H300物流(HKD),CSI,中证指数有限公司,主题指数,20041231,1000.0,20140521
h30329.CSI,H300休闲(HKD),CSI,中证指数有限公司,主题指数,20041231,1000.0,20140521
h30330.CSI,HK细分龙头(HKD),CSI,中证指数有限公司,主题指数,20041231,1000.0,20140521
h30331.CSI,HK行业龙头(HKD),CSI,中证指数有限公司,主题指数,20041231,1000.0,20140521
h30332.CSI,香港50(HKD),CSI,中证指数有限公司,规模指数,20041231,1000.0,20140521
h30334.CSI,H300银行(CNY),CSI,中证指数有限公司,主题指数,20041231,1000.0,20140521
h30335.CSI,H300运输(CNY),CSI,中证指数有限公司,主题指数,20041231,1000.0,20140521
h30336.CSI,港股通资源产业CNY,CSI,中证指数有限公司,主题指数,20041231,1000.0,20140521
h30337.CSI,H300基建(CNY),CSI,中证指数有限公司,主题指数,20041231,1000.0,20140521
h30338.CSI,H300物流(CNY),CSI,中证指数有限公司,主题指数,20041231,1000.0,20140521
h30339.CSI,H300休闲(CNY),CSI,中证指数有限公司,主题指数,20041231,1000.0,20140521
h30340.CSI,HK细分龙头(CNY),CSI,中证指数有限公司,主题指数,20041231,1000.0,20140521
h30341.CSI,HK行业龙头(CNY),CSI,中证指数有限公司,主题指数,20041231,1000.0,20140521
h30342.CSI,香港50(CNY),CSI,中证指数有限公司,规模指数,20041231,1000.0,20140521
h30344.CSI,健康产业,CSI,中证指数有限公司,主题指数,20111230,1000.0,20140606
h30345.CSI,300波控1,CSI,中证指数有限公司,策略指数,20041231,1000.0,20140708
h30346.CSI,300波控2,CSI,中证指数有限公司,策略指数,20041231,1000.0,20140708
h30347.CSI,500波控1,CSI,中证指数有限公司,策略指数,20041231,1000.0,20140708
h30348.CSI,500波控2,CSI,中证指数有限公司,策略指数,20041231,1000.0,20140708
h30350.CSI,辽宁股交中心市场发展指数,CSI,中证指数有限公司,主题指数,20131231,1000.0,20140425
h30351.CSI,中证500成长,CSI,中证指数有限公司,风格指数,20041231,1000.0,20140609
h30352.CSI,中证500价值,CSI,中证指数有限公司,风格指数,20041231,1000.0,20140609
h30353.CSI,中证500R成长,CSI,中证指数有限公司,风格指数,20041231,1000.0,20140609
h30354.CSI,中证500R价值,CSI,中证指数有限公司,风格指数,20041231,1000.0,20140609
h30355.CSI,中证800成长,CSI,中证指数有限公司,风格指数,20041231,1000.0,20140609
h30356.CSI,中证800价值,CSI,中证指数有限公司,风格指数,20041231,1000.0,20140609
h30357.CSI,中证800R成长,CSI,中证指数有限公司,风格指数,20041231,1000.0,20140609
h30358.CSI,中证800R价值,CSI,中证指数有限公司,风格指数,20041231,1000.0,20140609
h30359.CSI,中证转型成长,CSI,中证指数有限公司,策略指数,20051230,1000.0,20140711
h30362.CSI,基本300,CSI,中证指数有限公司,策略指数,20041231,1000.0,20140722
h30363.CSI,基本500,CSI,中证指数有限公司,策略指数,20041231,1000.0,20140722
h30364.CSI,300MV(退市),CSI,中证指数有限公司,策略指数,20041231,1000.0,20140708
h30365.CSI,文娱传媒,CSI,中证指数有限公司,主题指数,20131231,1000.0,20140721
h30366.CSI,高息策略,CSI,中证指数有限公司,主题指数,20041231,1000.0,20140721
h30368.CSI,中证高新,CSI,中证指数有限公司,主题指数,20140630,1000.0,20140717
h30372.CSI,中证安全,CSI,中证指数有限公司,主题指数,20120629,1000.0,20140721
h30373.CSI,百发100,CSI,中证指数有限公司,策略指数,20081231,1000.0,20140730
h30374.CSI,中国内地全指,CSI,中证指数有限公司,规模指数,20041231,1000.0,20140731
h30375.CSI,CN能源综合,CSI,中证指数有限公司,一级行业指数,20041231,1000.0,20140731
h30376.CSI,CN材料综合,CSI,中证指数有限公司,一级行业指数,20041231,1000.0,20140731
h30377.CSI,CN工业综合,CSI,中证指数有限公司,一级行业指数,20041231,1000.0,20140731
h30378.CSI,CN可选综合,CSI,中证指数有限公司,一级行业指数,20041231,1000.0,20140731
h30379.CSI,CN消费综合,CSI,中证指数有限公司,一级行业指数,20041231,1000.0,20140731
h30380.CSI,CN医药综合,CSI,中证指数有限公司,一级行业指数,20041231,1000.0,20140731
h30381.CSI,CN金融综合,CSI,中证指数有限公司,一级行业指数,20041231,1000.0,20140731
h30382.CSI,CN信息综合,CSI,中证指数有限公司,一级行业指数,20041231,1000.0,20140731
h30383.CSI,CN通信综合,CSI,中证指数有限公司,一级行业指数,20041231,1000.0,20140731
h30384.CSI,CN公用综合,CSI,中证指数有限公司,一级行业指数,20041231,1000.0,20140731
h30385.CSI,中国内地全指(USD),CSI,中证指数有限公司,规模指数,20041231,1000.0,20140731
h30386.CSI,CN能源综合(USD),CSI,中证指数有限公司,一级行业指数,20041231,1000.0,20140731
h30387.CSI,CN材料综合(USD),CSI,中证指数有限公司,一级行业指数,20041231,1000.0,20140731
h30388.CSI,CN工业综合(USD),CSI,中证指数有限公司,一级行业指数,20041231,1000.0,20140731
h30389.CSI,CN可选综合(USD),CSI,中证指数有限公司,一级行业指数,20041231,1000.0,20140731
h30390.CSI,CN消费综合(USD),CSI,中证指数有限公司,一级行业指数,20041231,1000.0,20140731
h30391.CSI,CN医药综合(USD),CSI,中证指数有限公司,一级行业指数,20041231,1000.0,20140731
h30392.CSI,CN金融综合(USD),CSI,中证指数有限公司,一级行业指数,20041231,1000.0,20140731
h30393.CSI,CN信息综合(USD),CSI,中证指数有限公司,一级行业指数,20041231,1000.0,20140731
h30394.CSI,CN电信综合(USD),CSI,中证指数有限公司,一级行业指数,20041231,1000.0,20140731
h30395.CSI,CN公用综合(USD),CSI,中证指数有限公司,一级行业指数,20041231,1000.0,20140731
h30401.CSI,沪深300股息点,CSI,中证指数有限公司,主题指数,20041231,0.0,20140925
h30402.CSI,中证500股息点,CSI,中证指数有限公司,策略指数,20041231,0.0,20140925
h30403.CSI,300日报酬两倍,CSI,中证指数有限公司,策略指数,20090630,3000.0,20140902
h30404.CSI,300日报酬反向,CSI,中证指数有限公司,策略指数,20090630,3000.0,20140902
h30405.CSI,300美元对冲,CSI,中证指数有限公司,策略指数,20101231,3128.261,20141103
h30406.CSI,500美元对冲,CSI,中证指数有限公司,策略指数,20101231,4936.716,20141103
h30418.CSI,香港100动量,CSI,中证指数有限公司,策略指数,20051230,1000.0,20141024
h30419.CSI,香港200动量,CSI,中证指数有限公司,策略指数,20051230,1000.0,20141024
h30420.CSI,香港50ERC,CSI,中证指数有限公司,策略指数,20051230,1000.0,20141024
h30421.CSI,香港100ERC,CSI,中证指数有限公司,策略指数,20051230,1000.0,20141024
h30422.CSI,香港50EW,CSI,中证指数有限公司,策略指数,20051230,1000.0,20141024
h30434.CSI,香港100动量(CNY),CSI,中证指数有限公司,策略指数,20051230,1000.0,20141024
h30435.CSI,香港200动量(CNY),CSI,中证指数有限公司,策略指数,20051230,1000.0,20141024
h30436.CSI,香港50ERC(CNY),CSI,中证指数有限公司,策略指数,20051230,1000.0,20141024
h30437.CSI,香港100ERC(CNY),CSI,中证指数有限公司,策略指数,20051230,1000.0,20141024
h30438.CSI,香港50EW(CNY),CSI,中证指数有限公司,策略指数,20051230,1000.0,20141024
h30439.CSI,1000能源,CSI,中证指数有限公司,一级行业指数,20041231,1000.0,20141017
h30440.CSI,1000材料,CSI,中证指数有限公司,一级行业指数,20041231,1000.0,20141017
h30441.CSI,1000工业,CSI,中证指数有限公司,一级行业指数,20041231,1000.0,20141017
h30442.CSI,1000可选,CSI,中证指数有限公司,一级行业指数,20041231,1000.0,20141017
h30443.CSI,1000消费,CSI,中证指数有限公司,一级行业指数,20041231,1000.0,20141017
h30444.CSI,1000医药,CSI,中证指数有限公司,一级行业指数,20041231,1000.0,20141017
h30445.CSI,1000金融,CSI,中证指数有限公司,一级行业指数,20041231,1000.0,20141017
h30446.CSI,1000信息,CSI,中证指数有限公司,一级行业指数,20041231,1000.0,20141017
h30447.CSI,中证1000通信,CSI,中证指数有限公司,一级行业指数,20041231,1000.0,20141017
h30448.CSI,1000公用,CSI,中证指数有限公司,一级行业指数,20041231,1000.0,20141017
h30449.CSI,红利波控1,CSI,中证指数有限公司,策略指数,20051230,1000.0,20141119
h30450.CSI,红利波控2,CSI,中证指数有限公司,策略指数,20051230,1000.0,20141119
h30454.CSI,1000美元对冲,CSI,中证指数有限公司,策略指数,20101231,5155.555,20141103
h30455.CSI,沪港深500,CSI,中证指数有限公司,规模指数,20041231,1000.0,20141128
h30456.CSI,沪港深通中小,CSI,中证指数有限公司,规模指数,20041231,1000.0,20141128
h30457.CSI,沪港深通综合,CSI,中证指数有限公司,规模指数,20041231,1000.0,20141128
h30458.CSI,沪港深500能源,CSI,中证指数有限公司,一级行业指数,20041231,1000.0,20141128
h30459.CSI,沪港深500材料,CSI,中证指数有限公司,一级行业指数,20041231,1000.0,20141128
h30460.CSI,沪港深500工业,CSI,中证指数有限公司,一级行业指数,20041231,1000.0,20141128
h30461.CSI,沪港深500可选,CSI,中证指数有限公司,一级行业指数,20041231,1000.0,20141128
h30462.CSI,沪港深500消费,CSI,中证指数有限公司,一级行业指数,20041231,1000.0,20141128
h30463.CSI,沪港深500医药,CSI,中证指数有限公司,一级行业指数,20041231,1000.0,20141128
h30464.CSI,沪港深500金融,CSI,中证指数有限公司,一级行业指数,20041231,1000.0,20141128
h30465.CSI,沪港深500信息,CSI,中证指数有限公司,一级行业指数,20041231,1000.0,20141128
h30466.CSI,沪港深500通信,CSI,中证指数有限公司,一级行业指数,20041231,1000.0,20141128
h30467.CSI,沪港深500公用,CSI,中证指数有限公司,一级行业指数,20041231,1000.0,20141128
h30468.CSI,沪港深通中小能源综合,CSI,中证指数有限公司,一级行业指数,20041231,1000.0,20141128
h30469.CSI,沪港深通中小材料综合,CSI,中证指数有限公司,一级行业指数,20041231,1000.0,20141128
h30470.CSI,沪港深通中小工业综合,CSI,中证指数有限公司,一级行业指数,20041231,1000.0,20141128
h30471.CSI,沪港深通中小可选综合,CSI,中证指数有限公司,一级行业指数,20041231,1000.0,20141128
h30472.CSI,沪港深通中小消费综合,CSI,中证指数有限公司,一级行业指数,20041231,1000.0,20141128
h30473.CSI,沪港深通中小医药综合,CSI,中证指数有限公司,一级行业指数,20041231,1000.0,20141128
h30474.CSI,沪港深通中小金融综合,CSI,中证指数有限公司,一级行业指数,20041231,1000.0,20141128
h30475.CSI,沪港深通中小信息综合,CSI,中证指数有限公司,一级行业指数,20041231,1000.0,20141128
h30476.CSI,沪港深通中小通信综合,CSI,中证指数有限公司,一级行业指数,20041231,1000.0,20141128
h30477.CSI,沪港深通中小公用综合,CSI,中证指数有限公司,一级行业指数,20041231,1000.0,20141128
h30478.CSI,沪港深通能源综合,CSI,中证指数有限公司,一级行业指数,20041231,1000.0,20141128
h30479.CSI,沪港深通材料综合,CSI,中证指数有限公司,一级行业指数,20041231,1000.0,20141128
h30480.CSI,沪港深通工业综合,CSI,中证指数有限公司,一级行业指数,20041231,1000.0,20141128
h30481.CSI,沪港深通可选综合,CSI,中证指数有限公司,一级行业指数,20041231,1000.0,20141128
h30482.CSI,沪港深通消费综合,CSI,中证指数有限公司,一级行业指数,20041231,1000.0,20141128
h30483.CSI,沪港深通医药综合,CSI,中证指数有限公司,一级行业指数,20041231,1000.0,20141128
h30484.CSI,沪港深通金融综合,CSI,中证指数有限公司,一级行业指数,20041231,1000.0,20141128
h30485.CSI,沪港深通信息综合,CSI,中证指数有限公司,一级行业指数,20041231,1000.0,20141128
h30486.CSI,沪港深通通信综合,CSI,中证指数有限公司,一级行业指数,20041231,1000.0,20141128
h30487.CSI,沪港深通公用综合,CSI,中证指数有限公司,一级行业指数,20041231,1000.0,20141128
h30488.CSI,沪港深500HKD,CSI,中证指数有限公司,规模指数,20041231,1000.0,20141128
h30489.CSI,沪港深通中小HKD,CSI,中证指数有限公司,规模指数,20041231,1000.0,20141128
h30490.CSI,沪港深通综合HKD,CSI,中证指数有限公司,规模指数,20041231,1000.0,20141128
h30491.CSI,沪港深500能源HKD,CSI,中证指数有限公司,一级行业指数,20041231,1000.0,20141128
h30492.CSI,沪港深500材料HKD,CSI,中证指数有限公司,一级行业指数,20041231,1000.0,20141128
h30493.CSI,沪港深500工业HKD,CSI,中证指数有限公司,一级行业指数,20041231,1000.0,20141128
h30494.CSI,沪港深500可选HKD,CSI,中证指数有限公司,一级行业指数,20041231,1000.0,20141128
h30495.CSI,沪港深500消费HKD,CSI,中证指数有限公司,一级行业指数,20041231,1000.0,20141128
h30496.CSI,沪港深500医药HKD,CSI,中证指数有限公司,一级行业指数,20041231,1000.0,20141128
h30497.CSI,沪港深500金融HKD,CSI,中证指数有限公司,一级行业指数,20041231,1000.0,20141128
h30498.CSI,沪港深500信息HKD,CSI,中证指数有限公司,一级行业指数,20041231,1000.0,20141128
h30499.CSI,沪港深500电信HKD,CSI,中证指数有限公司,一级行业指数,20041231,1000.0,20141128
h30500.CSI,沪港深500公用HKD,CSI,中证指数有限公司,一级行业指数,20041231,1000.0,20141128
h30501.CSI,沪港深通中小能源综合HKD,CSI,中证指数有限公司,一级行业指数,20041231,1000.0,20141128
h30502.CSI,沪港深通中小材料综合HKD,CSI,中证指数有限公司,一级行业指数,20041231,1000.0,20141128
h30503.CSI,沪港深通中小工业综合HKD,CSI,中证指数有限公司,一级行业指数,20041231,1000.0,20141128
h30504.CSI,沪港深通中小可选综合HKD,CSI,中证指数有限公司,一级行业指数,20041231,1000.0,20141128
h30505.CSI,沪港深通中小消费综合HKD,CSI,中证指数有限公司,一级行业指数,20041231,1000.0,20141128
h30506.CSI,沪港深通中小医药综合HKD,CSI,中证指数有限公司,一级行业指数,20041231,1000.0,20141128
h30507.CSI,沪港深通中小金融综合HKD,CSI,中证指数有限公司,一级行业指数,20041231,1000.0,20141128
h30508.CSI,沪港深通中小信息综合HKD,CSI,中证指数有限公司,一级行业指数,20041231,1000.0,20141128
h30509.CSI,沪港深通中小电信综合HKD,CSI,中证指数有限公司,一级行业指数,20041231,1000.0,20141128
h30510.CSI,沪港深通中小公用综合HKD,CSI,中证指数有限公司,一级行业指数,20041231,1000.0,20141128
h30511.CSI,沪港深通能源综合HKD,CSI,中证指数有限公司,一级行业指数,20041231,1000.0,20141128
h30512.CSI,沪港深通材料综合HKD,CSI,中证指数有限公司,一级行业指数,20041231,1000.0,20141128
h30513.CSI,沪港深通工业综合HKD,CSI,中证指数有限公司,一级行业指数,20041231,1000.0,20141128
h30514.CSI,沪港深通可选综合HKD,CSI,中证指数有限公司,一级行业指数,20041231,1000.0,20141128
h30515.CSI,沪港深通消费综合HKD,CSI,中证指数有限公司,一级行业指数,20041231,1000.0,20141128
h30516.CSI,沪港深通医药综合HKD,CSI,中证指数有限公司,一级行业指数,20041231,1000.0,20141128
h30517.CSI,沪港深通金融综合HKD,CSI,中证指数有限公司,一级行业指数,20041231,1000.0,20141128
h30518.CSI,沪港深通信息综合HKD,CSI,中证指数有限公司,一级行业指数,20041231,1000.0,20141128
h30519.CSI,沪港深通电信综合HKD,CSI,中证指数有限公司,一级行业指数,20041231,1000.0,20141128
h30520.CSI,沪港深通公用综合HKD,CSI,中证指数有限公司,一级行业指数,20041231,1000.0,20141128
h30524.CSI,500ERC,CSI,中证指数有限公司,策略指数,20041231,1000.0,20150106
h30525.CSI,300SER,CSI,中证指数有限公司,策略指数,20041231,1000.0,20150106
h30526.CSI,500SER,CSI,中证指数有限公司,策略指数,20041231,1000.0,20150106
h30531.CSI,精工制造,CSI,中证指数有限公司,主题指数,20041231,1000.0,20141218
h30532.CSI,资源优选,CSI,中证指数有限公司,主题指数,20041231,1000.0,20141218
h30533.CSI,中国互联网50,CSI,中证指数有限公司,主题指数,20070629,1000.0,20141229
h30534.CSI,中国互联网50(USD),CSI,中证指数有限公司,主题指数,20070629,1000.0,20141229
h30535.CSI,互联网,CSI,中证指数有限公司,主题指数,20120629,1000.0,20150112
h30537.CSI,淘金100,CSI,中证指数有限公司,主题指数,20091231,1000.0,20150121
h30544.CSI,沪港深通上游,CSI,中证指数有限公司,主题指数,20041231,1000.0,20150313
h30545.CSI,沪港深通中游,CSI,中证指数有限公司,主题指数,20041231,1000.0,20150313
h30546.CSI,沪港深通下游,CSI,中证指数有限公司,主题指数,20041231,1000.0,20150313
h30547.CSI,沪港深通周期,CSI,中证指数有限公司,主题指数,20041231,1000.0,20150313
h30548.CSI,沪港深通非周期,CSI,中证指数有限公司,主题指数,20041231,1000.0,20150313
h30550.CSI,沪港深通金融服务,CSI,中证指数有限公司,主题指数,20041231,1000.0,20150313
h30551.CSI,沪港深通现代服务,CSI,中证指数有限公司,主题指数,20041231,1000.0,20150313
h30552.CSI,沪港深通TMT,CSI,中证指数有限公司,主题指数,20041231,1000.0,20150313
h30554.CSI,沪港深通信息产业,CSI,中证指数有限公司,主题指数,20041231,1000.0,20150313
h30555.CSI,沪港深通银行,CSI,中证指数有限公司,主题指数,20041231,1000.0,20150313
h30556.CSI,沪港深通运输,CSI,中证指数有限公司,主题指数,20041231,1000.0,20150313
h30557.CSI,沪港深通资源,CSI,中证指数有限公司,主题指数,20041231,1000.0,20150313
h30558.CSI,沪港深通基建,CSI,中证指数有限公司,主题指数,20041231,1000.0,20150313
h30559.CSI,沪港深通物流,CSI,中证指数有限公司,主题指数,20041231,1000.0,20150313
h30560.CSI,沪港深通休闲,CSI,中证指数有限公司,主题指数,20041231,1000.0,20150313
h30561.CSI,沪港深500上游,CSI,中证指数有限公司,主题指数,20041231,1000.0,20150313
h30562.CSI,沪港深500中游,CSI,中证指数有限公司,主题指数,20041231,1000.0,20150313
h30563.CSI,沪港深500下游,CSI,中证指数有限公司,主题指数,20041231,1000.0,20150313
h30564.CSI,沪港深500周期,CSI,中证指数有限公司,主题指数,20041231,1000.0,20150313
h30565.CSI,沪港深500非周期,CSI,中证指数有限公司,主题指数,20041231,1000.0,20150313
h30566.CSI,沪港深通上游HKD,CSI,中证指数有限公司,主题指数,20041231,1000.0,20150313
h30567.CSI,沪港深通中游HKD,CSI,中证指数有限公司,主题指数,20041231,1000.0,20150313
h30568.CSI,沪港深通下游HKD,CSI,中证指数有限公司,主题指数,20041231,1000.0,20150313
h30569.CSI,沪港深通周期HKD,CSI,中证指数有限公司,主题指数,20041231,1000.0,20150313
h30570.CSI,沪港深通非周期HKD,CSI,中证指数有限公司,主题指数,20041231,1000.0,20150313
h30572.CSI,沪港深通金融服务HKD,CSI,中证指数有限公司,主题指数,20041231,1000.0,20150313
h30573.CSI,沪港深通现代服务HKD,CSI,中证指数有限公司,主题指数,20041231,1000.0,20150313
h30574.CSI,沪港深通TMTHKD,CSI,中证指数有限公司,主题指数,20041231,1000.0,20150313
h30576.CSI,沪港深通信息产业HKD,CSI,中证指数有限公司,主题指数,20041231,1000.0,20150313
h30577.CSI,沪港深通银行HKD,CSI,中证指数有限公司,主题指数,20041231,1000.0,20150313
h30578.CSI,沪港深通运输HKD,CSI,中证指数有限公司,主题指数,20041231,1000.0,20150313
h30579.CSI,沪港深通资源HKD,CSI,中证指数有限公司,主题指数,20041231,1000.0,20150313
h30580.CSI,沪港深通基建HKD,CSI,中证指数有限公司,主题指数,20041231,1000.0,20150313
h30581.CSI,沪港深通物流HKD,CSI,中证指数有限公司,主题指数,20041231,1000.0,20150313
h30582.CSI,沪港深通休闲HKD,CSI,中证指数有限公司,主题指数,20041231,1000.0,20150313
h30583.CSI,沪港深500上游HKD,CSI,中证指数有限公司,主题指数,20041231,1000.0,20150313
h30584.CSI,沪港深500中游HKD,CSI,中证指数有限公司,主题指数,20041231,1000.0,20150313
h30585.CSI,沪港深500下游HKD,CSI,中证指数有限公司,主题指数,20041231,1000.0,20150313
h30586.CSI,沪港深500周期HKD,CSI,中证指数有限公司,主题指数,20041231,1000.0,20150313
h30587.CSI,沪港深500非周期HKD,CSI,中证指数有限公司,主题指数,20041231,1000.0,20150313
h30588.CSI,中证证保,CSI,中证指数有限公司,主题指数,20091231,1000.0,20150202
h30590.CSI,机器人,CSI,中证指数有限公司,主题指数,20101231,1000.0,20150210
h30597.CSI,新材料,CSI,中证指数有限公司,主题指数,20081231,1000.0,20150213
h40001.SH,180能源全收益,SSE,中证指数有限公司,一级行业指数,20031231,1000.0,20120629
h40002.SH,180材料全收益,SSE,中证指数有限公司,一级行业指数,20031231,1000.0,20120629
h40003.SH,180工业全收益,SSE,中证指数有限公司,一级行业指数,20031231,1000.0,20120629
h40004.SH,180可选全收益,SSE,中证指数有限公司,一级行业指数,20031231,1000.0,20120629
h40005.SH,180消费全收益,SSE,中证指数有限公司,一级行业指数,20031231,1000.0,20120629
h40006.SH,180医药全收益,SSE,中证指数有限公司,一级行业指数,20031231,1000.0,20120629
h40007.SH,180金地全收益,SSE,中证指数有限公司,主题指数,20031231,1000.0,20120629
h40008.SH,180信息全收益,SSE,中证指数有限公司,一级行业指数,20031231,1000.0,20120629
h40009.SH,180电信全收益,SSE,中证指数有限公司,一级行业指数,20031231,1000.0,20120629
h40010.SH,180公用全收益,SSE,中证指数有限公司,一级行业指数,20031231,1000.0,20120629
h40011.SH,沪环渤海全收益,SSE,中证指数有限公司,主题指数,20031231,1000.0,20120927
h40012.SH,沪长三角全收益,SSE,中证指数有限公司,主题指数,20031231,1000.0,20120927
h40013.SH,沪珠三角全收益,SSE,中证指数有限公司,主题指数,20031231,1000.0,20120927
h40014.SH,沪中部全收益,SSE,中证指数有限公司,主题指数,20031231,1000.0,20120927
h40015.SH,沪西部全收益,SSE,中证指数有限公司,主题指数,20031231,1000.0,20120927
h40016.SH,沪东北全收益,SSE,中证指数有限公司,主题指数,20031231,1000.0,20120927
h40017.SH,沪信息业全收益,SSE,中证指数有限公司,主题指数,20051230,1000.0,20121220
h40018.SH,上证文化全收益,SSE,中证指数有限公司,主题指数,20120629,1000.0,20130326
h40019.SH,上红回报全收益,SSE,中证指数有限公司,主题指数,20051230,1000.0,20130327
h40020.SH,上红潜力全收益,SSE,中证指数有限公司,主题指数,20051230,1000.0,20130702
h40021.SH,沪能源红全收益,SSE,中证指数有限公司,策略指数,20051230,1000.0,20130702
h40022.SH,沪材料红全收益,SSE,中证指数有限公司,策略指数,20051230,1000.0,20130702
h40023.SH,沪工业红全收益,SSE,中证指数有限公司,策略指数,20051230,1000.0,20130702
h40024.SH,沪可选红全收益,SSE,中证指数有限公司,策略指数,20051230,1000.0,20130702
h40025.SH,沪消费红全收益,SSE,中证指数有限公司,策略指数,20051230,1000.0,20130702
h40026.SH,沪医药红全收益,SSE,中证指数有限公司,策略指数,20051230,1000.0,20130702
h40027.SH,沪金融红全收益,SSE,中证指数有限公司,策略指数,20051230,1000.0,20130702
h40028.SH,沪信息红全收益,SSE,中证指数有限公司,策略指数,20051230,1000.0,20130702
h40029.SH,沪电信红全收益,SSE,中证指数有限公司,策略指数,20051230,1000.0,20130702
h40030.SH,沪公用红全收益,SSE,中证指数有限公司,策略指数,20051230,1000.0,20130702
h40031.SH,沪绿色城全收益,SSE,中证指数有限公司,主题指数,20120629,1000.0,20130826
h40032.SH,沪城交通全收益,SSE,中证指数有限公司,主题指数,20120629,1000.0,20130826
h40033.SH,沪城消费全收益,SSE,中证指数有限公司,主题指数,20120629,1000.0,20130826
h40034.SH,沪城基建全收益,SSE,中证指数有限公司,主题指数,20120629,1000.0,20130826
h40035.SH,沪智交通全收益,SSE,中证指数有限公司,主题指数,20120629,1000.0,20130826
h40036.CSI,上证军工全收益,CSI,中证指数有限公司,主题指数,20041231,1000.0,20131226
h40037.SH,上证城镇全收益,SSE,中证指数有限公司,主题指数,20120629,1000.0,20130826
h40038.SH,沪智慧城全收益,SSE,中证指数有限公司,主题指数,20120629,1000.0,20130826
h40039.CSI,上证TMT全收益,CSI,中证指数有限公司,主题指数,20110630,1000.0,20131225
h40040.CSI,上红低波全收益,CSI,中证指数有限公司,主题指数,20051230,1000.0,20140321
h40042.CSI,上红价值全收益,CSI,中证指数有限公司,主题指数,20051230,1000.0,20140321
h40043.CSI,上证养老全收益,CSI,中证指数有限公司,主题指数,20051230,1000.0,20140606
h40044.CSI,上证健康全收益,CSI,中证指数有限公司,主题指数,20131231,1000.0,20140606
h40050.CSI,沪红利配置全收益,CSI,上海证券交易所,策略指数,20131231,1000.0,20190422
h40052.CSI,上国改革全收益,CSI,中证指数有限公司,主题指数,20140331,1000.0,20141028
h40053.CSI,上证移动全收益,CSI,中证指数有限公司,主题指数,20120629,1000.0,20140711
h40054.CSI,上证休闲全收益,CSI,中证指数有限公司,主题指数,20131231,1000.0,20140721
h40055.CSI,沪大农业全收益,CSI,中证指数有限公司,主题指数,20131231,1000.0,20140722
h40056.CSI,上证智能家居全收益,CSI,中证指数有限公司,主题指数,20120629,1000.0,20140917
h40057.CSI,180动量全收益,CSI,中证指数有限公司,策略指数,20041231,1000.0,20141113
h40058.CSI,380动量全收益,CSI,中证指数有限公司,策略指数,20041231,1000.0,20141113
h40067.CSI,180ERC全收益,CSI,中证指数有限公司,策略指数,20041231,1000.0,20150316
h40068.CSI,380ERC全收益,CSI,中证指数有限公司,策略指数,20041231,1000.0,20150316
h40069.CSI,港股通全收益,CSI,中证指数有限公司,主题指数,20141114,3000.0,20150216
h40070.CSI,上证汽车全收益,CSI,中证指数有限公司,主题指数,20041231,1000.0,20150421
h40071.CSI,上证基建全收益,CSI,中证指数有限公司,主题指数,20041231,1000.0,20150421
h40072.CSI,沪信安全全收益,CSI,中证指数有限公司,主题指数,20101231,1000.0,20150713
h40073.CSI,沪互联网全收益,CSI,中证指数有限公司,主题指数,20120629,1000.0,20150529
h40074.CSI,沪互金融全收益,CSI,中证指数有限公司,主题指数,20120629,1000.0,20150529
h40075.CSI,沪现代农全收益,CSI,中证指数有限公司,主题指数,20101231,1000.0,20150713
h40079.CSI,上证混改全收益,CSI,中证指数有限公司,主题指数,20131231,1000.0,20150803
h40080.CSI,中小企改全收益,CSI,中证指数有限公司,主题指数,20131231,1000.0,20150803
h40081.CSI,180碳效全收益,CSI,中证指数有限公司,主题指数,20130628,1000.0,20151008
h40082.CSI,上海改革全收益,CSI,中证指数有限公司,主题指数,20111231,1000.0,20150803
h40085.SH,沪物联网全收益,SSE,中证指数有限公司,主题指数,20120629,1000.0,20151029
h40086.SH,沪自贸区全收益,SSE,中证指数有限公司,主题指数,20131231,1000.0,20151127
h40087.SH,上证海洋全收益,SSE,中证指数有限公司,主题指数,20091231,1000.0,20151127
h40088.SH,沪轻资产全收益,SSE,中证指数有限公司,主题指数,20041231,1000.0,20151127
h40089.SH,上证电子全收益,SSE,中证指数有限公司,主题指数,20041231,1000.0,20151127
h40090.SH,上证50优选全收益,SSE,中证指数有限公司,策略指数,20041231,1000.0,20151210
h40091.SH,上证50优选(HKD)全收益,SSE,中证指数有限公司,策略指数,20041231,1000.0,20151210
h40092.SH,上证180优选全收益,SSE,中证指数有限公司,策略指数,20041231,1000.0,20151210
h40093.SH,上证180优选(HKD)全收益,SSE,中证指数有限公司,策略指数,20041231,1000.0,20151210
h40094.CSI,上证增持全收益,CSI,中证指数有限公司,策略指数,20111231,1000.0,20160411
h40095.CSI,上证定增全收益,CSI,中证指数有限公司,策略指数,20111231,1000.0,20160411
h40096.CSI,上海国企全收益,CSI,中证指数有限公司,主题指数,20121231,1000.0,20160511
h40097.SH,沪供给侧全收益,SSE,中证指数有限公司,主题指数,20131231,1000.0,20160624
h40098.SH,180SNLV全收益,SSE,中证指数有限公司,策略指数,20041231,1000.0,20160624
h40099.SH,380SNLV全收益,SSE,中证指数有限公司,策略指数,20041231,1000.0,20160624
h40100.SH,上高股息全收益,SSE,中证指数有限公司,策略指数,20041231,1000.0,20160712
h40101.SH,沪智能造全收益,SSE,中证指数有限公司,主题指数,20120629,1000.0,20160720
h40105.SH,上证证券全收益,SSE,中证指数有限公司,行业指数,20121231,1000.0,20161018
h40106.SH,上证创新全收益,SSE,中证指数有限公司,主题指数,20121231,1000.0,20161019
h40107.SH,380创新全收益,SSE,中证指数有限公司,主题指数,20121231,1000.0,20161019
h50001.SH,180能源,SSE,中证指数有限公司,一级行业指数,20031231,1000.0,20120629
h50002.SH,180材料,SSE,中证指数有限公司,一级行业指数,20031231,1000.0,20120629
h50003.SH,180工业,SSE,中证指数有限公司,一级行业指数,20031231,1000.0,20120629
h50004.SH,180可选,SSE,中证指数有限公司,一级行业指数,20031231,1000.0,20120629
h50005.SH,180消费,SSE,中证指数有限公司,一级行业指数,20031231,1000.0,20120629
h50006.SH,180医药,SSE,中证指数有限公司,一级行业指数,20031231,1000.0,20120629
h50007.SH,180金融地产,SSE,中证指数有限公司,主题指数,20031231,1000.0,20120629
h50008.SH,180信息,SSE,中证指数有限公司,一级行业指数,20031231,1000.0,20120629
h50009.SH,上证180通信,SSE,中证指数有限公司,一级行业指数,20031231,1000.0,20120629
h50010.SH,180公用,SSE,中证指数有限公司,一级行业指数,20031231,1000.0,20120629
h50011.SH,沪环渤海,SSE,中证指数有限公司,主题指数,20031231,1000.0,20120927
h50012.SH,沪长三角,SSE,中证指数有限公司,主题指数,20031231,1000.0,20120927
h50013.SH,沪珠三角,SSE,中证指数有限公司,主题指数,20031231,1000.0,20120927
h50014.SH,沪中部,SSE,中证指数有限公司,主题指数,20031231,1000.0,20120927
h50015.SH,沪西部,SSE,中证指数有限公司,主题指数,20031231,1000.0,20120927
h50016.SH,沪东北,SSE,中证指数有限公司,主题指数,20031231,1000.0,20120927
h50017.SH,沪信息业,SSE,中证指数有限公司,主题指数,20051230,1000.0,20121220
h50018.SH,上证文化,SSE,中证指数有限公司,主题指数,20120629,1000.0,20130326
h50019.SH,上红回报,SSE,中证指数有限公司,主题指数,20051230,1000.0,20130327
h50020.SH,上红潜力,SSE,中证指数有限公司,主题指数,20051230,1000.0,20130702
h50021.SH,沪能源红,SSE,中证指数有限公司,策略指数,20051230,1000.0,20130702
h50022.SH,沪材料红,SSE,中证指数有限公司,策略指数,20051230,1000.0,20130702
h50023.SH,沪工业红,SSE,中证指数有限公司,策略指数,20051230,1000.0,20130702
h50024.SH,沪可选红,SSE,中证指数有限公司,策略指数,20051230,1000.0,20130702
h50025.SH,沪消费红,SSE,中证指数有限公司,策略指数,20051230,1000.0,20130702
h50026.SH,沪医药红,SSE,中证指数有限公司,策略指数,20051230,1000.0,20130702
h50027.SH,沪金融红,SSE,中证指数有限公司,策略指数,20051230,1000.0,20130702
h50028.SH,沪信息红,SSE,中证指数有限公司,策略指数,20051230,1000.0,20130702
h50029.SH,沪通信红,SSE,中证指数有限公司,策略指数,20051230,1000.0,20130702
h50030.SH,沪公用红,SSE,中证指数有限公司,策略指数,20051230,1000.0,20130702
h50031.SH,沪绿色城,SSE,中证指数有限公司,主题指数,20120629,1000.0,20130826
h50032.SH,沪城交通,SSE,中证指数有限公司,主题指数,20120629,1000.0,20130826
h50033.SH,沪城消费,SSE,中证指数有限公司,主题指数,20120629,1000.0,20130826
h50034.SH,沪城基建,SSE,中证指数有限公司,主题指数,20120629,1000.0,20130826
h50035.SH,沪智交通,SSE,中证指数有限公司,主题指数,20120629,1000.0,20130826
h50036.CSI,上证军工,CSI,中证指数有限公司,主题指数,20041231,1000.0,20131226
h50037.SH,上证城镇,SSE,中证指数有限公司,主题指数,20120629,1000.0,20130826
h50038.SH,沪智慧城,SSE,中证指数有限公司,主题指数,20120629,1000.0,20130826
h50039.SH,上证TMT,SSE,中证指数有限公司,主题指数,20110630,1000.0,20131225
h50040.CSI,上红低波,CSI,中证指数有限公司,主题指数,20051230,1000.0,20140321
h50041.CSI,上证RP,CSI,中证指数有限公司,策略指数,20051231,1000.0,20141028
h50042.CSI,上红价值,CSI,中证指数有限公司,主题指数,20051230,1000.0,20140321
h50043.CSI,上证养老,CSI,中证指数有限公司,主题指数,20051230,1000.0,20140606
h50044.CSI,上证健康,CSI,中证指数有限公司,主题指数,20131231,1000.0,20140606
h50045.CSI,上证180两倍,CSI,中证指数有限公司,策略指数,20090630,7000.0,20140619
h50046.CSI,上证180反向,CSI,中证指数有限公司,策略指数,20090630,7000.0,20140619
h50047.CSI,上证180反两,CSI,中证指数有限公司,策略指数,20090630,7000.0,20140619
h50048.CSI,50波控1,CSI,中证指数有限公司,策略指数,20031231,1000.0,20140708
h50049.CSI,50波控2,CSI,中证指数有限公司,策略指数,20031231,1000.0,20140708
h50050.CSI,180波控1,CSI,中证指数有限公司,策略指数,20021231,2549.6,20140708
h50051.CSI,180波控2,CSI,中证指数有限公司,策略指数,20021231,2549.6,20140708
h50052.CSI,上国改革,CSI,中证指数有限公司,主题指数,20140331,1000.0,20141028
h50053.CSI,上证移动,CSI,中证指数有限公司,主题指数,20120629,1000.0,20140711
h50054.CSI,上证休闲,CSI,中证指数有限公司,主题指数,20131231,1000.0,20140721
h50055.CSI,沪大农业,CSI,中证指数有限公司,主题指数,20131231,1000.0,20140722
h50056.CSI,上证智能家居,CSI,中证指数有限公司,主题指数,20120629,1000.0,20140917
h50057.CSI,180动量,CSI,中证指数有限公司,策略指数,20041231,1000.0,20141113
h50058.CSI,380动量,CSI,中证指数有限公司,策略指数,20041231,1000.0,20141113
h50059.CSI,上证180股息点,CSI,中证指数有限公司,主题指数,20020628,0.0,20140925
h50060.CSI,上证50股息点,CSI,中证指数有限公司,主题指数,20031231,0.0,20140925
h50061.CSI,50美元对冲,CSI,中证指数有限公司,策略指数,20101231,1977.366,20141103
h50062.CSI,180美元对冲,CSI,中证指数有限公司,策略指数,20101231,6517.595,20141103
h50063.CSI,380美元对冲,CSI,中证指数有限公司,策略指数,20101231,4256.267,20141103
h50064.CSI,上红波控1,CSI,中证指数有限公司,策略指数,20051230,1000.0,20141119
h50065.CSI,上红波控2,CSI,中证指数有限公司,策略指数,20051230,1000.0,20141119
h50066.CSI,沪港AH溢价,CSI,中证指数有限公司,策略指数,20050101,100.0,20141117
h50067.CSI,180ERC,CSI,中证指数有限公司,策略指数,20041231,1000.0,20150316
h50068.CSI,380ERC,CSI,中证指数有限公司,策略指数,20041231,1000.0,20150316
h50069.CSI,港股通,CSI,中证指数有限公司,主题指数,20141114,3000.0,20150216
h50069CNY10.CSI,港股通人民币中间价,CSI,中证指数有限公司,主题指数,20141114,3000.0,20150216
h50069CNY11.CSI,港股通人民币中间价(全),CSI,中证指数有限公司,主题指数,20141114,3000.0,20150216
H861307.CJ,现金流质量50全收益(长江),OTH,长江证券股份有限公司,风格指数,20061231,1000.0,20240904
H861308.CJ,现金流价值除金融全收益(长江),OTH,长江证券股份有限公司,风格指数,20061231,1000.0,20250218
H861309.CJ,现金流价值全收益(长江),OTH,长江证券股份有限公司,风格指数,20061231,1000.0,20250218
H861401.CJ,红利指数(长江)全收益,OTH,长江证券股份有限公司,风格指数,20031231,1000.0,20240904
H861402.CJ,潜在分红(长江)全收益,OTH,长江证券股份有限公司,风格指数,20061231,1000.0,20240904
H861403.CJ,能源红利(长江)全收益,OTH,长江证券股份有限公司,风格指数,20051231,1000.0,20240904
H861404.CJ,原材料红利(长江)全收益,OTH,长江证券股份有限公司,风格指数,20051231,1000.0,20240904
H861405.CJ,工业红利(长江)全收益,OTH,长江证券股份有限公司,风格指数,20051231,1000.0,20240904
H861406.CJ,可选消费红利(长江)全收益,OTH,长江证券股份有限公司,风格指数,20051231,1000.0,20240904
H861407.CJ,必选消费红利(长江)全收益,OTH,长江证券股份有限公司,风格指数,20051231,1000.0,20240904
H861408.CJ,医疗红利(长江)全收益,OTH,长江证券股份有限公司,风格指数,20051231,1000.0,20240904
H861409.CJ,金融红利(长江)全收益,OTH,长江证券股份有限公司,风格指数,20051231,1000.0,20240904
H861410.CJ,信息技术与硬件红利(长江)全收益,OTH,长江证券股份有限公司,风格指数,20051231,1000.0,20240904
H861411.CJ,行业中性红利(长江)全收益,OTH,长江证券股份有限公司,风格指数,20051231,1000.0,20240904
H861412.CJ,通讯业务红利(长江)全收益,OTH,长江证券股份有限公司,风格指数,20051231,1000.0,20240904
H861413.CJ,公用事业及服务红利(长江)全收益,OTH,长江证券股份有限公司,风格指数,20051231,1000.0,20240904
H861414.CJ,房地产及服务红利(长江)全收益,OTH,长江证券股份有限公司,风格指数,20051231,1000.0,20240904
H861415.CJ,国企红利质量(长江)全收益,OTH,长江证券股份有限公司,风格指数,20081231,1000.0,20240904
H861416.CJ,红利低波(长江)全收益,OTH,长江证券股份有限公司,风格指数,20041231,1000.0,20240904
H861417.CJ,红利质量(长江)全收益,OTH,长江证券股份有限公司,风格指数,20041231,1000.0,20240904
H861421.CJ,大盘红利(长江)全收益,OTH,长江证券股份有限公司,风格指数,20031231,1000.0,20240904
HC.NH,南华沪热轧卷板指数,NH,南华期货股份有限公司,收益率指数,,,
I.NH,南华连铁矿石指数,NH,南华期货股份有限公司,收益率指数,,,
IBTCNYG.CNI,中华创新医药R,CNI,中华证券交易服务有限公司,行业指数,20111230,1000.0,20180403
IC.NH,南华500股指指数,NH,南华期货股份有限公司,收益率指数,,,
IF.NH,南华沪深指数,NH,南华期货股份有限公司,收益率指数,,,
IH.NH,南华上证指数,NH,南华期货股份有限公司,收益率指数,,,
IIJRY.SPI,景顺日本全市值房地产投资信托(日元),OTH,标准普尔公司,主题指数,,,
IM.NH,南华1000股指指数,NH,南华期货股份有限公司,收益率指数,,,
IVIX.SH,中国波指,SSE,上海证券交易所,其他,,,20150626
IXB.SPI,标普原材料精选行业,OTH,标准普尔公司,行业指数,20030701,100.0,19981216
IXCPR.SPI,标普通信服务精选行业,OTH,标准普尔公司,行业指数,20071221,,20180430
IXE.SPI,标普能源精选行业指数,OTH,标准普尔公司,行业指数,20030701,,19981216
IXFS.SPI,金融服务精选行业指数,OTH,标准普尔公司,行业指数,,,20001231
IXI.SPI,标普工业精选行业指数,OTH,标准普尔公司,行业指数,20030701,,19981216
IXM.SPI,标普金融精选行业,OTH,标准普尔公司,行业指数,20030701,100.0,19981216
IXR.SPI,标普消费者必需品精选行业指数,OTH,标准普尔公司,行业指数,20030701,,19981216
IXRE.SPI,标普房地产精选行业,OTH,标准普尔公司,行业指数,20111230,100.0,20150817
IXT.SPI,标普科技精选行业指数,OTH,标准普尔公司,行业指数,20030701,,19981216
IXU.SPI,标普公用事业精选行业指数,OTH,标准普尔公司,行业指数,20030701,,19981216
IXV.SPI,标普医疗保健精选行业,OTH,标准普尔公司,行业指数,20030701,100.0,19981216
IXY.SPI,标普可选消费品精选行业指数,OTH,标准普尔公司,行业指数,20030701,,19981216
IXYTR.SPI,标普可选消费品精选行业全收益指数,OTH,标准普尔公司,行业指数,20030701,,19981216
J.NH,南华连焦炭指数,NH,南华期货股份有限公司,收益率指数,,,
JD.NH,南华连鸡蛋指数,NH,南华期货股份有限公司,收益率指数,,,
JM.NH,南华连焦煤指数,NH,南华期货股份有限公司,收益率指数,,,
JR.NH,南华郑粳稻指数,NH,南华期货股份有限公司,收益率指数,,,
KBORGP.SPI,标普Kensho佩戴装置行业,OTH,标准普尔公司,行业指数,20130515,100.0,20160627
KBOTSP.SPI,标普Kensho机器人行业,OTH,标准普尔公司,行业指数,20130617,100.0,20160627
KCARSP.SPI,标普Kensho无人驾驶汽车行业,OTH,标准普尔公司,行业指数,20130515,100.0,20160627
KCLEANP.SPI,标普Kensho清洁技术,OTH,标准普尔公司,主题指数,20160617,100.0,20160805
KCNNECTP.SPI,标普Kensho未来通讯行业,OTH,标准普尔公司,行业指数,20130715,100.0,20181029
KDDDPP.SPI,标普Kensho立体打印行业,OTH,标准普尔公司,行业指数,20130617,100.0,20160627
KEVOLVEP.SPI,标普Kensho人类进化行业,OTH,标准普尔公司,行业指数,20130715,100.0,20180622
KEVP.SPI,标普Kensho电动汽车行业全收益,OTH,标准普尔公司,行业指数,20130515,100.0,20180917
KEVPR.SPI,标普Kensho电动汽车行业,OTH,标准普尔公司,行业指数,20130515,100.0,20180917
KEXPLORP.SPI,标普Kensho最终前沿,OTH,标准普尔公司,行业指数,20130615,,20161227
KINFRAP.SPI,标普Kensho智能基础设施,OTH,标准普尔公司,行业指数,20130715,,20161121
KMAKEP.SPI,标普Kensho先进制造业,OTH,标准普尔公司,行业指数,20170616,100.0,20210916
KNANOP.SPI,标普Kensho纳米科技行业,OTH,标准普尔公司,行业指数,20130617,100.0,20160701
KNESLXP.SPI,标普Kensho新经济精选,OTH,标准普尔公司,行业指数,20140102,100.0,20171228
KNEXP.SPI,标普Kensho新经济综合,OTH,标准普尔公司,行业指数,20140102,100.0,20170206
KPOWERP.SPI,标普Kensho清洁电力,OTH,标准普尔公司,行业指数,20130715,,20161201
KSECUREP.SPI,标普Kensho未来安全,OTH,标准普尔公司,行业指数,20130715,100.0,20170214
KTEAMP.SPI,标普Kensho企业合作行业,OTH,标准普尔公司,行业指数,20170515,100.0,20181029
KVRP.SPI,标普Kensho虚拟实境行业,OTH,标准普尔公司,行业指数,20160615,100.0,20160701
L.NH,南华连乙烯指数,NH,南华期货股份有限公司,收益率指数,,,
L01140.CSI,H100能源人民币全收益,CSI,中证指数有限公司,一级行业指数,20041231,1000.0,20090616
L01141.CSI,H100材料人民币全收益,CSI,中证指数有限公司,一级行业指数,20041231,1000.0,20090616
L01142.CSI,H100工业人民币全收益,CSI,中证指数有限公司,一级行业指数,20041231,1000.0,20090616
L01143.CSI,H100可选(全)CNY,CSI,中证指数有限公司,一级行业指数,20041231,1000.0,20090616
L01144.CSI,H100消费(全)CNY,CSI,中证指数有限公司,一级行业指数,20041231,1000.0,20090616
L01145.CSI,H100医药人民币全收益,CSI,中证指数有限公司,一级行业指数,20041231,1000.0,20090616
L01146.CSI,H100金融人民币全收益,CSI,中证指数有限公司,一级行业指数,20041231,1000.0,20090616
L01147.CSI,H100信息(全)CNY,CSI,中证指数有限公司,一级行业指数,20041231,1000.0,20090616
L01148.CSI,H100电信(全)CNY,CSI,中证指数有限公司,一级行业指数,20041231,1000.0,20090616
L01149.CSI,H100公用人民币全收益,CSI,中证指数有限公司,一级行业指数,20041231,1000.0,20090616
L01150.CSI,CN80能源全收益,CSI,中证指数有限公司,一级行业指数,20041231,1000.0,20090616
L01151.CSI,CN80材料全收益,CSI,中证指数有限公司,一级行业指数,20041231,1000.0,20090616
L01152.CSI,CN80工业(全),CSI,中证指数有限公司,一级行业指数,20041231,1000.0,20090616
L01153.CSI,CN80可选(全),CSI,中证指数有限公司,一级行业指数,20041231,1000.0,20090616
L01154.CSI,CN80消费(全),CSI,中证指数有限公司,一级行业指数,20041231,1000.0,20090616
L01155.CSI,CN80医药(全),CSI,中证指数有限公司,一级行业指数,20041231,1000.0,20090616
L01156.CSI,CN80金融(全),CSI,中证指数有限公司,一级行业指数,20041231,1000.0,20090616
L01157.CSI,CN80信息(全),CSI,中证指数有限公司,一级行业指数,20041231,1000.0,20090616
L01158.CSI,CN80电信(全),CSI,中证指数有限公司,一级行业指数,20041231,1000.0,20090616
L01159.CSI,CN80公用(全),CSI,中证指数有限公司,一级行业指数,20041231,1000.0,20090616
L01160.CSI,C130能源(全),CSI,中证指数有限公司,一级行业指数,20041231,1000.0,20090616
L01161.CSI,C130材料(全),CSI,中证指数有限公司,一级行业指数,20041231,1000.0,20090616
L01162.CSI,C130工业(全),CSI,中证指数有限公司,一级行业指数,20041231,1000.0,20090616
L01163.CSI,C130可选(全),CSI,中证指数有限公司,一级行业指数,20041231,1000.0,20090616
L01164.CSI,C130消费(全),CSI,中证指数有限公司,一级行业指数,20041231,1000.0,20090616
L01165.CSI,C130医药(全),CSI,中证指数有限公司,一级行业指数,20041231,1000.0,20090616
L01166.CSI,C130金融(全),CSI,中证指数有限公司,一级行业指数,20041231,1000.0,20090616
L01167.CSI,C130信息(全),CSI,中证指数有限公司,一级行业指数,20041231,1000.0,20090616
L01168.CSI,C130电信(全),CSI,中证指数有限公司,一级行业指数,20041231,1000.0,20090616
L01169.CSI,C130公用(全),CSI,中证指数有限公司,一级行业指数,20041231,1000.0,20090616
L01170.CSI,C430能源(全),CSI,中证指数有限公司,一级行业指数,20041231,1000.0,20090616
L01171.CSI,C430材料(全),CSI,中证指数有限公司,一级行业指数,20041231,1000.0,20090616
L01172.CSI,C430工业(全),CSI,中证指数有限公司,一级行业指数,20041231,1000.0,20090616
L01173.CSI,C430可选(全),CSI,中证指数有限公司,一级行业指数,20041231,1000.0,20090616
L01174.CSI,C430消费(全),CSI,中证指数有限公司,一级行业指数,20041231,1000.0,20090616
L01175.CSI,C430医药(全),CSI,中证指数有限公司,一级行业指数,20041231,1000.0,20090616
L01176.CSI,C430金融(全),CSI,中证指数有限公司,一级行业指数,20041231,1000.0,20090616
L01177.CSI,C430信息(全),CSI,中证指数有限公司,一级行业指数,20041231,1000.0,20090616
L01178.CSI,C430电信(全),CSI,中证指数有限公司,一级行业指数,20041231,1000.0,20090616
L01179.CSI,C430公用(全),CSI,中证指数有限公司,一级行业指数,20041231,1000.0,20090616
L01180.CSI,H100能源全收益,CSI,中证指数有限公司,一级行业指数,20041231,1000.0,20090616
L01181.CSI,H100材料全收益,CSI,中证指数有限公司,一级行业指数,20041231,1000.0,20090616
L01182.CSI,H100工业全收益,CSI,中证指数有限公司,一级行业指数,20041231,1000.0,20090616
L01183.CSI,H100可选(全),CSI,中证指数有限公司,一级行业指数,20041231,1000.0,20090616
L01184.CSI,H100消费全收益,CSI,中证指数有限公司,一级行业指数,20041231,1000.0,20090616
L01185.CSI,H100医药全收益,CSI,中证指数有限公司,一级行业指数,20041231,1000.0,20090616
L01186.CSI,H100金融全收益,CSI,中证指数有限公司,一级行业指数,20041231,1000.0,20090616
L01187.CSI,H100信息(全),CSI,中证指数有限公司,一级行业指数,20041231,1000.0,20090616
L01188.CSI,H100电信(全),CSI,中证指数有限公司,一级行业指数,20041231,1000.0,20090616
L01189.CSI,H100公用全收益,CSI,中证指数有限公司,一级行业指数,20041231,1000.0,20090616
L01190.CSI,CN80能源(全)U,CSI,中证指数有限公司,一级行业指数,20041231,1000.0,20090616
L01191.CSI,US80材料全收益,CSI,中证指数有限公司,一级行业指数,20041231,1000.0,20090616
L01192.CSI,CN80工业(全)U,CSI,中证指数有限公司,一级行业指数,20041231,1000.0,20090616
L01193.CSI,CN80可选(全)U,CSI,中证指数有限公司,一级行业指数,20041231,1000.0,20090616
L01194.CSI,CN80消费(全)U,CSI,中证指数有限公司,一级行业指数,20041231,1000.0,20090616
L01195.CSI,CN80医药(全)U,CSI,中证指数有限公司,一级行业指数,20041231,1000.0,20090616
L01196.CSI,CN80金融(全)U,CSI,中证指数有限公司,一级行业指数,20041231,1000.0,20090616
L01197.CSI,CN80信息(全)U,CSI,中证指数有限公司,一级行业指数,20041231,1000.0,20090616
L01198.CSI,CN80电信(全)U,CSI,中证指数有限公司,一级行业指数,20041231,1000.0,20090616
L01199.CSI,CN80公用(全)U,CSI,中证指数有限公司,一级行业指数,20041231,1000.0,20090616
L01200.CSI,C130能源(全)U,CSI,中证指数有限公司,一级行业指数,20041231,1000.0,20090616
L01201.CSI,C130材料(全)USD,CSI,中证指数有限公司,一级行业指数,20041231,1000.0,20090616
L01202.CSI,C130工业(全)U,CSI,中证指数有限公司,一级行业指数,20041231,1000.0,20090616
L01203.CSI,C130可选(全)U,CSI,中证指数有限公司,一级行业指数,20041231,1000.0,20090616
L01204.CSI,C130消费(全)U,CSI,中证指数有限公司,一级行业指数,20041231,1000.0,20090616
L01205.CSI,C130医药(全)U,CSI,中证指数有限公司,一级行业指数,20041231,1000.0,20090616
L01206.CSI,C130金融(全)U,CSI,中证指数有限公司,一级行业指数,20041231,1000.0,20090616
L01207.CSI,C130信息(全)U,CSI,中证指数有限公司,一级行业指数,20041231,1000.0,20090616
L01208.CSI,C130电信(全)U,CSI,中证指数有限公司,一级行业指数,20041231,1000.0,20090616
L01209.CSI,C130公用(全)U,CSI,中证指数有限公司,一级行业指数,20041231,1000.0,20090616
L01210.CSI,C430能源(全)U,CSI,中证指数有限公司,一级行业指数,20041231,1000.0,20090616
L01211.CSI,C430材料(全)U,CSI,中证指数有限公司,一级行业指数,20041231,1000.0,20090616
L01212.CSI,C430工业(全)U,CSI,中证指数有限公司,一级行业指数,20041231,1000.0,20090616
L01213.CSI,C430可选(全)U,CSI,中证指数有限公司,一级行业指数,20041231,1000.0,20090616
L01214.CSI,C430消费(全)U,CSI,中证指数有限公司,一级行业指数,20041231,1000.0,20090616
L01215.CSI,C430医药(全)U,CSI,中证指数有限公司,一级行业指数,20041231,1000.0,20090616
L01216.CSI,C430金融(全)U,CSI,中证指数有限公司,一级行业指数,20041231,1000.0,20090616
L01217.CSI,C430信息(全)U,CSI,中证指数有限公司,一级行业指数,20041231,1000.0,20090616
L01218.CSI,C430电信(全)U,CSI,中证指数有限公司,一级行业指数,20041231,1000.0,20090616
L01219.CSI,C430公用(全)U,CSI,中证指数有限公司,一级行业指数,20041231,1000.0,20090616
L01220.CSI,中证H300能源全收益,CSI,中证指数有限公司,一级行业指数,20041231,1000.0,20120720
L01221.CSI,中证H300材料全收益,CSI,中证指数有限公司,一级行业指数,20041231,1000.0,20120720
L01222.CSI,中证H300工业全收益,CSI,中证指数有限公司,一级行业指数,20041231,1000.0,20120720
L01223.CSI,中证H300可选(全),CSI,中证指数有限公司,一级行业指数,20041231,1000.0,20120720
L01224.CSI,中证H300消费全收益,CSI,中证指数有限公司,一级行业指数,20041231,1000.0,20120720
L01226.CSI,中证H300金融全收益,CSI,中证指数有限公司,一级行业指数,20041231,1000.0,20120720
L01227.CSI,中证H300信息(全),CSI,中证指数有限公司,一级行业指数,20041231,1000.0,20120720
L01228.CSI,中证H300电信(全),CSI,中证指数有限公司,二级行业指数,20041231,1000.0,20120720
L01229.CSI,中证H300公用全收益,CSI,中证指数有限公司,一级行业指数,20041231,1000.0,20120720
L01230.CSI,中证H300能源人民币全收益,CSI,中证指数有限公司,一级行业指数,20041231,1000.0,20120720
L01231.CSI,中证H300材料人民币全收益,CSI,中证指数有限公司,一级行业指数,20041231,1000.0,20120720
L01232.CSI,中证H300工业人民币全收益,CSI,中证指数有限公司,一级行业指数,20041231,1000.0,20120720
L01233.CSI,中证H300可选(全)CNY,CSI,中证指数有限公司,一级行业指数,20041231,1000.0,20120720
L01234.CSI,中证H300消费(全)CNY,CSI,中证指数有限公司,一级行业指数,20041231,1000.0,20120720
L01235.CSI,中证H300医药人民币全收益(退市),CSI,中证指数有限公司,一级行业指数,20041231,1000.0,20120720
L01236.CSI,中证H300金融人民币全收益,CSI,中证指数有限公司,一级行业指数,20041231,1000.0,20120720
L01237.CSI,中证H300信息(全)CNY,CSI,中证指数有限公司,一级行业指数,20041231,1000.0,20120720
L01238.CSI,中证H300电信(全)CNY,CSI,中证指数有限公司,二级行业指数,20041231,1000.0,20120720
L01239.CSI,中证H300公用人民币全收益,CSI,中证指数有限公司,一级行业指数,20041231,1000.0,20120720
L01501.CSI,300能源全收益,CSI,中证指数有限公司,二级行业指数,20041231,1000.0,20090616
L01502.CSI,300材料全收益,CSI,中证指数有限公司,二级行业指数,20041231,1000.0,20090616
L01503.CSI,300资本品全收益,CSI,中证指数有限公司,主题指数,20041231,1000.0,20090616
L01505.CSI,300运输全收益(退市),CSI,中证指数有限公司,二级行业指数,20041231,1000.0,20090616
L01506.CSI,300汽车全收益,CSI,中证指数有限公司,二级行业指数,20041231,1000.0,20090616
L01507.CSI,300耐用与服装全收益,CSI,中证指数有限公司,主题指数,20041231,1000.0,20090616
L01509.CSI,300媒体全收益,CSI,中证指数有限公司,二级行业指数,20041231,1000.0,20090616
L01510.CSI,300零售全收益,CSI,中证指数有限公司,二级行业指数,20041231,1000.0,20090616
L01512.CSI,300食品饮料全收益,CSI,中证指数有限公司,二级行业指数,20041231,1000.0,20090616
L01515.CSI,300制药生物全收益,CSI,中证指数有限公司,二级行业指数,20041231,1000.0,20090616
L01516.CSI,300银行全收益(退市),CSI,中证指数有限公司,二级行业指数,20041231,1000.0,20090616
L01517.CSI,300综合金融全收益(退市),CSI,中证指数有限公司,二级行业指数,20041231,1000.0,20090616
L01518.CSI,300保险全收益,CSI,中证指数有限公司,二级行业指数,20071231,1000.0,20090616
L01519.CSI,300房地产全收益(退市),CSI,中证指数有限公司,二级行业指数,20041231,1000.0,20090616
L01520.CSI,300软件服务全收益,CSI,中证指数有限公司,二级行业指数,20041231,1000.0,20090616
L01521.CSI,300硬件全收益,CSI,中证指数有限公司,二级行业指数,20041231,1000.0,20090616
L01525.CSI,300公用全收益,CSI,中证指数有限公司,二级行业指数,20041231,1000.0,20090616
L01602.CSI,300油气煤炭全收益(退市),CSI,中证指数有限公司,三级行业指数,20041231,1000.0,20090616
L01603.CSI,300化学制品全收益(退市),CSI,中证指数有限公司,三级行业指数,20041231,1000.0,20090616
L01604.CSI,300建材全收益,CSI,中证指数有限公司,三级行业指数,20041231,1000.0,20090616
L01606.CSI,300金属与采矿全收益,CSI,中证指数有限公司,行业指数,20041231,1000.0,20090616
L01608.CSI,300国防全收益,CSI,中证指数有限公司,二级行业指数,20041231,1000.0,20090616
L01610.CSI,300建筑工程全收益,CSI,中证指数有限公司,三级行业指数,20041231,1000.0,20090616
L01613.CSI,300机械全收益,CSI,中证指数有限公司,二级行业指数,20041231,1000.0,20090616
L01614.CSI,300工贸全收益(退市),CSI,中证指数有限公司,二级行业指数,20041231,1000.0,20090616
L01617.CSI,300航空公司全收益,CSI,中证指数有限公司,四级行业指数,20041231,1000.0,20090616
L01618.CSI,300海运全收益,CSI,中证指数有限公司,三级行业指数,20041231,1000.0,20090616
L01619.CSI,300公路铁路全收益(退市),CSI,中证指数有限公司,三级行业指数,20041231,1000.0,20090616
L01620.CSI,300交通设施全收益,CSI,中证指数有限公司,三级行业指数,20041231,1000.0,20090616
L01621.CSI,300汽车配件全收益,CSI,中证指数有限公司,三级行业指数,20041231,1000.0,20090616
L01623.CSI,300家庭耐用全收益,CSI,中证指数有限公司,二级行业指数,20041231,1000.0,20090616
L01625.CSI,300纺织服装全收益,CSI,中证指数有限公司,三级行业指数,20041231,1000.0,20090616
L01628.CSI,300媒体全收益(退市),CSI,中证指数有限公司,三级行业指数,20041231,1000.0,20090616
L01630.CSI,300多元零售全收益(退市),CSI,中证指数有限公司,三级行业指数,20041231,1000.0,20090616
L01631.CSI,300专营零售全收益(退市),CSI,中证指数有限公司,三级行业指数,20041231,1000.0,20090616
L01634.CSI,300食品肉类全收益,CSI,中证指数有限公司,三级行业指数,20041231,1000.0,20090616
L01640.CSI,300制药全收益,CSI,中证指数有限公司,主题指数,20041231,1000.0,20090616
L01641.CSI,300商业银行全收益,CSI,中证指数有限公司,三级行业指数,20041231,1000.0,20090616
L01642.CSI,300综合金融服务全收益,CSI,中证指数有限公司,三级行业指数,20041231,1000.0,20090616
L01643.CSI,300资本市场全收益,CSI,中证指数有限公司,三级行业指数,20051231,1000.0,20090616
L01644.CSI,300保险全收益,CSI,中证指数有限公司,三级行业指数,20071231,1000.0,20090616
L01645.CSI,300房地产全收益(退市),CSI,中证指数有限公司,二级行业指数,20041231,1000.0,20090616
L01649.CSI,300电脑全收益,CSI,中证指数有限公司,四级行业指数,20041231,1000.0,20090616
L01655.CSI,300电力全收益,CSI,中证指数有限公司,三级行业指数,20041231,1000.0,20090616
L01658.CSI,300水务全收益(退市),CSI,中证指数有限公司,三级行业指数,20041231,1000.0,20090616
L11140.CSI,H100能源人民币,CSI,中证指数有限公司,一级行业指数,20041231,1000.0,20090616
L11141.CSI,H100材料人民币,CSI,中证指数有限公司,一级行业指数,20041231,1000.0,20090616
L11142.CSI,H100工业人民币,CSI,中证指数有限公司,一级行业指数,20041231,1000.0,20090616
L11143.CSI,H100可选CNY,CSI,中证指数有限公司,一级行业指数,20041231,1000.0,20090616
L11144.CSI,H100消费人民币,CSI,中证指数有限公司,一级行业指数,20041231,1000.0,20090616
L11145.CSI,H100医药人民币,CSI,中证指数有限公司,一级行业指数,20041231,1000.0,20090616
L11146.CSI,H100金融人民币,CSI,中证指数有限公司,一级行业指数,20041231,1000.0,20090616
L11147.CSI,H100信息CNY,CSI,中证指数有限公司,一级行业指数,20041231,1000.0,20090616
L11148.CSI,H100电信CNY,CSI,中证指数有限公司,一级行业指数,20041231,1000.0,20090616
L11149.CSI,H100公用人民币,CSI,中证指数有限公司,一级行业指数,20041231,1000.0,20090616
L11150.CSI,CN80能源,CSI,中证指数有限公司,一级行业指数,20041231,1000.0,20090616
L11151.CSI,CN80材料,CSI,中证指数有限公司,一级行业指数,20041231,1000.0,20090616
L11152.CSI,CN80工业,CSI,中证指数有限公司,一级行业指数,20041231,1000.0,20090616
L11153.CSI,CN80可选,CSI,中证指数有限公司,一级行业指数,20041231,1000.0,20090616
L11154.CSI,CN80消费,CSI,中证指数有限公司,一级行业指数,20041231,1000.0,20090616
L11155.CSI,CN80医药,CSI,中证指数有限公司,一级行业指数,20041231,1000.0,20090616
L11156.CSI,CN80金融,CSI,中证指数有限公司,一级行业指数,20041231,1000.0,20090616
L11157.CSI,CN80信息,CSI,中证指数有限公司,一级行业指数,20041231,1000.0,20090616
L11158.CSI,CN80通信,CSI,中证指数有限公司,一级行业指数,20041231,1000.0,20090616
L11159.CSI,CN80公用,CSI,中证指数有限公司,一级行业指数,20041231,1000.0,20090616
L11160.CSI,C130能源,CSI,中证指数有限公司,一级行业指数,20041231,1000.0,20090616
L11161.CSI,C130材料,CSI,中证指数有限公司,一级行业指数,20041231,1000.0,20090616
L11162.CSI,C130工业,CSI,中证指数有限公司,一级行业指数,20041231,1000.0,20090616
L11163.CSI,C130可选,CSI,中证指数有限公司,一级行业指数,20041231,1000.0,20090616
L11164.CSI,C130消费,CSI,中证指数有限公司,一级行业指数,20041231,1000.0,20090616
L11165.CSI,C130医药,CSI,中证指数有限公司,一级行业指数,20041231,1000.0,20090616
L11166.CSI,C130金融,CSI,中证指数有限公司,一级行业指数,20041231,1000.0,20090616
L11167.CSI,C130信息,CSI,中证指数有限公司,一级行业指数,20041231,1000.0,20090616
L11168.CSI,C130通信,CSI,中证指数有限公司,一级行业指数,20041231,1000.0,20090616
L11169.CSI,C130公用,CSI,中证指数有限公司,一级行业指数,20041231,1000.0,20090616
L11170.CSI,C430能源,CSI,中证指数有限公司,一级行业指数,20041231,1000.0,20090616
L11171.CSI,C430材料,CSI,中证指数有限公司,一级行业指数,20041231,1000.0,20090616
L11172.CSI,C430工业,CSI,中证指数有限公司,一级行业指数,20041231,1000.0,20090616
L11173.CSI,C430可选,CSI,中证指数有限公司,一级行业指数,20041231,1000.0,20090616
L11174.CSI,C430消费,CSI,中证指数有限公司,一级行业指数,20041231,1000.0,20090616
L11175.CSI,C430医药,CSI,中证指数有限公司,一级行业指数,20041231,1000.0,20090616
L11176.CSI,C430金融,CSI,中证指数有限公司,一级行业指数,20041231,1000.0,20090616
L11177.CSI,C430信息,CSI,中证指数有限公司,一级行业指数,20041231,1000.0,20090616
L11178.CSI,C430通信,CSI,中证指数有限公司,一级行业指数,20041231,1000.0,20090616
L11179.CSI,C430公用,CSI,中证指数有限公司,一级行业指数,20041231,1000.0,20090616
L11180.CSI,H100能源,CSI,中证指数有限公司,一级行业指数,20041231,1000.0,20090616
L11181.CSI,H100材料,CSI,中证指数有限公司,一级行业指数,20041231,1000.0,20090616
L11182.CSI,H100工业,CSI,中证指数有限公司,一级行业指数,20041231,1000.0,20090616
L11183.CSI,H100可选,CSI,中证指数有限公司,一级行业指数,20041231,1000.0,20090616
L11184.CSI,H100消费,CSI,中证指数有限公司,一级行业指数,20041231,1000.0,20090616
L11185.CSI,H100医药,CSI,中证指数有限公司,一级行业指数,20041231,1000.0,20090616
L11186.CSI,H100金融,CSI,中证指数有限公司,一级行业指数,20041231,1000.0,20090616
L11187.CSI,H100信息,CSI,中证指数有限公司,一级行业指数,20041231,1000.0,20090616
L11188.CSI,H100通信,CSI,中证指数有限公司,一级行业指数,20041231,1000.0,20090616
L11189.CSI,H100公用,CSI,中证指数有限公司,一级行业指数,20041231,1000.0,20090616
L11190.CSI,CN80能源U,CSI,中证指数有限公司,一级行业指数,20041231,1000.0,20090616
L11191.CSI,US80材料,CSI,中证指数有限公司,一级行业指数,20041231,1000.0,20090616
L11192.CSI,CN80工业U,CSI,中证指数有限公司,一级行业指数,20041231,1000.0,20090616
L11193.CSI,CN80可选U,CSI,中证指数有限公司,一级行业指数,20041231,1000.0,20090616
L11194.CSI,CN80消费U,CSI,中证指数有限公司,一级行业指数,20041231,1000.0,20090616
L11195.CSI,CN80医药U,CSI,中证指数有限公司,一级行业指数,20041231,1000.0,20090616
L11196.CSI,CN80金融U,CSI,中证指数有限公司,一级行业指数,20041231,1000.0,20090616
L11197.CSI,CN80信息U,CSI,中证指数有限公司,一级行业指数,20041231,1000.0,20090616
L11198.CSI,CN80电信U,CSI,中证指数有限公司,一级行业指数,20041231,1000.0,20090616
L11199.CSI,CN80公用U,CSI,中证指数有限公司,一级行业指数,20041231,1000.0,20090616
L11200.CSI,C130能源U,CSI,中证指数有限公司,一级行业指数,20041231,1000.0,20090616
L11201.CSI,C130材料USD,CSI,中证指数有限公司,一级行业指数,20041231,1000.0,20090616
L11202.CSI,C130工业U,CSI,中证指数有限公司,一级行业指数,20041231,1000.0,20090616
L11203.CSI,C130可选U,CSI,中证指数有限公司,一级行业指数,20041231,1000.0,20090616
L11204.CSI,C130消费U,CSI,中证指数有限公司,一级行业指数,20041231,1000.0,20090616
L11205.CSI,C130医药U,CSI,中证指数有限公司,一级行业指数,20041231,1000.0,20090616
L11206.CSI,C130金融U,CSI,中证指数有限公司,一级行业指数,20041231,1000.0,20090616
L11207.CSI,C130信息U,CSI,中证指数有限公司,一级行业指数,20041231,1000.0,20090616
L11208.CSI,C130电信U,CSI,中证指数有限公司,一级行业指数,20041231,1000.0,20090616
L11209.CSI,C130公用U,CSI,中证指数有限公司,一级行业指数,20041231,1000.0,20090616
L11210.CSI,C430能源U,CSI,中证指数有限公司,一级行业指数,20041231,1000.0,20090616
L11211.CSI,C430材料U,CSI,中证指数有限公司,一级行业指数,20041231,1000.0,20090616
L11212.CSI,C430工业U,CSI,中证指数有限公司,一级行业指数,20041231,1000.0,20090616
L11213.CSI,C430可选U,CSI,中证指数有限公司,一级行业指数,20041231,1000.0,20090616
L11214.CSI,C430消费U,CSI,中证指数有限公司,一级行业指数,20041231,1000.0,20090616
L11215.CSI,C430医药U,CSI,中证指数有限公司,一级行业指数,20041231,1000.0,20090616
L11216.CSI,C430金融U,CSI,中证指数有限公司,一级行业指数,20041231,1000.0,20090616
L11217.CSI,C430信息U,CSI,中证指数有限公司,一级行业指数,20041231,1000.0,20090616
L11218.CSI,C430电信U,CSI,中证指数有限公司,一级行业指数,20041231,1000.0,20090616
L11219.CSI,C430公用U,CSI,中证指数有限公司,一级行业指数,20041231,1000.0,20090616
L11220.CSI,中证H300能源,CSI,中证指数有限公司,一级行业指数,20041231,1000.0,20120720
L11221.CSI,中证H300材料,CSI,中证指数有限公司,一级行业指数,20041231,1000.0,20120720
L11222.CSI,中证H300工业,CSI,中证指数有限公司,一级行业指数,20041231,1000.0,20120720
L11223.CSI,中证H300可选,CSI,中证指数有限公司,一级行业指数,20041231,1000.0,20120720
L11224.CSI,中证H300消费,CSI,中证指数有限公司,一级行业指数,20041231,1000.0,20120720
L11226.CSI,中证H300金融,CSI,中证指数有限公司,一级行业指数,20041231,1000.0,20120720
L11227.CSI,中证H300信息,CSI,中证指数有限公司,一级行业指数,20041231,1000.0,20120720
L11228.CSI,沪深H300通信,CSI,中证指数有限公司,一级行业指数,20041231,1000.0,20120720
L11229.CSI,中证H300公用,CSI,中证指数有限公司,一级行业指数,20041231,1000.0,20120720
L11230.CSI,中证H300能源人民币,CSI,中证指数有限公司,一级行业指数,20041231,1000.0,20120720
L11231.CSI,中证H300材料人民币,CSI,中证指数有限公司,一级行业指数,20041231,1000.0,20120720
L11232.CSI,中证H300工业人民币,CSI,中证指数有限公司,一级行业指数,20041231,1000.0,20120720
L11233.CSI,中证H300可选CNY,CSI,中证指数有限公司,一级行业指数,20041231,1000.0,20120720
L11234.CSI,中证H300消费人民币,CSI,中证指数有限公司,一级行业指数,20041231,1000.0,20120720
L11235.CSI,中证H300医药人民币(退市),CSI,中证指数有限公司,一级行业指数,20041231,1000.0,20120720
L11236.CSI,中证H300金融人民币,CSI,中证指数有限公司,一级行业指数,20041231,1000.0,20120720
L11237.CSI,中证H300信息CNY,CSI,中证指数有限公司,一级行业指数,20041231,1000.0,20120720
L11238.CSI,中证H300电信CNY,CSI,中证指数有限公司,二级行业指数,20041231,1000.0,20120720
L11239.CSI,中证H300公用人民币,CSI,中证指数有限公司,一级行业指数,20041231,1000.0,20120720
L11501.CSI,300能源,CSI,中证指数有限公司,二级行业指数,20041231,1000.0,20090616
L11502.CSI,沪深300化工,CSI,中证指数有限公司,二级行业指数,20041231,1000.0,20090616
L11503.CSI,300资本品,CSI,中证指数有限公司,主题指数,20041231,1000.0,20090616
L11506.CSI,300汽车,CSI,中证指数有限公司,二级行业指数,20041231,1000.0,20090616
L11507.CSI,300耐用与服装,CSI,中证指数有限公司,主题指数,20041231,1000.0,20090616
L11509.CSI,300媒体,CSI,中证指数有限公司,二级行业指数,20041231,1000.0,20090616
L11510.CSI,300零售,CSI,中证指数有限公司,二级行业指数,20041231,1000.0,20090616
L11512.CSI,300食品饮料,CSI,中证指数有限公司,二级行业指数,20041231,1000.0,20090616
L11515.CSI,300制药生物,CSI,中证指数有限公司,二级行业指数,20041231,1000.0,20090616
L11516.CSI,300银行(退市),CSI,中证指数有限公司,二级行业指数,20041231,1000.0,20090616
L11517.CSI,300综合金融(退市),CSI,中证指数有限公司,二级行业指数,20041231,1000.0,20090616
L11518.CSI,300保险,CSI,中证指数有限公司,二级行业指数,20071231,1000.0,20090616
L11519.CSI,300房地产(退市),CSI,中证指数有限公司,二级行业指数,20041231,1000.0,20090616
L11520.CSI,沪深300计算机,CSI,中证指数有限公司,二级行业指数,20041231,1000.0,20090616
L11521.CSI,沪深300电子,CSI,中证指数有限公司,二级行业指数,20041231,1000.0,20090616
L11525.CSI,300公用,CSI,中证指数有限公司,二级行业指数,20041231,1000.0,20090616
L11602.CSI,300油气煤炭(退市),CSI,中证指数有限公司,三级行业指数,20041231,1000.0,20090616
L11603.CSI,300化学制品(退市),CSI,中证指数有限公司,三级行业指数,20041231,1000.0,20090616
L11604.CSI,300建材,CSI,中证指数有限公司,三级行业指数,20041231,1000.0,20090616
L11606.CSI,300金属与采矿,CSI,中证指数有限公司,行业指数,20041231,1000.0,20090616
L11608.CSI,300国防,CSI,中证指数有限公司,二级行业指数,20041231,1000.0,20090616
L11610.CSI,300建筑工程,CSI,中证指数有限公司,三级行业指数,20041231,1000.0,20090616
L11613.CSI,300机械,CSI,中证指数有限公司,二级行业指数,20041231,1000.0,20090616
L11614.CSI,300工贸(退市),CSI,中证指数有限公司,二级行业指数,20041231,1000.0,20090616
L11617.CSI,沪深300航空运输,CSI,中证指数有限公司,四级行业指数,20041231,1000.0,20090616
L11618.CSI,沪深300运输业,CSI,中证指数有限公司,三级行业指数,20041231,1000.0,20090616
L11619.CSI,300公路铁路(退市),CSI,中证指数有限公司,三级行业指数,20041231,1000.0,20090616
L11620.CSI,300交通设施,CSI,中证指数有限公司,三级行业指数,20041231,1000.0,20090616
L11621.CSI,300汽车配件,CSI,中证指数有限公司,三级行业指数,20041231,1000.0,20090616
L11623.CSI,沪深300耐用消费品,CSI,中证指数有限公司,二级行业指数,20041231,1000.0,20090616
L11625.CSI,300纺织服装,CSI,中证指数有限公司,三级行业指数,20041231,1000.0,20090616
L11628.CSI,沪深300文化娱乐(退市),CSI,中证指数有限公司,三级行业指数,20041231,1000.0,20090616
L11630.CSI,300多元零售(退市),CSI,中证指数有限公司,三级行业指数,20041231,1000.0,20090616
L11631.CSI,300专营零售(退市),CSI,中证指数有限公司,三级行业指数,20051230,1000.0,20090616
L11634.CSI,沪深300食品,CSI,中证指数有限公司,三级行业指数,20041231,1000.0,20090616
L11640.CSI,300制药,CSI,中证指数有限公司,主题指数,20041231,1000.0,20090616
L11641.CSI,300商业银行,CSI,中证指数有限公司,三级行业指数,20041231,1000.0,20090616
L11642.CSI,300综合金融服务,CSI,中证指数有限公司,三级行业指数,20041231,1000.0,20090616
L11643.CSI,沪深300证券公司,CSI,中证指数有限公司,三级行业指数,20051231,1000.0,20090616
L11644.CSI,300保险,CSI,中证指数有限公司,三级行业指数,20071231,1000.0,20090616
L11645.CSI,300房地产(退市),CSI,中证指数有限公司,二级行业指数,20041231,1000.0,20090616
L11649.CSI,300电脑,CSI,中证指数有限公司,四级行业指数,20041231,1000.0,20090616
L11655.CSI,300电力,CSI,中证指数有限公司,三级行业指数,20041231,1000.0,20090616
L11658.CSI,300水务(退市),CSI,中证指数有限公司,三级行业指数,20041231,1000.0,20090616
LC.NH,南华碳酸锂指数,NH,南华期货股份有限公司,收益率指数,,,
LH.NH,南华生猪指数,NH,南华期货股份有限公司,收益率指数,,,
LR.NH,南华郑晚籼稻指数,NH,南华期货股份有限公司,收益率指数,,,
LU.NH,南华低硫燃油指数,NH,南华期货股份有限公司,收益率指数,,,
LUNTUSLC.SPI,LuntCapital美国大盘股轮换全收益,OTH,标准普尔公司,策略指数,,,20141229
M.NH,南华连豆粕指数,NH,南华期货股份有限公司,收益率指数,,,
MA.NH,南华甲醇指数,NH,南华期货股份有限公司,收益率指数,,,
ME.NH,南华郑甲醇指数,NH,南华期货股份有限公司,收益率指数,,,
MOTHKDG.CNI,中华港股通护城河R,CNI,中华证券交易服务有限公司,行业指数,20111230,2000.0,20181228
MXCXBRV.GI,MSCI Emerging Markets ex China Index,OTH,MSCI指数,其他,,,19981231
n00009.SH,上证380净收益,SSE,中证指数有限公司,规模指数,20031231,1000.0,20130208
n00010.SH,上证180净收益,SSE,中证指数有限公司,规模指数,20020628,3299.06,20130208
n00016.SH,上证50净收益,SSE,中证指数有限公司,规模指数,20031231,1000.0,20130208
n00043.SH,上证超级大盘净收益,SSE,中证指数有限公司,规模指数,20031231,1000.0,20130208
n00044.SH,上证中盘净收益,SSE,中证指数有限公司,规模指数,20031231,1000.0,20130208
n00045.SH,上证小盘净收益,SSE,中证指数有限公司,规模指数,20031231,1000.0,20130208
n00046.SH,上证中小净收益,SSE,中证指数有限公司,规模指数,20031231,1000.0,20130208
n00047.SH,上证全指净收益,SSE,中证指数有限公司,规模指数,20031231,1000.0,20130208
n00132.SH,上证100净收益,SSE,中证指数有限公司,规模指数,20031231,1000.0,20130208
n00133.SH,上证150净收益,SSE,中证指数有限公司,规模指数,20031231,1000.0,20130208
n00155.SH,市值百强净收益,SSE,中证指数有限公司,规模指数,20031231,1000.0,20200311
n00300.CSI,沪深300净收益,CSI,中证指数有限公司,规模指数,20041231,1000.0,20130208
n00301.CSI,沪深300净收益美元,CSI,中证指数有限公司,规模指数,20041231,1000.0,20130927
n00688.CSI,科创50(净),CSI,中证指数有限公司,规模指数,20191231,1000.0,20200723
n00852.SH,中证1000净收益,SSE,中证指数有限公司,规模指数,20041231,1000.0,20200306
n00902.CSI,中证流通净收益,CSI,中证指数有限公司,综合指数,20051230,1000.0,20130208
n00903.CSI,中证A100净收益,CSI,中证指数有限公司,规模指数,20051230,1000.0,20130208
n00904.CSI,中证200净收益,CSI,中证指数有限公司,规模指数,20041231,1000.0,20130208
n00905.CSI,中证500净收益,CSI,中证指数有限公司,规模指数,20041231,1000.0,20130208
n00906.CSI,中证800净收益,CSI,中证指数有限公司,规模指数,20041231,1000.0,20130208
n00907.CSI,中证700净收益,CSI,中证指数有限公司,规模指数,20041231,1000.0,20130208
n00908.CSI,沪深300能源净收益,CSI,中证指数有限公司,一级行业指数,20041231,1000.0,20130208
n00909.CSI,沪深300材料净收益,CSI,中证指数有限公司,一级行业指数,20041231,1000.0,20130208
n00910.CSI,沪深300工业净收益,CSI,中证指数有限公司,一级行业指数,20041231,1000.0,20130208
n00911.CSI,沪深300可选净收益,CSI,中证指数有限公司,一级行业指数,20041231,1000.0,20130208
n00912.CSI,沪深300消费净收益,CSI,中证指数有限公司,一级行业指数,20041231,1000.0,20130208
n00913.CSI,沪深300医药净收益,CSI,中证指数有限公司,一级行业指数,20041231,1000.0,20130208
n00914.CSI,沪深300金融净收益,CSI,中证指数有限公司,主题指数,20041231,1000.0,20130208
n00915.CSI,沪深300信息净收益,CSI,中证指数有限公司,一级行业指数,20041231,1000.0,20130208
n00916.CSI,沪深300电信净收益,CSI,中证指数有限公司,一级行业指数,20041231,1000.0,20130208
n00917.CSI,沪深300公用净收益,CSI,中证指数有限公司,一级行业指数,20041231,1000.0,20130208
n00950.CSI,沪深300基建净收益,CSI,中证指数有限公司,主题指数,20041231,1000.0,20130208
n00980.CSI,中证超大净收益,CSI,中证指数有限公司,规模指数,20041231,1000.0,20130208
n00985.CSI,中证全指净收益,CSI,中证指数有限公司,规模指数,20041231,1000.0,20130208
n20405.CSI,300美元对冲净收益,CSI,中证指数有限公司,策略指数,20101231,3297.533,20141103
n20749.CSI,沪深300(净)USD(CNH),CSI,中证指数有限公司,主题指数,20041231,1000.0,20151106
n20751.CSI,中证500(净)USD(CNH),CSI,中证指数有限公司,主题指数,20041231,1000.0,20151106
n20752.CSI,中证500(净)HKD,CSI,中证指数有限公司,主题指数,20041231,1000.0,20151106
n20753.CSI,中证500(净)HKD(CNH),CSI,中证指数有限公司,主题指数,20041231,1000.0,20151106
n20754.CSI,民企成长(净)USD,CSI,中证指数有限公司,主题指数,20131213,1000.0,20151106
n20755.CSI,民企成长(净)USD(CNH),CSI,中证指数有限公司,主题指数,20131213,1000.0,20151106
n20756.CSI,环保(净)USD,CSI,中证指数有限公司,主题指数,20111230,1000.0,20151106
n20757.CSI,环保(净)USD(CNH),CSI,中证指数有限公司,主题指数,20111230,1000.0,20151106
n20903.CSI,中证A股净收益,CSI,中证指数有限公司,综合指数,19991231,1000.0,20200311
n20927.CSI,CR基石净收益,CSI,中证指数有限公司,主题指数,20050630,1000.0,20180213
n20928.CSI,CR新动能净收益,CSI,中证指数有限公司,主题指数,20130628,1000.0,20180213
n21086.CSI,MG新经济(净)AUD(退市),CSI,中证指数有限公司,主题指数,20071231,1000.0,20170615
n21188.CSI,300欧元对冲净收益,CSI,中证指数有限公司,策略指数,20101231,3128.261,20191115
n21359.CSI,沪深300(净)AUD(CNH),CSI,中证指数有限公司,规模指数,20041231,1000.0,20190830
n21382.CSI,智选300ESG领先净收益,CSI,中证指数有限公司,主题指数,20151231,1000.0,20200306
n21387.CSI,300瑞郎对冲净收益,CSI,中证指数有限公司,策略指数,20101231,3128.261,20191115
n21459.SH,中证800(净)USD,SSE,中证指数有限公司,规模指数,20041231,1000.0,20200311
n21460.SH,中证1000(净)USD,SSE,中证指数有限公司,规模指数,20041231,1000.0,20200311
n31463.CSI,300 ESG净收益,CSI,中证指数有限公司,主题指数,20170630,1000.0,20200430
n31465.CSI,300 ESG领先净收益,CSI,中证指数有限公司,主题指数,20170630,1000.0,20200430
n31466.CSI,300 ESG价值净收益,CSI,中证指数有限公司,策略指数,20170630,1000.0,20200430
N99001.CSI,三板成指全收益,CSI,中证指数有限公司,规模指数,20141231,1000.0,20150318
N99002.CSI,三板做市全收益,CSI,中证指数有限公司,规模指数,20141231,1000.0,20150318
n99003.CSI,创新成指全收益,CSI,中证指数有限公司,主题指数,20181220,1000.0,20190114
n99301.CSI,三板龙头全收益,CSI,中证指数有限公司,主题指数,20181220,1000.0,20190114
n99302.CSI,三板制造全收益,CSI,中证指数有限公司,行业指数,20181220,1000.0,20190114
n99303.CSI,三板服务全收益,CSI,中证指数有限公司,行业指数,20181220,1000.0,20190114
n99304.CSI,三板医药全收益,CSI,中证指数有限公司,行业指数,20181220,1000.0,20190114
n99305.CSI,三板消费全收益,CSI,中证指数有限公司,主题指数,20181220,1000.0,20190422
n99306.CSI,三板研发全收益,CSI,中证指数有限公司,主题指数,20181220,1000.0,20190422
n99307.CSI,三板活跃全收益,CSI,中证指数有限公司,主题指数,20181220,1000.0,20190422
NACEX.SPI,CIBC Atlas 清洁能源,OTH,标准普尔公司,主题指数,,,
NHAECI.NH,南华经济作物指数,NH,南华期货股份有限公司,收益率指数,,,
NHAI.NH,南华农产品指数,NH,南华期货股份有限公司,收益率指数,,,
NHBMI.NH,南华建材指数,NH,南华期货股份有限公司,收益率指数,,,
NHCCI.NH,南华煤制化工指数,NH,南华期货股份有限公司,收益率指数,,,
NHCI.NH,南华商品指数,NH,南华期货股份有限公司,收益率指数,,,
NHCIMi.NH,南华迷你综合指数,NH,南华期货股份有限公司,收益率指数,,,
NHECI.NH,南华能化指数,NH,南华期货股份有限公司,收益率指数,,,
NHEI.NH,南华能源指数,NH,南华期货股份有限公司,收益率指数,,,
NHFI.NH,南华黑色指数,NH,南华期货股份有限公司,收益率指数,,,
NHFMI.NH,南华黑色原材料指数,NH,南华期货股份有限公司,收益率指数,,,
NHII.NH,南华工业品指数,NH,南华期货股份有限公司,收益率指数,,,
NHMI.NH,南华金属指数,NH,南华期货股份有限公司,收益率指数,,,
NHNFI.NH,南华有色金属,NH,南华期货股份有限公司,收益率指数,,,
NHNMI.NH,南华新材料指数,NH,南华期货股份有限公司,收益率指数,,,
NHOOI.NH,南华油脂油料指数,NH,南华期货股份有限公司,收益率指数,,,
NHPCI.NH,南华石油化工指数,NH,南华期货股份有限公司,收益率指数,,,
NHPMI.NH,南华贵金属指数,NH,南华期货股份有限公司,收益率指数,,,
NHRECI.NH,南华风险均衡商品指数,NH,南华期货股份有限公司,收益率指数,,,
NI.NH,南华沪镍指数,NH,南华期货股份有限公司,收益率指数,,,
NR.NH,南华20号胶指数,NH,南华期货股份有限公司,收益率指数,,,
OI.NH,南华郑油指数,NH,南华期货股份有限公司,收益率指数,,,
P.NH,南华连棕油指数,NH,南华期货股份有限公司,收益率指数,,,
P1SGI.SPI,道琼斯亚太地区可持续发展,OTH,标准普尔公司,主题指数,20031231,100.0,20090116
P1SUS.SPI,道琼斯亚太地区可持续发展除酒精烟草赌博军火,OTH,标准普尔公司,主题指数,20031231,100.0,20090116
PB.NH,南华沪铅指数,NH,南华期货股份有限公司,收益率指数,,,
PELHKDG.CNI,中华港股通泛休闲娱乐R,CNI,中华证券交易服务有限公司,行业指数,20111230,2000.0,20210331
PF.NH,南华短纤指数,NH,南华期货股份有限公司,收益率指数,,,
PG.NH,南华LPG指数,NH,南华期货股份有限公司,收益率指数,,,
PK.NH,南华花生指数,NH,南华期货股份有限公司,收益率指数,,,
PP.NH,南华连聚丙烯指数,NH,南华期货股份有限公司,收益率指数,,,
PR.NH,南华瓶片指数,NH,南华期货股份有限公司,收益率指数,,,
PSMHKDG.CNI,中华国证港股物业R,CNI,中华证券交易服务有限公司,行业指数,20141231,1000.0,20230822
PX.NH,南华对二甲苯指数,NH,南华期货股份有限公司,收益率指数,,,
RB.NH,南华沪螺钢指数,NH,南华期货股份有限公司,收益率指数,,,
RETHKDG.CNI,中华房地产信托基金R,CNI,中华证券交易服务有限公司,行业指数,20111230,2000.0,20180716
REVWDIV.SPI,标普900股息收入加权指数,OTH,标准普尔公司,策略指数,20030630,,20130628
REVWL.SPI,标普500收入加权,OTH,标准普尔公司,策略指数,19941231,1000.0,20051230
REVWM.SPI,标普中盘400营收加权,OTH,标准普尔公司,策略指数,20051230,,20051230
RI.NH,南华早稻指数,NH,南华期货股份有限公司,收益率指数,,,
RM.NH,南华郑菜籽粕指数,NH,南华期货股份有限公司,收益率指数,,,
RO.NH,南华郑菜油指数,NH,南华期货股份有限公司,收益率指数,,,
RR.NH,南华粳米指数,NH,南华期货股份有限公司,收益率指数,,,
RS.NH,南华郑油菜籽指数,NH,南华期货股份有限公司,收益率指数,,,
RU.NH,南华沪天胶指数,NH,南华期货股份有限公司,收益率指数,,,
s00701.SZ,深证F60全收益,SZSE,深圳证券交易所,策略指数,20021231,1000.0,20100510
s00702.SZ,深证F120全收益,SZSE,深圳证券交易所,策略指数,20021231,1000.0,20100510
s00703.SZ,深证F200全收益,SZSE,深圳证券交易所,策略指数,20021231,1000.0,20100510
s00704.SZ,深证上游全收益,SZSE,深圳证券交易所,主题指数,20021231,1000.0,20111018
s00705.SZ,深证中游全收益,SZSE,深圳证券交易所,主题指数,20021231,1000.0,20111018
s00706.SZ,深证下游全收益,SZSE,深圳证券交易所,主题指数,20021231,1000.0,20111018
s00802.SZ,500深市全收益,SZSE,中证指数有限公司,主题指数,20041231,1000.0,20120905
s00959.SZ,军工指数全收益,SZSE,中证指数有限公司,主题指数,20110630,1000.0,20110830
s00972.CSI,300深市全收益,CSI,中证指数有限公司,主题指数,20041231,1000.0,20120621
S5HCRT.SPI,S5HCRT Index,OTH,标准普尔公司,其他,,,
S5HTRR.SPI,S5HTRR Index,OTH,标准普尔公司,其他,,,
S5REDV.SPI,S5REDV Index,OTH,标准普尔公司,其他,,,
S5REID.SPI,S5REID Index,OTH,标准普尔公司,其他,,,
S5REITS.SPI,S5REITS Index,OTH,标准普尔公司,其他,,,
S5REOF.SPI,S5REOF Index,OTH,标准普尔公司,其他,,,
S5RERE.SPI,S5RERE Index,OTH,标准普尔公司,其他,,,
S5RERT.SPI,S5REIT Index,OTH,标准普尔公司,其他,,,
S5RESP.SPI,55RESP Index,OTH,标准普尔公司,其他,,,
S6FINL.SPI,标普小盘600金融,OTH,标准普尔公司,策略指数,19941028,,19941028
S6HLTH.SPI,标普小盘600医疗保健,OTH,标准普尔公司,策略指数,19941028,,19941028
S6INDU.SPI,标普小盘600工业,OTH,标准普尔公司,策略指数,19941028,,19941028
SA.NH,南华纯碱指数,NH,南华期货股份有限公司,收益率指数,,,
SAMAU.SPI,道琼斯澳大利亚可持续发展,OTH,标准普尔公司,主题指数,20041031,100.0,20060228
SBBMGLU.SPI,标普全球BMI,OTH,标准普尔公司,综合指数,19941229,100.0,19921231
SBPRGLU.SPI,标准普尔全球大中盘指数,OTH,标准普尔公司,综合指数,19971231,100.0,20070330
SC.NH,南华原油指数,NH,南华期货股份有限公司,收益率指数,,,
SCRTAE.SPI,标普新兴亚太BMI,OTH,标准普尔公司,其他,,,19971231
SCRTEM.SPI,标普新兴市场BMI,OTH,标准普尔公司,其他,19941229,,19971231
SCRTWU.SPI,标普发达市场(除美国)BMI指数,OTH,标准普尔公司,其他,19890630,,19221231
SECBUP.SPI,标普新兴市场(除中国)BMI指数,OTH,标准普尔公司,其他,19941230,,20180504
SF.NH,南华郑硅铁指数,NH,南华期货股份有限公司,收益率指数,,,
SGIXWCAT.SPI,SGI WISE China A Shares,OTH,法国兴业证券,主题指数,,,20010205
SH.NH,南华烧碱指数,NH,南华期货股份有限公司,收益率指数,,,
SHHKSI.CSI,沪港通AH股精明,CSI,中证指数有限公司,策略指数,20140409,5000.0,20141117
SI.NH,南华工业硅指数,NH,南华期货股份有限公司,收益率指数,,,
SJXDR10T.SPI,标普/东证风险控制10%指数,OTH,标准普尔公司,策略指数,19930311,,20110418
SJXDR15T.SPI,标普/东证风险控制15%指数,OTH,标准普尔公司,策略指数,19930311,,20110418
SJXDR5T.SPI,标普/东证风险控制5%指数,OTH,标准普尔公司,策略指数,19930311,,20110418
SM.NH,南华郑锰硅指数,NH,南华期货股份有限公司,收益率指数,,,
SN.NH,南华沪锡指数,NH,南华期货股份有限公司,收益率指数,,,
SP.NH,南华纸浆指数,NH,南华期货股份有限公司,收益率指数,,,
SP100.SPI,标普100,OTH,标准普尔公司,规模指数,19941230,1000.0,19760102
SP1000.SPI,标普1000,OTH,标准普尔公司,规模指数,19941230,1000.0,19941230
SP1000G.SPI,标普1000成长指数,OTH,标准普尔公司,风格指数,19950630,1000.24,20071023
SP1000PG.SPI,标普1000纯成长指数,OTH,标准普尔公司,风格指数,19950630,1009.5,20071023
SP1000PV.SPI,标普1000纯价值指数,OTH,标准普尔公司,风格指数,19950630,1001.57,20071023
SP1000V.SPI,标普1000价值指数,OTH,标准普尔公司,风格指数,19950630,999.88,20071023
SP1500.SPI,标普1500综合指数,OTH,标准普尔公司,综合指数,19941230,100.0,19941101
SP1500G.SPI,标普1500综合成长指数,OTH,标准普尔公司,风格指数,19950630,1000.04,20071023
SP1500PG.SPI,标普1500综合纯成长指数,OTH,标准普尔公司,风格指数,19950630,1007.25,20071023
SP1500PV.SPI,标普1500综合纯价值指数,OTH,标准普尔公司,风格指数,19950630,1007.75,20071023
SP1500V.SPI,标普1500综合价值指数,OTH,标准普尔公司,风格指数,19950630,1000.0,20071023
SP15F3YP.SPI,标普/东证150无化石燃料指数,OTH,标准普尔公司,主题指数,20111230,1000.0,20160201
SP400.SPI,标普400中盘指数,OTH,标准普尔公司,规模指数,19910628,100.0,19810102
SP400G.SPI,标普中盘400成长指数,OTH,标准普尔公司,风格指数,19950630,60.4,20050103
SP400PG.SPI,标普中盘400纯成长指数,OTH,标准普尔公司,风格指数,19950630,1016.6,20050103
SP400PV.SPI,标普中盘400纯价值指数,OTH,标准普尔公司,风格指数,19950630,997.45,20050103
SP400V.SPI,标普中盘400价值指数,OTH,标准普尔公司,风格指数,19950630,100.73,20050103
SP4ESUP.SPI,标普中盘400可持续性筛选,OTH,标准普尔公司,主题指数,20100618,1000.0,20200706
SP4GRPUP.SPI,标普中盘400GARP,OTH,标准普尔公司,策略指数,19911220,100.0,20230501
SP4LVI.SPI,标普中型股400低波动率指数,OTH,标准普尔公司,策略指数,19910816,,20120924
SP500-1010.SPI,标普500能源行业指数,OTH,标准普尔公司,二级行业指数,19890911,,19960628
SP500-101010.SPI,标普500能源设备和服务行业指数,OTH,标准普尔公司,三级行业指数,,,
SP500-101020.SPI,标普500石油天然气和消耗性燃油行业指数,OTH,标准普尔公司,三级行业指数,,,
SP500-1010TR.SPI,标普500能源行业全收益指数,OTH,标准普尔公司,二级行业指数,19890911,,19960628
SP500-1510.SPI,标普500原材料行业指数,OTH,标准普尔公司,二级行业指数,19890911,,19960628
SP500-151010.SPI,标普500化学行业指数,OTH,标准普尔公司,三级行业指数,,,
SP500-151020.SPI,标普500建筑材料行业指数,OTH,标准普尔公司,三级行业指数,,,
SP500-151030.SPI,标普500容器和包装行业指数,OTH,标准普尔公司,三级行业指数,,,
SP500-151040.SPI,标普500金属和采矿行业指数,OTH,标准普尔公司,三级行业指数,,,
SP500-1510TR.SPI,标普500原材料行业全收益指数,OTH,标准普尔公司,二级行业指数,19890911,,19960628
SP500-2010.SPI,标普500生产资料行业指数,OTH,标准普尔公司,二级行业指数,,,
SP500-201010.SPI,标普500航空航天和国防行业指数,OTH,标准普尔公司,三级行业指数,,,
SP500-201020.SPI,标普500建筑产品行业指数,OTH,标准普尔公司,三级行业指数,,,
SP500-201030.SPI,标普500建筑工程行业指数,OTH,标准普尔公司,三级行业指数,,,
SP500-201040.SPI,标普500电气设备行业指数,OTH,标准普尔公司,三级行业指数,,,
SP500-201050.SPI,标普500工业集团行业指数,OTH,标准普尔公司,三级行业指数,,,
SP500-201060.SPI,标普500机械行业指数,OTH,标准普尔公司,三级行业指数,,,
SP500-2010TR.SPI,标普500生产资料行业全收益指数,OTH,标准普尔公司,二级行业指数,,,
SP500-2020.SPI,标普500商业和职业服务行业指数,OTH,标准普尔公司,二级行业指数,,,
SP500-202010.SPI,标普500商业服务和用品行业指数,OTH,标准普尔公司,三级行业指数,,,
SP500-202020.SPI,标普500职业服务行业指数,OTH,标准普尔公司,三级行业指数,,,
SP500-2020TR.SPI,标普500商业和职业服务行业全收益指数,OTH,标准普尔公司,二级行业指数,,,
SP500-2030.SPI,标普500交通行业指数,OTH,标准普尔公司,二级行业指数,,,
SP500-203010.SPI,标普500空运和物流行业指数,OTH,标准普尔公司,三级行业指数,,,
SP500-203020.SPI,标普500航空行业指数,OTH,标准普尔公司,三级行业指数,,,
SP500-203040.SPI,标普500公路和铁路行业指数,OTH,标准普尔公司,三级行业指数,,,
SP500-2030TR.SPI,标普500交通行业全收益指数,OTH,标准普尔公司,二级行业指数,,,
SP500-2510.SPI,标普500汽车和零部件行业指数,OTH,标准普尔公司,二级行业指数,,,
SP500-251010.SPI,标普500汽车零配件行业指数,OTH,标准普尔公司,三级行业指数,,,
SP500-251020.SPI,标普500汽车指数,OTH,标准普尔公司,三级行业指数,,,
SP500-2510TR.SPI,标普500汽车及零部件行业全收益指数,OTH,标准普尔公司,二级行业指数,,,
SP500-2520.SPI,标普500耐用消费品与服装行业指数,OTH,标准普尔公司,二级行业指数,,,
SP500-252010.SPI,标普500家庭耐用消费品行业指数,OTH,标准普尔公司,三级行业指数,,,
SP500-252020.SPI,标普500休闲设备与用品行业指数,OTH,标准普尔公司,三级行业指数,,,
SP500-252030.SPI,标普500纺织品服装与奢侈品行业指数,OTH,标准普尔公司,三级行业指数,,,
SP500-2520TR.SPI,标普500耐用消费品与服装行业全收益指数,OTH,标准普尔公司,二级行业指数,,,
SP500-2530.SPI,标普500消费者服务行业指数,OTH,标准普尔公司,二级行业指数,,,
SP500-253010.SPI,标普500酒店餐馆与休闲行业指数,OTH,标准普尔公司,三级行业指数,,,
SP500-253020.SPI,标普500多元化消费服务行业指数,OTH,标准普尔公司,三级行业指数,,,
SP500-2530TR.SPI,标普500消费者服务行业全收益指数,OTH,标准普尔公司,二级行业指数,,,
SP500-2550.SPI,标普500零售行业指数,OTH,标准普尔公司,二级行业指数,,,
SP500-255010.SPI,标普500经销商行业指数,OTH,标准普尔公司,三级行业指数,,,
SP500-255020.SPI,标普500网络和直接营销零售行业指数(退市),OTH,标准普尔公司,三级行业指数,,,
SP500-255030.SPI,标普500多线零售行业指数,OTH,标准普尔公司,三级行业指数,,,
SP500-255040.SPI,标普500专营零售行业指数,OTH,标准普尔公司,三级行业指数,,,
SP500-2550TR.SPI,标普500零售行业全收益指数,OTH,标准普尔公司,二级行业指数,,,
SP500-3010.SPI,标普500食品与主要用品零售行业指数,OTH,标准普尔公司,二级行业指数,,,
SP500-301010.SPI,标普500食品和日用品零售行业指数,OTH,标准普尔公司,三级行业指数,,,
SP500-3010TR.SPI,标普500食品与主要用品零售行业全收益指数,OTH,标准普尔公司,二级行业指数,,,
SP500-3020.SPI,标普500食品饮料和烟草行业指数,OTH,标准普尔公司,二级行业指数,,,
SP500-302010.SPI,标普500饮料行业指数,OTH,标准普尔公司,三级行业指数,,,
SP500-302020.SPI,标普500食品产品行业指数,OTH,标准普尔公司,三级行业指数,,,
SP500-3020TR.SPI,标普500食品饮料和烟草行业全收益指数,OTH,标准普尔公司,二级行业指数,,,
SP500-3030.SPI,标普500家庭和个人用品行业指数,OTH,标准普尔公司,二级行业指数,,,
SP500-303010.SPI,标普500家庭消费品行业指数,OTH,标准普尔公司,三级行业指数,,,
SP500-303020.SPI,标普500个人用品行业指数,OTH,标准普尔公司,三级行业指数,,,
SP500-3030TR.SPI,标普500家庭和个人用品行业全收益指数,OTH,标准普尔公司,二级行业指数,,,
SP500-3510.SPI,标普500医疗保健器械和服务行业指数,OTH,标准普尔公司,二级行业指数,,,
SP500-351010.SPI,标普500医疗保健设备行业指数,OTH,标准普尔公司,三级行业指数,,,
SP500-351020.SPI,标普500医疗保健供应商和服务行业指数,OTH,标准普尔公司,三级行业指数,,,
SP500-351030.SPI,标普500医疗保健行业指数,OTH,标准普尔公司,三级行业指数,,,
SP500-3510TR.SPI,标普500医疗保健器械和服务行业全收益指数,OTH,标准普尔公司,二级行业指数,,,
SP500-3520.SPI,标普500药物生物技术和生命科学行业指数,OTH,标准普尔公司,二级行业指数,,,
SP500-352010.SPI,标普500生物技术行业指数,OTH,标准普尔公司,三级行业指数,,,
SP500-352020.SPI,标普500药物行业指数,OTH,标准普尔公司,三级行业指数,,,
SP500-352030.SPI,标普500生命科学工具和服务行业指数,OTH,标准普尔公司,三级行业指数,,,
SP500-3520TR.SPI,标普500药物生物技术和生命科学行业全收益指数,OTH,标准普尔公司,二级行业指数,,,
SP500-4010.SPI,标普500银行行业指数,OTH,标准普尔公司,二级行业指数,,,
SP500-401010.SPI,标普500银行行业指数,OTH,标准普尔公司,三级行业指数,,,
SP500-4010TR.SPI,标普500银行行业全收益指数,OTH,标准普尔公司,二级行业指数,,,
SP500-4020.SPI,标普500多元化金融行业指数,OTH,标准普尔公司,二级行业指数,,,
SP500-402010.SPI,标普500多元化金融服务行业指数,OTH,标准普尔公司,三级行业指数,,,
SP500-402020.SPI,标普500消费金融行业指数,OTH,标准普尔公司,三级行业指数,,,
SP500-402030.SPI,标普500资本市场行业指数,OTH,标准普尔公司,三级行业指数,,,
SP500-4020TR.SPI,标普500多元化金融行业全收益指数,OTH,标准普尔公司,二级行业指数,,,
SP500-4030.SPI,标普500保险行业指数,OTH,标准普尔公司,二级行业指数,,,
SP500-403010.SPI,标普500保险行业指数,OTH,标准普尔公司,三级行业指数,,,
SP500-4030TR.SPI,标普500保险行业全收益指数,OTH,标准普尔公司,二级行业指数,,,
SP500-4510.SPI,标普500软件和服务行业指数,OTH,标准普尔公司,二级行业指数,,,
SP500-451010.SPI,标普500互联网软件和服务行业指数,OTH,标准普尔公司,三级行业指数,,,
SP500-451020.SPI,标普500IT服务行业指数,OTH,标准普尔公司,三级行业指数,20030430,,20030430
SP500-451030.SPI,标普500软件行业指数,OTH,标准普尔公司,三级行业指数,,,
SP500-4510TR.SPI,标普500软件和服务行业全收益指数,OTH,标准普尔公司,二级行业指数,,,
SP500-4520.SPI,标普500计算机硬件和设备行业指数,OTH,标准普尔公司,二级行业指数,,,
SP500-452010.SPI,标普500通讯设备行业指数,OTH,标准普尔公司,三级行业指数,,,
SP500-452020.SPI,标普500技术硬件存储和周边设备行业指数,OTH,标准普尔公司,三级行业指数,,,
SP500-452030.SPI,标普500电子设备仪器和零件行业指数,OTH,标准普尔公司,三级行业指数,,,
SP500-4520TR.SPI,标普500计算机硬件和设备行业全收益指数,OTH,标准普尔公司,二级行业指数,,,
SP500-4530.SPI,标普500半导体和半导体设备行业指数,OTH,标准普尔公司,二级行业指数,,,
SP500-453010.SPI,标普500半导体和半导体设备行业指数,OTH,标准普尔公司,三级行业指数,,,
SP500-4530TR.SPI,标普500半导体和半导体设备行业全收益指数,OTH,标准普尔公司,二级行业指数,,,
SP500-5010.SPI,标普500通讯服务行业指数,OTH,标准普尔公司,二级行业指数,,,
SP500-501010.SPI,标普500多元化通讯服务行业指数,OTH,标准普尔公司,三级行业指数,,,
SP500-5010TR.SPI,标普500通讯服务行业全收益指数,OTH,标准普尔公司,二级行业指数,,,
SP500-5020.SPI,标普500媒体与娱乐行业指数,OTH,标准普尔公司,二级行业指数,,,19890911
SP500-502010.SPI,标普500媒体行业指数,OTH,标准普尔公司,三级行业指数,,,19890911
SP500-5020TR.SPI,标普500媒体与娱乐行业全收益指数,OTH,标准普尔公司,二级行业指数,,,19890911
SP500-5510.SPI,标普500公用事业行业指数,OTH,标准普尔公司,二级行业指数,,,
SP500-551010.SPI,标普500电力公用事业行业指数,OTH,标准普尔公司,三级行业指数,,,
SP500-551030.SPI,标普500多元公共事业行业指数,OTH,标准普尔公司,三级行业指数,,,
SP500-551050.SPI,标普500清洁和可再生电力行业指数,OTH,标准普尔公司,三级行业指数,,,
SP500-5510TR.SPI,标普500公用事业行业全收益指数,OTH,标准普尔公司,二级行业指数,19890911,,19960628
SP500-6010.SPI,标普500房地产行业指数,OTH,标准普尔公司,二级行业指数,20160916,,20160919
SP500-601010.SPI,标普500多元化REIT行业指数,OTH,标准普尔公司,三级行业指数,,,
SP500-6010TR.SPI,标普500房地产行业全收益指数,OTH,标准普尔公司,二级行业指数,20160916,,20160919
SP500-602010.SPI,标普500房地产管理和发展行业指数,OTH,标准普尔公司,三级行业指数,,,
SP500.SPI,标普500,OTH,标准普尔公司,规模指数,19280103,10.0,19570304
SP500DCC.SPI,标普500每日覆盖式看涨期权,OTH,标准普尔公司,策略指数,20220601,100.0,20231005
SP500EW-10.SPI,标普500等权重能源行业,OTH,标准普尔公司,一级行业指数,19891229,353.4,20060620
SP500EW-15.SPI,标普500等权重材料行业,OTH,标准普尔公司,一级行业指数,19891229,353.4,20060620
SP500EW-20.SPI,标普500等权重工业行业,OTH,标准普尔公司,一级行业指数,19891229,353.4,20060620
SP500EW-25.SPI,标普500等权重可选消费行业,OTH,标准普尔公司,一级行业指数,19891229,353.4,20060620
SP500EW-30.SPI,标普500等权重日常消费品行业,OTH,标准普尔公司,一级行业指数,19891229,353.4,20060620
SP500EW-35.SPI,标普500等权重医疗保健行业,OTH,标准普尔公司,一级行业指数,19891229,353.4,20060620
SP500EW-40.SPI,标普500等权重金融行业,OTH,标准普尔公司,一级行业指数,19891229,353.4,20060620
SP500EW-45.SPI,标普500等权重信息技术行业,OTH,标准普尔公司,一级行业指数,19891229,353.4,20060620
SP500EW-50.SPI,标普500等权重通讯服务,OTH,标准普尔公司,一级行业指数,19891229,353.4,20060620
SP500EW-55.SPI,标普500等权重公用事业行业,OTH,标准普尔公司,一级行业指数,19891229,353.4,20060620
SP500EW.SPI,标普500等权重指数,OTH,标准普尔公司,规模指数,19701231,353.4,20030118
SP500G.SPI,标普500成长指数,OTH,标准普尔公司,风格指数,19950630,,20050103
SP500HBETA.SPI,标普500高贝塔指数,OTH,标准普尔公司,策略指数,19901116,1000.0,20110404
SP500INV.SPI,标普500反向指数,OTH,标准普尔公司,策略指数,19890911,,20080108
SP500LVOL.SPI,标普500低波动率指数,OTH,标准普尔公司,策略指数,19901116,1000.0,20110404
SP500MUP.SPI,标普500动量,OTH,标准普尔公司,策略指数,19940916,100.0,20141118
SP500NTR.SPI,标普500净收益指数,OTH,标准普尔公司,规模指数,19280103,10.0,19570304
SP500NTR2XL.SPI,标普500单日正向2倍指数,OTH,标准普尔公司,策略指数,20221231,,20090209
SP500PG.SPI,标普500纯成长指数,OTH,标准普尔公司,风格指数,19950630,,20050103
SP500PV.SPI,标普500纯价值指数,OTH,标准普尔公司,风格指数,19950630,,20050103
SP500SH.SPI,标普500伊斯兰教法指数,OTH,标准普尔公司,其他指数,20001229,1000.0,20061219
SP500TLIT.SPI,标普500电信和IT指数,OTH,标准普尔公司,行业指数,,,
SP500TR.SPI,标普500全收益指数,OTH,标准普尔公司,规模指数,19280103,10.0,19570304
SP500TR2XI.SPI,标普500单日反向2倍指数,OTH,标准普尔公司,策略指数,20221231,,20090209
SP500V.SPI,标普500价值指数,OTH,标准普尔公司,风格指数,19950630,,20050103
SP50PAUP.SPI,标普500净零2050巴黎协定一致ESG指数,OTH,标准普尔公司,主题指数,20161230,,20200601
SP520.SPI,标普500O-Strip指数,OTH,标准普尔公司,主题指数,,10.0,19890911
SP5CSSUP.SPI,标普500消费精选,OTH,标准普尔公司,行业指数,20120316,,20221121
SP5ECMUP.SPI,标普500经济护城河,OTH,标准普尔公司,策略指数,20130621,100.0,20240415
SP5ECMUT.SPI,标普500经济护城河总回报指数,OTH,标准普尔公司,策略指数,20130621,,20240415
SP5ESUP.SPI,标普500可持续性筛选,OTH,标准普尔公司,策略指数,20100618,1000.0,20200706
SP5F3UP.SPI,标普500无化石燃料,OTH,标准普尔公司,主题指数,20111230,1000.0,20150828
SP5HPEUP.SPI,标普500净零2050巴黎协定一致ESG+指数,OTH,标准普尔公司,主题指数,20161230,,20221017
SP5LVEUN.SPI,标普500低波动率增强净收益指数,OTH,标准普尔公司,策略指数,,,
SP5LVEUP.SPI,标普500低波动率增强指数,OTH,标准普尔公司,策略指数,,,
SP5LVEUT.SPI,标普500低波动率增强全收益指数,OTH,标准普尔公司,策略指数,,,
SP5LVHD.SPI,标普500低波红利指数,OTH,标准普尔公司,策略指数,19900131,1000.0,20120917
SP5LVHDN.SPI,标普500低波红利净收益指数,OTH,标准普尔公司,策略指数,19900131,,20160512
SP5LVHEN.SPI,标普500低波动率净收益指数(欧元对冲),OTH,标准普尔公司,策略指数,19901116,1000.0,20110404
SP5LVHEP.SPI,标普500低波动率指数(欧元对冲),OTH,标准普尔公司,策略指数,19901116,1000.0,20110404
SP5LVHET.SPI,标普500低波动率全收益指数(欧元对冲),OTH,标准普尔公司,策略指数,19901116,1000.0,20110404
SP5LVIN.SPI,标普500低波动率净收益指数,OTH,标准普尔公司,策略指数,19901116,1000.0,20110404
SP5LVIT.SPI,标普500低波动率全收益指数,OTH,标准普尔公司,策略指数,19901116,1000.0,20110404
SP5LVRUN.SPI,标普500低波动率利率响应净收益指数(美元),OTH,标准普尔公司,策略指数,19901116,1000.0,20150323
SP5LVRUP.SPI,标普500低波动率利率响应指数(美元),OTH,标准普尔公司,策略指数,19901116,1000.0,20150323
SP5LVRUT.SPI,标普500低波动率利率响应全收益指数(美元),OTH,标准普尔公司,策略指数,19901116,1000.0,20150323
SP5MV.SPI,标普500最小波动率指数,OTH,标准普尔公司,策略指数,19901221,1000.0,20121109
SP5QFAUP.SPI,标普500优质自由现金流精选指数,OTH,标准普尔公司,策略指数,20010420,,20240923
SP5T5.SPI,标普500前50指数,OTH,标准普尔公司,规模指数,19701231,,20151130
SP5T5T.SPI,标普500前50全收益指数,OTH,标准普尔公司,规模指数,19701231,,20151130
SP5XHCUP.SPI,标普500除医疗保健指数,OTH,标准普尔公司,策略指数,20101130,,20101214
SP600.SPI,标普600小盘指数,OTH,标准普尔公司,规模指数,19931231,100.0,19890103
SP600G.SPI,标普小盘600成长指数,OTH,标准普尔公司,风格指数,19950630,76.27,20050103
SP600PG.SPI,标普小盘600纯成长指数,OTH,标准普尔公司,风格指数,19950630,1005.01,20071023
SP600PV.SPI,标普小盘600纯价值指数,OTH,标准普尔公司,风格指数,19950630,1004.47,20071023
SP600V.SPI,标普小盘600价值指数,OTH,标准普尔公司,风格指数,19950630,76.22,20071023
SP6ESUP.SPI,标普小盘600可持续发展筛选,OTH,标准普尔公司,策略指数,20100618,1000.0,20200706
SP6GRPUP.SPI,标普小盘600GARP,OTH,标准普尔公司,主题指数,19950616,100.0,20230501
SP6LVI.SPI,标普小盘600低波动率,OTH,标准普尔公司,策略指数,19950217,100.0,20120924
SP6QUP.SPI,标普小盘600质量,OTH,标准普尔公司,风格指数,19941216,100.0,20170306
SP900.SPI,标普900,OTH,标准普尔公司,规模指数,19941230,1000.0,19941230
SP900G.SPI,标普900成长指数,OTH,标准普尔公司,风格指数,19950630,999.93,20050103
SP900PG.SPI,标普900纯成长指数,OTH,标准普尔公司,风格指数,19950630,1008.41,20050103
SP900PV.SPI,标普900纯价值指数,OTH,标准普尔公司,风格指数,19950630,1010.07,20050103
SP900V.SPI,标普900价值指数,OTH,标准普尔公司,风格指数,19950630,999.96,20050103
SP9BKCUP.SPI,标普900银行(行业)7/4上限指数,OTH,标准普尔公司,主题指数,20111216,,20180302
SPACEVCP.SPI,标普沪港深中国增强价值(人民币),OTH,标准普尔公司,风格指数,20110121,1000.0,20170403
SPACEVCT.SPI,标普沪港深中国增强价值全收益(人民币),OTH,标准普尔公司,风格指数,20110121,1000.0,20170403
SPACVPCP.SPI,标普沪港深增强价值指数(人民币中间价),OTH,标准普尔公司,风格指数,20110121,1000.0,20190325
SPACVPCT.SPI,标普沪港深增强价值指数全(人民币中间价),OTH,标准普尔公司,风格指数,20110121,1000.0,20190325
SPAEDOUP.SPI,标普泛亚洲道德精选股息机会指数,OTH,标准普尔公司,策略指数,20050630,,20110720
SPAGREDP.SPI,标普全球农业企业指数,OTH,标准普尔公司,主题指数,20031121,1000.0,20170418
SPAGREDT.SPI,标普全球农业企业全收益指数,OTH,标准普尔公司,主题指数,20031121,1000.0,
SPAHCFHP.SPI,标普港股通自由现金流50(港币),OTH,标准普尔公司,策略指数,20110131,1000.0,20250324
SPAHCFHT.SPI,标普港股通自由现金流50全收益(港币),OTH,标准普尔公司,策略指数,20110131,1000.0,20250324
SPAHLVCP.SPI,标普港股通低波红利指数,OTH,标准普尔公司,策略指数,20110131,1000.0,20170220
SPAHLVCT.SPI,标普港股通低波红利全收益指数,OTH,标准普尔公司,策略指数,20110131,1000.0,20170220
SPAHLVHP.SPI,标普港股通低波红利指数(港币),OTH,标准普尔公司,策略指数,20110131,1000.0,20170220
SPAHLVHT.SPI,标普港股通低波红利全收益指数(港币),OTH,标准普尔公司,策略指数,20110131,1000.0,20170220
SPALLASX50.SPI,标普澳交所全澳50指数,OTH,标准普尔公司,规模指数,20070430,5963.83,20070430
SPASIA50.SPI,标准普尔亚洲50指数,OTH,标准普尔公司,规模指数,20030610,1289.2,20050103
SPASX50.SPI,标普澳交所50指数,OTH,标准普尔公司,其他指数,19791231,500.0,20080415
SPATAEUP.SPI,标普亚洲替代能源指数,OTH,标准普尔公司,主题指数,20021018,1000.0,
SPAU.SPI,标普泛亚BMI,OTH,标准普尔公司,综合指数,19941229,100.0,19971231
SPBCAXUSD.SPI,标准普尔BMI泛亚(除日本和台湾)指数,OTH,标准普尔公司,综合指数,20031231,100.0,20031231
SPBCDXUSD.SPI,标准普尔BMI泛亚发达市场(除日本)指数,OTH,标准普尔公司,综合指数,20031231,135.86,20031231
SPBCEMUSD.SPI,标普BMI新兴指数,OTH,标准普尔公司,综合指数,19971231,100.0,20080401
SPBCGLUSD.SPI,标普BMI全球指数,OTH,标准普尔公司,综合指数,19971231,100.0,20080401
SPBCHKUSD.SPI,标准普尔BMI中国及香港指数,OTH,标准普尔公司,综合指数,20031231,100.0,20031231
SPBCLHUSD.SPI,标准普尔BMI香港上市中国企业指数,OTH,标准普尔公司,综合指数,20031231,100.0,20031231
SPBCWDUSD.SPI,标普BMI世界指数,OTH,标准普尔公司,综合指数,19921231,100.0,20080401
SPBCXSUSD.SPI,标准普尔BMI中国(除AB股)指数,OTH,标准普尔公司,综合指数,20031231,100.0,20031231
SPBCXTUSD.SPI,标准普尔BMI大中华区(除台湾上市)指数,OTH,标准普尔公司,综合指数,20031231,100.0,20031231
SPBMGUU.SPI,标普全球除美国房地产,OTH,标准普尔公司,行业指数,,,19921231
SPBRIC.SPI,标普金砖国家40指数,OTH,标准普尔公司,综合指数,20040202,874.48,20050103
SPBRICNTR.SPI,标普金砖国家40净收益指数,OTH,标准普尔公司,综合指数,20040202,874.48,20110210
SPBTC.SPI,标准普尔比特币指数,OTH,标准普尔公司,其他指数,20140101,100.0,20210503
SPBTCFU.SPI,标普CME比特币期货,OTH,标准普尔公司,行业指数,20171229,,20171229
SPBTCFUE.SPI,标普比特币期货指数(超额收益),OTH,标准普尔公司,主题指数,20171229,100.0,20220131
SPBUYUP.SPI,标普500回购指数,OTH,标准普尔公司,策略指数,19990121,,20121129
SPC300.SPI,标普中国A300,OTH,标准普尔公司,规模指数,20040820,100.0,20210727
SPC30010.SPI,标普中国A300能源,OTH,标准普尔公司,一级行业指数,20040227,100.0,20201019
SPC30015.SPI,标普中国A300原材料,OTH,标准普尔公司,一级行业指数,20040227,100.0,20201019
SPC30020.SPI,标普中国A300工业,OTH,标准普尔公司,一级行业指数,20040227,100.0,20201019
SPC30025.SPI,标普中国A300可选消费,OTH,标准普尔公司,一级行业指数,,,
SPC30030.SPI,标普中国A300日常消费品,OTH,标准普尔公司,一级行业指数,,,
SPC30035.SPI,标普中国A300医疗保健,OTH,标准普尔公司,一级行业指数,20040227,100.0,20201019
SPC30040.SPI,标普中国A300金融,OTH,标准普尔公司,一级行业指数,20040227,100.0,20201019
SPC30045.SPI,标普中国A300信息技术,OTH,标准普尔公司,一级行业指数,20040227,100.0,20201019
SPC30050.SPI,标普中国A300通讯服务,OTH,标准普尔公司,一级行业指数,,,
SPC30055.SPI,标普中国A300公用事业,OTH,标准普尔公司,一级行业指数,20040227,100.0,20201019
SPC30060.SPI,标普中国A300房地产,OTH,标准普尔公司,一级行业指数,20040227,100.0,20201019
SPC300UP.SPI,标普中国A300(美元),OTH,标准普尔公司,规模指数,20040802,873.45,20200817
SPC50.SPI,标普中国A50,OTH,标准普尔公司,规模指数,20040802,100.0,20040301
SPC500CP.SPI,标普中国500指数(CNY),OTH,标准普尔公司,规模指数,20060616,1000.0,20150828
SPC500UP.SPI,标普中国500指数(USD),OTH,标准普尔公司,规模指数,20060616,1000.0,20150828
SPC6LHUP.SPI,标普小盘600低波动率高股息,OTH,标准普尔公司,策略指数,19950131,100.0,20161031
SPCALHCP.SPI,标普中国A股低波红利,OTH,标准普尔公司,策略指数,20060731,1000.0,20180628
SPCAM5CP.SPI,标普中国A中盘500(人民币),OTH,标准普尔公司,规模指数,20111216,1000.0,20200817
SPCAM5UP.SPI,标普中国A中盘500(美元),OTH,标准普尔公司,规模指数,20111216,1000.0,20200817
SPCBMICCNUSD.SPI,标普中国BMI,OTH,标准普尔公司,综合指数,19941230,100.0,19971231
SPCBMIREUUSD.SPI,标普欧洲BMI,OTH,标准普尔公司,综合指数,19890630,100.0,19921231
SPCBMIRWDUSD1.SPI,标普发达市场BMI,OTH,标准普尔公司,综合指数,19890630,100.0,19921231
SPCC10.SPI,标普加密货币前10名等权重,OTH,标准普尔公司,其他指数,20180316,1000.0,20220131
SPCESGGN.DF,STOXX邮银中国A股ESG全收益(人民币),OTH,STOXX指数公司,主题指数,20161219,100.0,20220121
SPCHCJP.SPI,东证/标普资本支出与人力资本指数,OTH,标准普尔公司,主题指数,20050916,1000.0,20160427
SPCHCJT.SPI,东证/标普资本支出与人力资本全收益指数,OTH,标准普尔公司,主题指数,20050916,1000.0,20160427
SPCHGCHN.SPI,标普中银香港中国香港大湾区净零2050气候转型指数(净总收益),OTH,标准普尔公司,主题指数,20161231,1000.0,20220627
SPCHGCHP.SPI,标普中银香港中国香港大湾区净零2050气候转型指数,OTH,标准普尔公司,主题指数,20161231,,20220627
SPCLLHCP.SPI,标普中国A股大盘红利低波50,OTH,标准普尔公司,策略指数,20090123,1000.0,20190402
SPCLLHCT.SPI,标普中国A股大盘红利低波50指数全收益,OTH,标准普尔公司,策略指数,20090123,1000.0,20190401
SPCLVTUP.SPI,标普1500低估值倾斜,OTH,标准普尔公司,策略指数,20060331,1000.0,20120917
SPCMC.SPI,标准普尔加密货币大市值指数,OTH,标准普尔公司,其他指数,20170228,100.0,20210503
SPCMCFU.SPI,标普加密货币超大市值期货指数,OTH,标准普尔公司,主题指数,20210212,,20220131
SPCMI.SPI,标普综合,OTH,标准普尔公司,综合指数,20050531,1200.0,20060327
SPCPAG.SPI,标普大宗商品生产商农业综合企业指数,OTH,标准普尔公司,行业指数,20051216,,20110509
SPCPG.SPI,标普黄金生产商,OTH,标准普尔公司,主题指数,20051216,1000.0,20110509
SPCPMTUP.SPI,标普1500正动量倾斜指数,OTH,标准普尔公司,策略指数,20020930,,20120917
SPCPOG.SPI,标普大宗商品生产商油气勘探与开采指数,OTH,标准普尔公司,行业指数,20051216,,20110509
SPCQVCP.SPI,标普中国A股质量价值指数(退市),OTH,标准普尔公司,其他指数,20060616,1000.0,20170929
SPDAUDP.SPI,标普500分红贵族,OTH,标准普尔公司,规模指数,19891229,,20050502
SPDBADUP.SPI,标普发达市场BMI精选航空航天与国防35/20上限指数,OTH,标准普尔公司,行业指数,20120924,,20231106
SPDEEDUP.SPI,标普发达市场ESG股息贵族指数,OTH,标准普尔公司,策略指数,20110131,,20220516
SPDEUU2B.SPI,标普发达市场除美国小型股指数,OTH,标准普尔公司,策略指数,19890630,,19921231
SPDIGIUP.SPI,"标普数据中心,塔式房地产投资信托和通信设备",OTH,标准普尔公司,主题指数,20181221,1000.0,20231009
SPDIGIUT.SPI,标普数据中心、塔式REIT及通信设备总回报指数,OTH,标准普尔公司,行业指数,20181221,,20231009
SPDLQVUP.SPI,"标普500质量,价值与动量前90%多因子",OTH,标准普尔公司,策略指数,20210405,,20210405
SPDMQVUP.SPI,"标普中盘400质量,价值与动量前90%多因子",OTH,标准普尔公司,主题指数,19950317,100.0,20210405
SPDQFAUP.SPI,标普发达市场质量自由现金流贵族指数,OTH,标准普尔公司,策略指数,20060421,,20240923
SPDSQVUP.SPI,"标普小盘600质量,价值与动量前90%多因子",OTH,标准普尔公司,策略指数,20210405,,20210405
SPDUDFUP.SPI,标普发达市场(除美国)股息和自由现金流量(退市),OTH,标准普尔公司,策略指数,19950731,100.0,20081231
SPDUESUN.SPI,标普发达市场(除美国)及新兴市场50/50伊斯兰指数净总回报,OTH,标准普尔公司,策略指数,20130920,,20231215
SPDUESUP.SPI,标普DM除美国及新兴市场50/50伊斯兰,OTH,标准普尔公司,主题指数,20130920,100.0,20231215
SPDUKMUP.SPI,标普全球除美国市场动量,OTH,标准普尔公司,主题指数,19941230,100.0,20160216
SPDV5UP.SPI,标普500股息和自由现金流收益率,OTH,标准普尔公司,策略指数,19900731,100.0,20171002
SPDYCI.SPI,标普GSCI动态展期策略全收益指数,OTH,标准普尔公司,策略指数,19950116,,20110126
SPE350.SPI,标普欧洲350指数,OTH,标准普尔公司,规模指数,19971231,1000.0,20080415
SPEEHDUP.SPI,标普ESG精英高收益股息贵族指数,OTH,标准普尔公司,策略指数,20110131,,20221031
SPEHDFUP.SPI,标普高收益股息贵族筛选FMC加权指数,OTH,标准普尔公司,策略指数,20110131,,20221107
SPEHYDUP.SPI,标普高收益股息贵族筛选指数,OTH,标准普尔公司,策略指数,20110131,,20210301
SPEKCVUP.SPI,标普发达市场天主教价值观(除美国以外),OTH,标准普尔公司,其他指数,20130315,,20130315
SPEL75UP.SPI,标普欧洲75,OTH,标准普尔公司,规模指数,19981231,100.0,20101129
SPEMDA.SPI,标普新兴市场高收益股息贵族指数,OTH,标准普尔公司,策略指数,20060731,,20190830
SPEMDVUP.SPI,标普新兴市场股息及自由现金流收益率指数,OTH,标准普尔公司,策略指数,20000131,,20171002
SPEMLVUP.SPI,标普BMI新兴市场低波动率,OTH,标准普尔公司,策略指数,19970919,1000.0,20111205
SPEMPMUP.SPI,标普动量新兴加大型中型股指数,OTH,标准普尔公司,行业指数,19971231,,20160216
SPEPABEP.SPI,标普欧元区大盘中盘净零2050巴黎协定ESG指数,OTH,标准普尔公司,策略指数,20161230,,20200420
SPERSCUP.SPI,标普全球所有股权房地产投资信托(符合伊斯兰教法)上限指数,OTH,标准普尔公司,行业指数,20151016,,20201228
SPETH.SPI,标准普尔以太坊指数,OTH,标准普尔公司,其他指数,20160404,100.0,20210503
SPEUHDA.SPI,标普欧洲高收益股息贵族指数,OTH,标准普尔公司,策略指数,20060616,,20120131
SPEUPAEP.SPI,标普欧洲大盘中盘净零2050巴黎协定ESG指数,OTH,标准普尔公司,策略指数,20161230,,20200504
SPEUROPL.SPI,标普欧元+指数,OTH,标准普尔公司,其他指数,19971231,1000.0,20080415
SPEUROPL10.SPI,标普欧元区精选能源行业,OTH,标准普尔公司,一级行业指数,19971231,1000.0,20080415
SPEUROPL15.SPI,标普欧元区精选原材料行业,OTH,标准普尔公司,一级行业指数,19971231,1000.0,20080415
SPEUROPL20.SPI,标普欧元区精选工业行业,OTH,标准普尔公司,一级行业指数,19971231,1000.0,20080415
SPEUROPL25.SPI,标普欧元区精选可选消费行业,OTH,标准普尔公司,一级行业指数,19971231,1000.0,20080415
SPEUROPL30.SPI,标普欧元区精选日常消费品行业,OTH,标准普尔公司,一级行业指数,19971231,1000.0,20080415
SPEUROPL35.SPI,标普欧元区精选医疗保健行业,OTH,标准普尔公司,一级行业指数,19971231,1000.0,20080415
SPEUROPL40.SPI,标普欧元区精选金融行业,OTH,标准普尔公司,一级行业指数,19971231,1000.0,20080415
SPEUROPL45.SPI,标普欧元区精选信息技术行业,OTH,标准普尔公司,一级行业指数,19971231,1000.0,20080415
SPEUROPL50.SPI,标普欧元区精选通讯服务行业,OTH,标准普尔公司,一级行业指数,19971231,1000.0,20080415
SPEUROPL55.SPI,标普欧元区精选公用事业行业,OTH,标准普尔公司,一级行业指数,19971231,1000.0,20080415
SPEUROPL60.SPI,标普欧元区精选房地产行业,OTH,标准普尔公司,一级行业指数,20160916,100.0,20160916
SPEUU2B.SPI,标普新兴市场小型股指数,OTH,标准普尔公司,策略指数,19971231,,19971231
SPEXUKEP.SPI,标普欧洲(除英国)大盘中盘指数,OTH,标准普尔公司,其他,19890630,,19921231
SPG100.SPI,标普全球100指数,OTH,标准普尔公司,综合指数,19971231,1000.0,20050103
SPG1200.SPI,标普全球1200指数,OTH,标准普尔公司,综合指数,19971231,1000.0,20050103
SPG120010.SPI,标普全球1200能源行业,OTH,标准普尔公司,一级行业指数,19971231,1000.0,19941230
SPG120015.SPI,标普全球1200材料行业,OTH,标准普尔公司,一级行业指数,19971231,1000.0,19941230
SPG120020.SPI,标普全球1200工业行业,OTH,标准普尔公司,一级行业指数,19971231,1000.0,19941230
SPG120025.SPI,标普全球1200可选消费行业,OTH,标准普尔公司,一级行业指数,19971231,1000.0,19941230
SPG120030.SPI,标普全球1200日常消费品行业,OTH,标准普尔公司,一级行业指数,19971231,1000.0,19941230
SPG120035.SPI,标普全球1200医疗保健行业,OTH,标准普尔公司,一级行业指数,19971231,1000.0,19941230
SPG120040.SPI,标普全球1200金融行业,OTH,标准普尔公司,一级行业指数,19971231,1000.0,19941230
SPG120045.SPI,标普全球1200信息技术行业,OTH,标准普尔公司,一级行业指数,19971231,1000.0,19941230
SPG120050.SPI,标普全球1200通讯服务行业,OTH,标准普尔公司,一级行业指数,19971231,1000.0,19941230
SPG120055.SPI,标普全球1200公用事业行业,OTH,标准普尔公司,一级行业指数,19971231,1000.0,19941230
SPG120060.SPI,标普全球1200房地产行业,OTH,标准普尔公司,一级行业指数,20031231,1000.0,20160919
SPG1200XJ.SPI,标普全球1200指数（日本除外）,OTH,标准普尔公司,综合指数,19971231,1000.0,20050103
SPG25CUP.SPI,标普全球1200消费者非必需品(行业)上限,OTH,标准普尔公司,主题指数,19991217,1000.0,20190520
SPG30CUP.SPI,标普全球1200必需消费品(行业)上限指数,OTH,标准普尔公司,策略指数,19971231,,20190520
SPG55CUP.SPI,标普全球1200公用事业(行业)上限,OTH,标准普尔公司,行业指数,20070131,,20070131
SPGBMUP.SPI,标普全球核心电池金属,OTH,标准普尔公司,主题指数,20170721,100.0,20220627
SPGDAUP.SPI,标普全球股息贵族,OTH,标准普尔公司,主题指数,19960131,,19960131
SPGEIFD.SPI,标普新兴市场基础设施指数,OTH,标准普尔公司,主题指数,20041119,1000.0,
SPGENCUP.SPI,标普全球1200能源4.5/22.5/45上限,OTH,标准普尔公司,主题指数,19971231,1000.0,20230130
SPGITCUP.SPI,标普全球1200信息技术4.5/22.5/45上限,OTH,标准普尔公司,行业指数,19971231,1000.0,20230130
SPGLGCN.SPI,全球高端消费品净价全收益(CNY),OTH,标准普尔公司,主题指数,,,20131218
SPGLGCP.SPI,全球高端消费品(CNY),OTH,标准普尔公司,主题指数,,,20131218
SPGLGCT.SPI,全球高端消费品全收益(CNY),OTH,标准普尔公司,主题指数,,,20131218
SPGLGEN.SPI,全球高端消费品净价全收益(EUR),OTH,标准普尔公司,主题指数,,,20131218
SPGLGEP.SPI,全球高端消费品(EUR),OTH,标准普尔公司,主题指数,,,20131218
SPGLGET.SPI,全球高端消费品全收益(EUR),OTH,标准普尔公司,主题指数,,,20131218
SPGLGUN.SPI,全球高端消费品净价全收益,OTH,标准普尔公司,主题指数,20050630,,20110831
SPGLGUP.SPI,全球高端消费品,OTH,标准普尔公司,主题指数,20050630,,20110831
SPGLGUT.SPI,全球高端消费品全收益,OTH,标准普尔公司,主题指数,20050630,,20110831
SPGNAUP.SPI,标普全球自然资源农业指数,OTH,标准普尔公司,主题指数,20021115,1000.0,
SPGNEUP.SPI,标普全球自然资源能源指数,OTH,标准普尔公司,主题指数,20021115,1000.0,
SPGNMUP.SPI,标普全球自然资源金属和矿业指数,OTH,标准普尔公司,主题指数,20021115,1000.0,
SPGNRUP.SPI,标普全球自然资源,OTH,标准普尔公司,主题指数,20021115,1000.0,
SPGNRUT.SPI,标普全球自然资源净总回报指数,OTH,标准普尔公司,主题指数,20021115,1000.0,20021115
SPGOGUP.SPI,标普全球石油指数,OTH,标准普尔公司,主题指数,20000831,1000.0,20040916
SPGRSEU.SPI,标普全球精选自然资源等权重,OTH,标准普尔公司,主题指数,20040831,,20120817
SPGSCIECLP.SPI,标普高盛原油增强(超额收益),OTH,标准普尔公司,主题指数,19950117,,20090922
SPGSSINR.SPI,标普北美自然资源行业,OTH,标准普尔公司,行业指数,19940121,100.0,20070504
SPGSTISO.SPI,标普北美科技软件,OTH,标准普尔公司,行业指数,19960430,100.0,20070504
SPGTAE.SPI,标普全球替代能源指数,OTH,标准普尔公司,主题指数,20031121,1000.0,20080415
SPGTAQUA.SPI,标普全球水资源指数,OTH,标准普尔公司,主题指数,20011116,1000.0,20080415
SPGTCLEN.SPI,标普全球清洁能源指数,OTH,标准普尔公司,主题指数,20031121,1000.0,20080415
SPGTDOU.SPI,标普国际股息机会,OTH,标准普尔公司,策略指数,19970115,1000.0,20080125
SPGTECOL.SPI,标普全球生态指数,OTH,标准普尔公司,主题指数,20031121,1000.0,20080415
SPGTEDUP.SPI,标普新兴市场红利机会,OTH,标准普尔公司,策略指数,19990820,1000.0,20091130
SPGTINFR.SPI,标普全球基础设施指数,OTH,标准普尔公司,主题指数,20011116,1000.0,20080415
SPGTNE.SPI,标普全球核能指数,OTH,标准普尔公司,主题指数,20031121,1000.0,20080415
SPGTTF.SPI,标普全球木材和林业指数,OTH,标准普尔公司,主题指数,20031121,1000.0,20080415
SPGUDAUP.SPI,标普国际股息贵族,OTH,标准普尔公司,策略指数,20090116,100.0,20180430
SPHCMSHP.SPI,标普香港上市中国中小盘精选指数,OTH,标准普尔公司,规模指数,20051216,1000.0,20051216
SPHKG.SPI,标普香港创业板,OTH,标准普尔公司,其他指数,20030228,1000.0,20050103
SPHKL.SPI,标普香港大型股,OTH,标准普尔公司,规模指数,20030223,10000.0,20050103
SPHYARUP.SPI,标普高收益亚太地区(新西兰除外)房地产投资信托精选指数,OTH,标准普尔公司,策略指数,20070131,1000.0,20200427
SPHYDA.SPI,标普高股息贵族指数,OTH,标准普尔公司,策略指数,19991207,1000.0,19991207
SPHYDATR.SPI,标普高股息贵族全收益指数,OTH,标准普尔公司,策略指数,19991207,1000.0,19991207
SPIDLVUP.SPI,标普BMI国际发达市场低波动率,OTH,标准普尔公司,策略指数,19910621,1000.0,20111205
SPINT.SPI,标普国际700指数,OTH,标准普尔公司,规模指数,19971231,1000.0,20050103
SPJ.SPI,标普日本500,OTH,标准普尔公司,规模指数,19971230,1000.0,20061219
SPJMID.SPI,标普日本中盘100,OTH,标准普尔公司,规模指数,19971230,1000.0,20021002
SPJPCEJP.SPI,标普/东证碳效率指数,OTH,标准普尔公司,主题指数,20090320,100.0,20180717
SPJPCEJT.SPI,标普/东证碳效率全收益,OTH,标准普尔公司,主题指数,20090320,100.0,20180717
SPJPEAJP.SPI,标普/东证500ESG评分倾斜(1.0)指数,OTH,标准普尔公司,策略指数,20100531,1000.0,20220328
SPJPEHJP.SPI,标普/东证500ESG评分倾斜(2.0)指数,OTH,标准普尔公司,策略指数,20100531,1000.0,20220328
SPJPELJP.SPI,标普/东证500ESG评分倾斜(0.25)指数,OTH,标准普尔公司,策略指数,20100531,1000.0,20220328
SPJPEMJP.SPI,标普/东证500ESG评分倾斜(0.5)指数,OTH,标准普尔公司,策略指数,20100531,1000.0,20220328
SPJRTPJP.SPI,标普日本区域-东海地区,OTH,标准普尔公司,主题指数,20010921,,20100830
SPJSML.SPI,标普日本小盘250,OTH,标准普尔公司,规模指数,19971230,1000.0,20021002
SPJXDAJP.SPI,标普/东证股息贵族指数,OTH,标准普尔公司,主题指数,20060731,100.0,20151221
SPKMOVE.SPI,标普肯肖智能交通,OTH,标准普尔公司,主题指数,20130715,100.0,20161202
SPLAC.SPI,标普拉丁美洲40指数,OTH,标准普尔公司,规模指数,19971231,1000.0,20080415
SPLAC10.SPI,标普拉丁美洲40能源指数,OTH,标准普尔公司,一级行业指数,19971231,1000.0,20080415
SPLAC15.SPI,标普拉丁美洲40材料指数,OTH,标准普尔公司,一级行业指数,19971231,1000.0,20080415
SPLAC20.SPI,标普拉丁美洲40工业指数,OTH,标准普尔公司,一级行业指数,19971231,1000.0,20080415
SPLAC25.SPI,标普拉丁美洲40可选消费指数,OTH,标准普尔公司,一级行业指数,19971231,1000.0,20080415
SPLAC30.SPI,标普拉丁美洲40日常消费指数,OTH,标准普尔公司,一级行业指数,19971231,1000.0,20080415
SPLAC40.SPI,标普拉丁美洲40金融指数,OTH,标准普尔公司,一级行业指数,19971231,1000.0,20080415
SPLAC50.SPI,标普拉丁美洲40通讯服务指数,OTH,标准普尔公司,一级行业指数,19971231,1000.0,20080415
SPLAC55.SPI,标普拉丁美洲40公用事业指数,OTH,标准普尔公司,一级行业指数,19971231,1000.0,20080415
SPLSALP.SPI,标准普尔合并套利指数,OTH,标准普尔公司,策略指数,20121212,,20171026
SPMDC26.SPI,标普免税市政可赎回调整2026年12月指数,OTH,标准普尔公司,主题指数,20180629,,20180920
SPMDC26T.SPI,标普AMT免费市政系列可调整因子2026指数,OTH,标准普尔公司,债券指数,20180629,,20180920
SPMDC27.SPI,标普免替代性最低税市政债券系列可赎回调整2027年12月指数,OTH,标准普尔公司,主题指数,20180629,,20180920
SPMDC27T.SPI,标普AMT免费市政系列可调整因子2027指数,OTH,标准普尔公司,债券指数,20180629,,20180920
SPMDC28.SPI,标普免税市政可赎回调整2028年12月指数,OTH,标准普尔公司,主题指数,20180629,,20180920
SPMDC28T.SPI,标普AMT免费市政系列可调整因子2028指数,OTH,标准普尔公司,债券指数,20180629,,20180920
SPMDC29.SPI,标普免税市政债券系列可调提前赎回价2029年12月指数,OTH,标准普尔公司,风格指数,20171130,,20230316
SPMDC30.SPI,标普AMT免费政系列可赎回调整2030年12月,OTH,标准普尔公司,债券指数,20181130,,20181130
SPMUD24.SPI,标普免税市政2024年12月指数,OTH,标准普尔公司,主题指数,20151231,,20160201
SPMUS25.SPI,标普免税市政2025系列指数,OTH,标准普尔公司,主题指数,20171201,,20180102
SPMVMOUP.SPI,标普中盘400高动量价值,OTH,标准普尔公司,主题指数,19951217,100.0,20190219
SPNANRUP.SPI,标普BMI北美自然资源,OTH,标准普尔公司,主题指数,20041231,1000.0,20151116
SPNATEUP.SPI,标普北美扩展科技行业,OTH,标准普尔公司,行业指数,,,20180924
SPNCSCHN.SPI,标普中国新经济行业,OTH,标准普尔公司,行业指数,20101231,1000.0,20200630
SPNCSUP.SPI,标普新中国行业指数,OTH,标准普尔公司,主题指数,20101231,1000.0,20160413
SPNFCFUP.SPI,标普500行业中性自由现金流,OTH,标准普尔公司,策略指数,20230530,,20230530
SPNFCFUT.SPI,标普500行业中性自由现金流总回报指数,OTH,标准普尔公司,策略指数,19990416,,20230530
SPOEXEUP.SPI,标普100等权重指数,OTH,标准普尔公司,规模指数,20001229,1000.0,20100104
SPPACSUP.SPI,标普500净零2050巴黎协定一致可持续筛选指数,OTH,标准普尔公司,主题指数,20161230,,20210308
SPPHQUP.SPI,标普美国高质量优先股,OTH,标准普尔公司,策略指数,20071019,1000.0,20151228
SPQDXUUP.SPI,标普质量型发达市场(除美国)大盘中盘,OTH,标准普尔公司,规模指数,19991217,100.0,20140708
SPREVWS.SPI,标普小盘600营收加权,OTH,标准普尔公司,主题指数,19971231,1000.0,20051230
SPSDCSUP.SPI,标普通信服务精选行业每日35/20上限指数,OTH,标准普尔公司,行业指数,,,
SPSDEUP.SPI,标普能源精选行业每日35/20上限指数,OTH,标准普尔公司,行业指数,,,
SPSDRUP.SPI,标普必需消费品精选行业每日35/20上限指数,OTH,标准普尔公司,行业指数,,,
SPSDYUP.SPI,标普非必需消费品精选行业每日35/20上限指数,OTH,标准普尔公司,行业指数,,,
SPSHTX.SPI,标普/东证150伊斯兰指数,OTH,标准普尔公司,主题指数,20061229,1000.0,20071121
SPSIAD.SPI,标普航空航天和国防精选行业,OTH,标准普尔公司,行业指数,19991217,100.0,20060619
SPSIBI.SPI,标普生物技术精选行业,OTH,标准普尔公司,行业指数,19991217,1000.0,20160127
SPSIBK.SPI,标普银行精选行业,OTH,标准普尔公司,行业指数,20030620,100.0,20110909
SPSICH.SPI,标普计算机硬件精选行业,OTH,标准普尔公司,行业指数,19991217,100.0,20060619
SPSICM.SPI,标普资本市场精选行业,OTH,标准普尔公司,行业指数,20030620,100.0,20110909
SPSIEUP.SPI,标普500伊斯兰行业排除指数,OTH,标准普尔公司,行业指数,20001229,,20191014
SPSIFB.SPI,标普食品和饮料精选行业,OTH,标准普尔公司,行业指数,19991217,100.0,20060619
SPSIHE.SPI,标普医疗保健设备精选行业,OTH,标准普尔公司,行业指数,19991217,100.0,20060619
SPSIHO.SPI,标普房屋建筑精选行业,OTH,标准普尔公司,行业指数,19991217,100.0,20060127
SPSIHP.SPI,标普医疗保健精选行业,OTH,标准普尔公司,行业指数,19991217,100.0,20060619
SPSIIN.SPI,标普互联网精选行业,OTH,标准普尔公司,行业指数,20050617,100.0,20160201
SPSIINS.SPI,标普保险精选行业,OTH,标准普尔公司,行业指数,20030620,100.0,20110909
SPSIMM.SPI,标普金属和矿产精选行业,OTH,标准普尔公司,行业指数,19991217,100.0,20060619
SPSIOP.SPI,标普石油天然气勘探及生产精选行业,OTH,标准普尔公司,行业指数,19991217,1000.0,20091130
SPSIOPTR.SPI,标普石油天然气上游股票全收益指数,OTH,标准普尔公司,行业指数,19991217,1000.0,20040917
SPSIOS.SPI,标普石油和天然气设备精选行业,OTH,标准普尔公司,行业指数,19991217,100.0,20060619
SPSIPH.SPI,标普药物精选行业,OTH,标准普尔公司,行业指数,19991217,100.0,20060619
SPSIRBK.SPI,标普医疗保健设备精选行业,OTH,标准普尔公司,行业指数,20030620,100.0,20110909
SPSIRE.SPI,标普地区银行精选行业,OTH,标准普尔公司,行业指数,19991217,100.0,20060619
SPSISC.SPI,标普半导体精选行业,OTH,标准普尔公司,行业指数,19991217,100.0,20060127
SPSISS.SPI,标普软件和服务精选行业,OTH,标准普尔公司,行业指数,20030620,100.0,20110919
SPSITE.SPI,标普电信精选行业,OTH,标准普尔公司,行业指数,19991217,100.0,20060619
SPSITN.SPI,标普交通运输精选行业,OTH,标准普尔公司,行业指数,19991217,100.0,20060619
SPSNHDUP.SPI,标普行业中性高收益分红贵族指数,OTH,标准普尔公司,风格指数,20050131,,20220919
SPSU6CSP.SPI,标普小盘600消费必需品(封顶版),OTH,标准普尔公司,行业指数,19941230,100.0,20100308
SPSU6MP.SPI,标普小盘600上限材料,OTH,标准普尔公司,策略指数,20100308,,20100308
SPSU6UP.SPI,标普小盘600上限公用事业和通信服务,OTH,标准普尔公司,策略指数,20100308,,20100308
SPSVCDP.SPI,标普500非必需消费品行业上限35/20指数,OTH,标准普尔公司,行业指数,19991217,,20160706
SPSVCP.SPI,标普500通信服务行业上限35/20指数,OTH,标准普尔公司,行业指数,20071221,,20180430
SPSVCSP.SPI,标普500必需消费品行业上限35/20指数,OTH,标准普尔公司,行业指数,19991217,,20160706
SPSVEP.SPI,标普500能源行业上限35/20指数,OTH,标准普尔公司,行业指数,19991217,,20160706
SPSVFP.SPI,标普500金融行业上限35/20指数,OTH,标准普尔公司,行业指数,19991217,,20160706
SPSVHCP.SPI,标普500医疗保健行业上限35/20指数,OTH,标准普尔公司,行业指数,19991217,,20160706
SPSVIP.SPI,标普500工业行业上限35/20指数,OTH,标准普尔公司,行业指数,19991217,,20160706
SPSVITP.SPI,标普500信息技术行业上限35/20指数,OTH,标准普尔公司,行业指数,19991217,,20160706
SPSVMP.SPI,标普500材料行业上限35/20指数,OTH,标准普尔公司,行业指数,19991217,,20160706
SPSVULP.SPI,标普500公用事业行业上限35/20指数,OTH,标准普尔公司,行业指数,19991217,,20170109
SPTDAUP.SPI,标普科技股息贵族,OTH,标准普尔公司,主题指数,20140131,100.0,20191007
SPTGAU.SPI,标普目标风险积极,OTH,标准普尔公司,策略指数,20070131,100.0,20080925
SPTGCU.SPI,标普目标风险保守指数,OTH,标准普尔公司,风格指数,20001229,,20080925
SPTGGU.SPI,标普目标风险成长,OTH,标准普尔公司,策略指数,20070131,100.0,20080925
SPTGMU.SPI,标普目标风险温和,OTH,标准普尔公司,策略指数,20070131,100.0,20080925
SPTMI.SPI,标普TMI,OTH,标准普尔公司,综合指数,20041231,1200.0,20060327
SPTOPIX.SPI,标普东证指数,OTH,标准普尔公司,规模指数,19971231,1000.0,20050104
SPTOPIX10.SPI,标普日本150能源行业,OTH,标准普尔公司,一级行业指数,19971231,1000.0,20080415
SPTOPIX15.SPI,标普日本150原材料行业,OTH,标准普尔公司,一级行业指数,19971231,1000.0,20080415
SPTOPIX20.SPI,标普日本150工业行业,OTH,标准普尔公司,一级行业指数,19971231,1000.0,20080415
SPTOPIX25.SPI,标普日本150可选消费行业,OTH,标准普尔公司,一级行业指数,19971231,1000.0,20080415
SPTOPIX30.SPI,标普日本150日常消费品行业,OTH,标准普尔公司,一级行业指数,19971231,1000.0,20080415
SPTOPIX35.SPI,标普日本150医疗保健行业,OTH,标准普尔公司,一级行业指数,19971231,1000.0,20080415
SPTOPIX40.SPI,标普日本150金融行业,OTH,标准普尔公司,一级行业指数,19971231,1000.0,20080415
SPTOPIX45.SPI,标普日本150信息技术行业,OTH,标准普尔公司,一级行业指数,19971231,1000.0,20080415
SPTOPIX50.SPI,标普日本150通讯服务行业,OTH,标准普尔公司,一级行业指数,19971231,1000.0,20080415
SPTOPIX55.SPI,标普日本150公用事业行业,OTH,标准普尔公司,一级行业指数,19971231,1000.0,20080415
SPTOPIX60.SPI,标普日本150房地产行业,OTH,标准普尔公司,一级行业指数,20160916,100.0,20160916
SPTPX.SPI,标普/东证150指数,OTH,标准普尔公司,主题指数,19871231,,19990621
SPTR500N.SPI,标普500净总回报,OTH,标准普尔公司,规模指数,19280103,,20000103
SPTSCUP.SPI,标普运输业精选行业FMC上限指数,OTH,标准普尔公司,策略指数,19991231,,20210426
SPTSCUT.SPI,标普运输业精选行业FMC上限全收益,OTH,标准普尔公司,行业指数,19991231,,19991231
SPUDIGUP.SPI,标普美国股息增长,OTH,标准普尔公司,策略指数,20060317,1000.0,20210601
SPUK.SPI,标普英国指数,OTH,标准普尔公司,其他指数,19971231,1000.0,20080415
SPUK10.SPI,标普英国能源行业,OTH,标准普尔公司,一级行业指数,19971231,1000.0,20080415
SPUK15.SPI,标普英国原材料行业,OTH,标准普尔公司,一级行业指数,19971231,1000.0,20080415
SPUK20.SPI,标普英国工业行业,OTH,标准普尔公司,一级行业指数,19971231,1000.0,20080415
SPUK25.SPI,标普英国可选消费行业,OTH,标准普尔公司,一级行业指数,19971231,1000.0,20080415
SPUK30.SPI,标普英国日常消费品行业,OTH,标准普尔公司,一级行业指数,19971231,1000.0,20080415
SPUK35.SPI,标普英国医疗保健行业,OTH,标准普尔公司,一级行业指数,19971231,1000.0,20080415
SPUK40.SPI,标普英国金融行,OTH,标准普尔公司,一级行业指数,19971231,1000.0,20080415
SPUK45.SPI,标普英国信息技术行业,OTH,标准普尔公司,一级行业指数,19971231,1000.0,20080415
SPUK50.SPI,标普英国通讯服务行业,OTH,标准普尔公司,一级行业指数,19971231,1000.0,20080415
SPUK55.SPI,标普英国公用事业行业,OTH,标准普尔公司,一级行业指数,19971231,1000.0,20080415
SPUK60.SPI,标普英国房地产行业指数,OTH,标准普尔公司,一级行业指数,20160916,100.0,20160916
SPUSSOUP.SPI,标普美国分拆,OTH,标准普尔公司,风格指数,20061229,100.0,20150325
SPUST1IP.SPI,标普10年期美国国债期货反向超额收益指数,OTH,标准普尔公司,策略指数,19991201,,20180514
SPVACYP.SPI,标普全球内在价值(GIVI)中国A股指数,OTH,标准普尔公司,综合指数,,,20120720
SPVACYT.SPI,标普全球内在价值(GIVI)中国A股指数全收益,OTH,标准普尔公司,综合指数,,,20060428
SPVIECUN.SPI,标普越南核心指数(净总收益),OTH,标准普尔公司,主题指数,20170317,,20240325
SPVIXETR.SPI,标普500VIX期货增强展期指数,OTH,标准普尔公司,策略指数,20061023,,20110317
SPXA2ASP.SPI,标普澳大利亚200房地产投资信托,OTH,标准普尔公司,行业指数,20000331,,20010618
SPXCTFUP.SPI,标普500气候转型基础ESG指数,OTH,标准普尔公司,主题指数,20161216,,20231127
SPXCVUN.SPI,标普500天主教价值净收益指数,OTH,标准普尔公司,其他指数,20081017,1000.0,20150810
SPXCVUP.SPI,标普500天主教价值指数,OTH,标准普尔公司,其他指数,20081017,1000.0,20150810
SPXCVUT.SPI,标普500天主教价值全收益指数,OTH,标准普尔公司,其他指数,20081017,1000.0,20150810
SPXDANUP.SPI,标普500板块中性股息贵族,OTH,标准普尔公司,策略指数,20050131,100.0,20230605
SPXELSUP.SPI,标普500等权重ESG领导者精选,OTH,标准普尔公司,策略指数,20211004,,20211004
SPXEREUP.SPI,标普500等权重房地产行业,OTH,标准普尔公司,一级行业指数,20050318,1000.0,20150608
SPXESAUP.SPI,标普500评分与筛选增强指数,OTH,标准普尔公司,策略指数,20100430,,20220530
SPXESEUP.SPI,标普500ESG精英指数,OTH,标准普尔公司,主题指数,20100430,,20201221
SPXESLUP.SPI,标普500评分与筛选领先者指数,OTH,标准普尔公司,策略指数,20100430,,20220207
SPXESQUP.SPI,标普500等权评分与筛选指数,OTH,标准普尔公司,策略指数,20100430,,20220725
SPXESUP.SPI,标普500ESG,OTH,标准普尔公司,规模指数,20050429,,20190128
SPXEVUN.SPI,标普500增强价值净收益指数,OTH,标准普尔公司,风格指数,19941216,100.0,20150427
SPXEVUP.SPI,标普500增强价值指数,OTH,标准普尔公司,风格指数,19941216,100.0,20150427
SPXEVUT.SPI,标普500增强价值全收益指数,OTH,标准普尔公司,风格指数,19941216,100.0,20150427
SPXEWEUP.SPI,标普500能源等权重加权,OTH,标准普尔公司,行业指数,19891229,,20211115
SPXEWNTR.SPI,标普500等权重净收益指数,OTH,标准普尔公司,规模指数,19701231,353.4,20030108
SPXEWTR.SPI,标普500等权重指数,OTH,标准普尔公司,规模指数,19701231,,20030108
SPXF2IP.SPI,标普500期货2倍反向收益率超额收益,OTH,标准普尔公司,规模指数,19970909,,20170724
SPXF2LP.SPI,标普500期货每日2倍杠杆超额收益,OTH,标准普尔公司,规模指数,19970909,,20170724
SPXGARPP.SPI,标普500 GARP,OTH,标准普尔公司,策略指数,19950616,100.0,20190225
SPXGEUP.SPI,标普500成长ESG,OTH,标准普尔公司,策略指数,20220829,,20220829
SPXHDGUP.SPI,标普500高股息增长率,OTH,标准普尔公司,策略指数,20100416,1000.0,20231023
SPXHDGUT.SPI,标普500高股息增长总回报指数,OTH,标准普尔公司,策略指数,20100416,,20231023
SPXLBHEN.SPI,标普500低波动率目标贝塔净收益指数(欧元对冲),OTH,标准普尔公司,策略指数,,,
SPXLBHEP.SPI,标普500低波动率目标贝塔指数(欧元对冲),OTH,标准普尔公司,策略指数,,,
SPXLBHET.SPI,标普500低波动率目标贝塔全收益指数(欧元对冲),OTH,标准普尔公司,策略指数,,,
SPXLTBEN.SPI,标普500低波动率目标贝塔净收益指数(欧元),OTH,标准普尔公司,策略指数,20010201,100.0,20151116
SPXLTBEP.SPI,标普500低波动率目标贝塔指数(欧元),OTH,标准普尔公司,策略指数,20010201,100.0,20151116
SPXLTBET.SPI,标普500低波动率目标贝塔全收益指数(欧元),OTH,标准普尔公司,策略指数,20010201,100.0,20151116
SPXLTBUN.SPI,标普500低波动率目标贝塔净收益指数,OTH,标准普尔公司,策略指数,20010201,100.0,20151116
SPXLTBUP.SPI,标普500低波动率目标贝塔指数,OTH,标准普尔公司,策略指数,20010201,100.0,20151116
SPXLTBUT.SPI,标普500低波动率目标贝塔全收益指数,OTH,标准普尔公司,策略指数,20010201,100.0,20151116
SPXQHDUP.SPI,标普500质量高股息,OTH,标准普尔公司,策略指数,19941216,100.0,20180423
SPXQUN.SPI,标普500质量净收益指数(美元),OTH,标准普尔公司,其他指数,19941216,100.0,20140708
SPXQUP.SPI,标普500质量指数(美元),OTH,标准普尔公司,其他指数,19941216,100.0,20140708
SPXQUT.SPI,标普500质量全收益指数(美元),OTH,标准普尔公司,其他指数,19941216,100.0,20140708
SPXQVMUP.SPI,标普500质量、价值与动量多因子指数,OTH,标准普尔公司,策略指数,19941216,,20170410
SPXT2CUP.SPI,标普500前20精选35/20上限指数,OTH,标准普尔公司,主题指数,20050617,,20240819
SPXT2SUP.SPI,标普500前20精选指数,OTH,标准普尔公司,主题指数,20050617,,20240819
SPXTSTJN.SPI,标普500前20精选(TTM)净总回报指数,OTH,标准普尔公司,主题指数,20050620,,20241108
SPXTTMJH.SPI,标普500TTM汇率日元对冲,OTH,标准普尔公司,策略指数,20040630,,20140909
SPXTTMJN.SPI,标普500TTM汇率日元对冲净收益,OTH,标准普尔公司,策略指数,20040630,,20140909
SPXVEUP.SPI,标普500价值评分与筛选指数,OTH,标准普尔公司,主题指数,20100430,,20220829
SPXVMOUP.SPI,标普500高动量价值,OTH,标准普尔公司,策略指数,19931217,100.0,20170306
SPXXEGP.SPI,标普500除能源指数,OTH,标准普尔公司,策略指数,19971231,,20150824
SPXXFISP.SPI,标普500除金融指数,OTH,标准普尔公司,策略指数,19971231,,20161118
SPXXTSUP.SPI,标普500除信息技术指数,OTH,标准普尔公司,策略指数,19991217,,20180827
SR.NH,南华郑白糖指数,NH,南华期货股份有限公司,收益率指数,,,
SREITTWJ.SPI,标普发达市场除日本外房地产投资信托基金REIT全收益,OTH,标准普尔公司,规模指数,19890701,,19921231
SS.NH,南华不锈钢指数,NH,南华期货股份有限公司,收益率指数,,,
STCGUSRE.SPI,标普美国房地产投资信托,OTH,标准普尔公司,行业指数,19890630,,19890630
SXCNATGC.DF,中国A股STOXX全市场全收益(人民币),OTH,STOXX指数公司,规模指数,20110131,100.0,20120918
T.NH,南华债十指数,NH,南华期货股份有限公司,收益率指数,,,
T00901.SH,小康指数(旧)(退市),SSE,中证指数有限公司,主题指数,20051230,1000.0,20060109
T92005.SSI,华证红利全收益,OTH,上海华证指数信息服务有限公司,策略指数,20041231,1000.0,20240301
T92006.SSI,华证红利质量全收益,OTH,上海华证指数信息服务有限公司,策略指数,20041231,1000.0,20240301
T92010.SSI,华证红利优选全收益,OTH,上海华证指数信息服务有限公司,策略指数,20091231,1000.0,20240301
T93051.SSI,华证景智红利全收益,OTH,上海华证指数信息服务有限公司,策略指数,20121231,1000.0,20230714
T93052.SSI,华证景智港股红利全收益,OTH,上海华证指数信息服务有限公司,主题指数,20141231,1000.0,20230915
T93053.SSI,景智大盘均衡成长(全),OTH,上海华证指数信息服务有限公司,主题指数,20131231,1000.0,20240325
T93055.SSI,华证景智小盘策略(全),OTH,上海华证指数信息服务有限公司,主题指数,20121231,1000.0,20240325
T93056.SSI,景智国企价值机遇(全),OTH,上海华证指数信息服务有限公司,主题指数,20121231,1000.0,20240417
T93057.SSI,景智大盘低波质量全,OTH,上海华证指数信息服务有限公司,主题指数,20131231,1000.0,20240521
T93088.SSI,新质生产力精选全收益,OTH,上海华证指数信息服务有限公司,主题指数,20131231,1000.0,20250422
T93208.SSI,华夏理财港股红利30全,OTH,上海华证指数信息服务有限公司,策略指数,20141231,1000.0,20250912
T93218.SSI,成长价值策略全收益,OTH,上海华证指数信息服务有限公司,主题指数,20121231,1000.0,20250103
T93233.SSI,长财价值红利50全收益,OTH,上海华证指数信息服务有限公司,主题指数,20041231,1000.0,20241015
T93236.SSI,长财龙头成长50全收益,OTH,上海华证指数信息服务有限公司,主题指数,20041231,1000.0,20241015
T93241.SSI,港股通价值50策略全收益,OTH,上海华证指数信息服务有限公司,策略指数,20141231,1000.0,20241206
T93266.SSI,低空经济产业全收益,OTH,上海华证指数信息服务有限公司,主题指数,20181231,1000.0,20250108
T93288.SSI,大模型新质生产力全,OTH,上海华证指数信息服务有限公司,策略指数,20161231,1000.0,20250818
T93299.SSI,大模型稳健50全收益,OTH,上海华证指数信息服务有限公司,策略指数,20211231,1000.0,20241112
T93300.SSI,大模型大盘精选全收益,OTH,上海华证指数信息服务有限公司,策略指数,20211231,1000.0,20241112
T93301.SSI,中邮理财陆港红利50全,OTH,上海华证指数信息服务有限公司,主题指数,20141231,1000.0,20240130
T93302.SSI,中银理财港股通红利30全,OTH,上海华证指数信息服务有限公司,主题指数,20141231,1000.0,20250822
T93339.SSI,太朴创新药A+H R,OTH,上海华证指数信息服务有限公司,主题指数,20211231,1000.0,20250815
T93399.SSI,太朴创新医械A+H R,OTH,上海华证指数信息服务有限公司,主题指数,20191231,1000.0,20251118
T93500.SSI,华夏500全收益,OTH,上海华证指数信息服务有限公司,规模指数,20121231,1000.0,20241227
T93501.SSI,A股龙头价值50全收益,OTH,上海华证指数信息服务有限公司,策略指数,20101231,1000.0,20241115
T93502.SSI,平安理财AI算力全,OTH,上海华证指数信息服务有限公司,主题指数,20161231,1000.0,20250826
T93503.SSI,安徽科技创新30配置全,OTH,上海华证指数信息服务有限公司,主题指数,20191231,1000.0,20250618
T93510.SSI,小盘价值低波100TR,OTH,上海华证指数信息服务有限公司,策略指数,20111231,1000.0,20250707
T93511.SSI,恒选港股通科技成长全,OTH,上海华证指数信息服务有限公司,主题指数,20141231,1000.0,20250930
T95006.SSI,华证A股红利全收益,OTH,上海华证指数信息服务有限公司,主题指数,20091231,1000.0,20190430
T95009.SSI,华证红利ESG全收益,OTH,上海华证指数信息服务有限公司,主题指数,20091231,1000.0,20191016
T95024.SSI,大盘成长动量100(全),OTH,上海华证指数信息服务有限公司,主题指数,20091231,1000.0,20250107
T95028.SSI,华证A股龙头精选全收益,OTH,上海华证指数信息服务有限公司,主题指数,20091231,1000.0,20210205
T95034.SSI,小盘成长300全收益,OTH,上海华证指数信息服务有限公司,主题指数,20091231,1000.0,20250107
T95040.SSI,基金重仓(数量加权)全,OTH,上海华证指数信息服务有限公司,主题指数,20041231,1000.0,20241211
T95041.SSI,基金重仓(持仓加权)全,OTH,上海华证指数信息服务有限公司,主题指数,20041231,1000.0,20241211
T95042.SSI,大盘基金重仓全收益,OTH,上海华证指数信息服务有限公司,主题指数,20091231,1000.0,20241231
T95043.SSI,中盘基金重仓全收益,OTH,上海华证指数信息服务有限公司,主题指数,20091231,1000.0,20241231
T95044.SSI,小盘基金重仓全收益,OTH,上海华证指数信息服务有限公司,主题指数,20091231,1000.0,20241231
T95045.SSI,A股基金重仓优选全,OTH,上海华证指数信息服务有限公司,主题指数,20091231,1000.0,20250117
T95046.SSI,大盘基金重仓优选全,OTH,上海华证指数信息服务有限公司,主题指数,20091231,1000.0,20250117
T95047.SSI,中盘基金重仓优选全,OTH,上海华证指数信息服务有限公司,主题指数,20091231,1000.0,20250117
T95048.SSI,小盘基金重仓优选全,OTH,上海华证指数信息服务有限公司,主题指数,20091231,1000.0,20250117
T95049.SSI,华证中小盘智选300全,OTH,上海华证指数信息服务有限公司,主题指数,20091231,1000.0,20250116
T95050.SSI,AH龙头50全收益,OTH,上海华证指数信息服务有限公司,主题指数,20141231,1000.0,20210618
T95054.SSI,成长趋势100全收益,OTH,上海华证指数信息服务有限公司,主题指数,20111231,1000.0,20250214
T95056.SSI,稳健精选100全收益,OTH,上海华证指数信息服务有限公司,主题指数,20111231,1000.0,20250212
T95057.SSI,中盘质量成长50全收益,OTH,上海华证指数信息服务有限公司,策略指数,20091231,1000.0,20250313
T95058.SSI,中盘质量动量50全收益,OTH,上海华证指数信息服务有限公司,策略指数,20091231,1000.0,20250306
T95064.SSI,品质消费(全),OTH,上海华证指数信息服务有限公司,主题指数,20111231,1000.0,20250307
T95066.SSI,专精特新全收益,OTH,上海华证指数信息服务有限公司,主题指数,20181231,1000.0,20210927
T95067.SSI,价值50全收益,OTH,上海华证指数信息服务有限公司,策略指数,20101231,1000.0,20240301
T95081.SSI,华证银行红利全收益,OTH,上海华证指数信息服务有限公司,行业指数,20190329,1000.0,20240301
T95082.SSI,龙头红利50全收益,OTH,上海华证指数信息服务有限公司,主题指数,20101231,1000.0,20211217
T95101.SSI,华证回报50全收益,OTH,上海华证指数信息服务有限公司,策略指数,20191231,1000.0,20230915
T95102.SSI,华证回报100全收益,OTH,上海华证指数信息服务有限公司,策略指数,20191231,1000.0,20230915
T95113.SSI,大消费综合(全),OTH,上海华证指数信息服务有限公司,主题指数,20111231,1000.0,20250422
T95114.SSI,新消费综合(全),OTH,上海华证指数信息服务有限公司,主题指数,20111231,1000.0,20250422
T95115.SSI,A股长期回报优选全收益,OTH,上海华证指数信息服务有限公司,主题指数,20091231,1000.0,20220622
T95123.SSI,稳健优势100全收益,OTH,上海华证指数信息服务有限公司,主题指数,20121231,1000.0,20240823
T95127.SSI,沪港深红利100全收益,OTH,上海华证指数信息服务有限公司,主题指数,20141231,1000.0,20221021
T95128.SSI,沪深港红利50全收益,OTH,上海华证指数信息服务有限公司,主题指数,20141231,1000.0,20221021
T95137.SSI,消费红利100全收益,OTH,上海华证指数信息服务有限公司,主题指数,20141231,1000.0,20221216
T95138.SSI,消费红利50全收益,OTH,上海华证指数信息服务有限公司,主题指数,20141231,1000.0,20221216
T95165.SSI,国企价值50全收益,OTH,上海华证指数信息服务有限公司,策略指数,20131231,1000.0,20240301
T95170.SSI,央企龙头50全收益,OTH,上海华证指数信息服务有限公司,策略指数,20171231,1000.0,20240301
T95203.SSI,港股通高股息50全收益,OTH,上海华证指数信息服务有限公司,主题指数,20141231,1000.0,20230915
T95205.SSI,港股通高股息100全收益,OTH,上海华证指数信息服务有限公司,主题指数,20141231,1000.0,20230915
T95209.SSI,价值100全收益,OTH,上海华证指数信息服务有限公司,策略指数,20101231,1000.0,20240226
T95211.SSI,A股红利优选50全收益,OTH,上海华证指数信息服务有限公司,主题指数,20121231,1000.0,20240401
T95212.SSI,A股长期红利全收益,OTH,上海华证指数信息服务有限公司,主题指数,20121231,1000.0,20240403
T95215.SSI,A股股东回报50全收益,OTH,上海华证指数信息服务有限公司,主题指数,20191231,1000.0,20240510
T95216.SSI,A股股东回报100全收益,OTH,上海华证指数信息服务有限公司,主题指数,20191231,1000.0,20240510
T95218.SSI,现金流100全收益,OTH,上海华证指数信息服务有限公司,策略指数,20101231,1000.0,20240627
T95219.SSI,A股红利增长全收益,OTH,上海华证指数信息服务有限公司,主题指数,20151231,1000.0,20240712
T95220.SSI,战略新兴成长50全收益,OTH,上海华证指数信息服务有限公司,主题指数,20181231,1000.0,20240715
T95221.SSI,华证央企全收益,OTH,上海华证指数信息服务有限公司,主题指数,20100101,1000.0,20240905
T95222.SSI,华证国企全收益,OTH,上海华证指数信息服务有限公司,主题指数,20100101,1000.0,20240905
T95231.SSI,A股低波红利50全收益,OTH,上海华证指数信息服务有限公司,策略指数,20101231,1000.0,20240920
T95232.SSI,A股成长先锋50全收益,OTH,上海华证指数信息服务有限公司,策略指数,20121231,1000.0,20241017
T95233.SSI,价值盈利50全收益,OTH,上海华证指数信息服务有限公司,策略指数,20091231,1000.0,20241025
T95235.SSI,华证中小盘价值低波全收益,OTH,上海华证指数信息服务有限公司,策略指数,20111231,1000.0,20241115
T95236.SSI,央企价值发现50全收益,OTH,上海华证指数信息服务有限公司,策略指数,20161231,1000.0,20241209
T95237.SSI,华证微盘价值低波全,OTH,上海华证指数信息服务有限公司,策略指数,20111231,1000.0,20250806
T95239.SSI,现金流精选50全收益,OTH,上海华证指数信息服务有限公司,策略指数,20121231,1000.0,20250110
T95240.SSI,大盘现金流50全收益,OTH,上海华证指数信息服务有限公司,策略指数,20121231,1000.0,20250110
T95241.SSI,小盘现金流100全收益,OTH,上海华证指数信息服务有限公司,策略指数,20121231,1000.0,20250110
T95242.SSI,华证红利100R,OTH,上海华证指数信息服务有限公司,策略指数,20131231,1000.0,20250307
T95245.SSI,大盘质量低波全收益,OTH,上海华证指数信息服务有限公司,策略指数,20091231,1000.0,20250331
T95246.SSI,大中盘质量成长低波全,OTH,上海华证指数信息服务有限公司,策略指数,20091231,1000.0,20250331
T95247.SSI,沪深港现金流精选全,OTH,上海华证指数信息服务有限公司,策略指数,20141231,1000.0,20250407
T95248.SSI,港股通现金流精选全,OTH,上海华证指数信息服务有限公司,主题指数,20141231,1000.0,20250507
T95249.SSI,现金流增长全收益,OTH,上海华证指数信息服务有限公司,策略指数,20091231,1000.0,20250616
T95250.SSI,港股通价值精选全收益,OTH,上海华证指数信息服务有限公司,主题指数,20141231,1000.0,20251107
T95369.SSI,智能终端(全),OTH,上海华证指数信息服务有限公司,主题指数,20201231,1000.0,20250516
T97701.SSI,大盘ESG精选全收益,OTH,上海华证指数信息服务有限公司,主题指数,20111230,1000.0,20231101
T99001.SSI,华证A指大盘全收益,OTH,上海华证指数信息服务有限公司,规模指数,19961231,1000.0,20190612
T99002.SSI,华证A指中盘全收益,OTH,上海华证指数信息服务有限公司,规模指数,19961231,1000.0,20190612
T99003.SSI,华证A指小盘全收益,OTH,上海华证指数信息服务有限公司,规模指数,19961231,1000.0,20190612
T99004.SSI,华证A指微盘全收益,OTH,上海华证指数信息服务有限公司,规模指数,19961231,1000.0,20190612
T99005.SSI,华证A指全收益,OTH,上海华证指数信息服务有限公司,规模指数,19961231,1000.0,20190612
T99006.SSI,华证全指全收益,OTH,上海华证指数信息服务有限公司,主题指数,20031231,1000.0,20240905
T99007.SSI,华证大盘全收益,OTH,上海华证指数信息服务有限公司,规模指数,20031231,1000.0,20240905
T99008.SSI,华证中盘全收益,OTH,上海华证指数信息服务有限公司,规模指数,20031231,1000.0,20240905
T99009.SSI,华证小盘全收益,OTH,上海华证指数信息服务有限公司,规模指数,20031231,1000.0,20240905
T99010.SSI,华证微盘全收益,OTH,上海华证指数信息服务有限公司,规模指数,20031231,1000.0,20240905
T99013.SSI,华证港股通综合全收益,OTH,上海华证指数信息服务有限公司,主题指数,20141231,1000.0,20240905
T99014.SSI,沪深港500全收益,OTH,上海华证指数信息服务有限公司,主题指数,20141231,1000.0,20240905
T99017.SSI,华证大中盘全收益,OTH,上海华证指数信息服务有限公司,规模指数,20031231,1000.0,20241216
T99024.SSI,华证中小盘全收益,OTH,上海华证指数信息服务有限公司,规模指数,20031231,1000.0,20241216
T99031.SSI,制造产业全收益,OTH,上海华证指数信息服务有限公司,行业指数,20111231,1000.0,20250127
T99032.SSI,周期产业全收益,OTH,上海华证指数信息服务有限公司,行业指数,20111231,1000.0,20250127
T99033.SSI,大金融产业全收益,OTH,上海华证指数信息服务有限公司,行业指数,20111231,1000.0,20250127
T99034.SSI,TMT产业全收益,OTH,上海华证指数信息服务有限公司,行业指数,20111231,1000.0,20250127
T99035.SSI,消费产业全收益,OTH,上海华证指数信息服务有限公司,行业指数,20111231,1000.0,20250127
T99036.SSI,医疗健康产业全收益,OTH,上海华证指数信息服务有限公司,行业指数,20111231,1000.0,20250127
T99037.SSI,基础设施产业全收益,OTH,上海华证指数信息服务有限公司,行业指数,20111231,1000.0,20250127
T99050.SSI,超大盘50全收益,OTH,上海华证指数信息服务有限公司,主题指数,20041231,1000.0,20200609
T99058.SSI,华证领航全收益,OTH,上海华证指数信息服务有限公司,策略指数,20111231,1000.0,20250402
T99059.SSI,中盘领航全收益,OTH,上海华证指数信息服务有限公司,策略指数,20111231,1000.0,20250402
T99060.SSI,小盘领航全收益,OTH,上海华证指数信息服务有限公司,策略指数,20111231,1000.0,20250402
T99102.SSI,华证ESG领先全收益,OTH,上海华证指数信息服务有限公司,主题指数,20101231,1000.0,20190506
T99104.SSI,华证ESG400(全),OTH,上海华证指数信息服务有限公司,主题指数,20111231,1000.0,20250606
T99901.SZ,小康指数(旧)(退市),SZSE,中证指数有限公司,主题指数,20051230,1000.0,20060109
TA.NH,南华郑精对苯二甲酸指数,NH,南华期货股份有限公司,收益率指数,,,
TB5053.SSI,财富管理全收益,OTH,上海华证指数信息服务有限公司,主题指数,20111231,1000.0,20210625
TC.NH,南华郑动力煤指数,NH,南华期货股份有限公司,收益率指数,,,
TF.NH,南华债五指数,NH,南华期货股份有限公司,收益率指数,,,
TFTGPDEU003U.FI,富时中国50净收益,OTH,FTSE,基金指数,20010316,5000.0,20010316
TFTXIN0H.FI,富时中国50总回报(港币),OTH,FTSE,基金指数,20010316,5000.0,20010316
TFTXIN0U.FI,富时中国50总回报,OTH,FTSE,基金指数,20010316,5000.0,20010316
TL.NH,南华债三十指数,NH,南华期货股份有限公司,收益率指数,,,
TS.NH,南华债二指数,NH,南华期货股份有限公司,收益率指数,,,
UR.NH,南华尿素指数,NH,南华期货股份有限公司,收益率指数,,,
V.NH,南华连聚氯乙烯指数,NH,南华期货股份有限公司,收益率指数,,,
VALHKDG.CNI,中华港股通价值R,CNI,中华证券交易服务有限公司,行业指数,20111230,2000.0,20181228
W1SGI.SPI,道琼斯全球可持续发展,OTH,标准普尔公司,主题指数,19931231,100.0,19990908
W1SUS.SPI,道琼斯全球可持续发展除酒精烟草赌博军火,OTH,标准普尔公司,主题指数,19931231,100.0,19990908
W1X4X.SPI,道琼斯全球可持续发展除酒精烟草赌博军火成人娱乐,OTH,标准普尔公司,主题指数,20080630,100.0,20080701
W3SGI.SPI,道琼斯全球发达国家综合可持续发展,OTH,标准普尔公司,主题指数,20080831,100.0,20080912
WH.NH,南华强麦指数,NH,南华期货股份有限公司,收益率指数,,,
WR.NH,南华沪线材指数,NH,南华期货股份有限公司,收益率指数,,,
WS.NH,南华郑强麦指数,NH,南华期货股份有限公司,收益率指数,,,
xg01.XI,富时银河(北京),OTH,FTSE,基金指数,,,20031201
xg02.XI,富时银河(重庆),OTH,FTSE,基金指数,,,20031201
xg03.XI,富时银河(天津),OTH,FTSE,基金指数,,,20031201
xg04.XI,富时银河(上海),OTH,FTSE,基金指数,,,20031201
xg05.XI,富时银河(深圳),OTH,FTSE,基金指数,,,20031201
xg06.XI,富时银河(安徽),OTH,FTSE,基金指数,,,20031201
xg07.XI,富时银河(福建),OTH,FTSE,基金指数,,,20031201
xg08.XI,富时银河(甘肃),OTH,FTSE,基金指数,,,20031201
xg09.XI,富时银河(广东),OTH,FTSE,基金指数,,,20031201
xg10.XI,富时银河(广西),OTH,FTSE,基金指数,,,20031201
xg11.XI,富时银河(贵州),OTH,FTSE,基金指数,,,20031201
xg12.XI,富时银河(海南),OTH,FTSE,基金指数,,,20031201
xg13.XI,富时银河(河北),OTH,FTSE,基金指数,,,20031201
xg14.XI,富时银河(黑龙江),OTH,FTSE,基金指数,,,20031201
xg15.XI,富时银河(河南),OTH,FTSE,基金指数,,,20031201
xg16.XI,富时银河(湖北),OTH,FTSE,基金指数,,,20031201
xg17.XI,富时银河(湖南),OTH,FTSE,基金指数,,,20031201
xg18.XI,富时银河(内蒙古),OTH,FTSE,基金指数,,,20031201
xg19.XI,富时银河(江苏),OTH,FTSE,基金指数,,,20031201
xg20.XI,富时银河(江西),OTH,FTSE,基金指数,,,20031201
xg21.XI,富时银河(吉林),OTH,FTSE,基金指数,,,20031201
xg22.XI,富时银河(辽宁),OTH,FTSE,基金指数,,,20031201
xg23.XI,富时银河(宁夏),OTH,FTSE,基金指数,,,20031201
xg24.XI,富时银河(青海),OTH,FTSE,基金指数,,,20031201
xg25.XI,富时银河(山东),OTH,FTSE,基金指数,,,20031201
xg26.XI,富时银河(山西),OTH,FTSE,基金指数,,,20031201
xg27.XI,富时银河(陕西),OTH,FTSE,基金指数,,,20031201
xg28.XI,富时银河(四川),OTH,FTSE,基金指数,,,20031201
xg29.XI,富时银河(西藏),OTH,FTSE,基金指数,,,20031201
xg30.XI,富时银河(新疆),OTH,FTSE,基金指数,,,20031201
xg31.XI,富时银河(云南),OTH,FTSE,基金指数,,,20031201
xg32.XI,富时银河(浙江),OTH,FTSE,基金指数,,,20031201
Y.NH,南华连豆油指数,NH,南华期货股份有限公司,收益率指数,,,
YLVHKDG.CNI,中华港股通高息低波R,CNI,中华证券交易服务有限公司,行业指数,20111230,2000.0,20180716
ZC.NH,南华郑煤指数,NH,南华期货股份有限公司,收益率指数,,,
ZN.NH,南华沪锌指数,NH,南华期货股份有限公司,收益率指数,,,
